service_id,monday,tuesday,wednesday,thursday,friday,saturday,sunday,start_date,end_date
21065,1,1,1,1,1,1,0,20190901,20270831
21456,1,0,1,0,1,0,0,20190901,20270831
21459,0,1,0,1,0,1,0,20190901,20270831
21463,0,0,0,0,0,0,1,20190901,20270831
21467,0,0,0,0,0,0,1,20190901,20270831
21477,0,0,0,0,0,1,1,20190901,20270831
21940,1,1,1,1,1,1,1,20241201,20291201
22090,1,1,1,1,1,0,0,20190901,20270831
26348,1,1,1,1,1,1,0,20190901,20270831
59390,1,1,1,1,1,1,1,20241201,20291201
67750,1,0,1,0,1,0,0,20190901,20270831
67751,0,1,0,1,0,1,0,20190901,20270831
110808,0,0,0,0,0,0,1,20180701,20260402
111065,0,0,0,0,0,0,1,20250501,20251031
111066,0,0,0,1,0,0,0,20250501,20251031
111205,1,0,0,0,0,0,0,20180701,20260402
111206,1,0,0,0,0,0,0,20180701,20260402
111208,0,0,0,0,1,0,0,20180701,20260402
111209,0,0,0,0,1,0,0,20180701,20260402
111210,0,0,0,0,1,0,0,20180701,20260402
111222,0,1,0,0,1,0,0,20180701,20260402
112216,0,0,0,0,0,1,0,20180701,20260402
112217,0,0,0,0,0,1,0,20180701,20260402
117420,1,1,1,1,1,0,0,20190901,20270831
124921,1,1,1,1,1,0,0,20230101,20280630
128822,1,1,1,1,1,0,0,20180901,20261231
128829,1,1,1,1,1,0,0,20180901,20261231
129141,0,0,0,0,1,0,0,20250501,20251130
130156,1,1,1,1,1,1,1,20190506,20261231
130157,0,0,0,0,0,1,1,20190506,20261231
130175,1,1,1,1,1,0,0,20190506,20261231
130176,1,1,1,1,1,0,0,20190506,20261231
130642,1,0,0,0,0,0,0,20190601,20260402
130643,0,1,1,1,1,0,0,20190601,20260402
130644,0,0,0,0,0,1,1,20190601,20260402
131377,0,1,0,0,0,0,0,20240915,20250514
131379,0,1,0,0,1,0,0,20240915,20250514
131380,0,0,0,0,1,0,0,20240915,20250514
131381,0,0,0,0,0,0,1,20240915,20250514
131382,0,1,0,0,1,0,0,20240915,20250514
131383,0,1,0,0,0,0,0,20240915,20250514
131385,0,0,0,0,1,0,0,20240915,20250514
131386,0,0,0,0,0,0,1,20240915,20250514
132861,1,1,1,1,0,0,0,20220901,20270831
132870,0,0,0,0,1,0,0,20220901,20270831
133024,0,1,0,0,0,0,0,20190701,20261231
133115,1,1,1,1,1,0,0,20190901,20270831
133241,1,1,1,1,1,0,0,20211101,20270831
133348,1,1,1,1,1,0,0,20220912,20270831
133749,1,1,1,1,1,1,0,20190901,20270831
133784,1,0,1,0,1,0,0,20200901,20270831
133818,1,1,1,1,1,1,0,20190901,20270831
133827,1,1,1,1,1,1,0,20200901,20270831
133903,0,0,0,0,0,0,1,20190901,20270831
133926,1,1,1,1,1,0,0,20221104,20270831
133931,0,0,0,0,0,1,0,20190901,20270831
133933,0,0,0,0,0,0,1,20190901,20270831
133943,0,0,0,0,0,0,1,20190901,20270831
133953,1,1,1,1,1,0,0,20190901,20270831
133961,1,1,1,1,1,0,0,20190901,20270831
134052,1,0,1,0,1,0,0,20190901,20270831
134055,0,1,0,1,0,1,0,20190901,20270831
134057,1,1,1,1,1,1,0,20230116,20270831
134300,1,1,1,1,1,1,0,20190901,20270831
134321,1,1,1,1,1,1,0,20190901,20270831
134335,1,1,1,1,1,1,0,20190901,20270831
134423,0,0,0,0,0,0,1,20190901,20270831
134460,0,1,0,0,1,0,0,20190901,20270831
134489,0,0,0,0,0,0,1,20190901,20270831
134634,1,1,1,1,1,1,0,20221114,20270831
134677,1,1,1,0,1,0,1,20190901,20270831
134691,0,0,0,0,0,1,0,20190901,20270831
134695,0,0,0,1,0,0,0,20190901,20270831
134706,1,1,1,1,1,1,0,20190901,20270831
134728,1,1,1,1,1,0,0,20190901,20270831
134760,1,1,1,1,1,1,0,20200901,20270831
134771,0,0,0,0,0,0,1,20190901,20270831
135189,1,1,1,1,1,1,0,20190901,20270831
135303,1,1,1,1,1,1,0,20200901,20270831
135333,0,0,0,0,0,0,1,20190901,20270831
135531,1,1,1,1,1,1,0,20190901,20270831
135547,1,1,1,1,1,1,0,20200901,20270831
135568,1,1,1,1,1,0,0,20190901,20270831
135595,1,1,1,1,1,1,1,20190901,20270831
135600,1,1,1,1,1,1,1,20190901,20270831
135629,1,1,1,1,1,1,1,20221201,20270831
135631,0,0,0,0,0,1,1,20190901,20270831
135632,0,0,0,0,0,1,1,20190901,20270831
135761,1,1,1,1,1,1,1,20190901,20270831
135877,0,0,0,0,0,0,1,20190901,20291031
138394,1,1,1,1,1,1,0,20191001,20290930
138406,1,1,1,1,1,0,0,20191001,20290930
138407,1,1,1,1,1,0,0,20191001,20290930
138587,1,1,1,1,1,1,0,20200901,20270831
138635,1,1,1,1,1,0,0,20191014,20290930
139120,1,1,1,1,1,0,0,20240901,20270831
139129,0,0,0,0,1,0,0,20191028,20270831
139130,1,1,1,1,0,0,0,20191028,20270831
139262,1,1,1,1,1,0,0,20191028,20270831
139267,1,1,1,1,1,0,0,20191028,20270831
139268,1,1,1,1,1,0,0,20191028,20270831
139917,1,1,1,1,1,0,0,20220901,20270831
140282,1,1,1,1,1,0,0,20191118,20250621
140286,1,1,1,1,1,0,0,20191118,20250621
140287,1,1,1,1,1,0,0,20230901,20250621
140864,1,0,0,1,1,0,0,20250515,20250915
140867,0,1,0,0,0,0,0,20250515,20250915
140868,0,1,0,0,1,0,1,20250515,20250915
141068,1,1,1,1,1,1,1,20191125,20260402
142345,0,0,0,1,0,0,0,20200101,20270831
142360,1,1,1,1,1,1,0,20200101,20270831
142361,1,1,1,1,1,1,0,20200101,20270831
142362,1,1,1,1,1,1,0,20200101,20270831
142539,1,0,1,1,0,1,0,20200101,20270831
142540,1,1,1,1,1,0,0,20200101,20270831
143228,1,1,1,1,1,1,0,20200120,20270831
143229,1,1,1,1,1,0,0,20201001,20260402
143230,1,1,1,1,1,1,0,20200901,20270831
143412,0,1,0,0,1,0,0,20201001,20260402
143413,1,0,1,1,0,0,0,20201001,20260402
143421,0,0,0,0,0,1,0,20201001,20260402
143426,1,1,1,1,1,0,0,20201001,20260402
143428,1,1,1,1,1,0,0,20201001,20260402
143468,1,1,1,1,1,1,0,20200120,20270831
143471,1,0,1,0,1,0,0,20200120,20270831
143472,0,1,0,1,0,1,0,20200120,20270831
143473,1,1,1,1,1,1,1,20200120,20270831
143477,0,0,0,0,0,0,1,20200120,20270831
143478,1,0,1,0,0,0,0,20200120,20270831
143479,0,1,0,1,1,0,0,20200120,20270831
143480,1,1,1,1,1,1,0,20200901,20270831
143482,1,1,1,1,1,1,1,20200120,20270831
143512,0,0,0,0,0,0,1,20200120,20270831
143513,1,1,1,1,1,1,0,20200120,20270831
143601,1,1,1,1,1,0,0,20240901,20250609
143707,1,1,1,1,1,0,0,20200201,20260402
143770,1,1,1,1,1,0,0,20200201,20260402
143774,1,1,1,1,1,0,0,20240901,20250609
143795,1,1,1,1,1,0,0,20200201,20260402
143823,1,1,1,1,1,0,0,20200201,20260402
143829,1,1,1,1,1,0,0,20200201,20260402
143830,0,0,0,0,0,1,1,20200201,20260402
143855,1,1,1,1,1,0,0,20200201,20260402
143856,1,1,1,1,1,0,0,20200201,20260402
144125,1,1,1,1,1,0,0,20191203,20290930
144432,1,1,1,1,1,0,0,20200302,20270831
144433,1,1,1,1,1,0,0,20200302,20270831
144694,0,0,0,0,0,1,0,20200201,20260402
144695,0,0,0,0,0,1,1,20200302,20270831
144696,0,0,0,0,1,0,0,20240901,20250531
144876,1,1,1,1,1,1,1,20230701,20280930
144953,1,1,1,1,1,1,0,20200222,20290930
144975,1,1,1,1,1,0,0,20200302,20270831
146200,1,1,1,1,1,0,0,20201019,20270831
146214,0,1,0,1,0,1,0,20211201,20270831
146736,1,1,1,1,1,1,1,20200401,20300331
146746,1,1,1,1,1,1,0,20200401,20300331
146747,1,1,1,1,1,1,1,20200401,20300331
146752,1,1,1,1,1,0,0,20221201,20300331
146753,0,0,0,0,0,1,1,20221201,20300331
146754,1,1,1,1,1,1,1,20221201,20300331
146757,1,1,1,1,1,1,1,20221201,20300331
146758,1,1,1,1,1,0,0,20221201,20300331
146759,0,0,0,0,0,1,1,20221201,20300331
146765,1,1,1,1,1,0,0,20221201,20300331
146766,1,1,1,1,1,1,1,20221201,20300331
146772,1,1,1,1,1,0,0,20200401,20300331
146777,1,1,1,1,1,0,0,20241028,20300331
146778,0,0,0,0,0,1,1,20241028,20300331
146792,1,1,1,1,1,0,0,20200401,20300331
146793,1,1,1,1,1,0,0,20200401,20300331
146797,1,1,1,1,1,1,1,20221201,20300331
150374,1,1,1,1,1,0,0,20200505,20300331
151474,1,1,1,1,1,0,0,20200518,20260402
152076,1,0,1,1,1,0,0,20200601,20260402
156836,1,1,1,1,1,1,0,20200822,20300331
156837,1,1,1,1,1,1,1,20200822,20300331
157215,1,1,1,1,1,0,0,20200907,20260402
157235,0,0,0,0,1,0,0,20200901,20300331
157336,1,1,1,1,1,1,1,20200901,20300331
157337,1,0,1,0,0,1,1,20200901,20300331
157338,0,1,0,1,0,0,0,20200901,20300331
157969,1,0,0,1,0,0,0,20201001,20260402
157971,0,0,1,0,0,0,0,20201001,20260402
157977,0,1,0,0,1,0,0,20201001,20260402
158408,1,1,1,1,1,0,0,20201005,20260402
158409,1,1,1,1,1,1,1,20201005,20260402
158484,1,0,0,0,0,0,0,20240901,20250630
158485,1,1,1,1,1,1,1,20240901,20250630
159140,1,1,1,1,1,0,0,20201005,20260402
159141,1,1,1,1,1,0,0,20201005,20260402
159146,0,0,0,0,0,1,0,20201005,20260402
159151,0,0,0,0,0,0,1,20201005,20260402
159284,1,1,1,1,1,0,0,20201010,20300331
159285,1,1,1,1,1,1,1,20201010,20300331
159288,1,1,1,1,1,0,0,20201010,20300331
159342,0,0,0,0,0,1,1,20201010,20300331
159343,0,0,0,0,0,1,1,20201010,20300331
159969,1,1,1,1,1,0,0,20201015,20260402
159973,0,0,0,0,0,1,0,20201015,20260402
160000,1,1,1,1,1,1,0,20240909,20270831
160215,1,1,1,1,1,0,0,20201101,20300331
161040,1,1,1,0,1,0,0,20201101,20250621
161843,1,1,1,1,1,1,1,20201201,20300331
161844,1,1,1,1,1,1,1,20201201,20300331
161852,1,1,1,1,1,1,1,20221201,20300331
162010,1,1,1,1,1,0,0,20201201,20260402
162489,1,1,1,1,1,0,0,20241016,20260402
162490,1,1,1,1,1,0,0,20241016,20260402
162757,1,1,1,1,1,0,0,20201204,20290930
162758,1,1,1,1,1,1,1,20201204,20290930
162759,1,1,1,1,1,1,1,20201204,20290930
162760,0,0,0,0,0,1,1,20201204,20290930
163437,0,0,1,0,0,0,0,20201213,20260402
163443,0,0,1,0,0,0,0,20201213,20260402
163506,1,1,1,1,1,1,1,20201212,20300331
163785,1,1,1,1,1,1,1,20201216,20290930
163787,1,1,1,1,1,1,1,20201216,20290930
163928,0,0,0,0,1,0,1,20201227,20251226
163976,1,1,1,1,1,0,0,20210111,20260402
163982,1,1,1,1,1,0,0,20210111,20260402
163984,1,1,1,1,1,0,0,20210111,20260402
164004,1,1,1,1,1,0,0,20210111,20260402
164006,1,1,1,1,1,0,0,20210111,20260402
164026,0,0,1,0,1,0,0,20210111,20260402
164086,1,1,1,1,1,0,0,20210111,20260402
164088,1,1,1,1,1,0,0,20210111,20260402
164089,1,1,1,1,1,0,0,20210111,20260402
164096,1,1,1,1,1,0,0,20210111,20260402
165026,1,1,1,1,1,0,0,20210101,20260402
165036,1,1,1,1,1,0,0,20220801,20260402
165065,1,1,1,1,1,0,0,20210101,20260402
165268,0,0,0,0,0,1,1,20211210,20260402
165269,0,0,0,0,0,1,1,20211210,20260402
165270,0,0,0,0,0,1,1,20211210,20260402
165271,0,0,0,0,0,1,1,20211210,20260402
165272,0,0,0,0,0,1,1,20211210,20260402
165508,1,1,1,1,1,1,1,20210128,20290930
165511,1,1,1,1,1,1,0,20210128,20290930
165513,1,1,1,1,1,1,1,20210128,20290930
165514,1,1,1,1,1,1,1,20210128,20290930
165526,1,1,1,1,1,0,0,20211025,20290930
165540,1,1,1,1,1,1,1,20210128,20290930
165915,1,1,1,1,1,1,1,20210305,20260304
166106,1,1,1,1,1,0,0,20170701,20260402
166170,1,1,1,1,1,0,0,20210215,20260402
166288,1,1,1,1,1,0,0,20230701,20280930
166322,1,1,1,1,1,1,1,20230701,20280930
166515,1,1,1,1,1,1,0,20210301,20250621
166516,1,1,1,1,1,0,0,20210301,20250621
166518,0,0,1,0,0,0,0,20210301,20250621
166520,1,1,1,1,1,0,0,20240901,20250609
166556,1,1,1,1,1,0,0,20210308,20260402
166563,1,1,1,1,1,0,0,20210301,20250621
166564,1,1,1,1,1,0,0,20210301,20250621
166565,0,0,0,0,1,0,0,20210301,20250621
166566,0,0,0,0,1,0,0,20210301,20250621
166567,1,1,1,1,1,0,0,20230123,20250621
166568,1,1,1,1,1,0,0,20240901,20250609
166569,1,1,1,1,1,1,0,20210301,20250621
166578,1,1,1,1,1,0,0,20210308,20260402
166694,1,1,1,1,1,1,0,20230701,20280930
166933,1,1,1,1,1,0,0,20230701,20280930
166934,1,1,1,1,1,1,1,20230701,20280930
167459,1,1,1,1,1,0,0,20210322,20270831
167536,0,1,0,1,0,1,0,20210322,20270831
167543,0,0,0,0,0,0,1,20210322,20270831
168147,1,1,1,1,1,1,1,20210315,20290930
168174,1,1,1,1,1,1,1,20231025,20280930
168278,0,0,0,0,0,1,1,20231025,20280930
168420,1,1,0,0,0,0,0,20250201,20300930
168584,0,0,0,0,0,0,1,20210601,20250617
168668,1,1,1,1,1,0,0,20230701,20280930
168810,1,1,1,1,1,1,1,20210501,20250630
168914,1,1,1,1,1,0,0,20210412,20260402
169092,1,1,1,1,1,1,1,20230701,20280930
169272,1,1,1,1,1,1,0,20210628,20260403
169366,1,1,1,1,1,1,1,20230701,20280930
169367,0,0,1,0,0,0,0,20210402,20260402
169370,0,0,0,0,0,0,1,20230701,20280930
169372,1,1,1,1,1,1,0,20230701,20280930
169578,0,0,0,0,0,1,1,20210501,20260402
169580,0,0,0,0,0,1,0,20210501,20260402
169585,1,1,1,1,1,0,0,20210501,20260402
169588,0,0,0,0,0,1,0,20210501,20260402
169598,1,1,1,1,1,0,0,20210501,20260402
169766,1,1,1,1,1,0,0,20230701,20280930
169816,1,1,1,1,1,0,0,20230701,20280930
169942,1,1,1,1,1,1,0,20230701,20280930
169950,1,1,1,1,1,1,0,20230701,20280930
170083,1,1,1,1,1,0,0,20210501,20260402
170084,1,1,1,1,1,0,0,20250201,20300930
170102,1,1,1,1,1,1,1,20230701,20280930
170118,0,0,0,0,0,1,0,20210501,20260402
170126,0,0,0,0,0,1,1,20210501,20260402
170129,0,0,0,0,0,1,0,20210501,20260402
170130,1,1,1,1,1,0,0,20210501,20260402
170299,1,1,1,1,1,0,0,20230701,20280930
170349,0,1,0,0,1,0,0,20230701,20280930
170355,1,1,1,1,1,0,0,20230701,20280930
170477,1,1,1,1,1,1,1,20230701,20280930
170527,1,0,0,0,0,0,0,20250201,20300930
170535,1,1,1,1,1,1,1,20210814,20300331
170536,1,1,1,1,1,1,1,20210814,20300331
170537,1,1,1,1,1,0,0,20210814,20300331
170549,1,1,1,1,1,1,1,20210423,20300331
170560,1,1,1,1,1,0,0,20210501,20260402
170599,1,1,1,1,1,0,0,20210501,20260402
170604,1,1,1,1,1,1,0,20210501,20260402
170609,0,0,0,0,0,1,1,20210501,20260402
170621,1,1,1,1,1,1,1,20210501,20260402
170803,1,1,1,1,1,0,0,20230701,20280930
170804,1,1,1,1,1,0,0,20230701,20280930
170990,0,0,0,0,1,0,0,20210501,20261231
170991,1,1,1,1,1,1,0,20230701,20280930
170994,1,1,1,1,1,0,0,20210501,20261231
171005,1,1,1,1,1,0,0,20210501,20261231
171023,1,1,1,1,1,0,0,20230701,20280930
171159,0,0,0,0,0,1,0,20230701,20280930
171166,1,1,1,1,1,0,0,20250201,20300930
171167,1,1,1,1,1,1,1,20250201,20300930
171168,1,1,1,1,1,1,1,20250201,20300930
171169,1,1,1,1,1,1,1,20250201,20300930
171174,1,1,1,1,1,0,0,20250201,20300930
171179,1,0,0,0,0,0,0,20250201,20300930
171183,0,1,0,0,0,0,0,20250201,20300930
171213,0,0,1,0,0,0,0,20250201,20300930
171317,1,1,1,1,1,0,0,20230701,20280930
171324,1,1,1,1,0,0,0,20250201,20300930
171332,1,1,1,1,1,1,1,20230701,20280930
171417,1,1,1,1,1,0,0,20250201,20300930
171418,0,0,1,0,1,0,0,20250201,20300930
171441,1,1,1,1,0,0,0,20250201,20300930
171444,1,1,1,1,1,0,0,20250201,20300930
171447,0,0,1,0,1,0,0,20250201,20300930
171448,0,0,0,0,1,0,0,20250201,20300930
171895,1,1,1,1,1,0,0,20210501,20300331
171896,1,1,1,1,1,1,1,20210501,20300331
171897,1,1,1,1,1,1,1,20210501,20300331
171898,1,1,1,1,1,1,1,20210501,20300331
171905,1,1,1,1,1,1,1,20210501,20300331
171906,1,1,1,1,1,1,1,20210501,20300331
171907,1,1,1,1,1,1,1,20210501,20300331
171909,1,1,1,1,1,1,1,20210501,20300331
171921,1,1,1,1,1,1,1,20210501,20300331
171922,1,1,1,1,1,0,0,20210501,20300331
171923,0,0,0,0,0,1,1,20210501,20300331
171924,1,1,1,1,1,0,0,20210501,20300331
171925,1,1,1,1,1,1,1,20210501,20300331
171926,1,1,1,1,1,0,0,20210501,20300331
171986,1,1,1,1,1,0,0,20230701,20280930
171987,1,1,1,1,1,0,0,20230701,20280930
172042,1,1,1,1,1,0,0,20230701,20280930
172091,1,1,1,1,1,0,0,20230701,20280930
172124,1,1,1,1,1,0,0,20230701,20280930
172138,1,1,1,1,1,0,0,20230701,20280930
172212,1,0,0,1,0,0,0,20250515,20250915
172213,0,0,0,0,1,0,0,20250515,20250915
172214,1,1,0,0,0,0,0,20250515,20250915
172215,0,1,0,0,1,0,0,20250515,20250915
172224,1,0,1,0,1,0,0,20230701,20280930
172305,1,1,1,1,1,0,0,20230701,20280930
172334,0,0,0,0,0,1,1,20230701,20280930
172674,1,1,1,1,1,1,0,20230701,20280930
172677,1,1,1,1,1,0,0,20230701,20280930
172694,0,0,0,0,0,1,1,20230701,20280930
172695,1,1,1,1,1,1,1,20230701,20280930
172697,1,1,1,1,1,0,0,20230701,20280930
172716,1,1,1,1,1,1,1,20230701,20280930
172717,1,1,1,1,1,0,0,20250201,20290630
172719,1,1,1,1,1,1,1,20230701,20280930
172735,1,1,1,1,1,1,0,20250201,20290630
172738,0,0,1,0,1,0,0,20230701,20280930
172800,1,1,1,1,1,1,0,20250201,20290630
172939,1,1,1,1,1,0,0,20241021,20260402
172940,1,1,1,1,1,0,0,20241021,20260402
172941,1,1,1,1,1,0,0,20241021,20260402
172942,1,1,1,1,1,0,0,20241021,20260402
172943,1,1,1,1,1,0,0,20241021,20260402
172944,1,1,1,1,1,0,0,20241021,20260402
172945,1,1,1,1,1,0,0,20241021,20260402
172946,1,1,1,1,1,0,0,20241021,20260402
172947,1,1,1,1,1,0,0,20241021,20260402
172965,1,1,1,1,1,1,1,20230701,20280930
172966,1,1,1,1,1,1,1,20230701,20280930
172967,1,1,1,1,1,1,1,20230701,20280930
173017,1,1,1,1,1,1,0,20230701,20280930
173018,1,1,1,1,1,0,0,20230701,20280930
173019,1,1,1,1,1,0,0,20230701,20280930
173069,1,1,1,1,1,0,0,20230701,20280930
173070,0,0,0,0,0,1,1,20230701,20280930
173071,0,0,0,0,0,1,1,20230701,20280930
173098,0,0,0,0,0,0,1,20230701,20280930
173127,1,1,1,1,1,0,0,20230701,20280930
173129,0,1,0,0,0,1,0,20210601,20260402
173199,0,0,0,0,1,0,1,20210601,20260402
173200,1,1,1,1,1,1,1,20250201,20290630
173292,1,1,1,1,1,1,0,20210601,20260402
173293,0,0,0,0,0,1,1,20250201,20290630
173350,1,1,1,1,1,0,0,20230701,20280930
173356,1,1,1,1,1,1,1,20250201,20290630
173357,1,1,1,1,1,1,1,20250201,20290630
173370,1,1,1,1,1,1,1,20250201,20290630
173390,1,1,1,1,1,0,0,20231025,20280930
173395,1,1,1,1,1,1,0,20250201,20290630
173458,0,1,0,0,0,1,0,20250515,20250914
173459,0,0,0,0,0,0,1,20250515,20250914
173460,0,1,0,1,0,1,0,20250515,20250914
173461,0,0,0,1,1,0,0,20250515,20250914
173463,0,0,0,0,1,0,0,20250515,20250914
173465,1,1,1,1,1,1,1,20231025,20280930
173472,1,1,1,1,1,0,0,20250201,20290630
173486,0,1,0,1,0,1,0,20250515,20250914
173487,0,1,0,0,0,1,0,20250515,20250914
173488,0,0,0,1,1,0,0,20250515,20250914
173489,0,0,0,0,0,0,1,20250515,20250914
173497,1,1,1,1,1,0,0,20230701,20280930
173498,1,1,1,1,1,0,0,20230701,20280930
173500,1,1,1,1,1,0,1,20230701,20280930
173501,1,1,1,1,1,0,1,20230701,20280930
173505,1,1,1,1,1,1,1,20230701,20280930
173973,1,1,1,1,1,1,0,20210628,20270831
175524,0,0,0,0,0,1,0,20240701,20260402
175525,0,0,0,0,0,1,0,20240701,20260402
175526,0,0,0,0,0,1,0,20240701,20260402
175541,0,0,0,0,0,1,0,20210901,20260402
177175,0,0,0,0,0,1,0,20240701,20260402
177176,0,0,0,0,0,1,0,20240701,20260402
177177,0,0,0,0,0,1,0,20240701,20260402
178229,1,1,1,1,1,1,0,20210901,20261231
178433,0,0,0,0,0,0,1,20240701,20260402
178434,0,0,0,0,0,0,1,20240701,20260402
178435,0,0,0,0,0,0,1,20240701,20260402
178446,0,0,0,0,0,0,1,20240701,20260402
178447,0,0,0,0,0,0,1,20240701,20260402
178448,0,0,0,0,0,0,1,20240701,20260402
178449,0,0,0,0,0,0,1,20210901,20260402
178503,1,1,1,1,1,0,0,20210815,20260814
179141,1,1,1,1,1,0,0,20210822,20260402
179225,1,1,1,1,1,1,1,20210902,20260402
179229,1,1,1,1,1,0,0,20210902,20260402
179230,1,1,1,1,1,1,1,20210902,20260402
179231,0,0,0,0,0,1,1,20210902,20260402
179237,1,1,1,1,1,1,1,20241016,20260402
179238,1,1,1,1,1,1,1,20241016,20260402
179239,1,1,1,1,1,1,1,20241016,20260402
179240,1,1,1,1,1,1,1,20241016,20260402
179241,1,1,1,1,1,1,1,20241016,20260402
179263,1,1,1,1,1,1,1,20210902,20260402
179312,0,0,0,0,0,1,1,20210901,20260402
179313,0,0,0,0,0,1,1,20210901,20260402
179314,0,0,0,0,0,1,1,20210901,20260402
179315,0,0,0,0,0,1,1,20210901,20260402
179316,0,0,0,0,0,1,1,20210901,20260402
179317,0,0,0,0,0,1,1,20210901,20260402
180715,1,1,1,1,1,0,0,20210913,20270831
180942,0,0,0,0,0,1,0,20210918,20270831
181031,1,1,1,1,1,0,0,20210913,20270831
181166,1,1,1,1,1,0,0,20210915,20260402
181544,1,1,1,1,1,0,0,20210915,20260402
181607,1,1,1,1,1,0,0,20240901,20250609
181608,1,1,1,1,1,0,0,20240901,20250609
181698,1,1,1,1,1,1,1,20210921,20260920
181770,1,1,1,1,1,0,0,20200201,20260402
182188,1,1,1,1,1,0,0,20210927,20270831
182189,1,1,1,1,1,0,0,20210927,20270831
182272,1,1,1,1,1,0,0,20211001,20260402
182273,0,0,0,0,0,1,1,20211001,20260402
182691,1,1,1,1,1,1,0,20210925,20300331
182692,1,1,1,1,1,1,1,20210925,20300331
182774,0,0,0,0,1,0,0,20250428,20260402
182785,0,0,0,0,0,0,1,20250428,20260402
183001,1,1,1,1,1,1,1,20210929,20251226
183002,1,1,1,1,1,1,0,20210929,20251226
183653,1,1,1,1,1,0,0,20250201,20260402
183675,1,1,1,1,1,0,0,20211015,20260402
183800,1,1,1,1,1,1,1,20211015,20290930
184122,1,1,1,1,1,1,1,20211021,20290930
184123,1,1,1,1,1,0,0,20211021,20290930
184214,0,0,0,0,1,0,1,20211021,20261020
184215,1,1,1,1,1,1,1,20211021,20261020
184856,0,0,0,0,1,0,1,20211117,20261116
184906,0,0,0,0,0,1,1,20211111,20300331
184909,1,1,1,1,1,0,0,20211111,20300331
184913,0,0,0,0,0,0,1,20211111,20300331
185233,1,1,1,1,1,0,1,20211115,20260402
185234,1,1,1,1,1,0,0,20211115,20260402
185245,1,0,1,0,1,0,0,20211115,20260402
185246,0,1,0,1,0,1,0,20211115,20260402
185249,1,1,1,1,1,0,0,20211115,20260402
185526,1,1,1,1,1,1,1,20220101,20261231
185527,1,1,1,1,1,1,0,20220101,20261231
185528,1,1,1,1,1,1,1,20220101,20261231
185547,1,1,1,1,1,1,0,20220101,20261231
185552,1,1,1,1,1,1,1,20220101,20261231
185555,1,1,1,1,1,1,1,20220101,20261231
185701,1,0,1,0,1,0,0,20230701,20280930
185705,0,1,0,1,0,0,0,20230701,20280930
185706,0,0,0,1,0,0,0,20250201,20260402
185721,1,1,1,1,1,1,1,20220101,20261231
185750,1,0,1,0,1,0,1,20211201,20270831
185763,1,1,1,1,1,0,0,20211201,20260402
185818,0,0,0,1,0,0,0,20211201,20260402
185889,1,1,1,1,1,0,0,20250201,20260402
185890,0,0,0,0,0,1,1,20250201,20260402
185920,1,0,1,0,1,0,0,20250201,20260402
185922,0,1,0,1,0,0,0,20250201,20260402
185930,0,0,0,0,0,1,1,20250201,20260402
186013,1,1,1,1,1,1,1,20211201,20300131
186048,0,0,0,0,0,1,0,20250201,20260402
186070,0,0,0,0,0,0,1,20250201,20260402
186074,0,0,0,0,0,1,0,20250201,20260402
186075,1,1,1,1,1,0,0,20250201,20260402
186082,1,1,1,1,1,0,0,20250201,20260402
186085,0,0,0,0,0,1,0,20250201,20260402
186086,0,0,0,0,0,0,1,20250201,20260402
186088,1,1,1,1,1,0,0,20250201,20260402
186307,1,1,1,1,1,0,0,20250201,20260402
186308,1,1,1,1,1,0,0,20250201,20260402
186409,1,1,1,1,1,0,0,20240601,20260402
186423,0,0,0,0,1,0,0,20240901,20250609
186424,1,1,1,1,0,0,0,20240901,20250609
186425,1,1,1,1,1,0,0,20240601,20260402
186429,0,0,0,0,0,1,0,20230301,20260402
186432,0,0,0,0,0,0,1,20230301,20260402
186433,1,1,1,1,1,0,0,20230301,20260402
186549,1,1,1,1,1,1,1,20220101,20261231
186569,1,1,1,1,1,1,1,20220101,20261231
186570,1,1,1,1,1,1,1,20220101,20261231
186575,0,0,0,0,0,1,1,20220526,20260402
186576,0,0,0,0,0,1,1,20220526,20260402
186577,0,0,0,0,0,1,1,20220526,20260402
186578,0,0,0,0,0,1,1,20220526,20260402
186579,0,0,0,0,0,1,1,20220526,20260402
186580,0,0,0,0,0,1,1,20220526,20260402
186581,0,0,0,0,0,1,1,20220526,20260402
186815,1,1,1,1,1,0,0,20240901,20250609
186823,0,0,0,0,0,0,1,20220330,20261231
186826,1,1,1,1,1,1,1,20220101,20261231
186828,1,1,1,1,1,1,1,20220101,20261231
186949,1,1,1,1,1,1,1,20211211,20290930
186950,1,1,1,1,1,0,0,20211211,20290930
187012,0,0,0,0,0,1,1,20211210,20260402
187013,0,0,0,0,0,1,1,20211210,20260402
187014,0,0,0,0,0,1,1,20211210,20260402
187015,0,0,0,0,0,1,1,20211210,20260402
187162,1,1,1,1,1,1,1,20220303,20250617
187332,1,1,1,1,1,0,0,20211208,20260402
187357,1,1,1,1,1,0,0,20220101,20260402
187731,1,1,1,1,1,1,1,20210102,20250617
188579,1,1,1,1,1,0,0,20230614,20291231
188605,1,0,1,1,1,0,0,20220101,20291231
188677,1,1,1,1,1,0,0,20240902,20250609
188701,1,1,1,1,1,0,0,20220101,20291231
188710,0,1,0,0,0,0,0,20220101,20291231
188865,1,1,0,1,1,0,0,20220110,20260402
188873,1,1,0,1,1,0,0,20220110,20260402
188892,1,1,1,1,1,0,0,20220110,20260402
188911,1,1,1,1,1,0,0,20241016,20260402
188913,1,1,1,1,1,1,1,20241016,20260402
189318,1,1,1,1,1,0,0,20220201,20260402
189380,0,0,0,0,1,0,0,20220201,20260402
189381,1,0,0,0,0,0,0,20220201,20260402
189383,1,0,0,0,1,0,0,20220201,20260402
189384,0,0,0,0,1,0,0,20220201,20260402
189385,1,0,0,0,0,0,0,20220201,20260402
189395,1,1,1,1,1,0,0,20220201,20260402
189402,1,1,1,1,1,0,0,20220201,20260402
189405,1,1,1,1,1,0,0,20220201,20260402
189667,0,0,0,0,0,1,0,20250201,20260402
189668,0,0,0,0,0,0,1,20250201,20260402
189689,1,1,1,1,1,0,0,20230401,20250630
189701,1,1,1,0,1,0,0,20240901,20291231
189702,0,0,0,1,0,0,0,20240901,20291231
189728,1,1,1,1,1,0,0,20220301,20260402
189763,1,1,1,1,1,0,0,20250201,20260402
189770,0,1,0,0,0,0,0,20220902,20260402
189775,0,1,0,1,0,0,0,20250201,20260402
190122,1,1,1,1,0,0,0,20220301,20260402
190150,1,1,1,1,1,1,1,20220221,20260131
190280,1,1,1,1,1,0,0,20241001,20250612
190721,1,1,1,1,1,0,0,20250201,20260402
190816,0,0,0,0,0,1,0,20250201,20260402
190825,1,1,1,1,1,0,0,20241016,20260402
190988,1,1,1,1,1,0,0,20220301,20260402
190989,0,0,0,0,0,1,0,20220301,20260402
190991,0,0,0,0,0,0,1,20220301,20260402
191111,1,1,1,1,1,1,1,20220307,20290930
191112,1,1,1,1,1,0,0,20220307,20290930
191123,1,1,1,1,1,0,0,20250201,20260402
191132,1,1,1,1,1,0,0,20250201,20260402
191147,0,0,0,0,0,1,0,20250201,20260402
191156,0,0,0,0,0,1,1,20230301,20300331
191220,1,1,1,1,1,0,0,20220401,20300331
191221,0,0,0,0,0,1,1,20220401,20300331
191222,0,0,0,0,0,1,1,20220401,20300331
191232,0,0,0,0,0,1,0,20220401,20300331
191233,0,0,0,0,0,1,0,20220401,20300331
191235,1,0,1,0,1,0,0,20220401,20300331
191236,0,1,0,1,0,0,0,20220401,20300331
191237,0,0,0,0,0,1,0,20220401,20300331
191244,1,1,1,1,1,0,0,20240901,20250609
191245,1,1,1,1,1,0,0,20220401,20300331
191246,1,0,0,1,0,0,0,20240901,20250609
191247,0,0,0,0,0,1,1,20220401,20300331
191248,0,0,0,0,0,1,1,20220401,20300331
191249,0,0,0,0,0,1,1,20220401,20300331
191274,1,1,1,1,1,0,0,20240901,20250609
191280,0,1,0,1,0,0,0,20220401,20300331
191298,0,0,0,0,0,1,0,20220401,20300331
191307,1,0,0,1,0,0,0,20220401,20300331
191316,1,1,1,1,1,0,0,20220401,20300331
191317,0,1,0,0,1,0,0,20220401,20300331
191409,1,1,1,1,1,0,0,20250201,20260402
191410,1,1,1,1,1,0,0,20250201,20260402
191471,1,1,1,1,1,0,0,20220401,20260402
191500,1,1,1,1,1,0,0,20250201,20260402
191501,0,0,0,0,0,1,1,20250201,20260402
191527,1,1,1,1,1,0,0,20250201,20260402
191528,1,1,1,1,1,0,0,20250201,20260402
191529,0,0,0,0,0,1,1,20250201,20260402
191530,0,0,0,0,0,1,1,20250201,20260402
191556,1,1,1,1,1,0,0,20250201,20260402
191749,1,1,1,1,1,1,1,20220404,20260402
191758,1,1,1,1,1,0,0,20220401,20260402
191951,1,1,1,1,1,1,1,20220404,20260402
191954,0,0,0,0,0,0,1,20220404,20260402
191965,1,1,1,1,1,0,0,20220404,20260402
191969,1,1,1,1,1,1,0,20220404,20260402
191973,1,1,1,1,1,1,1,20220404,20260402
192227,1,1,1,1,1,0,0,20250201,20260402
192228,1,1,1,1,1,0,0,20250201,20260402
192281,1,1,1,1,1,1,1,20220501,20270430
192446,1,1,1,1,1,0,0,20220411,20300331
192641,1,1,1,1,1,1,0,20220425,20270831
192860,1,1,1,1,1,1,0,20220509,20250712
192861,0,0,0,0,1,1,1,20220509,20260131
192862,0,0,0,0,1,1,1,20220509,20260131
192864,0,0,0,0,0,1,1,20220509,20270508
192902,1,1,1,1,1,0,0,20220501,20260402
192906,1,1,1,1,1,1,0,20220501,20260402
192907,1,1,1,1,1,1,0,20220501,20260402
192909,1,1,0,1,1,0,0,20220501,20260402
193525,0,0,0,0,0,1,0,20220509,20250712
193800,0,0,0,0,1,0,0,20250301,20250514
193801,0,1,0,0,1,0,1,20250301,20250514
193802,0,1,0,0,0,0,0,20250301,20250514
193804,0,1,0,0,1,0,1,20250301,20250514
193805,0,0,0,0,1,0,0,20250301,20250514
193806,0,1,0,0,0,0,0,20250301,20250514
194064,0,0,0,0,0,0,1,20220601,20260402
194238,0,0,0,0,0,0,1,20220601,20260402
194584,1,1,1,1,1,1,0,20220601,20260402
194586,1,1,1,1,1,1,1,20220601,20260402
194591,1,1,1,1,1,0,0,20220601,20260402
194631,1,1,1,1,1,1,1,20220601,20260402
194764,1,1,1,1,1,1,1,20220613,20270612
194855,0,0,0,0,0,1,1,20250201,20260402
194871,0,0,0,0,0,1,0,20220601,20260402
194970,1,1,1,1,1,1,0,20220601,20260402
194971,0,0,0,0,0,0,1,20220601,20260402
194972,1,1,1,1,1,1,1,20220601,20260402
194985,1,1,1,1,1,0,0,20220601,20260402
194986,1,1,1,1,1,0,0,20240108,20260402
194991,1,1,1,1,1,1,1,20220601,20260402
194995,1,1,1,1,1,1,1,20220601,20260402
195006,0,0,0,0,0,1,1,20220601,20260402
195132,0,0,0,0,0,1,0,20240601,20260402
195133,0,0,0,0,0,1,0,20240601,20260402
195134,0,0,0,0,0,1,0,20240601,20260402
195135,0,0,0,0,0,1,0,20240601,20260402
195136,0,0,0,0,0,1,0,20240601,20260402
195137,0,0,0,0,0,1,0,20240601,20260402
195138,0,0,0,0,0,1,0,20240601,20260402
195139,0,0,0,0,0,1,0,20240601,20260402
195140,0,0,0,0,0,1,0,20240601,20260402
195141,0,0,0,0,0,1,0,20240601,20260402
195142,0,0,0,0,0,0,1,20240601,20260402
195143,0,0,0,0,0,0,1,20240601,20260402
195144,0,0,0,0,0,0,1,20240601,20260402
195145,0,0,0,0,0,0,1,20240601,20260402
195146,0,0,0,0,0,0,1,20240601,20260402
195147,0,0,0,0,0,0,1,20240601,20260402
195148,0,0,0,0,0,0,1,20240601,20260402
195149,0,0,0,0,0,0,1,20240601,20260402
195150,0,0,0,0,0,0,1,20240601,20260402
195151,0,0,0,0,0,0,1,20240601,20260402
195942,1,1,1,1,1,1,0,20220614,20260402
196063,1,1,1,1,1,1,1,20220630,20250518
196335,1,1,1,0,1,1,0,20220614,20260402
196336,0,0,0,1,0,0,0,20220614,20260402
196342,1,1,1,1,1,0,1,20220614,20260402
196343,1,1,1,1,1,0,0,20230615,20260402
196384,1,1,1,1,1,0,0,20220614,20260402
196385,0,0,0,0,0,0,1,20220614,20260402
196386,1,1,1,1,1,0,0,20220614,20260402
196389,1,1,1,1,1,0,1,20220614,20260402
196390,1,1,1,1,1,0,0,20220614,20260402
196405,0,0,0,0,0,1,0,20220614,20260402
196497,1,1,1,1,1,0,0,20220614,20260402
196519,1,1,1,1,1,1,1,20220627,20250913
196939,0,0,0,0,0,1,0,20220901,20260402
196940,0,0,0,0,0,1,0,20220901,20260402
196941,0,0,0,0,0,1,0,20220901,20260402
196942,0,0,0,0,0,1,0,20220901,20260402
196969,1,1,1,1,1,1,1,20231211,20300331
196970,1,1,1,1,1,1,1,20231211,20300331
197216,1,1,1,1,1,0,0,20220718,20260402
198040,1,1,1,1,1,1,1,20220730,20290930
198917,1,1,1,1,1,0,0,20250201,20260402
198918,0,0,0,0,0,1,0,20250201,20260402
199089,1,1,1,1,1,0,0,20250217,20250609
199322,1,0,1,0,1,0,0,20250201,20260402
199323,0,1,0,1,0,0,0,20250201,20260402
199324,0,0,0,0,0,1,0,20250201,20260402
199325,0,0,0,0,0,0,1,20250201,20260402
199339,1,1,1,1,1,0,0,20250201,20260402
199340,1,1,1,1,1,0,0,20250201,20260402
199341,0,0,0,0,0,1,0,20250201,20260402
199356,0,0,0,1,0,0,0,20250201,20260402
199534,1,1,1,1,1,0,0,20250201,20260402
199535,0,0,0,0,0,1,0,20250201,20260402
199543,0,1,0,0,0,0,0,20250201,20260402
199655,1,1,1,1,1,1,1,20230901,20270831
199656,0,0,0,0,0,0,1,20220901,20260402
199657,0,0,0,0,0,0,1,20220901,20260402
199658,0,0,0,0,0,0,1,20220901,20260402
199659,0,0,0,0,0,0,1,20220901,20260402
199663,0,0,0,0,0,1,0,20241021,20260402
199664,0,0,0,0,0,1,0,20241021,20260402
199665,0,0,0,0,0,1,0,20241021,20260402
199666,0,0,0,0,0,1,0,20241021,20260402
199667,0,0,0,0,0,1,0,20241021,20260402
199679,1,1,1,1,1,0,0,20250201,20260402
199716,1,1,1,1,1,1,1,20230901,20270831
199745,1,1,1,1,1,1,1,20220822,20260402
199841,1,1,1,1,1,1,1,20220822,20270821
199979,1,1,1,1,1,1,1,20220822,20270830
200055,1,1,1,1,1,0,0,20250201,20260402
200056,0,0,0,0,0,1,1,20250201,20260402
200114,1,1,1,1,1,0,0,20220901,20260402
200115,1,1,1,1,1,1,0,20220901,20260402
200361,0,0,0,0,0,1,1,20220901,20291231
200433,1,1,1,1,1,0,0,20220901,20261231
200731,1,1,1,1,1,1,1,20241201,20291201
201116,0,0,0,0,0,1,0,20240909,20260402
201117,0,0,0,0,0,1,0,20240909,20260402
201118,1,1,1,1,1,0,0,20220909,20260402
201122,1,1,1,1,1,0,0,20250303,20260402
201123,1,1,1,1,1,0,0,20250303,20260402
201124,1,1,1,1,1,0,0,20250303,20260402
201130,0,0,0,0,0,1,1,20220909,20260402
201203,1,0,1,0,1,1,1,20220912,20270831
201213,0,1,0,1,0,0,0,20220912,20270831
201276,1,1,1,1,1,1,1,20220912,20260131
201397,1,1,1,1,1,0,0,20221001,20260402
201678,1,0,0,0,0,0,0,20250201,20260402
201679,1,0,0,0,0,0,0,20250201,20260402
201833,1,1,1,1,1,1,0,20221003,20270831
201834,1,1,1,1,1,1,0,20221003,20270831
201901,1,1,1,1,1,1,0,20221003,20260402
201902,1,1,1,1,1,0,0,20221003,20260402
201906,0,0,0,0,0,0,1,20250201,20250427
201966,1,1,1,1,1,0,0,20221003,20270831
202212,1,1,1,1,1,0,0,20250201,20260402
202213,1,0,1,1,1,0,0,20250201,20260402
202248,1,1,1,1,1,1,1,20220630,20250518
202484,1,1,1,1,1,0,0,20221001,20250621
202526,1,1,1,1,1,1,1,20250401,20250930
202527,1,1,1,1,1,1,1,20250401,20250930
202903,1,1,1,1,1,1,1,20221012,20300331
202957,0,0,0,0,0,1,1,20221001,20291231
202975,1,1,1,1,1,0,0,20230101,20280630
203002,0,0,0,0,1,0,0,20221001,20291231
203017,0,1,0,0,0,0,0,20240613,20291231
203018,0,1,0,0,0,0,0,20240613,20291231
203021,0,0,0,0,1,0,0,20221001,20291231
203162,1,1,1,1,1,0,0,20230101,20280630
203301,1,1,1,1,1,0,0,20221017,20250930
203328,0,1,0,0,0,0,0,20250201,20260402
203329,0,1,0,0,0,0,0,20250201,20260402
203330,0,0,1,1,1,0,0,20250201,20260402
203331,0,0,1,1,1,0,0,20250201,20260402
203332,0,0,0,0,0,1,0,20250201,20260402
203339,1,1,1,1,1,0,0,20250201,20260402
203340,1,1,1,1,1,0,0,20250201,20260402
203341,0,0,0,0,0,1,0,20250201,20260402
203345,0,0,0,0,0,1,1,20250201,20260402
203346,0,1,0,0,0,0,0,20250201,20260402
203358,0,0,0,0,0,1,0,20250201,20260402
203359,0,0,0,0,0,1,0,20250201,20260402
203459,1,1,1,1,1,0,0,20241015,20250414
203460,0,0,0,0,0,1,1,20241015,20250414
203751,1,1,1,1,1,0,0,20230701,20280930
203755,1,1,1,1,1,0,0,20230701,20280930
203992,1,1,1,1,1,0,0,20221031,20260402
203995,1,1,1,1,1,1,1,20221031,20260402
203996,0,0,0,0,0,1,0,20221031,20260402
203997,0,0,0,0,0,0,1,20221031,20260402
203998,0,0,0,0,0,1,1,20221031,20260402
204001,1,1,1,1,1,0,0,20221031,20260402
204143,1,1,1,1,1,0,0,20221101,20260402
204167,0,0,0,0,1,0,1,20221101,20260210
204169,1,1,1,1,1,1,0,20221101,20260210
204173,1,1,1,1,1,1,0,20221101,20260210
204174,1,1,1,1,1,1,1,20221101,20260928
204606,1,1,1,1,1,0,0,20221114,20270831
204804,1,1,1,1,1,1,1,20221114,20260402
204878,1,1,1,1,1,0,0,20221112,20290930
204879,1,1,1,1,1,0,1,20221112,20290930
204881,0,0,0,0,0,0,1,20221112,20290930
204890,1,1,1,1,1,1,1,20221201,20250528
205569,0,0,0,0,0,0,1,20221120,20271119
205666,1,1,1,1,1,0,0,20250201,20260402
205667,1,1,1,1,1,0,0,20250201,20260402
205668,1,1,1,1,1,0,0,20250201,20260402
205674,0,0,0,0,0,1,0,20250201,20260402
205678,1,1,1,1,1,0,0,20250201,20260402
205679,0,0,0,0,0,1,0,20250201,20260402
205716,1,1,1,1,1,0,0,20231025,20280930
205718,1,1,1,1,1,0,0,20231025,20280930
205719,1,1,1,1,1,0,0,20231025,20280930
205720,1,1,1,1,1,0,0,20231025,20280930
205725,1,1,1,1,1,0,0,20231025,20280930
205726,1,1,1,1,1,0,0,20231025,20280930
205727,1,1,1,1,1,0,0,20231025,20280930
205832,1,1,1,1,1,0,0,20221128,20260402
205833,1,1,1,1,1,0,0,20221128,20260402
205834,0,0,0,0,0,1,1,20221128,20260402
205835,1,1,1,1,1,0,0,20221128,20270131
205836,1,1,1,1,1,0,0,20221128,20270131
205837,1,1,1,1,1,1,1,20221128,20270131
205838,0,0,0,0,0,1,1,20221128,20270131
206004,0,0,0,0,0,0,1,20240601,20260402
206005,0,0,0,0,0,1,0,20240601,20260402
206326,1,1,1,1,1,0,0,20230301,20300331
206420,0,0,0,0,0,0,1,20250201,20260402
206503,1,1,1,1,1,0,0,20221207,20251008
206514,1,1,1,1,1,0,0,20221207,20251008
206524,0,0,0,0,0,1,1,20221207,20251008
206529,0,0,0,0,0,1,1,20221207,20251008
206571,0,0,0,0,0,1,0,20221207,20251008
206573,0,0,0,0,0,0,1,20250201,20260402
206590,1,1,1,1,1,1,0,20230101,20280630
206591,1,1,1,1,1,1,1,20230101,20280630
206592,1,1,1,1,1,1,1,20230101,20280630
206596,1,1,1,1,1,1,1,20230101,20260402
206597,0,0,0,0,0,1,1,20230101,20260402
206637,1,1,1,1,1,1,1,20230101,20280630
206645,1,1,1,1,1,0,0,20230101,20280630
206666,1,1,1,1,1,1,1,20230101,20280630
206859,1,1,1,1,1,0,0,20230101,20280630
206872,1,1,1,1,1,1,0,20230101,20280630
206884,1,1,1,1,1,1,0,20230101,20280630
206887,0,1,0,0,1,0,0,20230101,20280630
206889,1,1,1,1,1,0,0,20230101,20280630
206901,1,1,1,1,1,0,0,20230101,20280630
206905,0,1,0,1,0,1,0,20230101,20280630
206909,1,0,0,0,1,0,0,20230101,20280630
206911,0,0,1,0,0,0,0,20230101,20280630
206925,1,1,1,1,1,0,0,20230101,20280630
206930,0,0,0,0,0,1,1,20230101,20280630
206935,1,1,1,1,1,1,1,20230101,20280630
206944,1,1,1,1,1,1,1,20230101,20280630
207043,1,1,1,1,1,0,0,20250201,20260402
207044,1,1,1,1,1,0,0,20250201,20260402
207045,1,1,1,1,1,0,0,20250201,20260402
207046,1,1,1,1,1,0,0,20250201,20260402
207047,1,1,1,1,1,0,0,20250201,20260402
207048,1,1,1,1,1,0,0,20250201,20260402
207049,1,1,1,1,1,0,0,20250201,20260402
207050,1,1,1,1,1,0,0,20250201,20260402
207051,1,1,1,1,1,0,0,20250201,20260402
207053,0,0,0,0,0,1,0,20250201,20260402
207054,0,0,0,0,0,1,0,20250201,20260402
207055,0,0,0,0,0,1,0,20250201,20260402
207056,0,0,0,0,0,1,0,20250201,20260402
207057,0,0,0,0,0,1,0,20250201,20260402
207058,0,0,0,0,0,1,0,20250201,20260402
207059,0,0,0,0,0,0,1,20250201,20260402
207060,0,0,0,0,0,0,1,20250201,20260402
207061,0,0,0,0,0,0,1,20250201,20260402
207062,0,0,0,0,0,0,1,20250201,20260402
207063,0,0,0,0,0,0,1,20250201,20260402
207072,0,0,0,0,1,0,1,20230901,20261231
207075,1,1,1,1,1,1,1,20230101,20261231
207076,0,0,0,0,1,0,0,20230901,20261231
207078,1,1,1,1,1,1,0,20230901,20261231
207085,1,1,1,1,1,1,1,20230116,20261231
207194,1,1,1,1,1,1,1,20230301,20260402
207198,1,1,1,1,1,0,0,20230101,20270831
207199,1,1,1,1,1,0,0,20241001,20260402
207201,1,1,1,1,1,1,1,20241001,20260402
207202,0,0,0,0,0,1,1,20241001,20260402
207209,1,1,1,1,1,0,0,20241201,20250612
207211,1,1,1,1,1,0,0,20250201,20260402
207216,1,1,1,1,1,0,0,20241016,20260402
207225,0,0,0,0,1,0,0,20230113,20291031
207249,1,1,1,1,1,0,0,20230109,20260402
207250,1,1,1,1,1,0,0,20230109,20260402
207251,1,1,1,1,1,0,0,20230109,20260402
207278,0,0,0,0,0,1,0,20230109,20260402
207279,0,0,0,0,0,1,0,20230109,20260402
207286,0,0,0,0,0,0,1,20230109,20260402
207287,0,0,0,0,0,0,1,20230109,20260402
207547,1,1,1,1,1,0,0,20240901,20250612
207550,1,1,1,1,1,1,1,20230301,20260402
207588,1,1,1,1,1,1,1,20230301,20260402
207589,1,1,1,1,1,1,1,20230301,20260402
207590,1,1,1,1,1,1,1,20230301,20260402
207591,1,1,1,1,1,1,1,20230301,20260402
207628,1,1,1,1,1,0,0,20230301,20260402
207649,1,1,1,1,1,1,1,20230301,20300331
207650,1,1,1,1,1,1,1,20230301,20300331
207651,1,1,1,1,1,1,1,20230301,20300331
207652,1,1,1,1,1,0,0,20230301,20300331
207653,1,1,1,1,1,0,0,20230301,20300331
207654,1,1,1,1,1,0,0,20230301,20300331
207655,0,0,0,0,0,0,1,20230301,20300331
207656,0,0,0,0,0,1,1,20230301,20300331
207657,1,1,1,1,1,1,1,20230301,20300331
207658,1,1,1,1,1,1,1,20230301,20300331
207659,1,1,1,1,1,1,1,20230301,20300331
207660,1,1,1,1,1,1,1,20230301,20300331
207661,0,0,0,0,0,1,0,20230301,20300331
207662,1,1,1,1,1,0,0,20230301,20300331
207663,1,1,1,1,1,1,1,20230301,20300331
207704,1,1,1,1,1,1,1,20230301,20300331
207755,0,0,0,0,0,1,1,20230114,20260402
207756,0,0,0,0,0,1,0,20230114,20260402
207861,0,0,0,0,1,1,1,20230120,20280119
208346,1,1,1,1,1,0,0,20230201,20300630
208542,1,1,1,1,1,0,0,20230123,20260402
208543,1,1,1,1,1,0,0,20230123,20260402
208562,0,0,0,0,0,0,1,20230123,20260402
208583,1,1,1,1,1,1,0,20230123,20260402
208584,1,0,1,0,1,0,0,20230123,20260402
208585,0,1,0,1,0,1,0,20230123,20260402
208722,0,1,0,1,0,1,0,20230123,20250621
209157,1,1,1,1,1,0,0,20230206,20260402
209558,1,1,1,1,1,1,0,20230215,20280214
209560,1,1,1,1,1,1,0,20230215,20280214
209577,1,1,1,1,1,1,1,20230215,20280214
209578,1,1,1,1,1,1,1,20230215,20280214
210179,1,1,1,1,1,0,0,20230401,20250630
210180,0,0,0,0,0,1,1,20230401,20250630
210181,1,1,1,1,1,1,1,20230401,20250630
210193,1,1,1,1,1,0,0,20230401,20250630
210197,0,0,0,0,0,1,1,20230401,20250630
210198,1,1,1,1,1,0,0,20230401,20250630
210199,1,1,1,1,1,1,1,20230401,20250630
210218,1,1,1,1,1,0,0,20230401,20250630
210466,1,1,1,1,1,0,0,20230301,20300331
210467,1,1,1,1,1,0,0,20230301,20300331
210469,1,1,1,1,1,0,0,20230301,20300331
210485,0,0,0,0,0,1,1,20230301,20300331
210547,0,0,0,0,1,0,1,20230301,20260630
210576,1,1,1,1,1,0,0,20230227,20260402
210810,0,0,0,0,0,1,0,20230304,20250919
210811,1,1,1,1,1,0,0,20230304,20250919
210812,1,1,1,1,1,0,0,20230304,20250919
210813,0,0,0,0,0,1,0,20230304,20250919
210815,1,1,1,1,1,0,0,20230304,20250919
210816,0,0,0,0,0,1,0,20230304,20250919
211101,1,0,0,1,1,0,0,20230402,20280401
211503,1,1,1,1,1,0,0,20230401,20270831
211549,0,1,0,1,0,0,0,20230403,20260402
211550,1,0,1,0,1,0,0,20230403,20260402
211561,0,1,0,1,0,0,0,20230403,20260402
211562,1,0,1,0,1,0,0,20230403,20260402
212245,1,1,1,1,1,0,0,20230401,20290930
212251,0,0,0,0,0,1,0,20250501,20251031
212321,0,0,0,0,0,1,1,20230401,20300331
212323,1,1,1,1,1,1,0,20230401,20300331
212326,1,1,1,1,1,0,0,20231101,20300331
213005,0,0,0,0,0,1,0,20230101,20280630
213077,1,1,1,1,1,0,0,20230417,20260402
213078,1,1,1,1,1,0,0,20230417,20260402
213079,1,1,1,1,1,1,0,20230417,20260402
213088,1,1,1,1,1,0,0,20230417,20260402
213277,1,1,1,1,1,1,1,20230501,20271130
213306,1,1,1,1,1,0,0,20230601,20260402
213307,1,1,1,1,1,0,0,20230601,20260402
213629,1,1,1,1,1,1,1,20230424,20251031
213630,0,0,0,0,1,0,1,20230424,20251031
213960,0,0,0,0,0,1,0,20240901,20260402
213961,0,0,0,0,0,1,0,20240901,20260402
213962,0,0,0,0,0,1,0,20240901,20260402
213963,0,0,0,0,0,1,0,20240901,20260402
213964,0,0,0,0,0,1,0,20240901,20260402
213965,0,0,0,0,0,1,0,20240901,20260402
213966,0,0,0,0,0,1,0,20240901,20260402
213967,0,0,0,0,0,0,1,20240901,20260402
213968,0,0,0,0,0,0,1,20240901,20260402
213969,0,0,0,0,0,0,1,20240901,20260402
213970,0,0,0,0,0,0,1,20240901,20260402
213971,0,0,0,0,0,0,1,20240901,20260402
213972,0,0,0,0,0,0,1,20240901,20260402
213973,0,0,0,0,0,0,1,20240901,20260402
214265,1,1,1,1,1,1,1,20230501,20260131
214267,1,1,1,1,1,1,1,20230501,20260131
214268,1,1,1,1,1,1,1,20230501,20260131
214269,1,1,1,1,1,1,1,20230501,20260131
214270,1,1,1,1,1,1,1,20230501,20260131
214271,1,1,1,1,1,1,1,20230501,20260131
214272,1,1,1,1,1,1,1,20230501,20260131
214273,1,1,1,1,1,1,1,20230501,20260131
214274,1,1,1,1,1,1,1,20230501,20260131
214275,1,1,1,1,1,1,1,20230501,20260131
214277,1,1,1,1,1,1,1,20230501,20250430
214279,1,1,1,1,1,1,1,20230501,20250430
214280,1,1,1,1,1,1,1,20230501,20250430
214281,1,1,1,1,1,1,1,20230501,20260131
214283,1,1,1,1,1,1,1,20231101,20260131
214469,1,1,1,1,1,0,0,20240201,20300331
214470,1,1,1,1,1,0,0,20240201,20300331
214471,1,1,1,1,1,0,0,20240201,20300331
214472,1,1,1,1,1,0,0,20240201,20300331
214473,1,1,1,1,1,0,0,20240201,20300331
214474,1,1,1,1,1,0,0,20240201,20300331
214481,1,1,1,1,1,1,1,20230601,20280531
214575,1,1,1,1,1,0,0,20230508,20260402
214576,1,1,1,1,1,0,0,20230508,20260402
214581,1,1,1,1,1,0,0,20230508,20260402
214582,1,1,1,1,1,0,0,20230508,20260402
214583,1,1,1,1,1,0,0,20230508,20260402
214584,1,1,1,1,1,0,0,20230508,20260402
214594,1,1,1,1,1,0,0,20230508,20260402
214595,1,1,1,1,1,0,0,20230508,20260402
214621,1,1,1,1,1,0,0,20230501,20300331
214765,1,1,1,1,1,1,1,20230601,20260115
214766,1,1,1,1,1,1,1,20230601,20260115
214767,1,1,1,1,1,1,1,20230601,20260115
214768,1,1,1,1,1,1,1,20230601,20260115
214769,1,1,1,1,1,1,1,20230601,20260115
214899,1,1,1,1,1,0,0,20230508,20260402
214900,0,0,0,0,0,0,1,20230508,20260402
215125,1,1,1,1,1,0,0,20230828,20270831
215126,1,1,1,1,1,0,0,20230828,20270831
215143,1,1,1,1,1,0,0,20230601,20260402
215144,1,1,1,1,1,0,0,20230601,20260402
215145,1,1,1,1,1,0,0,20230601,20260402
215146,1,1,1,1,1,0,0,20230601,20260402
215147,1,1,1,1,1,0,0,20230601,20260402
215220,1,1,1,1,1,1,1,20230519,20260430
215916,1,1,1,1,1,0,0,20230701,20260402
215917,1,1,1,1,1,0,0,20230701,20260402
215919,1,1,1,1,1,1,1,20230520,20300331
215923,1,1,1,1,1,1,1,20230527,20300331
215928,1,1,1,1,1,1,1,20241216,20260630
215946,0,0,0,0,0,1,0,20250105,20251220
215991,0,0,0,0,0,1,1,20230529,20260402
215992,1,1,1,1,1,0,0,20230529,20260402
215993,1,1,1,1,1,1,1,20230529,20260402
216042,1,1,1,1,1,0,0,20230701,20260402
216043,1,1,1,1,1,0,0,20230701,20260402
216188,1,1,1,1,1,1,1,20230522,20251231
216189,1,1,1,1,1,1,1,20230522,20251231
216296,1,1,1,1,1,1,1,20230529,20260119
216639,1,1,1,1,1,0,0,20241028,20260402
216640,1,1,1,1,1,0,0,20241028,20260402
216648,0,0,1,0,0,0,0,20230701,20260402
216715,1,1,1,1,1,0,0,20230615,20300731
216751,1,1,1,1,1,1,1,20230701,20260402
216752,1,1,1,1,1,1,1,20230701,20260402
216848,1,1,1,1,1,0,0,20230615,20300731
216850,1,1,1,1,1,0,0,20230615,20300731
216852,1,1,1,1,1,0,0,20230615,20300731
216861,1,1,1,1,1,1,1,20230701,20260402
216867,1,1,1,1,1,0,0,20230701,20260402
216891,1,1,1,1,1,0,0,20230701,20260402
216900,1,1,1,1,0,0,0,20240916,20260402
216901,0,0,0,0,1,0,0,20240916,20260402
216998,1,1,1,1,1,0,0,20230601,20260402
217015,1,1,1,1,1,0,0,20230601,20260402
217016,1,1,1,1,1,0,0,20230601,20260402
217065,1,1,1,1,1,0,0,20230612,20260402
217129,1,1,1,1,1,1,1,20230701,20260402
217352,1,1,1,1,1,0,0,20230605,20271130
217353,1,1,1,1,1,0,0,20230605,20271130
217710,1,1,1,1,1,1,0,20230701,20260402
217711,0,0,0,0,0,0,1,20230701,20260402
217712,1,1,1,1,1,1,0,20230701,20260402
217972,1,1,1,1,1,1,1,20230701,20260402
218437,1,1,1,1,1,1,1,20230710,20280930
218457,1,1,1,1,1,1,1,20230710,20280930
218458,1,1,1,1,1,1,1,20230710,20280930
218459,1,1,1,1,1,0,0,20230710,20280930
218463,0,0,0,0,0,1,1,20230710,20280930
218579,1,1,1,1,1,0,0,20230615,20291231
218629,0,0,0,0,0,1,1,20230614,20291231
218684,1,1,1,1,1,0,0,20230701,20250404
218685,1,1,1,1,1,0,0,20230701,20250404
218686,1,0,1,0,1,0,1,20230701,20250404
218692,0,1,0,1,0,1,0,20230701,20250404
218693,0,1,0,1,0,1,0,20230701,20250404
218706,1,1,1,1,1,0,0,20230701,20260402
218707,0,0,0,0,0,1,1,20230701,20260402
219059,1,1,1,1,1,1,0,20230701,20260402
219064,1,1,1,1,1,0,0,20230701,20260402
219066,0,0,0,0,0,1,0,20230701,20260402
219296,1,1,1,1,1,0,0,20230701,20260402
219297,1,1,1,1,1,0,0,20230701,20260402
219301,1,1,1,1,1,1,1,20230701,20260402
219311,1,1,1,1,1,0,0,20230701,20260402
219314,0,0,0,0,0,1,1,20230701,20260402
219315,1,1,1,1,1,0,0,20230701,20260402
219316,1,1,1,1,1,0,0,20230701,20260402
219317,1,1,1,1,1,0,0,20230701,20260402
219325,0,0,0,0,0,1,1,20230701,20260402
219330,1,1,1,1,1,1,1,20230701,20260402
219332,1,1,1,1,1,1,1,20230701,20260402
219521,1,1,1,1,1,0,0,20230703,20270831
219566,1,1,1,1,1,0,0,20230710,20280930
219591,1,1,1,1,1,0,0,20230701,20300331
219592,1,1,1,1,1,0,0,20230701,20300331
219622,1,1,1,1,1,1,1,20230901,20250913
219623,1,1,1,1,1,1,1,20230901,20250913
219752,1,1,1,1,1,1,1,20231025,20280930
219758,0,0,0,0,0,1,0,20230801,20270612
219760,1,1,1,1,1,1,1,20230801,20270612
219772,0,0,0,0,0,0,1,20230901,20280930
220101,1,1,1,1,1,0,0,20230901,20280930
220278,1,0,1,0,1,0,0,20230717,20300331
220285,1,1,1,1,1,0,0,20230901,20280930
220425,1,1,1,1,1,0,0,20230901,20280930
220427,1,1,1,1,1,1,1,20230901,20280930
220458,1,1,1,1,1,1,1,20230801,20260630
221246,0,0,0,0,0,0,1,20230801,20260402
221247,0,0,0,0,0,1,0,20230801,20260402
221291,1,1,1,1,1,0,0,20230901,20280930
221304,1,1,1,1,1,0,0,20230901,20280930
221305,1,1,1,1,1,0,0,20230901,20280930
221306,1,1,1,1,1,1,1,20230901,20280930
221307,0,0,0,0,0,1,1,20230801,20300331
221308,1,1,1,1,1,0,0,20230801,20300331
221310,1,1,1,1,1,1,1,20230801,20300331
221318,1,1,1,1,1,0,0,20230901,20280930
221322,1,1,1,1,1,0,0,20230901,20280930
222288,1,1,1,1,1,0,0,20250201,20260402
222542,1,1,1,1,1,0,0,20230901,20250621
222655,1,1,1,1,1,0,0,20240901,20260402
222656,1,1,1,1,1,0,0,20240901,20260402
222657,1,1,1,1,1,0,0,20240901,20260402
222658,1,1,1,1,1,0,0,20240901,20260402
222659,1,1,1,1,1,0,0,20240901,20260402
222660,1,1,1,1,1,0,0,20240901,20260402
222661,1,1,1,1,1,0,0,20240901,20260402
222662,1,1,1,1,1,0,0,20240901,20260402
222663,1,1,1,1,1,0,0,20240901,20260402
222709,0,0,0,0,0,1,1,20230901,20260402
222847,1,1,1,1,1,0,0,20230826,20300331
222908,1,1,1,1,1,1,1,20230901,20270831
223141,0,0,0,0,0,1,0,20230915,20260402
223142,0,0,0,0,0,0,1,20230915,20260402
223306,1,1,1,1,1,0,0,20230901,20280630
223405,1,0,0,0,0,1,0,20240901,20250601
223406,1,1,1,1,1,1,1,20230830,20280829
223730,1,1,1,1,1,0,0,20230901,20300331
223858,0,1,0,0,1,0,0,20231001,20280930
223940,1,1,1,1,1,0,0,20230904,20270831
223950,1,1,1,1,1,0,0,20230901,20260402
223975,0,0,0,0,0,0,1,20230901,20260402
224071,1,1,1,1,1,0,0,20230901,20260402
224086,0,0,0,0,1,0,0,20230901,20260402
224087,1,1,1,1,1,0,0,20230901,20260402
224088,1,1,1,1,0,0,0,20230901,20260402
224100,1,1,1,1,1,0,0,20230901,20260402
224191,0,0,0,0,0,1,1,20240901,20250609
224192,1,1,1,1,1,0,0,20240901,20250609
224198,1,1,1,1,1,0,0,20240902,20250609
224199,1,1,1,1,1,0,0,20240902,20250609
224253,1,1,1,1,1,0,0,20230904,20270831
224254,1,1,1,1,1,0,0,20230901,20300331
224348,1,1,1,1,1,1,1,20230901,20280831
224350,1,1,1,1,1,0,0,20230901,20280831
224351,1,1,1,1,1,1,1,20230901,20280831
224352,1,1,1,1,1,1,1,20230901,20280831
224353,1,1,1,1,1,0,0,20230901,20280831
224420,1,1,1,1,0,1,0,20240902,20250609
224421,1,1,1,1,1,0,0,20240902,20250609
224592,1,0,1,1,1,0,0,20240902,20291231
224601,1,1,1,1,1,0,0,20240902,20250609
224613,1,1,1,1,1,1,0,20240902,20250609
224622,1,1,1,1,1,0,0,20240902,20250609
224626,1,1,1,1,1,0,0,20240901,20250609
224632,1,1,1,1,1,1,1,20230901,20291231
224638,1,1,1,1,1,0,0,20240902,20250609
224646,1,1,1,1,1,0,0,20230901,20291231
224658,1,1,1,1,1,0,0,20240902,20250609
224777,1,1,1,1,1,1,1,20231101,20280930
224916,0,1,0,0,0,0,0,20240902,20250609
224917,0,1,0,0,0,0,0,20240902,20250609
224940,1,1,1,1,1,0,0,20240819,20250609
225044,1,1,1,1,1,0,0,20230918,20260402
225045,0,0,0,0,0,1,0,20230918,20260402
225046,1,1,1,1,1,0,0,20230918,20260402
225074,1,1,1,1,1,1,0,20230918,20260402
225075,0,0,0,0,0,0,1,20230918,20260402
225076,1,1,1,1,1,0,0,20230918,20260402
225077,0,0,0,0,0,1,0,20230918,20260402
225078,0,0,0,0,0,1,0,20230918,20260402
225079,0,0,0,0,0,0,1,20230918,20260402
225242,1,1,1,1,1,1,1,20250203,20250609
225267,1,1,1,1,1,1,0,20240901,20250609
225269,1,1,1,1,1,0,0,20241015,20250414
225270,0,0,0,0,0,1,1,20241015,20250414
225271,1,1,1,1,1,0,0,20241015,20250414
225272,0,0,0,0,0,1,1,20241015,20250414
225275,1,1,1,1,1,1,1,20231001,20280930
225279,1,1,1,1,1,0,0,20231001,20280930
225453,0,0,0,0,0,1,1,20231001,20280930
225576,1,1,1,1,1,0,0,20230918,20260402
225581,1,1,1,1,1,0,0,20230918,20260402
225602,1,1,1,1,1,0,0,20230918,20260402
226074,1,1,1,1,1,1,1,20230918,20280917
226075,1,1,1,1,1,1,0,20230918,20280917
226078,1,0,1,0,1,0,0,20250201,20260402
226079,1,0,1,0,1,0,0,20250201,20260402
226080,0,1,0,1,0,0,0,20250201,20260402
226081,0,1,0,1,0,0,0,20250201,20260402
226082,0,0,0,0,0,1,0,20250201,20260402
226464,0,0,0,0,0,1,0,20231001,20260402
226465,1,1,1,1,1,1,0,20231001,20260402
226466,1,1,1,1,1,0,0,20231001,20260402
226470,1,1,1,1,1,0,0,20231001,20260402
226474,0,0,0,0,0,1,1,20231001,20260402
226475,1,1,1,1,1,0,0,20231001,20260402
226530,1,1,1,1,1,1,1,20231001,20290930
226676,1,1,1,1,1,1,0,20231002,20270831
226907,1,1,1,1,1,1,1,20250125,20261231
226908,0,0,0,0,0,1,1,20250125,20261231
226909,1,1,1,1,1,0,0,20250125,20261231
226914,1,1,1,1,1,1,0,20231101,20280930
226925,1,1,1,1,1,1,1,20231101,20280930
226926,1,1,1,1,1,1,1,20231101,20280930
226931,0,0,0,0,1,0,1,20240831,20250531
226932,0,0,0,0,1,0,1,20231012,20260119
226933,1,1,1,1,1,1,0,20231012,20260630
226934,0,0,0,0,0,0,1,20231012,20260630
226940,1,1,1,1,1,1,1,20231101,20260430
226941,1,1,1,1,1,1,1,20231101,20260430
226942,0,0,0,0,1,0,1,20231101,20260119
226943,1,1,1,1,1,1,1,20231101,20260119
226944,1,1,1,1,1,1,1,20231101,20260430
226951,0,0,0,0,1,0,0,20231001,20291231
227201,1,1,1,1,1,1,1,20231122,20270930
227213,1,1,1,1,1,0,0,20250201,20260402
227214,0,0,0,0,0,1,0,20250201,20260402
227220,1,1,1,1,0,1,1,20231101,20280930
227286,1,1,1,1,1,0,0,20231101,20300630
227287,1,1,1,1,1,0,0,20231101,20300630
227375,1,1,1,1,1,1,1,20231101,20280930
227709,1,1,1,1,1,0,0,20241015,20250414
227933,1,1,1,1,1,0,0,20250201,20260402
227941,1,1,1,1,1,1,1,20231201,20280930
227945,1,1,1,1,1,1,0,20231201,20280930
227949,1,1,1,1,1,1,1,20231021,20290930
228045,1,1,1,1,1,0,0,20231201,20280930
228046,1,1,1,1,1,0,0,20231201,20280930
228047,1,1,1,1,1,0,0,20240901,20250609
228059,1,1,1,1,1,0,0,20231101,20260402
228060,1,1,1,1,1,0,0,20231101,20260402
228061,1,1,1,1,1,0,0,20231101,20260402
228067,1,1,1,1,1,0,0,20231101,20260402
228202,1,1,1,1,1,0,0,20231201,20280930
228216,1,1,1,1,1,0,0,20231201,20280930
228221,1,1,1,1,1,0,0,20231101,20300731
228222,0,0,0,0,0,1,1,20231101,20300731
228350,1,1,1,1,1,0,0,20231106,20280630
228354,1,1,1,1,1,0,0,20231106,20280630
228365,1,1,1,1,1,0,0,20231106,20280630
228480,0,0,0,0,0,1,1,20231113,20300630
228481,0,0,0,0,0,1,1,20231113,20300630
228484,1,1,1,1,1,0,0,20231106,20280630
228534,1,1,1,1,1,1,1,20231101,20260210
228535,1,1,1,1,1,1,1,20231101,20260210
228537,1,1,1,1,1,1,1,20231101,20260210
228728,1,1,1,1,1,0,0,20240601,20260402
228730,1,1,1,1,1,0,0,20231106,20260402
228731,1,1,1,1,1,0,0,20231106,20260402
228732,0,0,0,0,0,1,0,20240901,20250609
228733,1,1,1,1,1,0,0,20240901,20250609
228788,1,1,1,1,1,0,0,20231106,20260402
228846,0,0,0,1,0,0,1,20250415,20251031
228999,1,1,1,1,1,0,0,20231201,20280930
229000,0,0,0,0,0,1,1,20231201,20280930
229003,1,1,1,1,1,1,1,20231201,20280930
229004,1,1,1,1,1,1,0,20231201,20280930
229292,1,1,1,1,1,1,1,20231116,20260430
229294,1,1,1,1,1,1,1,20231116,20260911
229313,1,1,1,1,1,0,0,20231201,20260402
229314,1,1,1,1,1,0,0,20231201,20260402
229315,1,1,1,1,1,0,0,20231201,20260402
229316,1,1,1,1,1,0,0,20231201,20260402
229317,1,1,1,1,1,0,0,20231201,20260402
229318,1,1,1,1,1,0,0,20231201,20260402
229319,1,1,1,1,1,0,0,20231201,20260402
229320,1,1,1,1,1,0,0,20231201,20260402
229321,1,1,1,1,1,0,0,20231201,20260402
229322,1,1,1,1,1,0,0,20231201,20260402
229323,1,1,1,1,1,0,0,20231201,20260402
229324,1,1,1,1,1,0,0,20231201,20260402
229325,1,1,1,1,1,0,0,20231201,20260402
229326,1,1,1,1,1,0,0,20231201,20260402
229327,0,0,0,0,0,1,0,20231201,20260402
229328,0,0,0,0,0,1,0,20231201,20260402
229329,0,0,0,0,0,1,0,20231201,20260402
229330,0,0,0,0,0,1,0,20231201,20260402
229331,0,0,0,0,0,1,0,20231201,20260402
229332,0,0,0,0,0,1,0,20231201,20260402
229333,0,0,0,0,0,1,0,20231201,20260402
229334,0,0,0,0,0,1,0,20231201,20260402
229335,0,0,0,0,0,0,1,20231201,20260402
229336,0,0,0,0,0,0,1,20231201,20260402
229337,0,0,0,0,0,0,1,20231201,20260402
229338,0,0,0,0,0,0,1,20231201,20260402
229339,0,0,0,0,0,0,1,20231201,20260402
229340,0,0,0,0,0,0,1,20231201,20260402
229388,0,0,0,1,1,1,1,20240901,20250531
229389,1,1,1,1,1,0,0,20250201,20300930
229391,0,0,0,0,1,1,1,20240901,20250531
229399,1,1,1,1,1,1,1,20231116,20251122
229400,1,1,1,1,1,1,1,20231116,20251122
229406,1,1,1,1,1,1,1,20231116,20251122
229408,1,1,1,1,1,1,1,20231116,20251231
229411,1,1,1,1,1,1,1,20231116,20251231
229412,1,1,1,1,1,1,1,20231116,20251231
229421,1,1,1,1,1,1,1,20231116,20251231
229424,1,1,1,1,1,1,1,20231116,20251231
229429,1,1,1,1,1,1,1,20231116,20260430
229430,1,1,1,1,1,1,1,20231116,20260430
229514,1,1,1,1,1,0,0,20231201,20280930
229525,1,1,1,1,1,0,0,20250201,20300930
229535,1,1,1,1,1,1,1,20250201,20300930
229536,0,0,0,0,0,0,1,20231201,20260402
229537,0,0,0,0,0,0,1,20231201,20260402
229538,0,0,0,0,0,0,1,20231201,20260402
229539,0,0,0,0,0,1,1,20231201,20280930
229572,1,1,1,1,1,0,0,20231113,20260402
229573,1,1,1,1,1,0,0,20231113,20260402
229576,0,1,0,0,0,0,0,20250201,20300930
229581,1,1,1,1,1,0,0,20240101,20280930
229584,0,0,0,1,0,0,0,20250201,20300930
229585,0,0,0,1,0,0,0,20250201,20300930
229586,1,0,0,0,0,0,0,20250201,20300930
229587,1,1,1,1,1,0,0,20250201,20300930
229591,0,0,0,0,0,1,0,20231201,20260402
229592,0,0,0,0,0,1,0,20231201,20260402
229593,0,0,0,0,0,1,0,20231201,20260402
229609,1,1,1,1,1,0,0,20231201,20260402
229610,1,1,1,1,1,0,0,20231201,20260402
229611,0,0,0,0,0,1,0,20231201,20260402
229612,0,0,0,0,0,0,1,20231201,20260402
229681,1,1,1,1,1,0,0,20250201,20300930
229682,1,1,1,1,1,0,1,20250201,20300930
229686,1,1,1,1,1,0,0,20231201,20260402
229687,1,1,1,1,1,0,0,20231201,20260402
229830,0,0,0,0,0,1,1,20240902,20260402
229840,1,1,1,1,1,0,0,20250201,20300930
229842,1,1,1,1,1,0,0,20250201,20300930
229850,1,1,1,1,1,1,0,20250201,20300930
229851,1,1,1,1,1,0,0,20250201,20300930
229853,1,1,1,1,0,0,0,20250201,20300930
229856,1,1,1,1,0,0,0,20250201,20300930
229863,1,1,1,1,1,0,0,20250201,20300930
229889,0,0,0,0,0,1,1,20250201,20300930
229895,0,1,1,0,0,0,0,20250201,20300930
229918,1,1,1,1,1,1,0,20250201,20300930
229921,1,1,1,1,1,0,0,20250201,20300930
229923,0,0,0,0,0,1,0,20250201,20300930
229924,0,1,0,0,0,0,0,20250201,20300930
229931,0,0,1,1,0,0,0,20250201,20300930
229952,0,0,0,0,0,1,0,20250201,20300930
229953,1,1,1,1,1,0,0,20231211,20260402
229954,0,1,0,0,0,1,0,20231211,20260402
229955,0,1,0,0,0,0,0,20250201,20300930
229956,0,0,1,1,0,0,0,20250201,20300930
229958,0,0,0,0,0,1,0,20250201,20300930
229960,0,0,1,0,0,0,0,20250201,20300930
229961,1,1,0,1,0,1,0,20250201,20300930
229962,0,0,1,0,1,0,1,20250201,20300930
229966,1,1,1,1,1,0,0,20250201,20300930
229968,1,1,1,1,1,0,0,20250201,20300930
229974,0,0,0,1,0,0,0,20250201,20250430
229975,0,0,0,1,0,0,0,20250201,20250430
229976,0,0,0,0,0,1,0,20231201,20300331
230042,1,1,1,1,1,0,0,20250201,20300930
230043,1,1,1,1,1,0,0,20250201,20300930
230050,1,1,1,1,1,1,1,20250201,20300930
230051,1,1,1,1,1,1,0,20250201,20300930
230052,1,1,1,1,1,1,1,20250201,20300930
230053,0,0,0,0,0,0,1,20250201,20300930
230054,1,1,1,0,1,1,1,20250201,20250430
230062,1,1,1,1,1,1,0,20250201,20300930
230066,1,1,1,1,1,1,1,20250201,20300930
230073,0,1,1,0,0,0,0,20250201,20300930
230074,1,1,1,1,1,0,0,20250201,20300930
230081,1,1,1,1,1,0,0,20250201,20300930
230082,0,0,1,0,0,0,0,20250201,20300930
230106,1,1,1,1,1,0,0,20240613,20260402
230126,1,1,1,1,1,0,0,20240613,20260402
230159,1,1,1,1,1,1,1,20250201,20300930
230161,1,1,1,1,1,0,0,20250201,20300930
230175,1,1,1,1,1,1,1,20250201,20300930
230176,1,1,1,1,1,1,1,20250201,20300930
230237,1,1,1,1,1,0,0,20231204,20260402
230240,0,0,0,0,1,0,0,20250201,20300930
230255,1,1,1,1,1,0,0,20250201,20290630
230256,1,1,1,1,1,0,0,20250201,20290630
230257,1,1,1,1,1,0,0,20250201,20290630
230271,0,0,0,0,1,0,0,20231201,20280408
230276,1,1,1,1,0,1,1,20231201,20280408
230328,1,1,1,1,1,0,0,20250201,20290630
230330,1,1,1,1,1,1,0,20250201,20290630
230336,1,1,1,1,1,0,0,20231201,20300331
230337,1,1,1,1,1,0,0,20231201,20300331
230339,0,1,1,0,0,0,0,20240901,20250609
230340,1,0,0,1,1,0,0,20240901,20250609
230343,0,0,1,0,0,0,0,20231201,20300331
230344,1,0,0,1,1,0,0,20231201,20300331
230345,0,1,0,0,0,0,0,20231201,20300331
230346,0,0,1,0,0,0,0,20231201,20300331
230347,1,0,0,1,1,0,0,20231201,20300331
230348,0,1,0,0,0,0,0,20231201,20300331
230355,1,1,1,1,1,0,0,20240101,20280930
230362,1,1,1,1,1,0,0,20250201,20290630
230364,1,1,1,1,1,1,0,20250201,20290630
230448,0,0,0,0,0,1,1,20250201,20260402
230459,1,1,1,1,1,0,0,20250201,20290630
230480,1,1,1,1,1,1,1,20250201,20290630
230545,0,0,0,0,1,0,1,20231215,20271130
230569,1,1,1,1,1,0,0,20250201,20290630
230602,1,1,1,0,0,0,0,20250201,20300930
230603,1,1,1,1,1,0,0,20250201,20300930
230604,0,0,0,0,0,0,1,20250201,20300930
230605,1,1,1,1,1,0,0,20250201,20300930
230619,1,0,0,0,0,0,0,20250201,20290630
230620,0,1,1,1,1,0,0,20250201,20290630
230621,1,1,1,1,1,0,0,20250201,20290630
230628,1,1,1,1,1,0,0,20250201,20290630
230633,0,0,0,0,0,0,1,20231227,20260531
230634,0,0,0,0,0,0,1,20231227,20260531
230694,0,0,0,0,1,0,0,20240701,20260402
230695,0,0,0,0,1,0,0,20240701,20260402
230696,0,0,0,0,1,0,0,20240701,20260402
230697,0,0,0,0,1,0,0,20240701,20260402
230713,1,1,1,1,1,0,0,20231211,20300331
230714,1,1,1,1,1,0,0,20231211,20300331
230807,0,0,0,0,1,0,0,20231227,20260531
230810,0,0,0,0,0,0,1,20231227,20260531
230816,0,0,0,0,0,0,1,20231227,20260531
230817,0,0,0,0,1,0,0,20231227,20260531
230855,0,0,0,0,1,0,0,20240701,20260402
230856,0,0,0,0,1,0,0,20240701,20260402
230857,0,0,0,0,1,0,0,20240701,20260402
230858,1,1,1,1,0,0,0,20240108,20260402
230859,0,0,0,0,1,0,0,20240108,20260402
230860,0,0,0,0,0,1,0,20240701,20260402
230861,0,0,0,0,0,1,0,20240701,20260402
230864,0,0,0,0,0,1,0,20240701,20260402
230865,0,0,0,0,0,1,0,20240701,20260402
230960,0,0,0,0,0,1,0,20240701,20260402
230961,0,0,0,0,0,1,0,20240701,20260402
230962,0,0,0,0,0,1,0,20240701,20260402
230970,1,1,1,1,1,0,0,20231218,20300331
230988,1,1,1,1,1,0,0,20231218,20300331
230989,1,1,1,1,1,0,0,20231218,20300331
230992,1,1,1,1,1,1,1,20230601,20260131
230993,1,1,1,1,1,1,1,20240101,20280930
230994,1,1,1,1,1,1,1,20240101,20280930
230999,1,1,1,1,1,1,1,20230601,20280531
231006,1,1,1,1,1,1,1,20240101,20280930
231008,0,0,0,1,1,1,1,20240901,20250531
231019,1,1,1,1,1,0,0,20240101,20280930
231028,1,1,1,1,1,0,0,20240901,20250609
231029,1,1,1,1,1,0,0,20240901,20250609
231053,1,1,1,1,1,1,1,20230501,20260131
231062,1,1,1,1,1,1,1,20240101,20280930
231065,1,1,1,1,1,1,1,20230519,20260430
231200,0,0,0,0,0,0,1,20240101,20281231
231213,0,0,0,0,0,1,0,20240102,20260402
231215,1,1,1,1,1,1,1,20240613,20260402
231216,1,1,1,1,1,1,1,20240613,20260402
231217,0,0,0,0,0,1,0,20240101,20281231
231218,1,1,1,1,1,1,0,20240101,20281231
231219,1,1,1,1,1,0,0,20240101,20281231
231342,0,0,0,0,0,1,0,20240201,20280930
231472,0,0,0,0,0,0,1,20240201,20280930
231577,1,1,1,1,1,1,1,20240201,20280930
231625,1,1,1,1,1,0,0,20240201,20280930
231626,1,1,1,1,1,0,0,20240201,20280930
231641,1,1,1,1,1,0,0,20240201,20280930
231646,1,1,1,1,1,1,0,20240201,20280930
231649,1,1,1,1,1,0,0,20240108,20260402
231687,1,1,1,1,1,0,0,20240909,20260402
231688,1,1,1,1,1,0,0,20240909,20260402
231689,1,1,1,1,1,0,0,20240909,20260402
231690,1,1,1,1,1,0,0,20240909,20260402
231691,1,1,1,1,1,0,0,20240909,20260402
231692,1,1,1,1,1,0,0,20240909,20260402
231757,1,1,1,1,1,0,0,20240108,20250612
231826,1,1,1,1,1,0,0,20240102,20260402
231827,1,1,1,1,1,0,0,20240102,20260402
231832,1,1,1,1,1,0,0,20240102,20260402
231833,1,1,1,1,1,1,1,20240102,20260402
231835,1,1,1,1,1,1,1,20240102,20260402
231846,0,0,0,0,0,1,1,20240102,20260402
231902,1,1,1,1,1,0,0,20240102,20260402
231904,1,1,1,1,1,0,0,20240102,20260402
231905,1,1,1,1,1,0,0,20240102,20260402
231906,1,1,1,1,1,0,0,20240102,20260402
231907,1,1,1,1,1,0,0,20240102,20260402
231908,1,1,1,1,1,0,0,20240102,20260402
231910,0,0,0,0,0,1,1,20240102,20260402
231911,0,0,0,0,0,1,1,20240102,20260402
231912,0,0,0,0,0,1,1,20240102,20260402
231914,0,0,0,0,0,1,1,20240102,20260402
231968,1,1,1,1,1,0,0,20240201,20280930
231990,1,1,1,1,1,1,1,20240201,20280930
231999,0,0,0,0,1,0,0,20240120,20260627
232000,1,1,1,1,0,0,0,20240120,20260627
232002,0,0,0,0,1,0,0,20240120,20260627
232007,0,0,0,0,0,1,1,20240201,20280930
232008,1,1,1,1,1,0,0,20240201,20280930
232173,1,1,1,1,1,1,0,20240201,20280930
232179,1,1,1,1,1,0,0,20240201,20260402
232180,1,1,1,1,1,0,0,20240201,20260402
232204,1,1,1,1,0,0,0,20240120,20260627
232277,1,1,1,1,1,1,1,20240201,20280930
232282,1,1,1,1,1,0,0,20240201,20280930
232313,0,0,0,0,0,1,0,20240201,20260402
232314,0,0,0,0,0,1,0,20240201,20260402
232316,1,1,1,1,1,1,1,20240121,20290120
232318,1,1,1,1,1,1,1,20240121,20290120
232320,0,0,0,0,0,0,1,20240201,20260402
232325,1,1,1,1,1,0,0,20240115,20261231
232328,1,1,1,1,1,0,0,20240115,20261231
232343,1,1,1,1,1,0,0,20240201,20260402
232344,1,1,1,1,1,0,0,20240201,20260402
232345,1,1,1,1,1,0,0,20240201,20260402
232346,1,1,1,1,1,0,0,20240201,20260402
232354,1,1,1,1,1,0,0,20240122,20260402
232360,1,1,1,1,1,1,1,20240201,20280930
232361,1,1,1,1,1,0,0,20240909,20260402
232362,1,1,1,1,1,0,0,20240909,20260402
232363,1,1,1,1,1,0,0,20240909,20260402
232364,1,1,1,1,1,0,0,20240909,20260402
232365,1,1,1,1,1,0,0,20240909,20260402
232366,1,1,1,1,1,0,0,20240909,20260402
232367,1,1,1,1,1,0,0,20240909,20260402
232376,0,0,0,0,0,1,0,20240909,20260402
232377,0,0,0,0,0,1,0,20240909,20260402
232378,0,0,0,0,0,1,0,20240909,20260402
232384,0,0,0,0,0,0,1,20240909,20260402
232385,0,0,0,0,0,0,1,20240909,20260402
232386,0,0,0,0,0,0,1,20240909,20260402
232407,1,1,1,1,1,0,0,20240201,20300331
232422,0,0,0,0,0,0,1,20240201,20300331
232431,1,1,1,1,1,1,1,20240301,20280930
232434,0,0,0,0,0,0,1,20240301,20280930
232435,0,0,0,0,0,1,1,20240301,20280930
232436,1,1,1,1,1,0,0,20240301,20280930
232485,0,0,0,0,1,0,1,20240901,20250531
232503,1,1,1,1,1,1,1,20240201,20260617
232522,1,1,1,1,1,1,1,20240201,20260617
232523,1,1,1,1,1,1,1,20240901,20250531
232524,1,1,1,1,1,1,1,20240201,20261130
232547,1,1,1,1,1,1,1,20240201,20280131
232551,1,1,1,1,1,0,0,20240205,20260402
232552,1,1,1,1,1,0,0,20240205,20260402
232559,1,0,1,1,0,1,0,20240205,20260402
232566,0,1,0,0,1,0,1,20240205,20260402
232573,1,1,1,1,1,1,1,20240205,20260402
232580,0,0,0,0,0,1,1,20240205,20260402
232927,1,1,1,1,1,0,0,20240201,20300331
233026,1,1,1,1,1,0,0,20240201,20300331
233027,1,1,1,1,1,0,0,20240201,20300331
233028,1,1,1,1,1,0,0,20240201,20300331
233029,1,1,1,1,1,0,0,20240201,20300331
233030,1,1,1,1,1,0,0,20240201,20300331
233031,1,1,1,1,1,0,0,20240201,20300331
233089,0,0,0,0,1,0,1,20250301,20250614
233159,1,1,1,1,1,1,0,20240301,20280930
233231,1,1,1,1,1,1,1,20240301,20280930
233312,1,1,1,1,1,0,0,20240904,20260402
233487,0,0,0,0,0,1,1,20240226,20260402
233488,1,1,1,1,1,0,0,20240226,20260402
233489,1,1,1,1,0,1,0,20240226,20260402
233490,0,0,0,0,1,0,0,20240226,20260402
233491,0,0,0,0,0,0,1,20240226,20260402
233492,1,1,1,1,1,0,0,20240226,20260402
233495,1,1,1,1,1,0,0,20240226,20260402
233509,1,1,1,1,1,1,1,20240226,20260402
233517,1,1,1,1,1,1,1,20240226,20260402
233522,0,0,0,0,0,1,0,20240226,20260402
233556,1,1,1,1,1,0,0,20240219,20261231
233628,1,1,1,1,1,1,1,20240219,20260402
233632,1,1,1,1,1,1,0,20240219,20260402
233636,1,1,1,1,1,0,0,20240219,20260402
233707,1,1,1,1,1,0,0,20240301,20280930
233745,0,0,0,0,0,0,1,20240216,20281026
233746,0,0,0,0,1,0,0,20240216,20281026
233953,0,0,0,0,1,1,1,20240301,20260119
233968,1,1,1,1,1,0,0,20240304,20270831
233975,0,0,0,0,0,1,0,20240304,20260402
233976,0,0,0,0,0,1,0,20240304,20260402
233977,0,0,0,0,0,1,0,20240304,20260402
233978,0,0,0,0,0,1,0,20240304,20260402
233979,0,0,0,0,0,1,0,20240304,20260402
233980,0,0,0,0,0,1,0,20240304,20260402
233981,0,0,0,0,0,1,0,20240304,20260402
233987,0,0,0,0,0,0,1,20240304,20260402
233988,0,0,0,0,0,0,1,20240304,20260402
233989,0,0,0,0,0,0,1,20240304,20260402
233990,0,0,0,0,0,0,1,20240304,20260402
233991,0,0,0,0,0,0,1,20240304,20260402
233992,0,0,0,0,0,0,1,20240304,20260402
233993,0,0,0,0,0,0,1,20240304,20260402
234325,1,1,1,1,1,1,1,20240301,20260430
234333,1,1,1,1,1,1,1,20240301,20260630
234357,1,1,1,1,1,1,1,20240301,20260630
234361,0,0,0,0,1,1,1,20241216,20280831
234431,1,1,1,1,1,1,1,20240305,20260115
234432,1,1,1,1,1,1,1,20240305,20260115
234438,1,1,1,1,1,1,0,20250201,20300930
234440,1,1,1,1,1,0,0,20250201,20300930
234441,1,1,1,1,1,0,0,20250201,20300930
234443,0,0,0,0,0,1,1,20250201,20300930
234485,0,0,0,0,1,0,0,20250201,20300930
234489,1,1,1,1,1,0,0,20240304,20260402
234631,0,0,0,0,0,1,1,20240401,20280930
235007,1,1,1,1,1,0,0,20240311,20260402
235008,1,1,1,1,1,0,0,20240311,20260402
235028,1,1,1,1,1,0,0,20240901,20250609
235108,0,0,0,0,1,0,0,20250201,20300930
235112,0,0,0,0,1,0,0,20250201,20300930
235198,0,1,0,1,0,0,0,20250201,20300930
235217,1,1,1,1,1,0,0,20240902,20250406
235218,1,1,1,1,1,0,0,20240902,20250406
235219,1,1,1,1,1,0,0,20240902,20250406
235220,1,1,1,1,1,0,0,20240902,20250406
235289,1,1,1,1,1,1,1,20240404,20290403
235350,1,1,1,1,0,0,0,20250401,20260615
235374,1,1,1,1,1,0,0,20250415,20251031
235375,1,1,1,1,1,0,0,20250415,20251031
235376,1,1,1,1,1,1,0,20250415,20251031
235377,1,1,1,1,1,1,0,20250415,20251031
235378,1,1,1,1,1,0,0,20250415,20251031
235379,1,1,1,1,1,1,1,20250415,20251031
235380,0,0,0,0,0,0,1,20250415,20251031
235381,1,1,1,1,1,1,1,20250415,20251031
235382,1,1,1,1,1,0,0,20250415,20251031
235426,1,1,1,1,0,0,0,20250501,20250930
235428,0,0,0,0,1,0,0,20250501,20250930
235441,1,1,1,1,1,0,0,20240701,20280930
235449,1,1,1,1,1,1,1,20240401,20260402
235452,1,1,1,1,1,1,1,20240401,20260402
235463,1,1,1,1,1,0,0,20240401,20280930
235465,1,1,1,1,1,0,0,20240401,20280930
235466,1,1,1,1,1,1,1,20240401,20280930
235502,1,1,1,1,1,0,0,20241001,20250612
235547,0,0,0,0,1,0,0,20241021,20260402
235548,0,0,0,0,1,0,0,20241021,20260402
235549,0,0,0,0,1,0,0,20241021,20260402
235580,1,1,1,1,1,1,0,20240401,20261231
235581,1,1,1,1,1,1,1,20240401,20261231
235589,1,1,1,1,1,1,1,20240414,20250413
235620,1,1,1,1,1,0,0,20240401,20300331
235825,0,0,0,0,0,0,1,20240120,20260627
235826,1,1,1,1,1,1,1,20240501,20290430
235827,1,1,1,1,1,1,1,20240501,20290430
235901,1,1,1,1,1,0,0,20240902,20250609
236341,1,1,1,1,1,1,1,20240501,20260131
236452,0,0,0,0,0,1,0,20250501,20250930
236454,0,1,0,0,0,0,0,20250501,20250930
236455,0,0,0,0,0,0,1,20250501,20250930
236457,0,0,1,0,0,0,0,20250501,20251231
236458,0,0,0,0,0,0,1,20250501,20251231
236459,0,0,0,0,1,0,0,20250501,20251231
236498,1,1,1,1,1,1,0,20240501,20280930
236522,1,1,1,1,1,0,0,20240902,20250609
236666,1,1,1,1,1,1,1,20250401,20300331
236667,1,1,1,1,1,1,1,20250401,20300331
236668,1,1,1,1,1,1,1,20250401,20300331
236669,1,1,1,1,1,1,1,20240501,20280930
236670,1,1,1,1,1,1,1,20240413,20300331
236955,1,1,1,1,1,1,1,20240501,20300630
237091,1,1,1,1,1,0,0,20240501,20280930
237092,1,1,1,1,1,0,0,20240501,20280930
237103,1,1,1,1,1,1,1,20240501,20260430
237202,1,1,1,1,1,1,0,20240501,20280930
237225,1,1,1,1,1,1,1,20240501,20280930
237277,0,0,0,0,0,1,1,20240501,20300630
237278,1,1,1,1,1,1,1,20240501,20300630
237279,1,1,1,1,1,0,0,20240501,20300630
237280,1,1,1,1,1,1,1,20240501,20300630
237281,1,1,1,1,1,1,1,20240501,20300630
237282,1,1,1,1,1,1,1,20240501,20300630
237283,1,1,1,1,1,0,0,20240501,20300630
237284,1,1,1,1,1,0,0,20240501,20300630
237325,1,1,1,1,1,1,0,20240501,20280930
237354,1,1,1,1,1,1,1,20240501,20280930
237528,1,1,1,1,1,0,0,20240429,20260402
237773,1,1,1,1,1,0,0,20240501,20300331
237778,1,1,1,1,1,1,0,20240505,20280501
237824,1,1,1,1,1,1,1,20240501,20250930
237830,1,1,1,1,1,1,0,20240501,20271031
237831,1,1,1,1,1,1,1,20240501,20271031
237832,0,0,0,0,0,0,1,20240501,20271031
238065,1,1,1,1,1,0,0,20240601,20280930
238069,1,1,1,1,1,0,0,20240601,20280930
238233,1,1,1,1,1,1,0,20240601,20260402
238272,1,1,1,1,1,0,0,20240901,20250609
238510,1,1,1,1,1,0,0,20240429,20300331
238511,0,0,0,0,0,1,0,20250303,20260402
238512,0,0,0,0,0,0,1,20250303,20260402
238513,0,0,0,0,0,0,1,20250303,20260402
238523,1,1,1,1,1,0,0,20240429,20300331
238642,1,1,1,1,1,0,0,20250201,20260402
238643,1,1,1,1,1,0,0,20250201,20260402
238644,1,1,1,1,1,0,0,20250201,20260402
238692,1,1,1,1,1,1,1,20240601,20260630
238694,0,0,0,0,1,1,1,20240901,20250531
238695,1,1,1,1,1,1,1,20240601,20260131
238696,1,1,1,1,1,1,1,20240601,20260131
238698,1,1,1,1,1,1,1,20240601,20260131
238699,1,1,1,1,1,1,1,20240601,20260131
238701,0,0,0,0,1,0,1,20240831,20250530
238775,0,0,0,0,0,1,0,20240513,20260402
238776,0,0,0,0,0,1,1,20240513,20260402
238777,1,1,1,1,1,1,0,20240513,20260402
238778,1,1,1,1,1,0,0,20240513,20260402
238779,1,1,1,1,1,1,1,20240513,20260402
238780,1,0,1,0,1,0,0,20240513,20260402
238781,0,1,0,1,0,0,0,20240513,20260402
238784,1,1,1,1,1,1,0,20240513,20260402
238785,1,1,1,1,1,1,1,20240513,20260402
238786,0,0,0,0,0,1,0,20240513,20260402
238790,0,0,1,0,0,0,0,20240513,20260402
238817,1,1,1,1,1,1,1,20210601,20260115
238818,1,1,1,1,1,1,1,20210601,20260115
238943,0,0,0,0,1,0,0,20250501,20250930
239162,1,1,1,1,1,0,0,20240701,20280930
239172,1,1,1,1,1,0,0,20240826,20260402
239173,1,1,1,1,1,0,0,20240826,20260402
239174,1,1,1,1,1,0,0,20240826,20260402
239175,1,1,1,1,1,0,0,20240826,20260402
239209,0,0,0,0,0,1,0,20240601,20260402
239210,0,0,0,0,0,1,0,20240601,20260402
239211,0,0,0,0,0,1,0,20240601,20260402
239212,0,0,0,0,0,1,0,20240601,20260402
239213,0,0,0,0,0,1,0,20240601,20260402
239214,0,0,0,0,0,1,0,20240601,20260402
239215,0,0,0,0,0,1,0,20240601,20260402
239230,0,0,0,0,0,1,0,20250201,20260402
239231,0,0,0,0,0,1,0,20250201,20260402
239232,0,0,0,0,0,0,1,20250201,20260402
239284,1,1,1,1,1,1,1,20240601,20260115
239292,1,1,1,1,1,1,1,20240601,20260630
239293,1,1,1,1,1,1,1,20240601,20260630
239354,1,1,1,1,1,0,0,20240701,20260402
239355,1,1,1,1,1,0,0,20240701,20260402
239356,1,1,1,1,1,0,0,20240701,20260402
239357,1,1,1,1,1,0,0,20240701,20260402
239358,1,1,1,1,1,0,0,20240701,20260402
239365,1,1,1,1,1,0,0,20240601,20280930
239398,1,1,1,1,1,0,0,20241001,20260402
239399,0,0,0,0,0,1,1,20241001,20260402
239400,0,0,0,0,0,1,1,20241001,20260402
239401,0,0,0,0,0,1,1,20241001,20260402
239402,0,0,0,0,0,1,1,20241001,20260402
239410,1,1,1,1,1,0,0,20241001,20250406
239411,1,1,1,1,1,0,0,20241001,20250406
239412,1,1,1,1,1,0,0,20241001,20250406
239413,1,1,1,1,1,0,0,20241001,20250406
239414,1,1,1,1,1,0,0,20241001,20250406
239415,1,1,1,1,1,0,0,20241001,20250406
239416,1,1,1,1,1,0,0,20241001,20250406
239417,1,1,1,1,1,0,0,20241001,20250406
239418,1,1,1,1,1,0,0,20241001,20250406
239419,1,1,1,1,1,0,0,20241001,20250406
239420,1,1,1,1,1,0,0,20241001,20250406
239421,1,1,1,1,1,0,0,20241001,20250406
239422,1,1,1,1,1,0,0,20241001,20250406
239423,1,1,1,1,1,0,0,20241001,20250406
239424,1,1,1,1,1,0,0,20241001,20250406
239425,1,1,1,1,1,0,0,20241001,20250406
239426,1,1,1,1,1,0,0,20241001,20250406
239427,1,1,1,1,1,0,0,20241001,20250406
239428,1,1,1,1,1,0,0,20241001,20250406
239429,1,1,1,1,1,0,0,20241001,20250406
239430,1,1,1,1,1,0,0,20241001,20250406
239451,1,1,1,1,1,0,0,20241001,20260402
239452,1,1,1,1,1,0,0,20241001,20260402
239453,1,1,1,1,1,0,0,20241001,20260402
239465,0,0,0,0,0,1,1,20241001,20250430
239468,1,1,1,1,1,0,0,20241001,20260402
239469,1,1,1,1,1,0,0,20241001,20260402
239470,1,1,1,1,1,0,0,20241001,20260402
239471,1,1,1,1,1,0,0,20241001,20260402
239472,1,1,1,1,1,0,0,20241001,20260402
239477,1,1,1,1,1,0,0,20241001,20250406
239479,1,1,1,1,1,0,0,20240902,20250406
239480,1,1,1,1,1,0,0,20240902,20250406
239484,1,1,1,1,1,0,0,20241001,20260402
239504,0,0,0,0,0,1,0,20240902,20250406
239505,0,0,0,0,0,0,1,20240902,20250406
239530,1,1,1,1,1,0,0,20240601,20300331
239531,1,1,1,1,1,0,0,20240601,20300331
239532,1,1,1,1,1,0,0,20240601,20300331
239533,1,1,1,1,1,0,0,20240601,20300331
239534,1,1,1,1,1,0,0,20240601,20300331
239535,1,1,1,1,1,0,0,20240601,20300331
239536,0,0,0,0,0,1,1,20240601,20300331
239537,0,0,0,0,0,1,1,20240601,20300331
239538,0,0,0,0,0,1,1,20240601,20300331
239539,0,0,0,0,0,1,1,20240601,20300331
239540,0,0,0,0,0,1,1,20240601,20300331
239541,0,0,0,0,0,1,1,20240601,20300331
239542,0,0,0,0,0,1,1,20240601,20300331
239696,1,1,1,1,1,0,0,20240601,20250930
239888,1,1,1,1,1,0,0,20241021,20260402
239889,1,1,1,1,1,0,0,20241021,20260402
239890,1,1,1,1,1,0,0,20241021,20260402
239891,1,1,1,1,1,0,0,20241021,20260402
239892,1,1,1,1,1,0,0,20241021,20260402
239893,1,1,1,1,1,0,0,20241021,20260402
239894,1,1,1,1,1,0,0,20241021,20260402
239895,1,1,1,1,1,0,0,20241021,20260402
239896,1,1,1,1,1,0,0,20241021,20260402
239897,1,1,1,1,1,0,0,20241021,20260402
239898,1,1,1,1,1,0,0,20241021,20260402
239899,1,1,1,1,1,0,0,20241021,20260402
239900,1,1,1,1,1,0,0,20241021,20260402
239901,1,1,1,1,1,0,0,20241021,20260402
239914,1,1,1,1,1,1,1,20240601,20260402
239916,1,0,0,1,0,0,0,20240601,20250930
239953,0,0,0,0,0,1,0,20250303,20260402
240004,0,0,0,0,0,1,0,20240601,20260402
240005,0,0,0,0,0,1,0,20240601,20260402
240006,0,0,0,0,0,1,0,20240601,20260402
240010,1,1,1,1,1,1,1,20240901,20250531
240011,1,1,1,1,1,1,1,20240901,20250531
240012,1,1,1,1,1,1,1,20240901,20250531
240013,1,1,1,1,1,1,1,20240901,20250531
240014,1,1,1,1,1,1,1,20240901,20250531
240035,0,0,0,0,0,0,1,20240601,20260402
240036,0,0,0,0,0,0,1,20240601,20260402
240060,0,0,0,0,0,1,0,20240901,20250531
240061,1,1,1,1,1,1,0,20240901,20250531
240157,0,0,0,0,1,0,1,20240601,20260402
240226,1,1,1,1,1,0,0,20250201,20290630
240251,0,0,0,0,0,0,1,20240601,20260402
240252,0,0,0,0,0,0,1,20240601,20260402
240253,0,0,0,0,0,0,1,20240601,20260402
240254,0,0,0,0,0,0,1,20240601,20260402
240255,0,0,0,0,0,0,1,20240601,20260402
240256,0,0,0,0,0,0,1,20240601,20260402
240388,1,1,1,1,1,0,0,20250201,20300930
240453,1,1,1,1,1,0,0,20240601,20260402
240455,1,1,1,1,1,0,0,20240601,20260402
240456,1,1,1,1,1,0,0,20240601,20260402
240467,1,1,0,1,1,0,0,20240601,20260402
240475,0,0,1,0,0,0,0,20240601,20260402
240476,0,0,1,0,0,0,0,20240601,20260402
240485,0,0,1,0,0,1,1,20240601,20260402
240495,0,0,0,0,0,1,1,20240601,20260402
240514,1,1,1,1,1,1,1,20240601,20260402
240518,0,0,0,0,0,0,1,20240601,20260402
240528,0,0,0,0,0,1,0,20240601,20260402
240625,1,1,1,1,1,0,0,20240903,20260402
240630,1,1,1,1,1,0,0,20240903,20260402
240655,1,1,1,1,1,0,0,20240601,20260402
240656,1,1,1,1,1,0,0,20240601,20260402
240662,1,1,1,1,1,1,1,20240601,20260402
240668,0,0,0,0,0,1,1,20240601,20260402
240674,0,0,0,0,0,1,0,20240601,20260402
240918,1,1,1,1,1,0,0,20250201,20290630
240919,1,1,1,1,1,1,0,20250201,20290630
240921,1,1,1,1,1,0,0,20250201,20290630
240923,1,1,1,1,1,0,0,20250201,20290630
240925,1,1,1,1,1,1,1,20250201,20290630
240927,1,1,1,1,1,1,1,20250201,20290630
240929,1,1,1,1,1,0,0,20250201,20290630
241404,1,1,1,1,1,0,0,20240902,20260402
241409,1,1,1,1,1,0,0,20250106,20260402
241410,1,1,1,1,1,0,0,20250106,20260402
241411,1,1,1,1,1,0,0,20240902,20260402
241412,1,1,1,1,1,0,0,20240902,20260402
241413,1,1,1,1,1,0,0,20240902,20260402
241414,1,1,1,1,1,0,0,20250106,20260402
241415,1,1,1,1,1,0,0,20250106,20260402
241416,1,1,1,1,1,0,0,20250106,20260402
241418,1,1,1,1,1,0,0,20250106,20260402
241419,1,1,1,1,1,0,0,20250106,20260402
241420,1,1,1,1,1,0,0,20250106,20260402
241421,1,1,1,1,0,0,0,20240902,20260402
241422,1,1,1,1,0,0,0,20240902,20260402
241423,0,0,0,0,1,0,0,20250106,20260402
241428,0,0,0,0,1,0,0,20240902,20260402
241429,0,0,0,0,1,0,0,20240902,20260402
241431,1,1,1,1,1,0,0,20240902,20260402
241432,1,1,1,1,1,0,0,20240902,20260402
241433,1,1,1,1,1,0,0,20240902,20260402
241434,1,1,1,1,1,0,0,20240902,20260402
241435,1,1,1,1,1,0,0,20240902,20260402
241436,1,1,1,1,1,0,0,20240902,20260402
241451,1,1,1,1,1,1,1,20240601,20290531
241581,1,1,1,1,1,0,0,20250201,20290630
241623,0,0,0,0,1,0,0,20240621,20260402
241624,0,0,0,0,1,0,0,20240621,20260402
241625,0,0,0,0,1,0,0,20240621,20260402
241757,1,1,1,1,1,0,0,20250201,20290630
241963,1,1,1,1,1,0,0,20240617,20260402
241964,1,1,1,1,1,0,0,20240617,20260402
241965,1,1,1,1,1,1,1,20240617,20260402
241966,0,0,0,0,0,1,1,20240617,20260402
241967,1,1,1,1,1,0,0,20240617,20260402
241969,1,1,1,1,1,1,1,20240617,20260402
241970,1,1,1,1,1,0,0,20240617,20260402
241971,1,1,1,1,1,0,0,20240617,20260402
242049,0,0,0,0,0,1,0,20241021,20260402
242050,0,0,0,0,0,1,0,20241021,20260402
242051,0,0,0,0,0,1,0,20241021,20260402
242137,0,0,1,0,0,0,0,20250201,20300930
242138,0,0,0,0,0,1,0,20250201,20300930
242153,0,0,0,1,0,0,0,20250201,20300930
242170,1,1,0,0,1,1,0,20250201,20300930
242172,1,1,1,1,1,1,0,20250201,20300930
242174,1,1,1,1,1,0,0,20250201,20300930
242189,1,1,1,1,0,0,0,20250201,20300930
242190,0,0,0,0,1,0,0,20250201,20300930
242209,1,1,1,1,1,1,1,20230901,20261114
242453,1,1,1,1,1,0,0,20241001,20250430
242574,0,0,0,0,0,1,0,20240621,20260402
242575,0,0,0,0,0,1,0,20240621,20260402
242576,0,0,0,0,0,1,0,20240621,20260402
242586,1,1,1,1,1,0,0,20241001,20260402
242644,0,0,0,0,0,1,1,20241001,20250430
242659,1,1,1,1,1,0,0,20250201,20300930
242705,0,1,0,0,0,0,0,20240902,20260402
242707,0,0,0,0,1,0,0,20240902,20260402
242710,1,0,0,1,1,0,1,20240901,20250619
242728,0,0,0,0,1,0,1,20240901,20250614
242734,1,1,1,1,1,0,0,20250201,20290630
242735,1,1,1,1,1,1,1,20240620,20261231
242736,1,1,1,1,1,0,0,20250201,20290630
242740,0,0,0,0,1,1,1,20240901,20250531
242741,1,0,0,0,0,1,0,20240901,20250531
242765,0,1,0,0,0,0,0,20240902,20291231
242852,0,0,0,0,0,1,1,20240801,20280930
242901,0,0,0,0,0,1,1,20240613,20291231
242907,1,1,1,1,1,0,0,20250201,20290630
242912,0,0,0,0,0,1,1,20240819,20250601
243018,1,1,1,1,1,0,0,20240826,20260402
243019,1,1,1,1,1,0,0,20240826,20260402
243020,1,1,1,1,1,0,0,20240826,20260402
243021,1,1,1,1,1,0,0,20240826,20260402
243022,1,1,1,1,1,0,0,20240826,20260402
243023,0,0,0,0,0,1,1,20240826,20260402
243024,0,0,0,0,0,1,1,20240826,20260402
243025,0,0,0,0,0,1,1,20240826,20260402
243026,0,0,0,0,0,1,1,20240826,20260402
243027,1,1,1,1,1,0,0,20240826,20260402
243028,1,1,1,1,1,0,0,20240826,20260402
243029,1,1,1,1,1,0,0,20240826,20260402
243030,1,1,1,1,1,0,0,20240826,20260402
243031,1,1,1,1,1,0,0,20240826,20260402
243032,1,1,1,1,1,0,0,20240826,20260402
243033,1,1,1,1,1,0,0,20240826,20260402
243034,1,1,1,1,1,0,0,20240826,20260402
243035,1,1,1,1,1,0,0,20240826,20260402
243036,0,0,0,0,0,1,1,20240826,20260402
243037,0,0,0,0,0,1,1,20240826,20260402
243038,0,0,0,0,0,1,1,20240826,20260402
243040,1,1,1,1,1,0,0,20240826,20260402
243041,1,1,1,1,1,0,0,20240826,20260402
243042,1,1,1,1,1,0,0,20240826,20260402
243043,1,1,1,1,1,0,0,20240826,20260402
243044,1,1,1,1,1,0,0,20240826,20260402
243045,1,1,1,1,1,0,0,20240826,20260402
243046,0,0,0,0,0,1,1,20240826,20260402
243047,0,0,0,0,0,1,1,20240826,20260402
243048,0,0,0,0,0,1,1,20240826,20260402
243057,1,1,1,1,1,0,0,20240826,20260402
243058,1,1,1,1,1,0,0,20240826,20260402
243059,1,1,1,1,1,0,0,20240826,20260402
243060,1,1,1,1,1,0,0,20240826,20260402
243061,0,0,0,0,0,1,1,20240826,20260402
243062,0,0,0,0,0,1,1,20240826,20260402
243063,0,0,0,0,0,1,1,20240826,20260402
243072,1,1,1,1,1,0,0,20240826,20260402
243073,1,1,1,1,1,0,0,20240826,20260402
243074,1,1,1,1,1,0,0,20240826,20260402
243075,1,1,1,1,1,0,0,20240826,20260402
243076,1,1,1,1,1,0,0,20240826,20260402
243077,1,1,1,1,1,0,0,20240826,20260402
243078,1,1,1,1,1,0,0,20240826,20260402
243079,1,1,1,1,1,0,0,20240826,20260402
243080,0,0,0,0,0,1,1,20240826,20260402
243081,0,0,0,0,0,1,1,20240826,20260402
243082,0,0,0,0,0,1,1,20240826,20260402
243083,0,0,0,0,0,1,1,20240826,20260402
243084,0,0,0,0,0,1,1,20240826,20260402
243085,0,0,0,0,0,1,1,20240826,20260402
243104,1,1,1,1,1,0,0,20240826,20260402
243105,1,1,1,1,1,0,0,20240826,20260402
243106,1,1,1,1,1,0,0,20240826,20260402
243107,1,1,1,1,1,0,0,20240826,20260402
243108,1,1,1,1,1,0,0,20240826,20260402
243109,1,1,1,1,1,0,0,20240826,20260402
243110,1,1,1,1,1,0,0,20240826,20260402
243111,1,1,1,1,1,0,0,20240826,20260402
243112,0,0,0,0,0,1,1,20240826,20260402
243113,0,0,0,0,0,1,1,20240826,20260402
243114,0,0,0,0,0,1,1,20240826,20260402
243115,0,0,0,0,0,1,1,20240826,20260402
243116,0,0,0,0,0,1,1,20240826,20260402
243117,0,0,0,0,0,1,1,20240826,20260402
243299,1,1,1,1,1,0,0,20240826,20260402
243300,1,1,1,1,1,0,0,20240826,20260402
243301,1,1,1,1,1,0,0,20240826,20260402
243302,1,1,1,1,1,0,0,20240826,20260402
243303,1,1,1,1,1,0,0,20240826,20260402
243304,1,1,1,1,1,0,0,20240826,20260402
243305,1,1,1,1,1,0,0,20240826,20260402
243313,0,0,0,0,0,1,1,20240826,20260402
243314,0,0,0,0,0,1,1,20240826,20260402
243315,0,0,0,0,0,1,1,20240826,20260402
243316,1,1,1,1,1,0,0,20240826,20260402
243317,1,1,1,1,1,0,0,20240826,20260402
243318,1,1,1,1,1,0,0,20240826,20260402
243319,0,0,0,0,0,1,1,20240826,20260402
243320,0,0,0,0,0,1,1,20240826,20260402
243335,0,0,0,0,0,1,1,20240826,20260402
243336,0,0,0,0,0,1,1,20240826,20260402
243337,0,0,0,0,0,1,1,20240826,20260402
243338,0,0,0,0,0,1,1,20240826,20260402
243342,1,1,1,1,1,0,0,20240826,20260402
243351,0,0,0,0,0,1,0,20240826,20260402
243352,0,0,0,0,0,0,1,20240826,20260402
243524,1,1,1,1,1,1,1,20240901,20261114
243529,0,0,0,0,0,1,1,20240826,20260402
243530,0,0,0,0,0,1,1,20240826,20260402
243531,0,0,0,0,0,1,1,20240826,20260402
243532,0,0,0,0,0,1,1,20240826,20260402
243533,0,0,0,0,0,1,1,20240826,20260402
243534,0,0,0,0,0,1,1,20240826,20260402
243562,1,1,1,1,1,0,0,20240819,20250609
243564,0,0,0,0,0,0,1,20240819,20250601
243565,1,1,1,1,0,1,0,20240819,20250601
243600,1,1,1,1,1,0,0,20240826,20260402
243601,1,1,1,1,1,0,0,20240826,20260402
243602,1,1,1,1,1,0,0,20240826,20260402
243603,1,1,1,1,1,0,0,20240826,20260402
243604,1,1,1,1,1,0,0,20240826,20260402
243605,1,1,1,1,1,0,0,20240826,20260402
243606,1,1,1,1,1,0,0,20240826,20260402
243677,1,1,1,1,1,0,0,20240826,20260402
243678,0,0,0,0,0,1,0,20240826,20260402
243686,1,1,1,1,1,0,0,20241001,20250430
243687,1,1,1,1,1,0,0,20241001,20250430
243688,1,1,1,1,1,1,1,20240801,20290731
243689,1,1,1,1,1,1,1,20240801,20290731
243690,1,1,1,1,1,1,1,20240801,20290731
243691,1,1,1,1,1,1,0,20240801,20290731
243692,1,1,1,1,1,1,0,20240801,20290731
243693,1,1,1,1,1,1,1,20240801,20290731
243694,1,1,1,1,1,1,1,20240801,20290731
243740,1,1,1,1,1,0,0,20240901,20260402
243741,1,1,1,1,1,0,0,20240901,20260402
243742,1,1,1,1,1,0,0,20240901,20260402
243743,1,1,1,1,1,0,0,20240901,20260402
243744,1,1,1,1,1,0,0,20240901,20260402
243745,1,1,1,1,1,0,0,20240901,20260402
243746,1,1,1,1,1,0,0,20240901,20260402
243747,1,1,1,1,1,0,0,20240901,20260402
243748,1,1,1,1,1,0,0,20240901,20260402
243749,1,1,1,1,1,0,0,20240901,20260402
243750,1,1,1,1,1,0,0,20240901,20260402
243751,1,1,1,1,1,0,0,20240901,20260402
243752,1,1,1,1,1,0,0,20240901,20260402
243753,1,1,1,1,1,0,0,20240901,20260402
243780,1,1,1,1,1,0,0,20241001,20260402
243781,1,1,1,1,1,0,0,20241001,20260402
243782,1,1,1,1,1,0,0,20241001,20260402
243783,1,1,1,1,1,0,0,20241001,20260402
243790,1,1,1,1,1,0,0,20241001,20260402
243793,1,1,1,1,1,0,0,20241001,20260402
243794,1,1,1,1,1,0,0,20241001,20260402
243795,1,1,1,1,1,0,0,20241001,20260402
243796,1,1,1,1,1,0,0,20241001,20260402
243797,1,1,1,1,1,0,0,20241001,20260402
243798,1,1,1,1,1,0,0,20241001,20260402
243799,1,1,1,1,1,0,0,20241001,20260402
243800,1,1,1,1,1,0,0,20241001,20260402
243829,1,0,1,0,1,1,0,20250201,20290630
243874,0,0,0,0,0,1,0,20250201,20290630
243884,0,0,0,0,0,1,0,20250201,20290630
243989,1,1,1,1,1,1,0,20250201,20290630
243991,0,0,0,0,0,1,0,20250201,20290630
244007,1,1,1,1,1,1,0,20250201,20290630
244011,0,0,0,0,0,0,1,20250201,20290630
244017,1,1,1,1,1,1,1,20250201,20290630
244019,0,0,0,0,0,1,1,20250201,20290630
244037,0,0,0,0,0,1,1,20250201,20290630
244039,0,0,0,0,0,1,1,20250201,20290630
244040,1,1,1,1,1,0,0,20240901,20300731
244045,1,1,1,1,1,1,1,20250201,20290630
244225,0,0,0,0,0,1,1,20241001,20250406
244226,0,0,0,0,0,1,1,20241001,20250406
244227,0,0,0,0,0,1,1,20241001,20250406
244228,0,0,0,0,0,1,1,20241001,20250406
244229,0,0,0,0,0,1,1,20241001,20250406
244230,0,0,0,0,0,1,1,20241001,20250406
244231,0,0,0,0,0,1,1,20241001,20250406
244232,0,0,0,0,0,1,1,20241001,20250406
244233,0,0,0,0,0,1,1,20241001,20250406
244234,0,0,0,0,0,1,1,20241001,20250406
244235,0,0,0,0,0,1,1,20241001,20250406
244236,0,0,0,0,0,1,1,20241001,20250406
244237,0,0,0,0,0,1,1,20241001,20250406
244238,0,0,0,0,0,1,1,20241001,20250406
244239,0,0,0,0,0,1,1,20241001,20250406
244240,0,0,0,0,0,1,1,20241001,20260402
244241,0,0,0,0,0,1,1,20241001,20260402
244242,0,0,0,0,0,1,1,20241001,20260402
244243,0,0,0,0,0,1,1,20241001,20260402
244244,0,0,0,0,0,1,1,20241001,20260402
244245,0,0,0,0,0,1,1,20241001,20260402
244246,0,0,0,0,0,1,1,20241001,20260402
244248,0,0,0,0,0,1,1,20241001,20260402
244249,0,0,0,0,0,1,1,20241001,20260402
244250,0,0,0,0,0,1,1,20241001,20260402
244251,0,0,0,0,0,1,1,20241001,20260402
244252,0,0,0,0,0,1,1,20241001,20250406
244253,0,0,0,0,0,1,1,20240902,20250406
244254,0,0,0,0,0,1,1,20240902,20250406
244255,0,0,0,0,0,1,1,20241001,20260402
244256,0,0,0,0,0,1,1,20240902,20250406
244257,0,0,0,0,0,1,1,20240902,20250406
244492,1,1,1,1,1,0,0,20240903,20260402
244493,1,1,1,1,1,0,0,20240903,20260402
244504,1,1,1,1,1,0,0,20240903,20260402
244520,1,1,1,1,1,0,0,20240902,20260402
244521,1,1,1,1,1,0,0,20240902,20260402
244522,1,1,1,1,1,0,0,20240902,20260402
244559,1,1,1,1,1,0,0,20240901,20260402
244560,1,1,1,1,1,0,0,20240901,20260402
244567,1,1,1,1,1,0,0,20240903,20260402
244620,1,1,1,1,1,0,0,20240801,20280930
244636,1,1,1,1,1,0,0,20240801,20280930
244671,1,1,1,1,1,0,0,20240826,20260402
244672,1,1,1,1,1,0,0,20240826,20260402
244673,1,1,1,1,1,0,0,20240826,20260402
244674,1,1,1,1,1,0,0,20240826,20260402
244675,1,1,1,1,1,0,0,20240826,20260402
244676,1,1,1,1,1,0,0,20240826,20260402
244677,1,1,1,1,1,0,0,20240826,20260402
244678,1,1,1,1,1,0,0,20240826,20260402
244679,1,1,1,1,1,0,0,20240826,20260402
244680,1,1,1,1,1,0,0,20240826,20260402
244681,1,1,1,1,1,0,0,20240826,20260402
244972,0,0,0,0,0,1,0,20240902,20260402
245061,1,1,1,1,1,0,0,20240801,20280930
245063,1,1,1,1,1,0,0,20240801,20280930
245064,1,1,1,1,1,0,0,20240801,20280930
245065,1,1,1,1,1,0,0,20240801,20280930
245107,1,1,1,1,1,1,1,20240712,20300331
245235,0,0,0,0,0,1,0,20240801,20280930
245256,0,0,0,0,0,1,0,20240901,20260402
245257,0,0,0,0,0,1,0,20240901,20260402
245259,0,0,0,0,0,1,0,20240901,20260402
245260,0,0,0,0,0,1,0,20240901,20260402
245277,0,0,0,0,0,1,1,20240902,20260402
245278,0,0,0,0,0,1,1,20240902,20260402
245279,0,0,0,0,0,1,1,20240902,20260402
245281,0,0,0,0,0,1,1,20240902,20260402
245285,0,0,0,0,0,1,1,20240902,20260402
245308,1,1,1,1,1,0,0,20240902,20260402
245331,1,1,1,1,1,0,0,20240902,20260402
245349,1,1,1,1,1,0,0,20240902,20260402
245350,1,1,1,1,1,0,0,20240902,20260402
245351,1,1,1,1,1,0,0,20240902,20260402
245352,1,1,1,1,1,0,0,20240902,20260402
245353,1,1,1,1,1,0,0,20240902,20260402
245354,1,1,1,1,1,0,0,20240902,20260402
245355,1,1,1,1,1,0,0,20240902,20260402
246010,1,1,1,1,1,0,0,20240902,20260402
246011,1,1,1,1,1,0,0,20240902,20260402
246012,1,1,1,1,1,0,0,20240902,20260402
246013,1,1,1,1,1,0,0,20240902,20260402
246014,1,1,1,1,1,0,0,20240902,20260402
246015,1,1,1,1,1,0,0,20240902,20260402
246016,1,1,1,1,1,0,0,20240902,20260402
246017,1,1,1,1,1,0,0,20240902,20260402
246018,1,1,1,1,1,0,0,20240902,20260402
246019,1,1,1,1,1,0,0,20240902,20260402
246020,1,1,1,1,1,0,0,20240903,20260402
246021,1,1,1,1,1,0,0,20240903,20260402
246022,1,1,1,1,1,0,0,20240903,20260402
246023,1,1,1,1,1,0,0,20240903,20260402
246024,1,1,1,1,1,0,0,20240903,20260402
246025,1,1,1,1,1,0,0,20240903,20260402
246026,1,1,1,1,1,0,0,20240903,20260402
246027,1,1,1,1,1,0,0,20240903,20260402
246028,1,1,1,1,1,0,0,20240903,20260402
246029,1,1,1,1,1,0,0,20240903,20260402
246030,1,1,1,1,1,0,0,20250106,20260402
246031,1,1,1,1,1,0,0,20250106,20260402
246032,1,1,1,1,1,0,0,20240902,20260402
246033,1,1,1,1,1,0,0,20240902,20260402
246035,0,0,0,0,1,0,0,20240902,20260402
246036,1,1,1,1,1,0,0,20240902,20260402
246085,0,0,0,0,0,1,1,20250201,20290630
246127,1,1,1,1,1,0,0,20240902,20260402
246128,1,1,1,1,1,0,0,20240902,20260402
246129,0,0,0,0,0,1,1,20240902,20260402
246130,0,0,0,0,0,1,1,20240902,20260402
246133,1,1,1,1,1,0,0,20240902,20260402
246134,1,1,1,1,1,0,0,20240902,20260402
246135,1,1,1,1,1,0,0,20250201,20300930
246136,1,1,1,1,1,0,0,20240902,20260402
246137,1,1,1,1,1,0,0,20240902,20260402
246138,1,1,1,1,1,0,0,20240902,20260402
246139,1,1,1,1,1,0,0,20240902,20260402
246142,1,1,1,1,1,0,0,20240902,20260402
246145,1,1,1,1,1,0,0,20240902,20260402
246146,1,1,1,1,1,0,0,20240902,20260402
246154,0,0,0,0,0,1,1,20240902,20260402
246155,0,0,0,0,0,1,1,20240902,20260402
246156,0,0,0,0,0,1,1,20240902,20260402
246158,0,0,0,0,0,1,1,20240902,20260402
246159,0,0,0,0,0,1,1,20240902,20260402
246160,0,0,0,0,0,1,1,20240902,20260402
246182,1,1,1,1,1,0,0,20240801,20260402
246183,1,1,1,1,1,0,0,20240901,20260402
246184,1,1,1,1,1,0,0,20240901,20260402
246185,1,1,1,1,1,0,0,20240901,20260402
246186,1,1,1,1,1,0,0,20240901,20260402
246187,1,1,1,1,1,0,0,20240901,20260402
246188,1,1,1,1,1,0,0,20240901,20260402
246189,1,1,1,1,1,0,0,20240901,20260402
246190,1,1,1,1,1,0,0,20240901,20260402
246191,1,1,1,1,1,0,0,20240901,20260402
246192,1,1,1,1,1,0,0,20240901,20260402
246193,1,1,1,1,1,0,0,20240901,20260402
246203,1,1,1,1,1,0,0,20250201,20300930
246338,1,1,1,1,1,1,1,20250201,20300930
246345,0,0,0,0,0,0,1,20240120,20260627
246356,0,0,0,0,0,1,1,20240902,20260402
246357,0,0,0,0,0,1,1,20240902,20260402
246358,0,0,0,0,0,1,1,20240902,20260402
246359,0,0,0,0,0,1,1,20240902,20260402
246360,0,0,0,0,0,1,1,20240902,20260402
246366,1,1,1,1,1,1,1,20240801,20260402
246367,0,0,0,0,0,1,1,20240902,20260402
246368,0,0,0,0,0,1,1,20240902,20260402
246369,0,0,0,0,0,1,1,20240902,20260402
246370,0,0,0,0,0,1,1,20240902,20260402
246371,0,0,0,0,0,1,1,20240902,20260402
246372,0,0,0,0,0,1,1,20240902,20260402
246373,0,0,0,0,0,1,1,20240902,20260402
246374,0,0,0,0,0,1,1,20240902,20260402
246375,0,0,0,0,0,1,1,20240902,20260402
246376,0,0,0,0,0,1,1,20240902,20260402
246377,0,0,0,0,0,1,1,20240902,20260402
246378,0,0,0,0,0,1,1,20240902,20260402
246384,0,0,0,0,0,1,1,20240902,20260402
246385,0,0,0,0,0,1,1,20240902,20260402
246386,0,0,0,0,0,1,1,20240902,20260402
246387,0,0,0,0,0,1,1,20240902,20260402
246388,0,0,0,0,0,1,1,20240902,20260402
246389,0,0,0,0,0,1,1,20240902,20260402
246395,0,0,0,0,0,1,1,20240902,20260402
246396,0,0,0,0,0,1,1,20240902,20260402
246408,1,1,1,1,1,0,0,20240902,20260402
246409,1,1,1,1,1,0,0,20240902,20260402
246410,1,1,1,1,1,0,0,20240902,20260402
246411,1,1,1,1,1,0,0,20240902,20260402
246412,1,1,1,1,1,0,0,20240902,20260402
246413,1,1,1,1,1,0,0,20240902,20260402
246414,1,1,1,1,1,0,0,20240902,20260402
246415,1,1,1,1,1,0,0,20240902,20260402
246416,1,1,1,1,1,0,0,20240902,20260402
246417,1,1,1,1,1,0,0,20240902,20260402
246427,1,1,1,1,1,0,0,20240902,20260402
246428,1,1,1,1,1,0,0,20240902,20260402
246429,1,1,1,1,1,0,0,20240902,20260402
246430,1,1,1,1,1,0,0,20240902,20260402
246431,1,1,1,1,1,0,0,20240902,20260402
246432,1,1,1,1,1,0,0,20240902,20260402
246433,1,1,1,1,1,0,0,20240902,20260402
246434,1,1,1,1,1,0,0,20240902,20260402
246435,1,1,1,1,1,0,0,20240902,20260402
246436,1,1,1,1,1,0,0,20240902,20260402
246437,1,1,1,1,1,0,0,20240902,20260402
246438,1,1,1,1,1,0,0,20240902,20260402
246439,1,1,1,1,1,0,0,20240902,20260402
246440,1,1,1,1,1,0,0,20240902,20260402
246441,1,1,1,1,1,0,0,20240902,20260402
246442,1,1,1,1,1,0,0,20240902,20260402
246443,1,1,1,1,1,0,0,20240902,20260402
246444,1,1,1,1,1,0,0,20240902,20260402
246445,1,1,1,1,1,0,0,20240902,20260402
246446,1,1,1,1,1,0,0,20240902,20260402
246447,1,1,1,1,1,0,0,20240902,20260402
246448,1,1,1,1,1,0,0,20240902,20260402
246449,1,1,1,1,1,0,0,20240902,20260402
246451,1,1,1,1,1,0,0,20240819,20260402
246471,1,0,1,0,1,0,0,20250201,20300930
246479,0,1,1,0,0,0,0,20250201,20300930
246480,1,0,0,1,1,0,0,20250201,20300930
246684,0,0,0,0,0,1,1,20240901,20280930
246685,1,1,0,1,1,0,1,20240901,20280930
246686,0,0,1,0,0,0,0,20240901,20280930
246792,1,1,1,1,1,0,0,20240901,20250609
246793,1,1,1,1,1,0,0,20240819,20260402
246882,1,1,1,1,1,0,0,20250201,20290630
246884,1,1,1,1,1,0,0,20250201,20290630
246886,1,1,1,1,1,0,0,20250201,20290630
246888,1,1,1,1,1,1,1,20250201,20290630
246890,1,1,1,1,1,0,0,20250201,20290630
246892,1,1,1,1,1,0,0,20250201,20290630
246894,1,1,1,1,1,0,0,20250201,20290630
246898,1,1,1,1,1,0,0,20250201,20250430
246900,1,1,1,1,1,0,0,20250201,20290630
246902,0,0,0,0,0,1,0,20250201,20290630
246906,1,1,1,1,1,1,0,20250201,20290630
246908,1,1,1,1,1,0,1,20250201,20290630
246912,1,1,1,1,1,1,1,20250201,20290630
246914,1,1,1,1,1,1,1,20250201,20290630
246918,1,0,0,1,1,0,0,20250201,20290630
246920,0,1,1,0,0,0,0,20250201,20290630
246922,1,1,1,1,1,1,0,20250201,20290630
246924,1,0,0,1,1,1,1,20250201,20290630
246928,0,0,0,0,0,0,1,20250201,20290630
246932,1,1,1,1,1,1,0,20250201,20290630
246934,0,0,0,0,0,0,1,20250201,20290630
246938,0,0,0,0,0,1,0,20250201,20290630
246940,0,0,0,0,0,0,1,20250201,20290630
246944,1,1,1,1,1,1,1,20250201,20290630
246946,1,1,1,1,1,0,1,20250201,20290630
246950,0,1,0,1,0,1,1,20250201,20290630
246952,1,1,1,1,1,1,1,20250201,20290630
246954,1,1,1,1,1,1,1,20250201,20290630
246956,1,1,1,1,1,0,0,20250201,20290630
246958,1,1,1,1,1,0,0,20250201,20290630
246962,0,0,1,0,0,0,0,20250201,20290630
246964,1,1,1,1,1,0,0,20250201,20290630
246966,1,1,1,1,1,1,1,20250201,20290630
246968,1,1,1,1,1,1,0,20250201,20290630
246970,1,1,1,1,1,0,0,20250201,20290630
246972,1,0,0,0,1,0,0,20250201,20290630
246978,1,1,1,1,1,0,0,20250201,20290630
247279,1,1,1,1,1,0,0,20250201,20300930
247284,1,1,1,1,1,0,0,20250201,20300930
247295,0,1,0,0,1,0,0,20250201,20300930
247299,0,0,1,0,0,0,0,20250201,20300930
247300,1,1,1,1,1,1,1,20250201,20300930
247311,0,0,0,0,0,1,1,20241101,20260402
247387,1,1,1,1,1,0,0,20250201,20300930
247388,1,1,1,1,1,1,1,20240901,20250617
247389,1,1,1,1,1,1,1,20240901,20250617
247390,1,1,1,1,1,1,1,20240901,20250617
247408,1,1,1,1,1,0,0,20250201,20300930
247410,1,1,1,1,1,1,1,20240810,20260609
247412,1,1,1,1,1,1,1,20250201,20290630
247576,0,0,0,0,0,1,1,20250201,20290630
247578,0,0,0,0,0,1,1,20250201,20290630
247580,0,0,0,0,0,1,1,20250201,20290630
247582,0,0,0,0,0,1,1,20250201,20290630
247854,0,0,0,0,0,1,1,20240901,20260402
247871,1,1,1,1,1,0,0,20240902,20260402
247872,1,1,1,1,1,0,0,20240902,20260402
247873,1,1,1,1,1,0,0,20240902,20260402
247874,1,1,1,1,1,0,0,20240902,20260402
247875,1,1,1,1,1,0,0,20240902,20260402
247876,1,1,1,1,1,0,0,20240902,20260402
247877,1,1,1,1,1,0,0,20240902,20260402
247878,1,1,1,1,1,0,0,20240902,20260402
247884,1,1,1,1,1,0,0,20240902,20260402
247885,1,1,1,1,1,0,0,20240902,20260402
247886,1,1,1,1,1,0,0,20240902,20260402
247892,0,1,0,0,0,0,0,20240902,20260402
247906,1,1,1,1,1,0,0,20240902,20260402
247907,1,1,1,1,1,0,0,20240902,20260402
247908,1,1,1,1,1,0,0,20240902,20260402
247909,1,1,1,1,1,0,0,20240902,20260402
247936,0,0,0,0,0,1,1,20250201,20290630
247937,1,1,1,1,1,0,0,20241021,20260402
247938,1,1,1,1,1,0,0,20241021,20260402
247939,1,1,1,1,1,0,0,20241021,20260402
248010,1,1,1,1,0,0,0,20240902,20260402
248013,0,0,0,0,1,0,0,20240902,20260402
248014,1,0,0,1,0,0,0,20240902,20260402
248017,0,0,0,0,0,0,1,20240902,20260402
248018,0,1,0,0,0,0,0,20240902,20260402
248025,0,1,1,0,1,0,0,20240902,20260402
248032,0,0,1,0,1,1,0,20240902,20260402
248039,0,0,0,0,0,1,0,20240902,20260402
248046,0,0,0,0,0,0,1,20240902,20260402
248053,0,0,0,0,1,0,0,20240902,20260402
248055,0,0,0,0,0,1,0,20240902,20260402
248056,0,0,0,0,0,1,0,20240902,20260402
248057,0,0,0,0,0,0,1,20240902,20260402
248058,0,0,0,0,0,0,1,20240902,20260402
248059,1,1,1,1,1,0,0,20240902,20260402
248063,1,1,1,1,1,0,0,20240902,20260402
248070,1,0,1,1,1,0,0,20240902,20260402
248072,0,1,0,0,0,0,0,20240902,20260402
248079,1,0,0,1,1,0,0,20240902,20260402
248086,0,0,0,1,0,0,0,20240902,20260402
248095,1,1,1,1,1,0,0,20240902,20260402
248096,1,1,1,1,1,0,0,20240902,20260402
248101,0,0,0,0,0,1,1,20240902,20260402
248102,0,0,0,0,0,1,1,20240902,20260402
248140,0,0,0,0,1,0,0,20240902,20260402
248141,1,0,0,0,0,0,0,20240902,20260402
248145,1,1,1,1,1,0,0,20240902,20260402
248146,1,1,1,1,1,0,0,20240902,20260402
248147,1,1,1,1,1,0,0,20240902,20260402
248148,1,1,1,1,1,0,0,20240902,20260402
248149,1,1,1,1,1,0,0,20240902,20260402
248168,1,1,1,1,1,0,0,20240812,20280930
248190,1,1,1,1,1,0,0,20250201,20300930
248255,1,1,1,1,1,1,1,20240801,20260402
248321,1,1,1,1,1,0,0,20241101,20250414
248322,1,1,1,1,1,1,0,20241101,20250414
248323,1,1,1,1,1,1,1,20241101,20250414
248324,0,0,0,0,0,0,1,20241101,20250414
248326,1,1,1,1,1,0,0,20241101,20250414
248327,1,1,1,1,1,0,0,20241101,20250414
248328,1,1,1,1,1,1,0,20241101,20250414
248329,1,1,1,1,1,1,1,20241101,20250414
248413,0,0,0,0,0,1,0,20241021,20260402
248414,0,0,0,0,0,1,0,20241021,20260402
248415,0,0,0,0,0,1,0,20241021,20260402
248416,0,0,0,0,0,1,0,20241021,20260402
248417,0,0,0,0,0,1,0,20241021,20260402
248597,1,1,1,1,1,0,0,20240901,20280930
248609,1,1,1,1,1,0,0,20240902,20270831
248613,1,1,1,1,1,0,0,20240902,20270831
248617,1,1,1,1,1,1,0,20241028,20270831
248675,1,1,1,1,1,0,0,20241016,20260402
248713,1,1,1,1,1,0,0,20240902,20260402
248764,1,1,1,1,1,0,0,20240901,20260402
248765,1,1,1,1,1,0,0,20240901,20260402
248766,1,1,1,1,1,0,0,20240901,20260402
248767,1,1,1,1,1,0,0,20240901,20260402
248768,1,1,1,1,1,0,0,20240901,20260402
248769,1,1,1,1,1,0,0,20240901,20260402
248770,1,1,1,1,1,0,0,20240901,20260402
248771,1,1,1,1,1,0,0,20240901,20260402
248772,1,1,1,1,1,0,0,20240901,20260402
248773,1,1,1,1,1,0,0,20240901,20260402
248774,1,1,1,1,1,0,0,20240901,20260402
248775,1,1,1,1,1,0,0,20240901,20260402
248776,1,1,1,1,1,0,0,20240901,20260402
248777,1,1,1,1,1,0,0,20240901,20260402
248849,1,1,1,1,1,0,0,20240901,20260402
248850,1,1,1,1,1,0,0,20240901,20260402
248851,1,1,1,1,1,0,0,20240901,20260402
248852,1,1,1,1,1,0,0,20240901,20260402
248853,1,1,1,1,1,0,0,20240901,20260402
248854,1,1,1,1,1,0,0,20240901,20260402
248855,0,0,0,0,0,0,1,20240901,20260402
248856,0,0,0,0,0,0,1,20240901,20260402
248857,0,0,0,0,0,0,1,20240901,20260402
248858,0,0,0,0,0,0,1,20240901,20260402
248982,1,1,1,1,1,0,0,20240901,20260402
248983,1,1,1,1,1,0,0,20240901,20260402
248985,1,1,1,1,1,0,0,20240901,20260402
248986,1,1,1,1,1,0,0,20240901,20260402
248987,1,1,1,1,1,0,0,20240901,20260402
248988,1,1,1,1,1,0,0,20240901,20260402
248989,1,1,1,1,1,0,0,20240901,20260402
248990,1,1,1,1,1,0,0,20240901,20260402
248991,1,1,1,1,1,0,0,20240901,20260402
249000,1,1,1,1,1,0,0,20240901,20300630
249029,1,1,1,1,1,0,0,20240901,20300630
249031,1,1,1,1,1,0,0,20240901,20300630
249180,1,1,1,1,1,0,0,20240902,20260402
249181,1,1,1,1,1,0,0,20240902,20260402
249183,1,1,1,1,1,0,0,20250106,20260402
249184,1,1,1,1,1,0,0,20241015,20250414
249323,1,1,1,1,1,0,0,20240901,20260402
249324,1,1,1,1,1,0,0,20240901,20260402
249325,1,1,1,1,1,1,0,20240901,20260402
249328,1,1,1,1,1,0,0,20240901,20260402
249329,1,1,1,1,1,0,0,20240901,20260402
249330,1,1,1,1,1,0,0,20240901,20260402
249331,1,1,1,1,1,0,0,20240901,20260402
249344,1,1,1,1,1,0,0,20240901,20250609
249350,0,0,0,0,0,0,1,20241015,20250414
249351,1,1,1,1,1,1,0,20241015,20250414
249352,1,1,1,1,1,0,0,20241001,20260402
249357,0,0,0,0,0,1,0,20241001,20260402
249358,0,0,0,0,0,1,0,20241001,20260402
249359,0,0,0,0,0,0,1,20241001,20260402
249360,0,0,0,0,0,0,1,20241001,20260402
249361,0,0,0,0,0,0,1,20241001,20260402
249369,0,0,0,0,0,1,1,20241001,20260402
249370,0,0,0,0,0,1,1,20241001,20260402
249373,0,0,0,0,0,1,1,20241001,20260402
249374,0,0,0,0,0,1,1,20241001,20260402
249377,0,0,0,0,0,1,1,20241001,20260402
249380,0,0,0,0,0,1,1,20241001,20260402
249385,0,0,0,0,0,1,1,20241001,20260402
249386,0,0,0,0,0,1,1,20241001,20260402
249391,0,0,0,0,0,1,1,20241001,20260402
249395,0,0,0,0,0,1,1,20241001,20260402
249396,0,0,0,0,0,1,1,20241001,20260402
249398,0,0,0,0,0,1,1,20241001,20260402
249399,0,0,0,0,0,1,1,20241001,20260402
249403,0,0,0,0,0,1,1,20241001,20260402
249410,0,0,0,0,0,1,1,20241001,20260402
249411,0,0,0,0,0,1,1,20241001,20260402
249415,1,1,1,1,1,0,0,20241001,20260402
249417,1,1,1,1,1,0,0,20241001,20260402
249418,1,1,1,1,1,0,0,20241001,20260402
249419,1,1,1,1,1,0,0,20241001,20260402
249420,1,1,1,1,1,0,0,20241001,20260402
249421,1,1,1,1,1,0,0,20241001,20260402
249422,1,1,1,1,1,0,0,20241001,20260402
249426,1,1,1,1,1,0,0,20241015,20250414
249427,0,0,0,0,0,1,1,20241015,20250414
249428,1,1,1,1,1,0,0,20241001,20260402
249429,1,1,1,1,1,0,0,20241001,20260402
249430,1,1,1,1,1,0,0,20241001,20260402
249431,1,1,1,1,1,0,0,20241001,20260402
249435,1,1,1,1,1,0,0,20241001,20260402
249436,1,1,1,1,1,0,0,20241001,20260402
249437,0,0,0,0,0,1,1,20241001,20260402
249438,0,0,0,0,0,1,1,20241001,20260402
249439,1,1,1,1,1,0,0,20241001,20260402
249440,1,1,1,1,1,0,0,20241001,20260402
249481,1,1,1,1,0,0,0,20240901,20250609
249482,0,0,0,0,1,0,0,20240901,20250609
249792,1,1,1,1,1,0,0,20240902,20270831
249793,1,0,1,1,1,0,1,20240901,20260402
249794,1,1,1,1,1,0,1,20240901,20260402
249798,1,1,1,1,1,0,0,20240902,20270831
249825,1,1,1,1,1,1,1,20240901,20260402
249853,0,1,0,0,0,0,0,20240901,20260402
249871,1,1,1,1,1,1,1,20240901,20260402
249877,0,0,0,0,0,0,1,20240901,20250609
249878,1,1,1,1,1,1,0,20240901,20250609
249883,1,1,1,1,1,1,1,20241001,20280930
249903,1,1,0,1,0,0,0,20240831,20300331
249904,0,0,0,0,0,1,1,20240831,20300331
249905,0,0,1,0,1,0,0,20240831,20300331
249909,1,1,1,1,1,0,0,20240901,20250609
249911,1,1,1,1,1,0,1,20240901,20250609
249917,0,0,0,0,0,1,0,20240901,20250609
249919,1,1,1,1,1,1,1,20240901,20291231
249920,1,1,1,1,1,1,1,20240901,20250609
249924,1,1,1,0,1,1,1,20240901,20250609
249925,0,0,0,1,0,0,0,20240905,20250609
249926,1,1,1,1,1,0,0,20240902,20250609
249927,0,0,0,0,0,1,1,20240901,20250609
249929,1,1,1,1,1,1,1,20240901,20250609
249935,0,0,0,0,1,0,1,20240901,20250609
249940,1,1,1,1,1,1,0,20240902,20250609
249942,1,1,1,1,1,0,0,20240902,20291231
249943,0,1,0,0,0,0,0,20240903,20250609
249965,1,0,1,1,1,1,0,20230902,20250609
249996,1,1,1,1,1,0,0,20240902,20270831
249998,1,1,1,1,1,0,0,20240902,20270831
250002,1,1,1,0,1,1,1,20240902,20270831
250004,1,1,1,1,1,0,0,20240901,20260402
250023,0,0,0,1,0,0,0,20240902,20270831
250037,1,1,1,1,1,0,0,20240901,20260402
250038,1,1,1,1,1,0,0,20240901,20260402
250039,1,1,1,1,1,0,0,20240901,20260402
250040,1,1,1,1,1,0,0,20240901,20260402
250041,1,1,1,1,1,0,0,20240901,20260402
250045,0,0,0,0,0,1,1,20240901,20291231
250085,0,0,0,0,0,1,0,20250201,20260402
250086,0,0,0,0,0,0,1,20250201,20260402
250142,1,1,1,1,1,0,0,20240903,20260402
250143,1,1,1,1,1,0,0,20240903,20260402
250185,0,0,0,0,0,1,0,20241021,20260402
250186,0,0,0,0,0,1,0,20241021,20260402
250190,1,1,1,1,1,0,0,20250201,20300930
250316,1,1,1,1,1,1,1,20241001,20280930
250320,1,1,1,1,1,0,0,20241001,20280930
250331,1,1,1,1,1,0,0,20240902,20250609
250335,1,1,1,1,1,1,0,20240902,20250609
250338,0,0,0,0,0,1,0,20240902,20250609
250341,1,1,1,1,1,0,0,20240902,20250609
250346,0,0,0,0,0,1,1,20240901,20250609
250347,1,1,1,1,1,0,0,20240902,20250609
250349,1,1,1,1,1,0,0,20240902,20250609
250358,1,1,1,1,1,0,0,20240902,20250609
250396,1,1,1,1,1,0,0,20241001,20280930
250405,0,0,0,0,0,0,1,20241101,20260402
250406,0,0,0,0,0,0,1,20241101,20260402
250407,0,0,0,0,0,0,1,20241101,20260402
250408,0,0,0,0,0,0,1,20241101,20260402
250409,0,0,0,0,0,0,1,20241101,20260402
250410,0,0,0,0,0,0,1,20241101,20260402
250411,0,0,0,0,0,0,1,20241101,20260402
250412,0,0,0,0,0,0,1,20241101,20260402
250413,0,0,0,0,0,0,1,20241101,20260402
250414,0,0,0,0,0,0,1,20241101,20260402
250415,0,0,0,0,0,0,1,20241101,20260402
250421,0,0,0,0,0,0,1,20241101,20260402
250422,0,0,0,0,0,0,1,20241101,20260402
250423,0,0,0,0,0,0,1,20241101,20260402
250424,0,0,0,0,0,0,1,20241101,20260402
250425,0,0,0,0,0,0,1,20241101,20260402
250426,0,0,0,0,0,0,1,20241101,20260402
250477,1,1,1,1,1,0,0,20241101,20260402
250478,1,1,1,1,1,0,0,20241101,20260402
250479,1,1,1,1,1,0,0,20241101,20260402
250480,1,1,1,1,1,0,0,20241101,20260402
250481,1,1,1,1,1,0,0,20241101,20260402
250482,1,1,1,1,1,0,0,20241101,20260402
250483,1,1,1,1,1,0,0,20241101,20260402
250484,1,1,1,1,1,0,0,20241101,20260402
250485,1,1,1,1,1,0,0,20241101,20260402
250486,1,1,1,1,1,0,0,20241101,20260402
250487,1,1,1,1,1,0,0,20241101,20260402
250488,1,1,1,1,1,0,0,20241101,20260402
250489,1,1,1,1,1,0,0,20241101,20260402
250560,1,1,1,1,1,1,1,20240901,20250531
250566,1,1,1,1,1,1,1,20240903,20291231
250582,1,1,1,1,1,0,0,20240902,20250609
250583,1,1,1,1,1,0,0,20240902,20250609
250584,1,1,1,1,1,0,0,20240902,20250609
250596,1,1,1,1,1,0,0,20241001,20260402
250597,1,1,1,1,1,0,0,20241001,20260402
250598,1,1,1,1,1,0,0,20241001,20260402
250599,1,1,1,1,1,0,0,20241001,20260402
250600,1,1,1,1,1,0,0,20241001,20260402
250642,1,1,1,1,1,0,0,20241014,20260402
250643,0,0,0,0,1,0,0,20241001,20280930
250644,1,1,1,1,0,0,0,20241001,20280930
250648,1,1,1,1,1,0,0,20241001,20280930
250694,1,1,1,1,1,0,0,20241015,20250414
250695,1,1,1,1,1,0,0,20241015,20250414
250696,1,1,1,1,1,1,1,20241116,20251231
250698,0,0,0,0,1,1,1,20241116,20250531
250700,1,1,1,1,1,1,1,20241116,20280909
250701,1,1,1,1,1,0,0,20241116,20280909
250702,0,0,0,0,0,1,1,20241116,20280909
250723,1,1,1,1,1,1,1,20241116,20251122
250738,1,1,1,1,1,1,1,20241116,20251122
250739,1,1,1,1,1,1,1,20241116,20251122
250740,1,1,1,1,1,1,1,20241116,20280531
250756,1,1,1,1,1,0,0,20240912,20290930
250757,1,1,1,1,1,0,0,20240912,20290930
250758,1,1,1,1,1,1,1,20241116,20271006
250764,1,1,1,1,1,0,0,20241001,20280930
250789,1,1,1,1,1,0,0,20241021,20260402
250790,1,1,1,1,1,0,0,20241021,20260402
250791,1,1,1,1,1,0,0,20241021,20260402
250792,1,1,1,1,1,0,0,20241021,20260402
250793,1,1,1,1,1,0,0,20241021,20260402
250794,1,1,1,1,1,0,0,20241021,20260402
250795,1,1,1,1,1,0,0,20241021,20260402
250796,1,1,1,1,1,0,0,20241021,20260402
250797,1,1,1,1,1,0,0,20241021,20260402
250798,1,1,1,1,1,0,0,20241021,20260402
250799,1,1,1,1,1,0,0,20241021,20260402
250800,1,1,1,1,1,0,0,20241021,20260402
250801,1,1,1,1,1,0,0,20241021,20260402
250802,1,1,1,1,1,0,0,20241021,20260402
250803,1,1,1,1,1,0,0,20241021,20260402
250804,1,1,1,1,1,0,0,20241021,20260402
250805,1,1,1,1,1,0,0,20241021,20260402
250806,1,1,1,1,1,0,0,20241021,20260402
250807,1,1,1,1,1,0,0,20241021,20260402
250808,1,1,1,1,1,0,0,20241021,20260402
250819,1,1,1,1,1,0,0,20241015,20250414
250820,1,1,1,1,1,1,0,20240916,20270831
250822,0,0,0,0,0,1,1,20241015,20250414
250823,1,1,1,1,1,0,0,20241015,20250414
250824,0,0,0,0,0,1,1,20241015,20250414
250825,1,1,1,1,1,0,0,20241015,20250414
250827,0,0,0,0,0,1,1,20241015,20250414
250828,1,1,1,1,1,0,0,20241001,20280930
250829,1,1,1,1,1,0,0,20241015,20250414
250830,1,1,1,1,1,0,0,20241015,20250414
250834,0,0,0,0,0,1,1,20241015,20250414
250864,1,1,1,1,1,0,0,20241015,20250414
250869,0,0,0,0,0,1,1,20241015,20250414
250870,0,0,0,0,0,1,1,20241015,20250414
250871,1,1,1,1,1,0,0,20241015,20250414
250872,1,1,1,1,1,0,0,20241015,20250414
250873,1,1,1,1,1,0,0,20241015,20250414
250887,1,1,1,1,1,0,0,20241001,20250430
250889,0,0,0,0,0,1,1,20241001,20250430
250944,0,0,0,0,0,0,1,20240902,20250609
250948,1,1,1,1,1,0,0,20240902,20250609
250952,0,0,0,0,0,1,0,20240902,20250609
250971,1,1,1,1,1,0,0,20241015,20250414
250990,1,1,1,1,1,0,0,20240916,20260402
250991,0,0,0,0,0,1,1,20240916,20260402
250995,1,1,1,1,1,1,1,20240916,20260402
250996,1,1,1,1,1,0,0,20241015,20250414
250997,1,1,1,1,1,0,0,20241015,20250414
250999,0,0,0,0,0,1,1,20241015,20250414
251035,1,1,1,1,1,0,0,20241015,20250414
251047,1,1,1,1,1,0,0,20240916,20260402
251048,1,1,1,1,1,0,0,20240916,20260402
251058,0,0,0,0,0,1,1,20241015,20250414
251060,1,1,1,1,1,0,0,20241015,20250414
251061,1,1,1,1,1,0,0,20241015,20250414
251062,1,1,1,1,1,0,0,20241015,20250414
251063,1,1,1,1,1,0,0,20241015,20250414
251064,0,0,0,0,0,1,0,20241021,20260402
251066,0,0,0,0,0,1,0,20241021,20260402
251067,0,0,0,0,0,1,0,20241021,20260402
251068,0,0,0,0,0,1,0,20241021,20260402
251069,0,0,0,0,0,1,0,20241021,20260402
251070,1,1,1,1,1,0,0,20250201,20290630
251077,1,1,1,1,1,0,0,20250201,20300930
251117,0,0,0,0,0,0,1,20241021,20260402
251118,0,0,0,0,0,0,1,20241021,20260402
251119,0,0,0,0,0,0,1,20241021,20260402
251120,0,0,0,0,0,0,1,20241021,20260402
251121,0,0,0,0,0,0,1,20241021,20260402
251192,1,1,1,1,1,0,0,20241021,20260402
251193,1,1,1,1,1,0,0,20241021,20260402
251194,1,1,1,1,1,0,0,20241021,20260402
251195,1,1,1,1,1,0,0,20241021,20260402
251209,1,1,1,1,0,0,0,20240916,20260402
251210,0,0,0,0,1,0,0,20240916,20260402
251220,1,1,1,1,1,0,0,20241021,20260402
251221,1,1,1,1,1,0,0,20241021,20260402
251222,1,1,1,1,1,0,0,20241021,20260402
251223,1,1,1,1,1,0,0,20241021,20260402
251224,1,1,1,1,1,0,0,20241021,20260402
251225,1,1,1,1,1,0,0,20240916,20250609
251229,0,0,0,0,0,1,0,20241021,20260402
251230,0,0,0,0,0,1,0,20241021,20260402
251231,0,0,0,0,0,1,0,20241021,20260402
251232,0,0,0,0,0,1,0,20241021,20260402
251233,0,0,0,0,0,1,0,20241021,20260402
251243,0,0,0,0,0,0,1,20241021,20260402
251244,0,0,0,0,0,0,1,20241021,20260402
251245,0,0,0,0,0,0,1,20241021,20260402
251246,0,0,0,0,0,0,1,20241021,20260402
251247,0,0,0,0,0,0,1,20241021,20260402
251259,0,0,0,0,0,1,0,20241021,20260402
251260,0,0,0,0,0,1,0,20241021,20260402
251261,0,0,0,0,0,1,0,20241021,20260402
251262,0,0,0,0,0,1,0,20241021,20260402
251263,1,1,1,1,1,0,0,20241101,20300731
251282,1,1,1,1,1,0,0,20250201,20300930
251288,0,0,0,1,0,0,0,20240916,20250609
251289,1,1,1,1,1,0,0,20240916,20250609
251290,1,1,1,1,1,0,0,20240916,20250609
251320,1,1,1,1,1,0,0,20241015,20250414
251321,1,1,1,1,1,0,0,20241015,20250414
251322,1,1,1,1,1,0,0,20241015,20250414
251323,1,1,1,1,1,0,0,20241015,20250414
251324,1,1,1,1,1,0,0,20240916,20260402
251325,1,1,1,1,1,0,0,20241001,20280930
251326,1,1,1,1,1,1,1,20240923,20270831
251330,0,0,0,0,0,1,0,20241021,20260402
251331,0,0,0,0,0,1,0,20241021,20260402
251332,0,0,0,0,0,1,0,20241021,20260402
251333,0,0,0,0,0,1,0,20241021,20260402
251334,0,0,0,0,0,1,0,20241021,20260402
251335,0,0,0,0,0,1,0,20241021,20260402
251336,0,0,0,0,0,1,0,20241021,20260402
251337,0,0,0,0,0,1,0,20241021,20260402
251338,0,0,0,0,0,1,0,20241021,20260402
251385,1,1,1,1,1,0,0,20241021,20260402
251386,1,1,1,1,1,0,0,20241021,20260402
251387,1,1,1,1,1,0,0,20241021,20260402
251388,1,1,1,1,1,0,0,20241021,20260402
251389,1,1,1,1,1,0,0,20241021,20260402
251390,1,1,1,1,1,0,0,20241021,20260402
251399,0,0,0,0,0,0,1,20241021,20260402
251400,0,0,0,0,0,0,1,20241021,20260402
251401,0,0,0,0,0,0,1,20241021,20260402
251409,0,0,0,0,0,0,1,20241021,20260402
251410,0,0,0,0,0,0,1,20241021,20260402
251411,0,0,0,0,0,0,1,20241021,20260402
251412,0,0,0,0,0,0,1,20241021,20260402
251413,0,0,0,0,0,0,1,20241021,20260402
251425,1,1,1,1,1,0,0,20241021,20260402
251426,1,1,1,1,1,0,0,20241021,20260402
251435,0,0,0,0,0,1,0,20241021,20260402
251443,0,1,1,0,0,0,0,20250201,20290630
251444,0,0,0,0,0,0,1,20241021,20260402
251446,1,1,1,1,1,0,0,20240916,20250406
251449,1,1,1,1,1,0,0,20241001,20250609
251451,1,1,1,1,1,0,0,20241001,20250609
251598,1,1,1,1,1,1,1,20240918,20300630
251661,1,1,1,1,1,0,0,20240930,20260402
251662,0,0,0,0,0,1,0,20240930,20260402
251676,0,0,0,0,0,0,1,20240930,20260402
251678,0,0,0,0,0,1,1,20240930,20260402
251679,0,0,0,0,0,1,1,20240930,20260402
251681,0,0,0,0,0,1,1,20240930,20260402
251682,1,1,1,1,1,0,0,20240930,20260402
251683,0,0,0,0,0,0,1,20240930,20260402
251696,1,1,1,1,1,0,0,20241014,20260402
251697,1,1,1,1,1,0,0,20241014,20260402
251698,1,1,1,1,1,0,0,20241014,20260402
251699,1,1,1,1,1,0,0,20241014,20260402
251700,1,1,1,1,1,0,0,20241014,20260402
251701,1,1,1,1,1,0,0,20241014,20260402
251702,0,0,0,0,0,1,1,20241014,20260402
251703,1,1,1,1,1,0,0,20241014,20260402
251704,1,1,1,1,1,0,0,20241014,20260402
251705,1,1,1,1,1,0,0,20241014,20260402
251706,1,1,1,1,1,0,0,20241014,20260402
251707,1,1,1,1,1,0,0,20241014,20250406
251708,1,1,1,1,1,0,0,20241014,20250406
251709,0,0,0,0,0,1,1,20241014,20250406
251717,1,1,1,1,1,0,0,20240930,20260402
251720,1,1,1,1,1,0,0,20240930,20260402
251721,0,0,0,0,0,1,0,20240930,20260402
251723,1,1,1,1,1,0,0,20241101,20260402
251724,1,1,1,1,1,0,0,20241101,20260402
251725,1,1,1,1,1,0,0,20241015,20250414
251727,1,1,1,1,1,0,0,20241101,20260402
251729,1,1,1,1,1,0,0,20241015,20250414
251730,1,1,1,1,1,0,0,20241015,20250414
251731,1,1,1,1,1,0,0,20241015,20250414
251732,1,1,1,1,1,1,0,20240930,20260402
251733,0,0,0,0,0,1,0,20240930,20260402
251734,1,1,1,1,1,0,0,20240930,20260402
251735,0,0,0,0,0,1,1,20241015,20250414
251736,1,1,1,1,1,0,0,20240930,20260402
251737,1,1,1,1,1,0,0,20240930,20260402
251750,0,0,0,0,0,1,1,20241101,20260402
251751,0,0,0,0,0,1,1,20241101,20260402
251754,0,0,0,0,0,1,1,20241101,20260402
251755,1,1,1,1,1,0,0,20240930,20260402
251756,1,1,1,1,1,1,1,20240930,20260402
251766,1,1,1,1,1,0,0,20240930,20260402
251767,1,1,1,1,1,0,0,20240930,20260402
251769,1,1,1,1,1,0,0,20240930,20260402
251770,1,1,1,1,1,1,1,20240930,20260402
251771,0,0,0,0,0,1,1,20240930,20260402
251772,1,1,1,0,1,1,0,20240930,20260402
251773,0,0,0,0,0,0,1,20240930,20260402
251797,1,1,1,1,1,0,0,20241101,20260402
251798,1,1,1,1,1,0,0,20241101,20260402
251811,1,1,1,1,1,0,0,20240930,20260402
251814,1,1,1,1,1,0,0,20240930,20260402
251816,1,1,1,1,1,0,0,20240930,20260402
251818,0,0,0,1,0,0,0,20240930,20260402
251821,1,1,1,1,1,1,1,20240930,20260402
251822,1,1,1,1,1,0,0,20240930,20260402
251825,1,1,1,1,1,0,0,20241001,20280930
251826,1,1,1,1,1,0,0,20240930,20260402
251827,1,1,1,1,1,0,0,20240930,20260402
251828,1,1,1,1,1,0,0,20240930,20260402
251829,1,1,1,1,1,1,1,20240930,20260402
251830,0,0,0,0,0,1,1,20240930,20260402
251831,1,1,1,1,1,0,0,20240930,20260402
251833,1,1,1,1,1,1,0,20240930,20260402
251835,1,1,1,1,1,1,1,20240930,20260402
251836,0,0,0,1,0,0,0,20240930,20260402
251837,1,1,1,1,1,0,0,20240930,20260402
251838,1,1,1,0,1,0,0,20240930,20260402
251867,1,1,1,1,1,0,0,20241001,20250609
251868,1,1,1,1,1,0,0,20241001,20250609
251888,1,1,1,1,1,0,0,20241101,20260402
251911,1,1,1,1,1,0,0,20241001,20260402
251912,1,1,1,1,1,0,0,20241001,20260402
251913,1,1,1,1,1,0,0,20241001,20260402
251914,1,1,1,1,1,0,0,20241001,20260402
251915,1,1,1,1,1,0,0,20241001,20260402
251916,0,0,0,0,0,1,1,20241001,20260402
251917,0,0,0,0,0,1,1,20241001,20260402
251918,0,0,0,0,0,1,1,20241001,20260402
251919,0,0,0,0,0,1,1,20241001,20260402
251920,1,1,1,1,1,0,0,20241001,20260402
251921,0,0,0,0,0,1,1,20241001,20260402
251922,1,1,1,1,1,0,0,20241001,20260402
251923,1,1,1,1,1,0,0,20241001,20260402
251924,0,0,0,0,0,1,1,20241001,20260402
251925,0,0,0,0,0,1,1,20241001,20260402
251926,1,1,1,1,1,0,0,20241001,20260402
251927,1,1,1,1,1,0,0,20241001,20260402
251928,1,1,1,1,1,0,0,20241001,20260402
251929,1,1,1,1,1,0,0,20241001,20260402
251930,0,0,0,0,0,1,1,20241001,20260402
251931,1,1,1,1,1,0,0,20241001,20260402
251932,1,1,1,1,1,0,0,20241001,20260402
251933,0,0,0,0,0,1,1,20241001,20260402
251951,1,1,1,1,1,1,1,20241001,20270831
251960,1,1,1,1,1,0,0,20240923,20270831
251973,1,1,1,1,1,0,0,20241001,20270831
252008,0,0,0,0,0,0,1,20250501,20250930
252018,1,1,1,1,1,0,0,20241001,20280930
252021,1,1,1,1,1,0,0,20241021,20260402
252022,1,1,1,1,1,0,0,20241021,20260402
252023,1,1,1,1,1,0,0,20241021,20260402
252024,1,1,1,1,1,0,0,20241021,20260402
252025,1,1,1,1,1,0,0,20241021,20260402
252026,1,1,1,1,1,0,0,20241021,20260402
252027,1,1,1,1,1,0,0,20241021,20260402
252039,0,0,0,0,1,0,1,20241001,20270519
252040,0,0,0,0,1,0,0,20241001,20270519
252041,1,1,1,1,0,1,1,20241001,20270519
252042,1,1,1,1,1,1,1,20241001,20260630
252043,1,1,1,1,1,1,1,20241001,20260630
252059,1,1,1,1,1,0,0,20250106,20260402
252060,1,1,1,1,1,0,0,20250106,20260402
252081,1,1,1,1,1,0,0,20240930,20260402
252083,1,1,1,1,1,0,0,20240930,20260402
252104,1,1,1,1,1,0,0,20241021,20260402
252105,1,1,1,1,1,0,0,20241021,20260402
252106,1,1,1,1,1,0,0,20241021,20260402
252107,1,1,1,1,1,0,0,20241021,20260402
252108,1,1,1,1,1,0,0,20241021,20260402
252109,1,1,1,1,1,0,0,20241021,20260402
252110,1,1,1,1,1,0,0,20241021,20260402
252111,1,1,1,1,1,0,0,20241021,20260402
252112,1,1,1,1,1,0,0,20241021,20260402
252113,1,1,1,1,1,0,0,20241021,20260402
252114,1,1,1,1,1,0,0,20241021,20260402
252115,1,1,1,1,1,0,0,20241021,20260402
252130,1,1,1,1,1,1,0,20240923,20270831
252142,1,1,1,1,1,0,0,20241001,20280930
252152,1,1,1,1,1,0,0,20241021,20260402
252153,1,1,1,1,1,0,0,20241021,20260402
252154,1,1,1,1,1,0,0,20241021,20260402
252155,1,1,1,1,1,0,0,20241021,20260402
252156,1,1,1,1,1,0,0,20241021,20260402
252157,1,1,1,1,1,0,0,20241021,20260402
252158,1,1,1,1,1,0,0,20241021,20260402
252159,1,1,1,1,1,0,0,20241021,20260402
252160,1,1,1,1,1,0,0,20241021,20260402
252162,1,1,1,1,1,0,0,20241021,20260402
252163,1,1,1,1,1,0,0,20241021,20260402
252164,1,1,1,1,1,0,0,20241021,20260402
252165,1,1,1,1,1,0,0,20241021,20260402
252230,1,1,1,1,1,0,0,20241021,20260402
252231,1,1,1,1,1,0,0,20241021,20260402
252232,1,1,1,1,1,0,0,20241021,20260402
252233,1,1,1,1,1,0,0,20241021,20260402
252234,1,1,1,1,1,0,0,20241021,20260402
252235,1,1,1,1,1,0,0,20241021,20260402
252240,0,0,0,0,0,1,0,20241021,20260402
252241,0,0,0,0,0,1,0,20241021,20260402
252254,0,0,0,0,0,0,1,20241021,20260402
252255,0,0,0,0,0,0,1,20241021,20260402
252267,1,1,1,1,1,0,0,20241021,20260402
252268,1,1,1,1,1,0,0,20241021,20260402
252269,1,1,1,1,1,0,0,20241021,20260402
252270,1,1,1,1,1,0,0,20241021,20260402
252271,1,1,1,1,1,0,0,20241021,20260402
252272,1,1,1,1,1,0,0,20241021,20260402
252301,0,0,0,0,0,1,0,20241021,20260402
252302,0,0,0,0,0,1,0,20241021,20260402
252303,0,0,0,0,0,1,0,20241021,20260402
252304,0,0,0,0,0,1,0,20241021,20260402
252305,0,0,0,0,0,1,0,20241021,20260402
252306,0,0,0,0,0,1,0,20241021,20260402
252307,0,0,0,0,0,1,0,20241021,20260402
252308,0,0,0,0,0,1,0,20241021,20260402
252309,0,0,0,0,0,1,0,20241021,20260402
252310,0,0,0,0,0,0,1,20241021,20260402
252311,0,0,0,0,0,0,1,20241021,20260402
252312,0,0,0,0,0,0,1,20241021,20260402
252313,0,0,0,0,0,0,1,20241021,20260402
252314,0,0,0,0,0,0,1,20241021,20260402
252315,0,0,0,0,0,0,1,20241021,20260402
252316,0,0,0,0,0,0,1,20241021,20260402
252317,0,0,0,0,0,0,1,20241021,20260402
252318,0,0,0,0,0,0,1,20241021,20260402
252335,0,0,0,0,0,1,0,20241021,20260402
252336,0,0,0,0,0,1,0,20241021,20260402
252337,0,0,0,0,0,1,0,20241021,20260402
252338,0,0,0,0,0,0,1,20241021,20260402
252339,0,0,0,0,0,0,1,20241021,20260402
252340,0,0,0,0,0,0,1,20241021,20260402
252341,0,0,0,0,0,0,1,20241021,20260402
252342,0,0,0,0,0,0,1,20241021,20260402
252344,0,0,0,0,0,0,1,20241021,20260402
252345,0,0,0,0,0,0,1,20241021,20260402
252357,0,0,0,0,0,0,1,20241021,20260402
252358,0,0,0,0,0,0,1,20241021,20260402
252359,0,0,0,0,0,0,1,20241021,20260402
252468,0,0,0,0,0,0,1,20241021,20260402
252469,0,0,0,0,0,0,1,20241021,20260402
252470,0,0,0,0,0,0,1,20241021,20260402
252471,0,0,0,0,0,0,1,20241021,20260402
252472,0,0,0,0,0,0,1,20241021,20260402
252473,0,0,0,0,0,0,1,20241021,20260402
252474,0,0,0,0,0,0,1,20241021,20260402
252475,0,0,0,0,0,0,1,20241021,20260402
252476,0,0,0,0,0,0,1,20241021,20260402
252551,1,0,0,1,1,1,1,20250201,20300930
252557,0,1,0,1,0,0,0,20250201,20300930
252559,1,1,1,1,1,1,0,20250201,20300930
252577,1,1,1,1,1,1,0,20250201,20300930
252581,0,1,0,1,0,0,0,20250201,20300930
252583,1,1,1,1,1,1,1,20250201,20300930
252585,1,1,1,1,1,1,0,20250201,20300930
252598,0,1,0,1,0,0,0,20250201,20290630
252623,1,1,1,1,1,0,0,20250201,20290630
252627,1,1,1,1,1,0,0,20250201,20290630
252632,1,0,0,1,0,0,0,20250201,20290630
252634,0,1,1,0,1,0,0,20250201,20290630
252642,1,1,1,1,1,1,0,20250201,20290630
252650,1,1,1,1,1,0,0,20250201,20290630
252656,1,1,1,1,1,1,1,20250201,20290630
252658,1,1,1,1,1,0,0,20250201,20290630
252919,0,0,0,0,0,1,0,20241101,20250430
252921,0,0,0,0,0,0,1,20241101,20250430
252922,1,1,1,1,1,1,1,20241101,20280930
252924,1,1,1,1,1,1,1,20241101,20280930
252925,1,1,1,1,1,0,0,20241101,20280930
252926,1,1,1,1,1,0,0,20241101,20280930
252932,1,1,1,1,1,0,0,20241101,20280930
252933,1,1,1,1,1,0,0,20241101,20280930
252934,0,0,0,0,0,1,0,20241101,20250430
252936,1,1,1,1,1,1,1,20241101,20280930
252947,0,0,0,0,0,1,0,20241021,20260402
252948,0,0,0,0,0,1,0,20241021,20260402
252963,0,0,0,0,0,1,1,20241101,20280930
252972,1,1,1,1,1,1,1,20241101,20280930
252973,1,1,1,1,1,1,1,20241101,20280930
252974,1,1,1,1,1,1,1,20241101,20280930
253038,1,1,1,1,1,1,0,20241101,20280930
253039,1,1,1,1,1,0,0,20241101,20280930
253040,0,0,0,0,0,1,0,20241101,20280930
253041,0,0,0,0,0,1,0,20241101,20280930
253042,0,0,1,0,0,0,0,20241101,20280930
253043,0,0,0,0,0,1,0,20241101,20280930
253044,1,1,1,1,1,0,0,20241101,20280930
253045,1,1,1,1,1,1,1,20241028,20260402
253046,1,1,1,1,1,0,0,20241101,20280930
253047,1,1,1,1,1,1,1,20241101,20280930
253048,1,1,1,1,1,0,0,20241101,20280930
253073,1,1,1,1,1,0,0,20241001,20260402
253074,1,1,1,1,1,0,0,20241001,20260402
253075,1,1,1,1,1,0,0,20241001,20260402
253076,1,1,1,1,1,0,0,20241001,20260402
253077,1,1,1,1,1,0,0,20241001,20260402
253078,1,1,1,1,1,0,0,20241001,20260402
253079,1,1,1,1,1,0,0,20241001,20260402
253080,1,1,1,1,1,0,0,20241001,20260402
253081,1,1,1,1,1,0,0,20241001,20260402
253082,1,1,1,1,1,0,0,20241001,20260402
253083,1,1,1,1,1,0,0,20241001,20260402
253084,0,0,0,0,0,1,1,20241001,20260402
253085,0,0,0,0,0,1,1,20241001,20260402
253086,0,0,0,0,0,1,1,20241001,20260402
253087,0,0,0,0,0,1,1,20241001,20260402
253088,1,0,0,0,0,0,0,20241101,20280930
253090,1,1,1,1,1,1,1,20241101,20280930
253116,0,0,0,0,1,0,0,20241101,20280930
253117,1,1,1,1,1,1,1,20241101,20280930
253119,0,0,0,0,0,0,1,20241021,20260402
253120,0,0,0,0,0,0,1,20241021,20260402
253127,1,1,1,1,1,0,0,20241101,20280930
253128,1,1,1,1,1,1,1,20241101,20280930
253176,0,0,0,0,0,1,1,20241101,20260402
253177,0,0,0,0,0,1,1,20241101,20260402
253178,0,0,0,0,0,1,1,20241101,20260402
253179,0,0,0,0,0,1,1,20241101,20260402
253180,0,0,0,0,0,1,1,20241101,20260402
253181,0,0,0,0,0,1,1,20241101,20260402
253182,0,0,0,0,0,1,1,20241101,20260402
253184,0,0,0,0,0,1,1,20241101,20260402
253224,0,0,0,0,0,1,0,20241101,20260402
253225,0,0,0,0,0,1,0,20241101,20260402
253226,0,0,0,0,0,1,0,20241101,20260402
253227,0,0,0,0,0,1,0,20241101,20260402
253228,0,0,0,0,0,1,0,20241101,20260402
253353,1,1,1,1,1,0,0,20241014,20251214
253391,1,1,1,1,1,1,0,20241114,20250430
253413,1,1,1,1,1,1,1,20241114,20250430
253422,0,1,0,0,1,0,0,20241114,20250430
253425,1,1,1,1,1,1,0,20250501,20250930
253426,1,1,1,1,1,1,1,20250501,20250930
253427,0,1,0,0,1,0,0,20250501,20250930
253428,0,0,0,0,1,0,1,20250501,20250930
253445,1,1,1,1,1,0,0,20241201,20280930
253446,0,0,0,0,0,1,1,20241201,20280930
253447,1,1,1,1,1,0,0,20241201,20280930
253448,1,1,1,1,1,0,0,20241201,20280930
253449,1,1,1,1,1,1,1,20241201,20280930
253462,1,1,1,1,1,0,0,20241014,20270831
253471,1,1,1,1,1,0,0,20241007,20261231
253472,1,1,1,1,1,0,0,20241007,20261231
253498,0,0,0,1,0,0,0,20241101,20280930
253578,0,0,0,0,0,1,1,20241014,20260402
253579,1,1,1,1,1,1,1,20241101,20280930
253580,1,1,1,1,1,0,0,20241101,20280930
253582,1,1,1,1,1,0,0,20241101,20280930
253583,1,1,1,1,1,0,0,20241101,20300630
253611,0,0,0,0,0,1,1,20241003,20260402
253612,0,0,0,0,0,1,1,20241003,20260402
253613,0,0,0,0,0,1,1,20241003,20260402
253686,0,0,0,0,0,1,0,20241028,20260402
253687,0,0,0,0,0,1,0,20241028,20260402
253688,0,0,0,0,0,1,0,20241028,20260402
253718,0,0,0,0,1,0,0,20241028,20260402
253719,0,0,0,0,1,0,0,20241028,20260402
253786,1,1,1,1,1,1,1,20241101,20280930
253796,1,1,1,1,1,0,0,20241014,20270831
253828,1,1,1,1,1,0,0,20241101,20260402
253834,0,0,0,0,0,0,1,20241101,20280930
253835,1,1,1,1,1,0,0,20241101,20280930
253839,1,1,1,1,1,0,0,20241028,20260402
253840,1,1,1,1,1,0,0,20241028,20260402
253843,0,0,0,0,0,0,1,20250415,20251031
253914,0,0,0,0,0,1,0,20241021,20260402
253915,0,0,0,0,0,1,0,20241021,20260402
253916,0,0,0,0,0,1,0,20241021,20260402
253917,0,0,0,0,0,1,0,20241021,20260402
253918,0,0,0,0,0,1,0,20241021,20260402
253919,0,0,0,0,0,1,0,20241021,20260402
253920,0,0,0,0,0,1,0,20241021,20260402
253921,0,0,0,0,0,1,0,20241021,20260402
253922,0,0,0,0,0,1,0,20241021,20260402
253923,0,0,0,0,0,1,0,20241021,20260402
253924,0,0,0,0,0,1,0,20241021,20260402
253925,0,0,0,0,0,1,0,20241021,20260402
253941,1,1,1,1,0,0,0,20241028,20260402
253942,1,1,1,1,1,1,0,20250201,20300930
253943,1,1,1,1,1,0,0,20250201,20300930
253944,1,1,1,1,1,0,0,20250201,20300930
253945,1,1,1,1,1,0,0,20250201,20300930
253946,1,1,1,1,1,0,0,20250201,20300930
253948,1,1,1,1,1,0,0,20241101,20280930
253953,1,1,1,1,1,1,1,20241101,20280930
253954,1,1,1,1,1,1,1,20241101,20280930
253955,1,1,1,1,1,1,1,20241101,20280930
253966,0,0,0,0,0,0,1,20241101,20270831
253967,1,1,1,1,1,1,0,20241101,20270831
253970,1,1,1,1,1,1,1,20241018,20260402
253971,0,0,0,0,0,1,0,20241018,20260402
253972,1,1,1,1,1,0,0,20241018,20260402
253975,1,1,0,1,1,0,0,20241018,20260402
253977,1,1,0,1,1,0,0,20241018,20260402
253980,0,0,0,0,0,1,0,20241101,20270831
253981,0,0,0,0,0,1,0,20241101,20270831
253982,1,1,1,1,1,0,0,20241018,20260402
253984,1,1,0,1,1,0,0,20241018,20260402
253985,0,0,1,0,0,0,0,20241018,20260402
253986,1,1,1,1,1,0,0,20241018,20260402
253987,1,1,0,1,1,1,1,20241018,20260402
253990,0,0,1,0,0,0,0,20241018,20260402
253991,1,1,1,1,1,0,0,20241101,20300731
253992,0,0,1,0,0,0,0,20241018,20260402
253993,0,0,0,0,0,0,1,20241101,20270831
254000,1,1,1,1,1,0,0,20241021,20290930
254014,1,1,1,1,1,0,0,20241101,20280930
254015,1,1,1,1,1,0,0,20241101,20280930
254016,0,0,0,0,0,1,0,20241101,20260402
254017,0,0,0,0,0,1,0,20241101,20260402
254018,0,0,0,0,0,1,0,20241101,20260402
254019,0,0,0,0,0,1,0,20241101,20260402
254020,0,0,0,0,0,1,0,20241101,20260402
254021,0,0,0,0,0,1,0,20241101,20260402
254030,1,1,1,1,1,0,0,20241101,20250609
254081,1,1,1,1,1,0,0,20241028,20260402
254082,1,1,1,1,1,0,0,20241028,20260402
254083,1,1,1,1,1,0,0,20241028,20260402
254084,1,1,1,1,1,0,0,20241028,20260402
254085,1,1,1,1,1,0,0,20241028,20260402
254086,1,1,1,1,1,0,0,20241028,20260402
254087,1,1,1,1,1,0,0,20241028,20260402
254088,1,1,1,1,1,0,0,20241028,20260402
254089,1,1,1,1,1,0,0,20241028,20260402
254090,1,1,1,1,1,0,0,20241028,20260402
254091,1,1,1,1,1,0,0,20241028,20260402
254092,1,1,1,1,1,0,0,20241028,20260402
254093,1,1,1,1,1,0,0,20241028,20260402
254094,1,1,1,1,1,0,0,20241028,20260402
254095,1,1,1,1,1,0,0,20241028,20260402
254096,1,1,1,1,1,0,0,20241028,20260402
254097,1,1,1,1,1,0,0,20241028,20260402
254098,1,1,1,1,1,0,0,20241028,20260402
254099,1,1,1,1,1,0,0,20241028,20260402
254100,1,1,1,1,1,0,0,20241028,20260402
254101,1,1,1,1,1,0,0,20241028,20260402
254102,1,1,1,1,1,0,0,20241028,20260402
254103,1,1,1,1,1,0,0,20241028,20260402
254104,1,1,1,1,1,0,0,20241028,20260402
254105,1,1,1,1,1,0,0,20241028,20260402
254106,1,1,1,1,1,0,0,20241028,20260402
254107,1,1,1,1,1,0,0,20241028,20260402
254108,1,1,1,1,1,0,0,20241028,20260402
254109,1,1,1,1,1,0,0,20241028,20260402
254112,1,1,1,1,1,0,0,20241028,20260402
254113,1,1,1,1,1,0,0,20241028,20260402
254114,1,1,1,1,1,0,0,20241028,20260402
254115,1,1,1,1,1,0,0,20241028,20260402
254116,1,1,1,1,1,0,0,20241028,20260402
254117,1,1,1,1,1,0,0,20241028,20260402
254118,1,1,1,1,1,0,0,20241028,20260402
254119,1,1,1,1,1,0,0,20241028,20260402
254120,1,1,1,1,1,0,0,20241028,20260402
254121,1,1,1,1,1,0,0,20241028,20260402
254139,0,0,0,0,0,1,0,20241028,20260402
254140,0,0,0,0,0,1,0,20241028,20260402
254141,0,0,0,0,0,1,0,20241028,20260402
254142,0,0,0,0,0,1,0,20241028,20260402
254143,0,0,0,0,0,1,0,20241028,20260402
254144,0,0,0,0,0,1,0,20241028,20260402
254145,0,0,0,0,0,1,0,20241028,20260402
254154,0,0,0,0,0,0,1,20241101,20260402
254155,0,0,0,0,0,0,1,20241101,20260402
254156,0,0,0,0,0,0,1,20241101,20260402
254157,0,0,0,0,0,0,1,20241101,20260402
254158,0,0,0,0,0,0,1,20241101,20260402
254174,1,1,1,1,1,0,0,20250414,20250417
254212,1,1,1,1,1,0,0,20241021,20250609
254220,1,1,1,1,1,1,1,20241028,20300331
254222,1,1,1,1,1,0,0,20241028,20300331
254228,1,1,1,1,1,0,0,20241021,20250609
254229,1,1,1,1,1,1,1,20241028,20300331
254233,1,1,1,1,1,0,0,20241021,20250609
254234,1,1,1,1,1,0,0,20241021,20250609
254235,1,1,1,1,1,0,0,20241028,20260402
254237,1,1,1,1,1,0,0,20241021,20250609
254239,0,0,0,0,0,1,1,20241101,20280930
254251,1,1,1,1,1,1,0,20241028,20290930
254252,1,1,1,1,1,1,0,20241028,20290930
254253,1,1,1,1,1,1,0,20241028,20290930
254254,1,1,1,1,1,1,0,20241028,20290930
254255,1,1,1,1,1,0,0,20241028,20260402
254256,1,1,1,1,1,0,0,20241028,20260402
254257,0,0,0,0,0,1,1,20241028,20260402
254258,1,1,1,1,1,0,0,20241028,20260402
254259,1,1,1,1,1,0,0,20241028,20260402
254260,1,1,1,1,1,0,0,20241028,20260402
254261,1,1,1,1,1,0,0,20241028,20260402
254262,1,1,1,1,1,0,0,20241028,20260402
254263,1,1,1,1,1,0,0,20241028,20260402
254264,1,1,1,1,1,0,0,20241028,20260402
254265,0,0,0,0,0,1,1,20241028,20260402
254266,0,0,0,0,0,1,1,20241028,20260402
254267,1,1,1,1,1,0,0,20241028,20260402
254268,1,1,1,1,1,0,0,20241028,20260402
254269,0,0,0,0,0,1,1,20241028,20260402
254270,1,1,1,1,1,0,0,20241028,20260402
254271,1,1,1,1,1,0,0,20241028,20260402
254272,1,1,1,1,1,0,0,20241028,20260402
254273,0,0,0,0,0,1,1,20241028,20260402
254274,1,1,1,1,1,0,0,20241028,20260402
254275,1,1,1,1,1,0,0,20241028,20260402
254276,0,0,0,0,0,1,1,20241028,20260402
254277,0,0,0,0,0,1,1,20241028,20260402
254278,0,0,0,0,0,1,1,20241028,20260402
254279,0,0,0,0,0,1,1,20241028,20260402
254280,0,1,0,0,0,0,0,20250201,20300930
254281,0,0,0,0,0,1,0,20241101,20260402
254282,0,0,0,0,0,1,0,20241101,20260402
254283,0,0,0,0,0,1,0,20241101,20260402
254284,0,0,0,0,0,1,0,20241101,20260402
254285,0,0,0,0,0,1,0,20241101,20260402
254286,0,0,0,0,0,1,0,20241101,20260402
254287,0,0,0,0,0,1,0,20241101,20260402
254288,0,0,0,0,0,1,0,20241101,20260402
254289,0,0,0,0,0,1,0,20241101,20260402
254290,0,0,0,0,0,1,0,20241101,20260402
254291,0,0,0,0,0,1,0,20241101,20260402
254292,1,1,1,1,1,0,0,20241101,20260402
254293,1,1,1,1,1,0,0,20241101,20260402
254294,1,1,1,1,1,0,0,20241101,20260402
254295,1,1,1,1,1,0,0,20241101,20260402
254296,1,1,1,1,1,0,0,20241101,20260402
254297,1,1,1,1,1,0,0,20241101,20260402
254303,1,1,1,1,1,0,0,20241101,20260402
254304,1,1,1,1,1,0,0,20241101,20260402
254307,0,0,0,0,0,0,1,20241028,20250430
254308,0,1,0,0,0,0,0,20250201,20300930
254309,1,1,1,1,1,0,0,20250201,20300930
254312,1,1,1,1,1,0,0,20241101,20280930
254313,1,1,1,1,1,0,0,20250201,20300930
254314,1,1,1,1,1,1,1,20250201,20300930
254315,1,1,1,1,1,1,1,20250201,20300930
254316,1,1,1,1,1,1,1,20250201,20300930
254317,1,1,1,1,1,1,1,20250201,20300930
254320,1,1,1,1,1,0,0,20241101,20250930
254321,0,0,0,0,0,1,0,20241101,20250531
254324,1,1,1,1,1,1,1,20250201,20290630
254325,1,1,1,1,1,1,1,20250201,20290630
254326,1,1,1,1,1,0,1,20250201,20290630
254327,1,1,1,1,1,1,0,20250201,20290630
254329,1,1,1,1,1,0,0,20250201,20300930
254333,0,0,0,0,0,1,1,20250201,20300930
254341,0,0,0,0,0,1,1,20250201,20300930
254353,1,1,1,1,1,0,0,20241101,20260402
254354,1,1,1,1,1,0,0,20241101,20260402
254355,1,1,1,1,1,0,0,20241101,20260402
254356,1,1,1,1,1,0,0,20241101,20260402
254357,1,1,1,1,1,0,0,20241101,20260402
254358,1,1,1,1,1,0,0,20241101,20260402
254359,1,1,1,1,1,0,0,20241101,20260402
254361,0,0,0,0,0,1,0,20250201,20300930
254362,1,1,1,1,1,0,0,20250201,20300930
254364,0,0,0,0,0,1,0,20250407,20260402
254365,0,0,0,0,0,0,1,20250407,20260402
254373,1,1,1,1,1,0,0,20241028,20260402
254374,1,1,1,1,1,0,0,20241028,20260402
254375,1,1,1,1,1,0,0,20250101,20321231
254383,0,0,0,0,0,1,1,20241101,20260402
254384,0,0,0,0,0,1,1,20241101,20260402
254385,0,0,0,0,0,1,1,20241101,20260402
254386,1,1,1,1,1,0,0,20241101,20260402
254391,1,1,1,1,1,0,0,20241101,20260402
254392,1,1,1,1,1,0,0,20241101,20260402
254393,1,1,1,1,1,0,0,20241101,20260402
254394,1,1,1,1,1,0,0,20241101,20260402
254395,1,1,1,1,1,0,0,20241101,20260402
254396,1,1,1,1,1,0,0,20241101,20260402
254397,0,0,0,0,0,1,0,20241101,20260402
254398,0,0,0,0,0,1,0,20241101,20260402
254399,0,0,0,0,0,1,0,20241101,20260402
254400,0,0,0,0,0,1,0,20241101,20260402
254405,1,1,1,1,1,0,0,20241028,20260402
254409,1,1,1,1,1,1,0,20241028,20260402
254413,1,1,1,1,1,1,1,20241028,20260402
254414,1,1,1,1,1,0,0,20241028,20260402
254415,1,1,1,1,1,0,0,20241028,20260402
254416,1,1,1,1,1,0,0,20241028,20260402
254423,0,0,0,0,0,1,1,20241028,20260402
254424,0,0,0,0,0,1,1,20241028,20260402
254425,0,0,0,0,0,1,1,20241028,20260402
254428,1,1,1,1,1,1,1,20241028,20260402
254432,1,1,1,1,1,0,0,20241028,20260402
254436,0,0,0,0,0,1,1,20241028,20260402
254439,1,1,1,1,1,0,0,20241028,20260402
254440,1,1,1,1,1,0,0,20241028,20260402
254443,1,1,1,1,1,0,0,20250407,20260402
254444,1,1,1,1,1,0,0,20250407,20260402
254445,1,1,1,1,1,0,0,20250407,20260402
254446,1,1,1,1,1,0,0,20250407,20260402
254447,0,0,0,0,0,1,1,20250407,20260402
254448,0,0,0,0,0,1,1,20250407,20260402
254475,1,1,0,1,0,0,0,20241101,20300331
254476,0,0,1,0,1,0,0,20241101,20300331
254477,1,1,1,1,1,1,0,20241101,20300331
254478,1,1,1,1,1,0,0,20241101,20300331
254479,1,1,1,1,1,1,1,20241101,20250609
254480,1,1,1,1,1,1,1,20241101,20300331
254481,1,1,1,1,1,1,1,20241101,20300331
254495,0,0,1,0,1,0,0,20241101,20300331
254497,1,0,0,1,0,0,0,20241101,20250609
254534,1,1,1,1,1,0,0,20241104,20260402
254535,1,1,1,1,1,0,0,20241104,20260402
254536,1,1,1,1,1,0,0,20241104,20260402
254537,1,1,1,1,1,0,0,20241104,20260402
254542,1,1,1,1,1,0,0,20241101,20260402
254543,1,1,1,1,1,0,0,20241101,20260402
254544,1,1,1,1,1,0,0,20241101,20260402
254545,1,1,1,1,1,0,0,20241101,20260402
254546,1,1,1,1,1,0,0,20241101,20260402
254547,1,1,1,1,1,1,1,20241101,20260402
254548,1,1,1,1,1,0,0,20241101,20260402
254560,1,1,1,1,1,1,1,20241201,20280930
254561,1,1,1,1,1,0,0,20241201,20280930
254562,1,1,1,1,1,0,0,20241201,20280930
254563,0,0,0,0,0,1,1,20241201,20280930
254564,0,0,0,0,0,1,1,20241201,20280930
254567,1,1,1,1,1,0,0,20241201,20280930
254568,1,1,1,1,1,1,1,20250401,20250531
254581,0,0,0,0,0,0,1,20241101,20260402
254582,0,0,0,0,0,0,1,20241101,20260402
254583,0,0,0,0,0,0,1,20241101,20260402
254584,0,0,0,0,0,0,1,20241101,20260402
254585,1,1,1,1,1,0,0,20250201,20300930
254604,1,1,1,1,1,0,0,20241101,20300630
254605,1,1,1,1,1,0,0,20241101,20300630
254606,1,1,1,1,1,0,0,20241101,20300630
254607,1,1,1,1,1,0,0,20241101,20300630
254611,1,1,1,1,0,0,0,20241101,20260402
254612,1,1,1,1,0,0,0,20241101,20260402
254613,0,0,0,0,1,0,0,20250106,20260402
254614,1,1,1,1,1,0,0,20241101,20260402
254615,1,1,1,1,1,0,0,20250225,20260402
254616,1,1,1,1,1,0,0,20250225,20260402
254617,1,1,1,1,1,0,0,20250225,20260402
254618,1,1,1,1,1,0,0,20250225,20260402
254619,1,1,1,1,1,0,0,20250225,20260402
254620,1,1,1,1,1,0,0,20250225,20260402
254621,1,1,1,1,1,0,0,20250225,20260402
254622,1,1,1,1,1,0,0,20250225,20260402
254635,0,0,0,0,0,1,1,20241101,20260402
254636,1,1,1,1,1,0,0,20241101,20300331
254637,1,1,1,1,1,0,0,20241101,20300331
254638,1,1,1,1,1,0,0,20241101,20300331
254639,1,1,1,1,1,0,0,20241101,20300331
254640,1,1,1,1,1,0,0,20241101,20300331
254641,1,1,1,1,1,0,0,20241101,20300331
254642,0,0,0,0,0,1,1,20241101,20300331
254643,0,0,0,0,0,1,1,20241101,20300331
254644,0,0,0,0,0,1,1,20241101,20300331
254645,0,0,0,0,0,1,1,20241101,20300331
254646,0,0,0,0,0,1,1,20241101,20300331
254647,0,0,0,0,0,1,1,20241101,20300331
254648,0,0,0,0,0,1,1,20241101,20300331
254649,0,0,0,0,0,1,1,20241101,20300331
254650,0,0,0,0,0,1,1,20241101,20300331
254774,1,1,1,1,1,1,1,20241101,20300630
254778,1,1,1,1,1,0,0,20241101,20300630
254779,1,1,1,1,1,0,0,20241101,20300630
254947,1,1,1,1,1,0,0,20241101,20300331
254950,1,1,1,1,1,0,0,20250303,20260402
254963,1,1,1,1,1,0,0,20250303,20260402
254964,0,0,0,0,0,1,0,20250303,20260402
254965,0,0,0,0,0,1,0,20250303,20260402
254966,0,0,0,0,0,0,1,20250303,20260402
254967,1,1,1,1,1,0,0,20250101,20280930
254971,1,1,1,1,1,1,1,20250101,20280930
254972,1,1,1,1,1,1,1,20250101,20280930
254973,1,1,1,1,1,1,1,20250101,20280930
254977,1,1,1,1,1,1,1,20241101,20300731
254978,1,1,1,1,1,1,1,20241101,20300630
254979,1,1,1,1,1,0,0,20241101,20300630
254980,0,0,0,0,0,1,1,20241101,20300630
254981,1,1,1,1,1,1,1,20241101,20300630
254982,1,1,1,1,1,0,0,20241101,20300630
254984,1,1,1,1,1,1,1,20241101,20300630
254985,0,0,0,0,0,1,1,20241101,20300630
254986,0,0,0,0,0,1,1,20241101,20300630
254987,1,1,1,1,1,1,1,20241101,20300630
255026,1,1,1,1,1,0,0,20241202,20260402
255027,1,1,1,1,1,0,0,20241202,20260402
255028,1,1,1,1,1,0,0,20241202,20260402
255031,0,1,1,1,0,0,0,20250101,20280930
255046,1,1,1,1,1,0,1,20250101,20280930
255082,0,0,0,0,1,1,1,20250101,20280930
255083,0,0,0,0,1,1,0,20250101,20280930
255089,1,1,1,1,1,0,0,20250106,20260402
255090,1,1,1,1,1,0,0,20250106,20260402
255091,1,1,1,1,1,0,0,20250106,20260402
255092,1,1,1,1,1,0,0,20250106,20260402
255093,1,1,1,1,1,0,0,20250106,20260402
255096,1,1,1,1,1,0,0,20250106,20260402
255097,1,1,1,1,1,0,0,20241104,20260402
255111,1,1,0,1,1,0,0,20250101,20280930
255112,0,0,0,0,0,0,1,20250101,20280930
255129,1,1,1,1,1,1,0,20250201,20300930
255130,1,1,1,1,1,0,0,20241104,20260402
255131,1,1,1,1,1,0,0,20241104,20260402
255132,0,0,0,0,0,1,1,20241104,20260402
255144,1,1,1,1,1,0,0,20241201,20260402
255145,1,1,1,1,1,0,0,20241201,20260402
255146,1,1,1,1,1,0,0,20241201,20260402
255147,1,1,1,1,1,0,0,20241201,20260402
255148,1,1,1,1,1,0,0,20241201,20260402
255149,1,1,1,1,1,0,0,20241201,20260402
255150,1,1,1,1,1,0,0,20241201,20260402
255151,1,1,1,1,1,0,0,20241201,20260402
255152,1,1,1,1,1,0,0,20241201,20260402
255153,1,1,1,1,1,0,0,20241201,20260402
255154,1,1,1,1,1,0,0,20241201,20260402
255155,1,1,1,1,1,0,0,20241201,20260402
255175,1,1,1,1,1,0,0,20250101,20280930
255176,1,1,1,1,1,0,0,20250101,20280930
255177,0,0,0,0,0,1,1,20250101,20280930
255178,1,1,1,1,1,0,0,20250101,20280930
255181,1,1,1,1,1,0,0,20250101,20280930
255218,0,0,0,0,1,1,1,20250101,20280930
255219,1,1,1,1,0,0,0,20250101,20280930
255220,1,1,1,1,1,1,0,20250101,20280930
255221,0,0,0,0,0,1,1,20250101,20280930
255225,1,1,1,1,1,0,0,20250101,20280930
255227,1,1,1,1,1,1,1,20250101,20280930
255228,1,1,1,1,1,1,1,20250101,20280930
255229,1,1,1,1,1,1,1,20250101,20280930
255232,1,1,1,1,1,1,1,20241010,20290916
255238,1,1,1,1,1,0,0,20250101,20280930
255239,0,0,0,0,0,0,1,20250101,20280930
255240,1,1,1,1,1,1,0,20250101,20280930
255241,1,1,1,1,1,1,1,20241201,20291201
255242,1,1,1,1,1,1,1,20241201,20291201
255243,1,1,1,1,1,1,1,20241201,20291201
255244,1,1,1,1,1,1,1,20241201,20291201
255245,1,1,1,1,1,0,0,20250101,20280930
255246,1,1,1,1,1,1,1,20250101,20280930
255247,1,1,1,1,1,1,0,20250101,20280930
255248,0,0,0,0,0,1,1,20250101,20280930
255249,0,1,0,0,0,1,0,20250101,20280930
255250,1,0,1,1,1,0,1,20250101,20280930
255251,1,1,1,1,1,0,0,20250101,20280930
255252,1,1,1,1,1,0,0,20250101,20280930
255256,1,1,1,1,1,1,1,20250101,20280930
255257,1,1,1,1,1,1,1,20250101,20280930
255262,1,1,1,1,1,1,1,20250101,20280930
255266,1,1,1,1,1,0,0,20241101,20300731
255278,1,1,1,1,1,0,0,20250407,20260402
255279,0,0,0,0,0,1,1,20250407,20260402
255280,1,1,1,1,1,0,0,20250407,20260402
255281,1,1,1,1,1,0,0,20250407,20260402
255282,0,0,0,0,0,1,1,20250407,20260402
255283,0,0,0,0,0,1,1,20250407,20260402
255286,1,1,1,1,1,1,0,20241201,20280930
255287,1,1,1,1,1,1,1,20241201,20280930
255290,1,1,1,1,1,1,1,20241201,20280930
255293,1,1,1,1,1,1,1,20241201,20280930
255294,1,1,1,1,1,1,1,20241201,20280930
255296,1,1,1,1,1,1,1,20241201,20280930
255299,1,1,1,1,1,1,1,20241201,20251214
255307,1,1,1,1,1,0,0,20250106,20260402
255308,1,1,1,1,1,0,0,20250106,20260402
255309,1,1,1,1,1,0,0,20250106,20260402
255310,1,1,1,1,1,0,0,20250106,20260402
255330,0,0,1,0,1,0,0,20241118,20300630
255331,0,0,0,0,0,0,1,20241118,20300630
255332,0,0,0,0,0,1,0,20241118,20300630
255333,0,0,0,0,1,0,0,20241118,20300630
255335,0,0,0,0,0,1,1,20241118,20300630
255336,0,0,1,0,0,0,0,20241118,20300630
255344,0,0,0,0,0,1,0,20250101,20280930
255345,0,0,0,0,0,0,1,20250101,20280930
255356,1,1,1,1,1,0,0,20241101,20300731
255375,1,1,1,1,1,1,1,20250414,20290413
255376,1,1,1,1,1,1,1,20250201,20300930
255395,1,1,1,1,1,1,1,20241201,20280930
255400,1,1,1,1,1,1,1,20241111,20260402
255401,1,1,1,1,1,1,1,20241111,20260402
255411,0,0,0,0,0,1,1,20250101,20280930
255426,1,1,1,1,1,1,0,20250201,20290630
255427,1,1,1,1,1,1,0,20250201,20300930
255428,1,1,1,1,1,0,0,20250201,20290630
255442,1,1,1,1,1,1,1,20250201,20300930
255443,1,1,1,1,1,1,1,20250201,20300930
255444,1,1,1,1,1,1,1,20250201,20300930
255445,1,1,1,1,1,0,0,20241201,20280930
255446,1,1,1,1,1,0,0,20250201,20300930
255447,1,1,1,1,1,0,0,20241201,20280930
255448,1,1,1,1,1,1,0,20241201,20280930
255449,0,0,0,0,0,0,1,20241201,20280930
255450,1,1,1,1,1,1,1,20250201,20300930
255451,1,1,1,1,1,1,1,20241201,20280930
255452,1,1,1,1,1,0,0,20250201,20300930
255453,1,1,1,1,1,1,1,20241201,20280930
255460,1,1,1,1,1,1,0,20241201,20280930
255461,1,1,1,1,1,0,0,20250201,20300930
255463,1,1,1,1,1,0,0,20250201,20300930
255464,1,1,1,1,1,1,0,20241201,20280930
255480,1,1,1,1,1,0,0,20241201,20280930
255488,1,1,1,1,1,0,0,20250201,20300930
255489,1,1,1,1,1,1,1,20241201,20280930
255492,1,1,1,1,1,1,1,20241201,20280930
255493,1,1,1,1,1,1,1,20241201,20280930
255494,0,0,0,0,0,1,1,20241201,20280930
255502,1,1,1,1,1,0,0,20241201,20280930
255503,1,1,1,1,1,1,1,20241201,20250531
255517,1,1,1,1,1,1,0,20250201,20300930
255518,1,1,1,1,1,0,0,20250201,20300930
255519,1,1,1,1,1,1,0,20250201,20300930
255520,1,1,1,1,1,1,1,20250201,20300930
255529,0,0,0,0,0,1,0,20250201,20300930
255531,1,1,1,1,1,0,0,20250201,20300930
255532,1,1,1,1,1,1,1,20250201,20300930
255533,1,1,1,1,1,1,1,20250201,20300930
255534,1,1,1,1,1,1,1,20250201,20300930
255535,1,1,1,1,1,1,1,20250201,20300930
255536,1,1,1,1,1,1,1,20250201,20300930
255537,1,1,1,1,1,0,0,20250201,20300930
255538,1,1,1,1,1,1,1,20250201,20300930
255539,1,1,1,1,1,1,1,20250201,20300930
255540,1,1,1,1,1,0,1,20250201,20300930
255541,1,1,1,1,1,0,1,20250201,20300930
255542,1,1,1,1,1,0,1,20250201,20300930
255543,1,1,1,1,1,0,1,20250201,20300930
255544,1,1,1,1,1,0,0,20250201,20300930
255545,1,1,1,1,1,1,1,20250201,20300930
255546,1,1,1,1,1,1,1,20250201,20300930
255548,1,1,1,1,1,0,0,20250201,20300930
255549,1,1,1,1,1,1,0,20250201,20300930
255550,1,1,1,1,1,0,0,20250201,20300930
255551,1,1,1,1,1,0,0,20250201,20300930
255552,0,0,0,0,1,0,1,20250201,20300930
255553,0,0,0,0,1,0,1,20250201,20300930
255554,1,1,1,1,1,1,1,20250201,20300930
255555,1,1,1,1,1,1,1,20250201,20300930
255557,1,1,1,1,1,1,1,20250201,20300930
255558,0,0,0,0,0,1,1,20250201,20300930
255560,1,1,1,1,1,1,1,20250201,20300930
255561,1,1,1,1,1,1,1,20250201,20300930
255562,1,1,1,1,1,0,0,20250201,20300930
255563,1,1,1,1,1,0,0,20250201,20300930
255564,1,1,1,1,1,1,0,20250201,20300930
255589,1,1,1,1,1,1,1,20241201,20280930
255607,1,1,1,1,1,0,0,20250201,20300930
255608,1,1,1,1,1,0,0,20250201,20290630
255609,1,1,1,1,1,0,0,20250201,20290630
255629,1,1,1,1,1,0,0,20250101,20260402
255648,1,1,1,1,1,0,0,20241114,20260402
255650,1,1,1,1,1,0,0,20241114,20250612
255651,1,1,1,1,1,1,1,20241114,20260402
255655,1,1,1,1,1,0,0,20241114,20260402
255671,0,0,0,0,0,1,1,20241101,20250601
255674,1,1,1,1,1,0,1,20250201,20300930
255675,0,0,0,0,0,1,1,20241201,20300331
255677,1,1,1,1,1,1,1,20241201,20300331
255678,1,1,1,1,1,0,0,20241201,20300331
255692,0,0,0,0,0,0,1,20241206,20291205
255693,0,0,0,0,1,0,1,20241206,20291205
255755,1,1,1,1,1,0,0,20241201,20260402
255756,1,1,1,1,1,0,0,20241201,20260402
255757,1,1,1,1,1,0,0,20241201,20260402
255758,1,1,1,1,1,0,0,20241201,20260402
255759,1,1,1,1,1,0,0,20241201,20260402
255760,1,1,1,1,1,0,0,20241201,20260402
255768,0,0,0,0,0,1,0,20241201,20260402
255769,0,0,0,0,0,1,0,20241201,20260402
255770,0,0,0,0,0,1,0,20241201,20260402
255771,0,0,0,0,0,1,0,20241201,20260402
255772,0,0,0,0,0,1,0,20241201,20260402
255776,1,1,1,1,1,0,0,20241201,20260402
255777,1,1,1,1,1,0,0,20241201,20260402
255778,1,1,1,1,1,0,0,20241201,20260402
255779,1,1,1,1,1,0,0,20241201,20260402
255780,1,1,1,1,1,0,0,20241201,20260402
255781,1,1,1,1,1,0,0,20241201,20260402
255782,1,1,1,1,1,0,0,20241201,20260402
255783,1,1,1,1,1,0,0,20241201,20260402
255785,0,0,0,0,0,1,0,20241201,20260402
255786,0,0,0,0,0,1,0,20241201,20260402
255787,0,0,0,0,0,1,0,20241201,20260402
255788,0,0,0,0,0,1,0,20241201,20260402
255789,1,1,1,1,1,0,0,20241201,20300331
255790,1,1,1,1,1,1,1,20241201,20300331
255791,1,1,1,1,1,0,0,20241201,20300331
255793,1,1,1,1,1,1,1,20241201,20300331
255794,1,1,1,1,1,1,1,20241201,20300331
255795,1,1,1,1,1,0,0,20241201,20300331
255796,0,0,0,0,0,0,1,20241201,20260402
255797,0,0,0,0,0,0,1,20241201,20260402
255798,0,0,0,0,0,0,1,20241201,20260402
255799,0,0,0,0,0,0,1,20241201,20260402
255800,0,0,0,0,0,0,1,20241201,20260402
255801,0,0,0,0,0,0,1,20241201,20260402
255802,0,0,0,0,0,0,1,20241201,20260402
255803,0,0,0,0,0,0,1,20241201,20260402
255804,0,0,0,0,0,0,1,20241201,20260402
255805,0,0,0,0,0,1,0,20241201,20260402
255806,0,0,0,0,0,1,0,20241201,20260402
255807,0,0,0,0,0,1,0,20241201,20260402
255808,0,0,0,0,0,1,0,20241201,20260402
255809,0,0,0,0,0,1,0,20241201,20260402
255810,0,0,0,0,0,1,0,20241201,20260402
255811,0,0,0,0,0,1,0,20241201,20260402
255812,0,0,0,0,0,1,0,20241201,20260402
255813,0,0,0,0,0,1,0,20241201,20260402
255814,1,1,1,1,1,0,0,20241201,20260402
255815,1,1,1,1,1,0,0,20241201,20260402
255816,1,1,1,1,1,0,0,20241201,20260402
255817,1,1,1,1,1,0,0,20241201,20260402
255818,1,1,1,1,1,0,0,20241201,20260402
255819,1,1,1,1,1,0,0,20241201,20260402
255820,1,1,1,1,1,0,0,20241201,20260402
255821,1,1,1,1,1,0,0,20241201,20260402
255822,1,1,1,1,1,0,0,20241201,20260402
255823,1,1,1,1,1,0,0,20241201,20260402
255824,1,1,1,1,1,0,0,20241201,20260402
255825,1,1,1,1,1,0,0,20241201,20260402
255826,1,1,1,1,1,0,0,20241201,20260402
255827,1,1,1,1,1,0,0,20241015,20250414
255828,0,0,0,0,0,1,1,20241015,20250414
255831,1,1,1,1,1,0,0,20241201,20260402
255832,0,0,0,0,0,1,1,20241201,20260402
255833,0,0,0,0,0,1,1,20241201,20260402
255834,1,1,1,1,1,0,0,20241201,20260402
255838,1,1,1,1,1,0,0,20250201,20260402
255843,0,0,0,0,0,0,1,20241201,20260402
255844,0,0,0,0,0,0,1,20241201,20260402
255845,0,0,0,0,0,0,1,20241201,20260402
255846,0,0,0,0,0,0,1,20241201,20260402
255847,0,0,0,0,0,0,1,20241201,20260402
255907,1,1,1,1,1,0,0,20241201,20260402
256098,1,1,1,1,1,0,0,20241201,20260402
256107,1,1,1,1,1,0,0,20241201,20260402
256108,0,0,0,0,0,1,1,20241201,20260402
256110,0,0,0,0,0,0,1,20241201,20250609
256111,0,0,0,0,0,1,0,20241201,20250609
256112,0,0,0,0,1,0,0,20241201,20250609
256113,1,1,1,1,0,0,0,20241201,20250609
256114,1,0,1,0,1,0,0,20241201,20260402
256115,0,1,0,1,0,0,0,20241201,20260402
256117,1,1,1,1,1,0,0,20241201,20250609
256118,0,0,0,0,0,0,1,20250201,20260402
256135,1,1,1,1,1,0,0,20250201,20260402
256159,1,1,1,1,1,0,0,20241202,20260402
256160,1,1,1,1,1,0,0,20241202,20260402
256240,0,0,0,0,0,1,0,20241201,20260402
256242,0,0,0,0,1,0,0,20241201,20250621
256243,1,1,1,1,0,1,1,20241201,20250630
256244,0,0,0,0,0,1,1,20241201,20250621
256245,1,1,1,1,1,1,1,20241201,20250621
256246,1,1,1,1,1,0,0,20241201,20250621
256264,0,0,0,0,0,1,0,20250201,20260402
256277,0,0,0,0,0,0,1,20241201,20260402
256299,0,0,0,0,0,0,1,20241201,20260402
256300,0,0,0,0,0,0,1,20241201,20260402
256301,0,0,0,0,0,0,1,20241201,20260402
256302,0,0,0,0,0,0,1,20241201,20260402
256325,1,1,1,1,1,1,0,20250101,20280930
256565,0,0,0,0,1,1,0,20250105,20250615
256595,1,1,1,1,1,0,0,20250105,20250615
256605,0,0,0,0,1,0,0,20250101,20280930
256608,1,1,1,1,1,1,1,20241202,20260402
256609,1,1,1,1,1,1,0,20241202,20260402
256610,1,1,1,1,1,0,0,20241202,20260402
256613,1,1,1,1,1,0,0,20241202,20260402
256614,0,0,0,0,0,1,1,20241202,20260402
256615,1,1,1,1,1,0,0,20241202,20260402
256616,1,1,1,1,1,0,0,20241202,20260402
256618,0,0,1,0,0,0,0,20241202,20260402
256619,1,1,1,1,1,0,0,20241202,20260402
256620,1,1,1,1,1,0,0,20241202,20260402
256621,1,1,1,1,1,0,0,20241202,20260402
256702,1,1,1,1,1,1,1,20241114,20250430
256733,1,1,1,1,1,1,1,20241216,20260630
256734,1,1,1,1,1,1,1,20241216,20260630
256735,0,0,0,0,1,1,1,20241216,20250615
256760,1,1,1,1,1,0,0,20250106,20260402
256761,1,1,1,1,1,0,0,20250106,20260402
256762,1,1,1,1,1,0,0,20250201,20290630
256785,1,1,1,1,1,1,0,20250201,20300930
256786,1,1,1,1,1,0,0,20250201,20300930
256787,1,1,1,1,1,0,0,20250201,20300930
256788,0,0,0,0,0,1,1,20250201,20300930
256789,1,0,1,0,1,0,0,20250201,20300930
256790,1,1,1,1,1,0,0,20250101,20280930
256791,1,1,1,1,1,0,0,20250201,20290630
256792,1,1,1,1,1,0,0,20250201,20260402
256794,1,1,1,1,1,0,0,20250201,20260402
256795,1,1,1,1,1,0,0,20250201,20260402
256796,1,1,1,1,1,0,0,20250201,20260402
256798,1,1,1,1,1,0,0,20250101,20280930
256799,1,1,1,1,0,0,0,20250201,20290630
256800,1,1,1,1,1,1,1,20250101,20280930
256801,0,0,0,0,1,0,0,20250201,20290630
256894,0,0,0,0,0,1,1,20250201,20260402
256896,1,1,1,1,1,0,0,20250201,20300930
256897,1,1,1,1,1,0,0,20250201,20300930
256933,1,1,1,1,1,0,0,20250201,20260402
256934,0,0,0,0,0,1,0,20250201,20260402
256955,1,1,1,1,1,1,1,20241205,20260402
257080,1,1,1,1,1,1,0,20250101,20280930
257083,0,0,0,0,1,0,0,20250101,20250430
257084,0,0,0,0,1,0,0,20250101,20250430
257085,0,0,1,0,0,0,0,20250101,20250430
257086,0,0,0,0,0,0,1,20250101,20250430
257111,0,0,0,0,0,1,0,20250101,20280930
257112,1,1,1,1,1,1,1,20250101,20280930
257114,0,0,0,0,0,0,1,20250101,20280930
257117,0,0,0,0,0,0,1,20250406,20250413
257118,1,1,1,1,1,0,0,20250106,20260402
257119,1,1,1,1,1,0,0,20250106,20260402
257121,1,1,1,1,1,0,0,20250106,20260402
257122,1,1,1,1,1,0,0,20250106,20260402
257123,1,1,1,1,1,0,0,20250106,20260402
257124,1,1,1,1,1,0,0,20250106,20260402
257125,1,1,1,1,1,0,0,20250106,20260402
257126,1,1,1,1,1,0,0,20250106,20260402
257127,1,1,1,1,1,0,0,20250106,20260402
257128,1,1,1,1,1,0,0,20250106,20260402
257129,1,1,1,1,1,0,0,20250106,20260402
257130,1,1,1,1,1,1,0,20250101,20280930
257133,1,1,1,1,1,0,0,20250101,20280930
257138,1,1,1,1,1,0,0,20250106,20260402
257139,1,1,1,1,1,0,0,20250106,20260402
257140,1,1,1,1,1,0,0,20250106,20260402
257141,1,1,1,1,1,0,0,20250106,20260402
257142,1,1,1,1,1,0,0,20250106,20260402
257167,1,1,1,1,1,1,1,20250101,20280930
257168,1,1,1,1,1,0,0,20250101,20280930
257169,1,1,1,1,1,1,1,20250101,20280930
257170,1,1,1,1,1,1,1,20250101,20280930
257210,1,1,1,1,1,1,1,20250101,20280930
257211,1,1,1,1,1,1,1,20250101,20280930
257212,1,1,1,1,1,1,1,20250101,20280930
257213,1,1,1,1,1,1,1,20250101,20280930
257214,1,1,1,1,1,1,1,20250101,20280930
257215,1,1,1,1,1,1,1,20250101,20280930
257216,1,1,1,1,1,1,1,20250101,20280930
257217,1,1,1,1,1,1,1,20250101,20280930
257218,1,1,1,1,1,1,1,20250101,20280930
257229,1,1,1,1,1,0,0,20250101,20280930
257230,0,0,0,0,0,1,1,20250101,20280930
257234,1,1,1,1,1,0,0,20250101,20280930
257235,1,1,1,1,1,0,0,20250101,20280930
257263,1,1,1,1,1,0,0,20250101,20280930
257303,0,0,0,0,0,0,1,20250106,20260402
257304,0,0,0,0,0,0,1,20250106,20260402
257305,0,0,0,0,0,0,1,20250106,20260402
257306,0,0,0,0,0,0,1,20250106,20260402
257307,0,0,0,0,0,0,1,20250106,20260402
257308,0,0,0,0,0,0,1,20250106,20260402
257309,0,0,0,0,0,0,1,20250106,20260402
257310,0,0,0,0,0,0,1,20250106,20260402
257311,0,0,0,0,0,0,1,20250106,20260402
257312,0,0,0,0,0,0,1,20250106,20260402
257321,0,0,0,0,0,0,1,20250106,20260402
257322,0,0,0,0,0,0,1,20250106,20260402
257323,0,0,0,0,0,0,1,20250106,20260402
257324,0,0,0,0,0,0,1,20250106,20260402
257325,0,0,0,0,0,0,1,20250106,20260402
257326,0,0,0,0,0,0,1,20250106,20260402
257327,0,0,0,0,0,0,1,20250106,20260402
257328,0,0,0,0,0,0,1,20250106,20260402
257329,0,0,0,0,0,0,1,20250106,20260402
257330,0,0,0,0,0,0,1,20250106,20260402
257331,0,0,0,0,0,0,1,20250106,20260402
257332,0,0,0,0,0,0,1,20250106,20260402
257333,0,0,0,0,0,0,1,20250106,20260402
257334,0,0,0,0,0,0,1,20250106,20260402
257335,0,0,0,0,0,0,1,20250106,20260402
257336,1,1,1,1,1,0,0,20250106,20260402
257337,1,1,1,1,1,0,0,20250106,20260402
257338,1,1,1,1,1,0,0,20250106,20260402
257339,1,1,1,1,1,0,0,20250106,20260402
257341,1,1,1,1,1,0,0,20250106,20260402
257342,1,1,1,1,1,0,0,20250106,20260402
257343,1,1,1,1,1,0,0,20250106,20260402
257344,1,1,1,1,1,0,0,20250106,20260402
257345,1,0,1,0,1,0,0,20250106,20260402
257346,1,0,1,0,1,0,0,20250106,20260402
257347,1,0,1,0,1,0,0,20250106,20260402
257348,1,0,1,0,1,0,0,20250106,20260402
257349,1,0,1,0,1,0,0,20250106,20260402
257350,0,1,0,1,0,0,0,20250106,20260402
257351,0,1,0,1,0,0,0,20250106,20260402
257352,0,1,0,1,0,0,0,20250106,20260402
257354,1,0,1,0,1,0,0,20250106,20260402
257355,1,0,1,0,1,0,0,20250106,20260402
257356,1,0,1,0,1,0,0,20250106,20260402
257357,1,0,1,0,1,0,0,20250106,20260402
257358,1,0,1,0,1,0,0,20250106,20260402
257359,1,0,1,0,1,0,0,20250106,20260402
257360,1,0,1,0,1,0,0,20250106,20260402
257361,0,1,0,1,0,0,0,20250106,20260402
257362,0,1,0,1,0,0,0,20250106,20260402
257363,0,1,0,1,0,0,0,20250106,20260402
257364,0,1,0,1,0,0,0,20250106,20260402
257365,0,1,0,1,0,0,0,20250106,20260402
257366,1,0,1,0,1,0,0,20250106,20260402
257367,1,0,1,0,1,0,0,20250106,20260402
257368,1,0,1,0,1,0,0,20250106,20260402
257369,1,0,1,0,1,0,0,20250106,20260402
257370,1,0,1,0,1,0,0,20250106,20260402
257371,0,1,0,1,0,0,0,20250106,20260402
257372,0,1,0,1,0,0,0,20250106,20260402
257373,0,1,0,1,0,0,0,20250106,20260402
257374,0,1,0,1,0,0,0,20250106,20260402
257375,0,0,0,0,0,1,1,20250101,20280930
257383,1,1,1,1,1,0,0,20250101,20280930
257384,1,1,1,1,1,0,0,20250106,20260402
257385,1,1,1,1,1,0,0,20250106,20260402
257387,1,1,1,1,1,1,1,20240601,20260131
257390,1,1,1,1,1,1,1,20240601,20260131
257434,1,1,1,1,1,1,1,20250201,20300930
257449,1,1,1,1,1,1,1,20250101,20260402
257450,1,1,1,1,1,0,0,20250101,20260402
257451,0,0,0,0,0,1,1,20250101,20260402
257455,1,1,1,1,1,1,1,20250201,20290630
257456,1,0,1,0,1,0,0,20250201,20300930
257457,1,1,1,1,1,0,0,20250201,20300930
257458,1,0,1,0,1,1,1,20250201,20300930
257459,1,1,1,1,1,1,0,20250201,20290630
257503,1,1,1,1,1,0,0,20250106,20260402
257504,1,1,1,1,1,0,0,20250106,20260402
257505,1,1,1,1,1,0,0,20250106,20260402
257506,1,1,1,1,1,0,0,20250106,20260402
257507,1,1,1,1,1,0,0,20250106,20260402
257508,1,1,1,1,1,0,0,20250106,20260402
257509,1,1,1,1,1,0,0,20250106,20260402
257510,1,1,1,1,1,0,0,20250106,20260402
257511,1,1,1,1,1,0,0,20250106,20260402
257539,0,0,0,0,0,0,1,20240826,20260402
257544,1,0,1,0,1,0,0,20250201,20300930
257545,0,0,0,0,0,1,1,20250101,20260402
257546,0,1,0,1,0,0,0,20250201,20300930
257547,0,1,0,1,0,0,0,20250201,20300930
257548,0,0,0,0,0,1,1,20250201,20300930
257549,0,0,0,0,0,1,1,20250201,20300930
257553,1,0,1,0,1,1,1,20250201,20300930
257554,0,1,0,1,0,0,0,20250201,20300930
257555,0,1,0,1,0,0,0,20250201,20300930
257556,1,0,1,0,1,1,1,20250201,20300930
257557,1,0,1,0,1,1,1,20250201,20300930
257558,0,1,0,1,0,0,0,20250201,20300930
257559,0,1,0,1,0,0,0,20250201,20300930
257577,1,1,1,1,1,0,0,20250401,20260402
257578,1,1,1,1,1,0,0,20250401,20260402
257579,1,1,1,1,1,0,0,20250401,20260402
257580,1,1,1,1,1,0,0,20250401,20260402
257581,1,1,1,1,1,0,0,20250401,20260402
257582,1,1,1,1,1,0,0,20250401,20260402
257585,1,1,1,1,1,0,0,20250401,20260402
257586,1,1,1,1,1,0,0,20250401,20260402
257591,1,1,1,1,1,0,0,20250401,20260402
257594,1,1,1,1,1,0,0,20250401,20260402
257595,1,1,1,1,1,0,0,20250401,20260402
257596,1,1,1,1,1,0,0,20250401,20260402
257609,1,1,1,1,1,0,0,20250401,20260402
257610,1,1,1,1,1,0,0,20250401,20260402
257611,1,1,1,1,1,0,0,20250401,20260402
257612,1,1,1,1,1,0,0,20250401,20260402
257613,1,1,1,1,1,0,0,20250401,20260402
257614,1,1,1,1,1,0,0,20250401,20260402
257615,1,1,1,1,1,0,0,20250401,20260402
257616,1,1,1,1,1,0,0,20250401,20260402
257662,1,1,1,1,1,0,0,20250401,20260402
257665,1,1,1,1,1,0,0,20250401,20260402
257725,0,0,0,0,0,1,0,20250201,20260402
257726,0,0,0,0,0,1,0,20250201,20260402
257727,0,0,0,0,0,1,0,20250201,20260402
257728,0,0,0,0,0,1,0,20250201,20260402
257729,0,0,0,0,0,1,0,20250201,20260402
257730,0,0,0,0,0,1,0,20250201,20260402
257739,1,1,1,1,1,0,0,20250106,20260402
257740,1,1,1,1,1,0,0,20250106,20260402
257741,1,1,1,1,1,0,0,20250106,20260402
257742,1,1,1,1,1,0,0,20250106,20260402
257743,1,1,1,1,1,0,0,20250106,20260402
257744,1,1,1,1,1,0,0,20250106,20260402
257745,1,1,1,1,1,0,0,20250106,20260402
257746,1,1,1,1,1,0,0,20250106,20260402
257747,1,1,1,1,1,0,0,20250106,20260402
257748,1,1,1,1,1,0,0,20250106,20260402
257749,1,1,1,1,1,0,0,20250106,20260402
257750,1,1,1,1,1,0,0,20250106,20260402
257751,1,1,1,1,1,0,0,20250106,20260402
257752,1,1,1,1,1,0,0,20250106,20260402
257776,1,1,1,1,1,0,0,20250106,20260402
257777,1,1,1,1,1,0,0,20250106,20260402
257778,1,1,1,1,1,0,0,20250106,20260402
257779,1,1,1,1,1,0,0,20250106,20260402
257780,1,1,1,1,1,0,0,20250106,20260402
257781,1,1,1,1,1,0,0,20250106,20260402
257782,1,1,1,1,1,0,0,20250106,20260402
257783,1,1,1,1,1,0,0,20250106,20260402
257784,1,1,1,1,1,0,0,20250106,20260402
257785,1,1,1,1,1,0,0,20250106,20260402
257786,1,1,1,1,1,0,0,20250106,20260402
257787,1,1,1,1,1,0,0,20250106,20260402
257788,1,1,1,1,1,0,0,20250106,20260402
257789,1,1,1,1,1,0,0,20250106,20260402
257790,0,0,0,0,0,1,0,20250106,20260402
257791,0,0,0,0,0,1,0,20250106,20260402
257792,0,0,0,0,0,1,0,20250106,20260402
257793,0,0,0,0,0,1,0,20250106,20260402
257794,0,0,0,0,0,1,0,20250106,20260402
257795,0,0,0,0,0,0,1,20250106,20260402
257796,0,0,0,0,0,0,1,20250106,20260402
257797,0,0,0,0,0,0,1,20250106,20260402
257798,0,0,0,0,0,0,1,20250106,20260402
257799,0,0,0,0,0,0,1,20250106,20260402
257800,1,1,1,1,1,0,0,20250106,20260402
257801,1,1,1,1,1,0,0,20250106,20260402
257802,1,1,1,1,1,0,0,20250106,20260402
257803,1,1,1,1,1,0,0,20250106,20260402
257804,1,1,1,1,1,0,0,20250106,20260402
257805,1,1,1,1,1,0,0,20250106,20260402
257806,1,1,1,1,1,0,0,20250106,20260402
257807,1,1,1,1,1,0,0,20250106,20260402
257808,1,1,1,1,1,0,0,20250106,20260402
257809,1,1,1,1,1,0,0,20250106,20260402
257810,1,1,1,1,1,0,0,20250106,20260402
257811,1,1,1,1,1,0,0,20250106,20260402
257812,1,1,1,1,1,0,0,20250106,20260402
257813,1,1,1,1,1,0,0,20250106,20260402
257814,1,1,1,1,1,0,0,20250106,20260402
257815,1,1,1,1,1,0,0,20250106,20260402
257816,1,1,1,1,1,0,0,20250106,20260402
257835,1,1,1,1,1,0,0,20250106,20260402
257836,1,1,1,1,1,0,0,20250106,20260402
257837,1,1,1,1,1,0,0,20250106,20260402
257838,1,1,1,1,1,0,0,20250106,20260402
257839,1,1,1,1,1,0,0,20250106,20260402
257840,1,1,1,1,1,0,0,20250106,20260402
257842,1,1,1,1,1,0,0,20250106,20260402
257843,1,1,1,1,1,0,0,20250106,20260402
257844,1,1,1,1,1,0,0,20250106,20260402
257845,1,1,1,1,1,0,0,20250106,20260402
257846,1,1,1,1,1,0,0,20250106,20260402
257847,1,1,1,1,1,0,0,20250106,20260402
257848,1,1,1,1,1,0,0,20250106,20260402
257849,1,1,1,1,1,0,0,20250106,20260402
257850,1,1,1,1,1,0,0,20250106,20260402
257862,1,1,1,1,1,0,0,20250401,20260402
257863,1,1,1,1,1,0,0,20250106,20280930
257864,1,1,1,1,1,0,0,20250106,20280930
257865,1,1,1,1,1,0,0,20250106,20280930
257866,1,1,1,1,1,0,0,20250106,20280930
257877,1,1,1,1,1,1,1,20250101,20260402
257896,1,1,1,1,1,0,0,20250106,20260402
257901,0,0,0,0,0,1,1,20250101,20260402
257902,1,1,1,1,1,0,0,20250101,20260402
257903,1,1,1,1,1,1,1,20250101,20260402
257912,0,0,0,0,0,1,1,20250102,20260402
257913,0,0,0,0,0,0,1,20250102,20260402
257914,1,1,1,1,1,0,0,20250102,20260402
257915,0,0,0,0,0,1,0,20250102,20260402
257923,0,0,0,1,0,0,0,20250501,20250930
257928,1,1,1,1,1,0,0,20250101,20300630
257930,0,0,0,0,0,1,1,20250101,20300630
257931,0,0,0,0,0,1,1,20250101,20300630
257933,1,1,1,1,1,0,0,20250101,20300630
257934,1,1,1,1,1,1,1,20250101,20300630
257935,0,0,0,0,0,1,1,20250101,20300630
257936,1,1,1,1,1,0,0,20250101,20300630
257937,0,0,0,0,0,1,1,20250101,20300630
257948,1,1,1,1,1,0,0,20250101,20250430
257951,1,1,1,1,1,0,0,20250101,20250430
257954,0,0,0,0,0,1,0,20250501,20251031
257955,0,0,1,0,0,0,0,20250101,20250430
257956,0,0,0,0,1,0,0,20250501,20251130
258031,1,1,1,1,1,1,0,20250101,20321231
258033,0,0,0,0,0,0,1,20250101,20321231
258036,1,1,1,1,1,1,0,20250101,20321231
258038,1,1,1,1,1,0,0,20250101,20321231
258041,1,1,1,1,1,1,1,20250101,20321231
258045,1,1,1,1,1,0,0,20250101,20321231
258051,1,1,1,1,1,0,0,20250101,20321231
258052,1,1,1,1,1,1,0,20250101,20321231
258153,1,1,1,1,1,0,0,20250101,20321231
258154,1,1,1,1,1,0,0,20250101,20321231
258155,1,1,0,1,1,1,0,20250101,20321231
258156,0,0,1,0,0,0,0,20250101,20321231
258157,1,1,0,1,1,1,0,20250101,20321231
258158,0,0,1,0,0,0,0,20250101,20321231
258159,0,1,0,0,1,0,0,20250101,20321231
258160,0,1,0,0,1,0,0,20250101,20321231
258161,1,1,1,1,1,0,0,20250101,20321231
258162,1,1,1,1,1,0,0,20250101,20321231
258163,1,1,1,1,1,1,0,20250101,20321231
258164,1,1,1,1,1,0,0,20250101,20321231
258167,1,1,1,1,1,0,0,20250106,20250531
258168,0,0,0,0,0,1,0,20250106,20250531
258169,1,1,1,1,1,1,0,20250106,20250531
258170,1,1,1,1,1,0,0,20250106,20300731
258171,0,0,0,0,0,1,1,20250106,20300731
258179,1,1,1,1,1,0,0,20250106,20260402
258180,1,1,1,1,1,0,0,20250106,20260402
258182,1,1,1,1,1,0,0,20250106,20260402
258185,0,0,0,0,0,1,1,20250106,20260402
258187,1,1,1,1,1,0,0,20250106,20260402
258195,1,1,1,1,1,0,0,20250106,20260402
258204,1,0,0,0,0,0,0,20250106,20260402
258213,0,1,0,0,0,0,0,20250106,20260402
258222,0,0,1,0,0,0,0,20250106,20260402
258228,0,0,0,1,0,0,0,20250106,20260402
258239,0,0,0,0,1,0,0,20250106,20260402
258246,0,0,0,0,1,0,0,20250106,20260402
258250,0,0,0,0,0,1,0,20250106,20260402
258261,0,0,0,0,0,0,1,20250106,20260402
258274,0,1,0,1,0,0,0,20250201,20260402
258281,1,1,1,1,0,0,0,20250201,20260402
258282,1,1,1,1,0,0,0,20250201,20260402
258283,0,0,0,0,0,1,1,20250106,20280930
258284,0,0,0,0,1,0,0,20250201,20260402
258285,0,0,0,0,1,0,0,20250201,20260402
258286,0,0,0,0,0,1,0,20250201,20260402
258287,0,0,0,0,0,0,1,20250201,20260402
258288,1,1,1,1,1,0,0,20250303,20260402
258289,1,1,1,1,1,0,0,20250303,20260402
258290,1,1,1,1,1,0,0,20250303,20260402
258291,1,1,1,1,1,0,0,20250303,20260402
258295,1,1,1,1,1,0,0,20250303,20260402
258296,1,1,1,1,1,0,0,20250303,20260402
258297,1,1,1,1,1,0,0,20250303,20260402
258298,1,1,1,1,1,0,0,20250303,20260402
258299,1,1,1,1,1,0,0,20250303,20260402
258300,1,1,1,1,1,0,0,20250303,20260402
258301,1,1,1,1,1,0,0,20250303,20260402
258302,1,1,1,1,1,0,0,20250303,20260402
258303,1,1,1,1,1,0,0,20250303,20260402
258304,1,1,1,1,1,0,0,20250303,20260402
258305,1,1,1,1,1,0,0,20250303,20260402
258308,1,1,1,1,1,0,0,20250303,20260402
258309,1,1,1,1,1,0,0,20250303,20260402
258310,1,1,1,1,1,0,0,20250303,20260402
258311,1,1,1,1,1,0,0,20250303,20260402
258312,1,1,1,1,1,0,0,20250303,20260402
258313,1,1,1,1,1,0,0,20250303,20260402
258314,1,1,1,1,1,0,0,20250303,20260402
258315,1,1,1,1,1,0,0,20250303,20260402
258316,1,1,1,1,1,0,0,20250303,20260402
258320,1,1,1,1,1,0,0,20250303,20260402
258321,1,1,1,1,1,0,0,20250303,20260402
258323,1,1,1,1,1,0,0,20250303,20260402
258324,1,1,1,1,1,0,0,20250303,20260402
258325,0,0,0,0,0,1,1,20250303,20260402
258326,0,0,0,0,0,1,0,20250101,20321231
258327,0,0,0,0,0,0,1,20250101,20321231
258328,1,1,1,1,1,0,0,20250101,20321231
258329,1,1,1,1,1,0,0,20250101,20321231
258330,1,1,1,1,1,0,0,20250101,20321231
258331,1,1,1,1,1,0,0,20250101,20321231
258332,1,1,1,1,1,0,0,20250101,20321231
258335,1,1,1,1,1,0,0,20250106,20260402
258348,1,1,1,1,1,0,0,20250101,20321231
258354,0,0,0,0,0,0,1,20250101,20321231
258355,1,1,1,1,1,0,0,20250101,20321231
258358,0,0,0,0,1,0,0,20250101,20321231
258360,1,1,1,1,1,0,0,20250101,20321231
258361,0,0,0,0,0,1,1,20250101,20321231
258362,0,0,0,0,0,1,1,20250101,20321231
258363,1,1,1,1,1,0,0,20250101,20321231
258364,1,1,1,1,1,0,0,20250101,20321231
258365,1,1,1,1,1,0,0,20250101,20321231
258366,1,1,1,1,1,0,0,20250101,20321231
258367,1,1,1,1,1,0,0,20250101,20321231
258369,0,0,0,0,1,0,0,20250101,20321231
258371,1,1,1,1,1,0,0,20250101,20321231
258375,1,1,1,1,1,0,0,20250201,20260402
258376,0,0,0,0,0,1,0,20250201,20260402
258377,1,0,0,1,0,0,0,20250101,20321231
258401,1,1,1,1,1,0,0,20250101,20321231
258402,1,1,1,1,1,0,0,20250101,20321231
258403,1,1,1,1,1,0,0,20250101,20321231
258404,1,1,1,1,1,0,0,20250101,20321231
258405,0,0,0,0,0,1,0,20250101,20321231
258406,0,0,0,0,0,1,0,20250101,20321231
258407,0,0,0,0,0,1,0,20250101,20321231
258408,0,0,0,0,0,0,1,20250106,20250414
258409,1,1,1,1,1,0,0,20250101,20321231
258410,1,1,1,1,1,0,0,20250101,20321231
258413,1,1,1,1,1,0,0,20250101,20321231
258414,0,0,0,0,0,0,1,20250101,20321231
258416,1,1,1,1,1,1,0,20250101,20321231
258418,0,0,0,0,1,0,0,20250101,20321231
258419,1,1,1,1,1,1,0,20250101,20321231
258421,0,0,0,0,0,1,0,20250101,20321231
258423,1,1,1,1,1,0,0,20250101,20321231
258424,1,1,1,1,1,0,0,20250101,20321231
258425,0,0,0,0,0,0,1,20250101,20321231
258426,0,0,0,0,0,0,1,20250101,20321231
258436,1,1,1,1,1,1,1,20250101,20321231
258438,1,1,1,1,1,0,0,20250101,20321231
258440,1,1,1,1,1,0,0,20250101,20321231
258443,0,0,0,0,0,1,0,20250101,20321231
258447,0,0,0,0,0,1,0,20250101,20321231
258448,0,0,0,0,0,1,0,20250101,20321231
258449,1,1,1,1,1,0,0,20250101,20321231
258450,1,1,1,1,1,0,0,20250101,20321231
258451,0,0,0,0,0,1,1,20250101,20321231
258457,1,1,1,1,1,1,0,20250101,20321231
258459,1,1,1,1,1,0,0,20250101,20321231
258461,1,1,1,1,1,0,0,20250101,20321231
258462,1,1,1,1,1,0,0,20250101,20321231
258464,1,1,1,1,1,0,0,20250101,20321231
258465,1,1,1,1,1,1,1,20250101,20321231
258466,1,1,1,1,1,1,1,20250101,20321231
258470,1,1,1,1,1,0,0,20250101,20321231
258472,1,1,1,1,1,0,0,20250101,20321231
258473,1,1,1,1,1,0,0,20250101,20321231
258474,1,1,1,1,1,0,0,20250101,20321231
258477,1,1,1,1,1,0,0,20250101,20321231
258479,0,0,0,0,0,1,0,20250101,20321231
258481,1,1,1,1,1,0,1,20250101,20321231
258483,0,0,0,0,0,1,0,20250101,20321231
258485,0,0,0,0,0,1,1,20250106,20300731
258487,0,0,0,0,0,1,1,20250106,20300731
258490,1,1,1,1,1,0,0,20250101,20321231
258491,0,0,0,0,0,0,1,20250101,20321231
258492,1,1,1,1,1,0,0,20250101,20321231
258517,1,1,1,1,1,0,0,20250303,20260402
258518,1,1,1,1,1,0,0,20250303,20260402
258519,1,1,1,1,1,0,0,20250303,20260402
258520,1,1,1,1,1,0,0,20250303,20260402
258521,1,1,1,1,1,0,0,20250303,20260402
258522,1,1,1,1,1,0,0,20250303,20260402
258523,1,1,1,1,1,0,0,20250303,20260402
258524,1,1,1,1,1,0,0,20250303,20260402
258525,1,1,1,1,1,0,0,20250303,20260402
258526,1,1,1,1,1,0,0,20250303,20260402
258527,1,1,1,1,1,0,0,20250303,20260402
258528,1,1,1,1,1,0,0,20250303,20260402
258529,1,1,1,1,1,0,0,20250303,20260402
258530,1,1,1,1,1,0,0,20250303,20260402
258545,1,1,1,1,1,0,0,20250303,20260402
258546,1,1,1,1,1,0,0,20250303,20260402
258547,1,1,1,1,1,0,0,20250303,20260402
258548,1,1,1,1,1,0,0,20250303,20260402
258549,1,1,1,1,1,0,0,20250303,20260402
258550,1,1,1,1,1,0,0,20250303,20260402
258551,1,1,1,1,1,0,0,20250303,20260402
258552,1,1,1,1,1,0,0,20250303,20260402
258553,1,1,1,1,1,0,0,20250303,20260402
258554,1,1,1,1,1,0,0,20250303,20260402
258555,1,1,1,1,1,0,0,20250303,20260402
258556,1,1,1,1,1,0,0,20250303,20260402
258557,1,1,1,1,1,0,0,20250303,20260402
258569,1,1,1,1,1,0,0,20250303,20260402
258570,1,1,1,1,1,0,0,20250303,20260402
258571,1,1,1,1,1,0,0,20250303,20260402
258572,1,1,1,1,1,0,0,20250303,20260402
258573,1,1,1,1,1,0,0,20250303,20260402
258574,1,1,1,1,1,0,0,20250303,20260402
258589,0,0,0,0,0,1,0,20250101,20321231
258592,1,1,1,1,1,1,0,20250101,20321231
258593,1,1,1,1,1,0,0,20250101,20321231
258594,1,1,1,1,1,0,0,20250101,20321231
258595,1,1,1,1,1,1,0,20250101,20321231
258596,1,1,1,1,1,0,0,20250101,20321231
258597,1,1,1,1,1,0,0,20250101,20321231
258598,0,0,0,0,0,1,0,20250101,20321231
258599,1,1,1,1,1,0,0,20250303,20260402
258600,1,1,1,1,1,0,0,20250303,20260402
258601,1,1,1,1,1,0,0,20250303,20260402
258602,1,1,1,1,1,0,0,20250303,20260402
258603,1,1,1,1,1,0,0,20250303,20260402
258604,1,1,1,1,1,0,0,20250303,20260402
258605,1,1,1,1,1,0,0,20250303,20260402
258606,1,1,1,1,1,0,0,20250101,20321231
258607,1,1,1,1,1,0,0,20250101,20321231
258608,1,1,1,1,1,1,1,20250101,20300331
258609,1,1,1,1,1,0,0,20250101,20321231
258610,1,1,1,1,1,1,1,20250106,20290930
258611,1,1,1,1,1,0,0,20250106,20290930
258612,1,1,1,1,1,1,1,20250106,20290930
258615,1,1,1,1,1,0,0,20250101,20321231
258618,1,1,1,1,1,0,0,20250101,20321231
258619,1,1,1,1,1,0,0,20250106,20260402
258620,1,1,1,1,1,0,0,20250106,20260402
258621,1,1,1,1,1,0,0,20250106,20260402
258622,1,1,1,1,1,0,0,20250106,20260402
258630,0,1,0,1,0,0,0,20250101,20321231
258631,0,1,0,1,0,0,0,20250101,20321231
258632,0,0,1,0,0,0,0,20250101,20321231
258634,1,1,1,1,1,0,0,20250101,20321231
258636,1,1,1,1,1,0,0,20250101,20321231
258637,1,1,1,1,1,0,0,20250101,20321231
258638,0,0,0,0,1,0,0,20250101,20321231
258639,0,0,0,0,0,0,1,20250101,20321231
258640,0,0,0,0,1,0,0,20250101,20321231
258641,0,0,0,0,0,0,1,20250101,20321231
258642,1,1,1,1,1,0,0,20250101,20321231
258643,1,0,1,0,1,0,0,20250101,20321231
258644,1,0,1,0,1,0,0,20250101,20321231
258645,1,1,1,1,1,0,0,20250101,20321231
258647,1,1,1,1,1,0,0,20250101,20321231
258655,0,0,0,0,0,1,0,20250106,20260402
258656,0,0,0,0,0,1,0,20250106,20260402
258657,0,0,0,0,0,1,0,20250106,20260402
258658,0,0,0,0,0,1,0,20250106,20260402
258659,0,0,0,0,0,1,0,20250106,20260402
258660,0,0,0,0,0,1,0,20250106,20260402
258661,0,0,0,0,0,1,0,20250106,20260402
258673,0,0,0,0,0,1,0,20250106,20260402
258674,0,0,0,0,0,1,0,20250106,20260402
258675,0,0,0,0,0,1,0,20250106,20260402
258676,0,0,0,0,0,1,0,20250106,20260402
258677,0,0,0,0,0,1,0,20250106,20260402
258678,0,0,0,0,0,1,0,20250106,20260402
258679,0,0,0,0,0,1,0,20250106,20260402
258680,0,0,0,0,0,1,0,20250106,20260402
258681,0,0,0,0,0,1,0,20250106,20260402
258682,0,0,0,0,0,1,0,20250106,20260402
258683,0,0,0,0,0,1,0,20250106,20260402
258688,1,1,1,1,1,0,0,20250101,20321231
258689,0,0,1,0,0,0,0,20250101,20321231
258693,1,1,1,1,1,0,0,20250101,20321231
258694,1,1,1,1,1,0,0,20250101,20321231
258696,0,1,0,1,0,0,0,20250101,20321231
258697,1,0,1,0,1,0,0,20250101,20321231
258699,1,1,1,1,1,0,0,20250101,20321231
258701,1,1,1,1,1,0,0,20250101,20321231
258703,1,1,1,1,1,0,0,20250101,20321231
258704,0,1,0,0,1,0,0,20250101,20321231
258706,1,1,1,1,1,0,0,20250101,20321231
258707,1,1,1,1,1,0,0,20250101,20321231
258708,0,1,0,0,1,0,0,20250101,20321231
258710,1,1,1,1,1,0,0,20250101,20321231
258711,1,1,1,1,1,1,1,20250101,20321231
258712,1,1,1,1,1,0,0,20250101,20321231
258713,1,1,1,1,1,0,0,20250101,20321231
258714,1,1,1,1,1,0,0,20250101,20321231
258715,1,1,1,1,1,1,1,20250101,20321231
258716,0,1,0,0,0,0,0,20250101,20321231
258717,1,1,1,1,1,1,1,20250101,20321231
258719,1,1,1,1,1,1,0,20250101,20321231
258721,1,1,1,1,1,0,0,20250101,20321231
258723,1,1,1,1,1,1,0,20250101,20321231
258727,0,1,0,0,0,0,0,20250101,20321231
258728,1,1,1,1,1,0,0,20250101,20321231
258729,1,1,1,1,1,0,0,20250101,20321231
258731,1,1,1,1,1,0,0,20250101,20321231
258732,1,1,1,1,1,0,0,20250101,20321231
258734,1,1,1,1,0,1,1,20250101,20321231
258735,1,1,1,1,1,0,0,20250101,20321231
258736,1,1,1,1,1,0,0,20250101,20321231
258737,0,0,0,0,0,1,0,20250101,20321231
258744,0,0,0,0,0,0,1,20250101,20321231
258745,0,0,0,0,0,1,0,20250101,20321231
258751,1,1,1,1,1,0,0,20250101,20321231
258753,0,0,0,0,1,0,0,20250101,20321231
258754,1,1,1,1,1,0,0,20250101,20321231
258757,1,1,1,1,1,0,0,20250101,20321231
258758,1,1,1,1,1,0,0,20250101,20321231
258759,0,1,0,1,0,0,0,20250101,20321231
258760,1,0,1,0,1,0,0,20250101,20321231
258761,1,1,1,1,1,0,0,20250101,20321231
258762,1,1,1,1,1,0,0,20250101,20321231
258763,1,1,1,1,1,0,0,20250101,20321231
258764,1,1,1,1,1,0,0,20250101,20321231
258765,1,1,1,1,1,0,1,20250101,20321231
258766,1,1,1,1,1,1,1,20250101,20321231
258767,1,1,1,1,1,1,1,20250101,20321231
258769,1,1,1,1,1,0,0,20250101,20321231
258770,1,1,1,1,1,0,0,20250101,20321231
258771,1,1,1,1,1,0,1,20250101,20321231
258772,1,1,1,1,1,1,1,20250101,20321231
258773,0,0,0,0,0,1,1,20250101,20321231
258774,1,1,1,1,1,0,0,20250101,20321231
258775,1,1,1,1,1,0,0,20250101,20321231
258776,1,1,1,1,1,0,0,20250101,20321231
258777,1,1,0,1,1,0,0,20250101,20321231
258779,0,0,1,0,0,0,0,20250101,20321231
258780,0,0,1,0,0,0,0,20250101,20321231
258781,1,1,0,1,1,0,0,20250101,20321231
258782,1,1,1,1,1,0,0,20250101,20321231
258783,0,0,1,0,0,0,0,20250101,20321231
258784,1,1,1,1,1,0,0,20250101,20321231
258785,1,1,1,1,1,0,0,20250101,20321231
258786,1,1,1,1,1,1,0,20250101,20321231
258787,1,1,1,1,1,1,0,20250101,20321231
258788,1,1,1,1,1,0,0,20250101,20321231
258789,1,1,1,1,1,0,0,20250101,20321231
258790,1,1,1,1,1,0,0,20250101,20321231
258791,1,1,1,1,1,0,0,20250101,20321231
258792,1,1,1,1,1,0,0,20250101,20321231
258793,1,1,1,1,1,0,0,20250101,20321231
258794,0,1,0,1,0,0,0,20250101,20321231
258795,0,0,0,0,0,1,0,20250101,20321231
258796,0,0,0,0,0,1,0,20250101,20321231
258798,1,1,1,1,1,0,0,20250101,20321231
258801,0,0,1,0,0,0,0,20250101,20321231
258802,0,0,0,0,0,0,1,20250101,20321231
258803,0,0,0,0,0,0,1,20250101,20321231
258805,0,0,0,0,1,0,0,20250101,20321231
258806,0,0,0,0,1,0,0,20250101,20321231
258807,1,1,1,1,1,0,0,20250101,20321231
258808,1,1,1,1,1,0,0,20250101,20321231
258809,1,1,1,1,1,0,0,20250101,20321231
258810,0,0,1,0,0,0,0,20250101,20321231
258811,1,1,1,1,1,0,0,20250101,20321231
258812,1,1,1,1,1,0,0,20250101,20321231
258813,1,1,1,1,1,0,0,20250101,20321231
258814,1,1,1,1,1,0,0,20250101,20321231
258815,1,1,1,1,1,0,0,20250101,20321231
258816,1,1,1,1,1,0,0,20250101,20321231
258817,1,1,1,1,1,0,0,20250101,20321231
258818,0,0,0,0,0,1,1,20250101,20321231
258819,1,1,1,1,1,0,0,20250101,20321231
258820,1,1,1,1,1,0,0,20250101,20321231
258821,1,1,1,1,1,1,1,20250101,20321231
258822,1,1,1,1,1,0,0,20250101,20321231
258823,1,1,1,1,1,0,0,20250101,20321231
258824,0,1,0,0,1,0,0,20250101,20321231
258825,0,1,0,0,1,0,0,20250101,20321231
258826,1,1,1,1,1,0,0,20250101,20321231
258827,1,1,1,1,1,0,0,20250101,20321231
258828,0,0,0,0,0,1,0,20250201,20260402
258829,0,0,0,0,0,1,0,20250201,20260402
258830,0,0,0,0,0,1,0,20250201,20260402
258831,0,0,0,0,0,0,1,20250201,20260402
258832,0,0,0,0,0,0,1,20250201,20260402
258833,0,0,0,0,0,0,1,20250201,20260402
258840,1,1,1,1,1,0,0,20250106,20260402
258841,1,1,1,1,1,0,0,20250106,20260402
258842,1,1,1,1,1,0,0,20250106,20260402
258843,1,1,1,1,1,0,0,20250106,20260402
258844,1,1,1,1,1,0,0,20250106,20260402
258845,1,1,1,1,1,0,0,20250106,20260402
258846,1,1,1,1,1,0,0,20250106,20260402
258851,1,1,1,1,1,1,1,20250201,20300930
258854,1,1,1,1,1,0,0,20250201,20300930
258866,1,1,1,1,1,0,0,20250201,20300930
258871,0,0,0,0,0,1,0,20250106,20260402
258872,0,0,0,0,0,1,0,20250106,20260402
258873,0,0,0,0,0,1,0,20250106,20260402
258874,0,0,0,0,0,1,0,20250106,20260402
258875,0,0,0,0,0,1,0,20250106,20260402
258876,0,0,0,0,0,1,0,20250106,20260402
258877,0,0,0,0,0,1,0,20250106,20260402
258878,0,0,0,0,0,1,0,20250106,20260402
258879,0,0,0,0,0,1,0,20250106,20260402
258880,0,0,0,0,0,1,0,20250106,20260402
258881,0,0,0,0,0,1,0,20250106,20260402
258890,0,0,0,0,0,1,0,20250106,20260402
258891,0,0,0,0,0,1,0,20250106,20260402
258892,0,0,0,0,0,1,0,20250106,20260402
258893,0,0,0,0,0,1,0,20250106,20260402
258895,1,1,1,1,1,1,1,20250201,20250612
258896,1,1,1,1,1,1,1,20250201,20250612
258897,1,1,1,1,1,0,0,20250201,20250612
258901,1,1,1,1,1,0,0,20250101,20260402
258902,1,1,1,1,1,0,0,20250201,20280930
258903,0,1,0,1,0,0,0,20250201,20280930
258904,1,0,1,0,1,0,0,20250201,20280930
258905,1,1,1,1,1,0,0,20250201,20280930
258906,0,0,0,0,0,1,1,20250201,20280930
258908,1,1,1,1,1,1,0,20250106,20300331
258911,1,1,1,1,1,1,1,20250106,20300331
258914,1,1,1,1,1,0,0,20241021,20260402
258915,1,1,1,1,1,0,0,20241021,20260402
258916,1,1,1,1,1,0,0,20241021,20260402
258917,1,1,1,1,1,0,0,20241021,20260402
258918,1,1,1,1,1,0,0,20241021,20260402
258919,1,1,1,1,1,0,0,20241021,20260402
258920,1,1,1,1,1,0,0,20241021,20260402
258921,1,1,1,1,1,0,0,20241021,20260402
258922,1,1,1,1,1,0,0,20241021,20260402
258923,1,1,1,1,1,0,0,20241021,20260402
258924,1,1,1,1,1,0,0,20241021,20260402
258925,1,1,1,1,1,0,0,20241021,20260402
258926,1,1,1,1,1,0,0,20241021,20260402
258927,1,1,1,1,1,0,0,20241021,20260402
258928,1,1,1,1,1,0,0,20241021,20260402
258929,1,1,1,1,1,0,0,20241021,20260402
258930,1,1,1,1,1,0,0,20241021,20260402
258931,1,1,1,1,1,0,0,20250201,20260402
258946,1,1,1,1,1,1,1,20250201,20300930
258955,1,1,1,1,1,0,0,20250201,20260402
258956,1,1,1,1,1,0,0,20250201,20260402
258957,1,1,1,1,1,0,0,20250201,20260402
258958,1,1,1,1,1,0,0,20250201,20260402
258959,1,1,1,1,1,0,0,20250201,20260402
258960,1,1,1,1,1,0,0,20250201,20260402
258961,1,1,1,1,1,0,0,20250201,20260402
258963,1,1,1,1,1,0,0,20250401,20260402
258964,1,1,1,1,1,0,0,20250401,20260402
258965,1,1,1,1,1,0,0,20250401,20260402
258966,1,1,1,1,1,0,0,20250401,20260402
258968,1,1,1,1,1,0,0,20250301,20300930
259001,0,0,0,0,0,1,1,20250303,20260402
259002,0,0,0,0,0,1,1,20250303,20260402
259013,1,1,1,1,1,1,1,20250127,20251014
259014,1,1,1,1,1,1,1,20250127,20251014
259028,0,0,0,0,1,0,0,20241206,20260402
259029,1,1,1,1,1,0,0,20250201,20280930
259073,1,1,1,1,1,0,0,20250201,20300930
259074,1,1,1,1,1,0,1,20250201,20300930
259078,1,1,1,1,1,1,1,20250201,20300930
259095,1,1,1,1,1,1,1,20250201,20290630
259138,1,1,1,1,1,0,0,20250201,20280930
259139,1,1,1,1,1,0,0,20250201,20280930
259230,1,1,1,1,1,0,0,20250120,20250404
259231,1,1,1,1,1,0,0,20250120,20250404
259235,0,0,0,0,0,1,1,20250120,20250404
259245,0,0,0,0,0,1,0,20250201,20260402
259246,0,0,0,0,0,1,0,20250201,20260402
259247,0,0,0,0,0,0,1,20250201,20260402
259248,0,0,0,0,0,0,1,20250201,20260402
259249,1,1,1,1,1,0,0,20250203,20260402
259250,1,1,1,1,1,0,0,20250203,20260402
259251,0,0,0,0,0,1,1,20250203,20260402
259252,1,1,1,1,1,0,0,20250201,20260402
259253,1,1,1,1,1,0,0,20250201,20260402
259254,1,1,1,1,1,0,0,20250201,20260402
259255,1,1,1,1,1,0,0,20250201,20260402
259256,1,1,1,1,1,0,0,20250201,20260402
259257,1,1,1,1,1,0,0,20250201,20260402
259258,1,1,1,1,1,0,0,20250201,20260402
259259,1,1,1,1,1,0,0,20250201,20260402
259260,1,1,1,1,1,0,0,20250201,20260402
259271,1,1,1,1,1,1,1,20250201,20280930
259272,1,1,1,1,1,0,0,20250201,20280930
259285,1,1,1,1,1,0,0,20250201,20260402
259286,1,1,1,1,1,0,0,20250201,20260402
259287,1,1,1,1,1,0,0,20250201,20260402
259288,1,1,1,1,1,0,0,20250201,20260402
259289,1,1,1,1,1,0,0,20250201,20260402
259290,1,1,1,1,1,0,0,20250201,20260402
259291,1,1,1,1,1,0,0,20250201,20260402
259292,1,1,1,1,1,0,0,20250201,20260402
259293,1,1,1,1,1,0,0,20250201,20260402
259294,1,1,1,1,1,0,0,20250201,20260402
259295,1,1,1,1,1,1,1,20250201,20280930
259296,1,1,1,1,1,1,1,20250201,20280930
259298,1,1,1,1,1,1,1,20250201,20280930
259299,1,1,1,1,1,1,1,20250201,20280930
259300,1,1,1,1,1,1,1,20250201,20280930
259301,1,1,1,1,1,1,1,20250201,20280930
259302,1,1,1,1,1,0,0,20250201,20280930
259303,1,1,1,1,1,0,0,20250201,20280930
259304,0,0,0,0,0,1,1,20250201,20280930
259580,1,1,1,1,1,0,0,20250201,20260402
259581,1,1,1,1,1,0,0,20250201,20260402
259582,1,1,1,1,1,0,0,20250201,20260402
259583,1,1,1,1,1,0,0,20250201,20260402
259584,1,1,1,1,1,0,0,20250201,20260402
259585,1,1,1,1,1,0,0,20250201,20260402
259586,1,1,1,1,1,0,0,20250201,20260402
259587,1,1,1,1,1,0,0,20250201,20260402
259588,1,1,1,1,1,0,0,20250201,20260402
259589,1,1,1,1,1,0,0,20250201,20260402
259612,1,1,1,1,1,0,0,20250201,20260402
259613,1,1,1,1,1,0,0,20250201,20260402
259614,1,1,1,1,1,0,0,20250201,20260402
259615,1,1,1,1,1,0,0,20250201,20260402
259616,1,1,1,1,1,0,0,20250201,20260402
259617,1,1,1,1,1,0,0,20250201,20260402
259618,1,1,1,1,1,0,0,20250201,20260402
259619,1,1,1,1,1,0,0,20250201,20260402
259620,1,1,1,1,1,0,0,20250201,20260402
259621,1,1,1,1,1,0,0,20250201,20260402
259622,1,1,1,1,1,0,0,20250201,20260402
259652,0,0,0,0,0,0,1,20250201,20260402
259653,0,0,0,0,0,0,1,20250201,20260402
259654,0,0,0,0,0,0,1,20250201,20260402
259655,0,0,0,0,0,0,1,20250201,20260402
259656,0,0,0,0,0,0,1,20250201,20260402
259657,0,0,0,0,0,0,1,20250201,20260402
259702,1,1,1,1,1,0,0,20250120,20321231
259703,1,1,1,1,1,0,0,20250120,20321231
259707,1,1,1,1,1,0,0,20250120,20321231
259712,1,1,1,1,1,0,0,20250201,20260402
259713,1,1,1,1,1,0,0,20250201,20260402
259714,1,1,1,1,1,0,0,20250201,20260402
259715,0,0,0,0,0,1,0,20250201,20260402
259716,0,0,0,0,0,1,0,20250201,20260402
259717,0,0,0,0,0,0,1,20250201,20260402
259722,1,1,1,1,1,0,0,20250120,20260402
259723,1,1,1,1,1,0,0,20250120,20260402
259801,1,1,1,1,1,0,0,20250201,20260402
259802,0,0,0,0,0,1,0,20250201,20260402
259829,0,0,0,0,0,1,0,20250201,20260402
259830,0,0,0,0,0,1,0,20250201,20260402
259831,0,0,0,0,0,1,0,20250201,20260402
259832,0,0,0,0,0,1,0,20250201,20260402
259833,0,0,0,0,0,1,0,20250201,20260402
259834,0,0,0,0,0,1,0,20250201,20260402
259835,0,0,0,0,0,1,0,20250201,20260402
259836,0,0,0,0,0,1,0,20250201,20260402
259837,0,0,0,0,0,1,0,20250201,20260402
259838,0,0,0,0,0,1,0,20250201,20260402
259839,0,0,0,0,0,1,0,20250201,20260402
259840,0,0,0,0,0,1,0,20250201,20260402
259841,0,0,0,0,0,1,0,20250201,20260402
259842,0,0,0,0,0,1,0,20250201,20260402
259843,0,0,0,0,0,1,0,20250201,20260402
259844,0,0,0,0,0,1,0,20250201,20260402
259906,0,0,0,0,0,1,1,20250127,20300630
259907,1,1,1,1,1,0,0,20250127,20300630
259908,1,1,1,1,1,1,1,20250127,20300630
259909,1,1,1,1,1,1,1,20250127,20300630
259910,1,1,1,1,1,1,1,20250127,20300630
259911,0,0,0,0,0,1,1,20250127,20300630
259912,1,1,1,1,1,1,1,20250127,20300630
259913,1,1,1,1,1,1,1,20250127,20300630
259914,1,1,1,1,1,1,1,20250127,20300630
259915,1,1,1,1,1,1,1,20250127,20300630
259916,1,1,1,1,1,1,1,20250127,20300630
259917,1,1,1,1,1,1,1,20250127,20300630
259918,1,1,1,1,1,1,1,20250127,20300630
259919,1,1,1,1,1,1,1,20250127,20300630
259920,1,1,1,1,1,0,0,20250127,20300630
259921,1,1,1,1,1,0,0,20250127,20300630
259922,1,1,1,1,1,1,1,20250127,20300630
259923,0,0,0,0,0,0,1,20250201,20260402
259924,0,0,0,0,0,0,1,20250201,20260402
259925,0,0,0,0,0,0,1,20250201,20260402
259926,0,0,0,0,0,0,1,20250201,20260402
259927,0,0,0,0,0,0,1,20250201,20260402
259928,0,0,0,0,0,0,1,20250201,20260402
259929,0,0,0,0,0,0,1,20250201,20260402
259930,0,0,0,0,0,0,1,20250201,20260402
259931,0,0,0,0,0,0,1,20250201,20260402
259932,0,0,0,0,0,0,1,20250201,20260402
259933,0,0,0,0,0,0,1,20250201,20260402
259934,0,0,0,0,0,0,1,20250201,20260402
259935,0,0,0,0,0,0,1,20250201,20260402
259936,0,0,0,0,0,0,1,20250201,20260402
259937,0,0,0,0,0,0,1,20250201,20260402
259938,0,0,0,0,0,0,1,20250201,20260402
259939,0,0,0,0,0,1,1,20250127,20300630
259940,1,1,1,1,1,0,0,20250127,20300630
259941,1,1,1,1,1,0,0,20250127,20300630
259942,1,1,1,1,1,0,0,20250127,20300630
259943,1,1,1,1,1,0,0,20250127,20300630
259944,1,1,1,1,1,0,0,20250127,20300630
259945,0,0,0,0,0,1,1,20250127,20300630
259948,1,1,1,1,1,0,0,20250127,20300630
259949,1,1,1,1,1,0,0,20250127,20300630
259950,1,1,1,1,1,0,0,20250127,20300630
259951,0,0,0,0,0,1,1,20250127,20300630
259952,1,1,1,1,1,0,0,20250127,20300630
259953,1,1,1,1,1,0,0,20250127,20300630
259954,1,1,1,1,1,0,0,20250127,20300630
259956,1,1,1,1,1,0,0,20250127,20300630
259957,1,1,1,1,1,0,0,20250127,20300630
259958,1,1,1,1,1,0,0,20250127,20300630
259959,0,0,0,0,0,1,1,20250127,20300630
259960,0,0,0,0,0,1,1,20250127,20300630
259962,0,0,0,0,0,1,1,20250127,20300630
259963,0,0,0,0,0,1,1,20250127,20300630
259965,1,1,1,1,1,0,0,20250127,20300630
259966,1,1,1,1,1,1,1,20250127,20300630
259967,0,0,0,0,0,1,1,20250127,20300630
259968,0,0,0,0,0,1,1,20250127,20300630
259969,0,0,0,0,0,1,1,20250127,20300630
259970,1,1,1,1,1,1,1,20250127,20300630
259971,1,1,1,1,1,1,1,20250127,20300630
259972,1,1,1,1,1,1,1,20250127,20300630
259973,1,1,1,1,1,0,0,20250127,20300630
259974,1,1,1,1,1,1,1,20250127,20300630
260003,1,1,1,1,1,0,0,20250127,20300630
260015,1,1,1,1,1,0,0,20250127,20300630
260069,1,1,1,1,1,0,0,20250301,20300930
260096,1,1,1,1,1,0,0,20250201,20300731
260097,0,0,0,0,0,1,1,20250201,20300731
260098,1,1,1,1,1,0,0,20250201,20300731
260125,1,1,1,1,1,1,1,20250201,20290630
260126,1,1,1,1,1,0,0,20250305,20260402
260127,1,1,1,1,1,0,0,20250305,20260402
260128,1,1,1,1,1,0,0,20250305,20260402
260129,1,1,1,1,1,0,0,20250305,20260402
260130,1,1,1,1,1,0,0,20250305,20260402
260131,1,1,1,1,1,0,0,20250305,20260402
260132,1,1,1,1,1,0,0,20250305,20260402
260133,1,1,1,1,1,0,0,20250305,20260402
260134,1,1,1,1,1,0,0,20250305,20260402
260135,1,1,1,1,1,0,0,20250305,20260402
260136,1,1,1,1,1,0,0,20250305,20260402
260137,0,0,0,0,0,1,1,20250127,20260402
260138,1,1,1,1,1,1,1,20250127,20260402
260139,1,1,1,1,1,1,1,20250127,20300331
260140,0,0,0,0,0,0,1,20250127,20260402
260143,1,1,1,1,1,0,0,20250127,20260402
260144,1,1,1,1,1,0,0,20250301,20300930
260145,1,1,1,1,1,1,1,20250127,20300331
260146,1,1,1,1,1,1,0,20250127,20300331
260147,0,0,0,0,1,0,1,20250127,20300331
260148,1,1,1,1,1,0,0,20250127,20300331
260149,1,1,1,1,1,0,0,20250127,20300331
260150,1,1,1,1,1,0,0,20250127,20300331
260151,1,1,1,1,1,1,1,20250127,20300331
260153,0,0,0,0,0,1,0,20250305,20260402
260154,0,0,0,0,0,1,0,20250305,20260402
260155,0,0,0,0,0,1,0,20250305,20260402
260156,0,0,0,0,0,1,0,20250305,20260402
260157,0,0,0,0,0,1,0,20250305,20260402
260158,0,0,0,0,0,1,0,20250305,20260402
260159,0,0,0,0,0,1,0,20250305,20260402
260160,1,1,1,1,1,1,1,20250301,20290630
260170,0,1,0,1,0,1,1,20250301,20290630
260171,0,1,0,1,0,1,1,20250301,20290630
260172,1,0,1,0,1,0,0,20250301,20290630
260173,1,0,1,0,1,0,0,20250301,20290630
260174,1,0,1,0,1,0,0,20250301,20300930
260180,0,0,0,0,0,0,1,20250305,20260402
260181,0,0,0,0,0,0,1,20250305,20260402
260182,0,0,0,0,0,0,1,20250305,20260402
260183,0,0,0,0,0,0,1,20250305,20260402
260184,0,0,0,0,0,0,1,20250305,20260402
260185,0,0,0,0,0,0,1,20250305,20260402
260186,0,0,0,0,0,0,1,20250305,20260402
260187,0,0,0,0,1,0,0,20250201,20260402
260188,1,1,1,1,0,0,0,20250201,20260402
260189,0,0,0,0,1,0,0,20250201,20260402
260190,1,1,1,1,1,0,0,20250201,20260402
260191,1,1,1,1,1,0,0,20250201,20260402
260199,1,1,1,1,1,0,0,20241104,20260402
260200,1,1,1,1,1,0,0,20250201,20260402
260201,1,1,1,1,1,0,0,20250201,20260402
260202,1,1,1,1,1,0,0,20250201,20260402
260205,1,1,1,1,1,0,0,20250201,20260402
260222,0,1,1,1,1,0,0,20250301,20300930
260223,0,1,1,1,1,0,0,20250301,20300930
260243,0,0,0,0,0,1,1,20250401,20260402
260244,0,0,0,0,0,1,1,20250401,20260402
260263,1,1,1,1,1,0,0,20250317,20250601
260264,0,0,0,0,0,1,1,20250317,20250601
260291,0,0,0,0,0,1,0,20241206,20260402
260305,1,1,1,1,1,0,0,20250317,20250601
260306,0,0,0,0,0,1,1,20250317,20250601
260307,1,1,1,1,1,0,0,20250317,20250601
260379,1,1,1,1,1,0,0,20250201,20260402
260380,1,1,1,1,1,0,0,20250201,20260402
260381,1,1,1,1,1,0,0,20250201,20260402
260382,0,0,0,0,0,1,1,20250201,20260402
260383,0,0,0,0,0,1,1,20250201,20260402
260404,0,0,0,0,0,1,1,20250201,20300630
260405,1,1,1,1,1,0,0,20250401,20260402
260406,1,1,1,1,1,0,0,20250401,20260402
260407,1,1,1,1,1,0,0,20250401,20260402
260408,1,1,1,1,1,0,0,20250201,20300630
260474,1,1,1,1,1,0,0,20250127,20300331
260480,1,1,1,1,1,0,0,20250201,20260402
260481,1,1,1,1,1,0,0,20250201,20260402
260523,1,1,1,1,1,0,0,20250201,20260402
260524,0,0,0,0,0,0,1,20241104,20260402
260527,0,0,0,0,0,1,0,20240809,20260402
260529,0,0,0,0,1,0,0,20250401,20260402
260530,1,1,1,1,1,0,0,20250401,20260402
260531,1,1,1,1,1,0,0,20250401,20260402
260532,1,1,1,1,1,0,0,20250401,20260402
260533,1,1,1,1,1,0,0,20250401,20260402
260534,1,1,1,1,1,0,0,20250401,20260402
260535,1,1,1,1,1,0,0,20250401,20260402
260536,1,1,1,1,1,0,0,20250401,20260402
260537,1,1,1,1,1,0,0,20250401,20260402
260538,1,1,1,1,1,0,0,20250401,20260402
260539,1,1,1,1,1,0,0,20250401,20260402
260540,1,1,1,1,1,0,0,20250401,20260402
260541,1,1,1,1,1,0,0,20250401,20260402
260563,0,0,0,0,0,1,0,20250201,20300731
260564,0,0,0,0,0,1,1,20250201,20300731
260565,1,1,1,1,1,0,0,20250201,20300731
260566,1,1,1,1,1,1,1,20250201,20300731
260567,1,1,1,1,1,0,0,20250201,20300731
260568,1,1,1,1,1,0,0,20250201,20300731
260569,1,1,1,1,1,0,0,20250201,20300731
260570,1,1,1,1,1,0,0,20250201,20300731
260572,1,1,1,1,1,0,0,20250201,20300731
260573,1,1,1,1,1,0,0,20250201,20300731
260574,0,0,0,0,0,1,1,20250201,20300731
260597,1,1,1,1,1,0,0,20250331,20260402
260598,1,1,1,1,1,0,0,20250331,20260402
260599,1,1,1,1,1,0,0,20250331,20260402
260600,1,1,1,1,1,0,0,20250331,20260402
260607,1,1,1,1,1,0,0,20250331,20260402
260608,1,1,1,1,1,0,0,20250331,20260402
260609,1,1,1,1,1,0,0,20250331,20260402
260617,1,1,1,1,1,0,0,20250331,20260402
260618,1,1,1,1,1,0,0,20250331,20260402
260658,1,1,1,1,0,0,0,20250301,20250615
260671,1,1,1,1,1,0,0,20250301,20280930
260692,1,1,1,1,1,1,1,20250303,20251214
260693,1,1,1,1,1,1,1,20250303,20251214
260694,1,1,1,1,1,1,1,20250303,20251214
260695,1,1,1,1,1,0,0,20250303,20251214
260696,1,1,1,1,1,1,1,20250303,20251214
260697,1,1,1,1,1,1,1,20250303,20251214
260698,1,1,1,1,1,1,1,20250303,20251214
260699,1,1,1,1,1,1,1,20250303,20251214
260700,1,1,1,1,1,1,1,20250303,20251214
260701,1,1,1,1,1,1,1,20250303,20251214
260702,1,1,1,1,1,1,1,20250303,20251214
260703,1,1,1,1,1,1,1,20250303,20251214
260704,1,1,1,1,1,1,1,20250303,20251214
260705,1,1,1,1,1,1,1,20250303,20251214
260706,1,1,1,1,1,0,0,20250303,20251214
260707,1,1,1,1,1,1,1,20250303,20251214
260708,1,1,1,1,1,1,1,20250303,20251214
260709,1,1,1,1,1,1,1,20250303,20251214
260710,1,1,1,1,1,1,1,20250303,20251214
260711,1,1,1,1,1,1,1,20250303,20251214
260712,1,1,1,1,1,1,1,20250303,20251214
260713,0,0,0,0,0,1,1,20250303,20251214
260714,1,1,1,1,1,1,1,20250303,20251214
260715,1,1,1,1,1,1,1,20250303,20251214
260716,1,1,1,1,1,1,1,20250303,20251214
260717,1,1,1,1,1,1,1,20250303,20251214
260718,1,1,1,1,1,1,1,20250303,20251214
260719,1,1,1,1,1,1,1,20250303,20251214
260720,1,1,1,1,1,1,1,20250303,20251214
260721,1,1,1,1,1,1,1,20250303,20251214
260722,1,1,1,1,1,1,1,20250303,20251214
260723,1,1,1,1,1,1,1,20250303,20251214
260724,1,1,1,1,1,1,1,20250303,20251214
260725,1,1,1,1,1,1,1,20250303,20251214
260726,1,1,1,1,1,0,0,20250203,20300331
260740,0,0,0,0,0,1,1,20250401,20260402
260741,0,0,0,0,0,1,1,20250401,20260402
260742,1,1,1,1,1,1,0,20250301,20280930
260743,0,0,0,0,0,1,1,20250401,20260402
260744,0,0,0,0,0,1,1,20250401,20260402
260745,0,0,0,0,0,1,1,20250401,20260402
260748,1,1,1,1,1,1,0,20250301,20280930
260794,1,1,1,1,1,0,0,20250301,20260402
260795,1,1,1,1,1,0,0,20250301,20260402
260796,1,1,1,1,1,0,0,20250301,20260402
260797,1,1,1,1,1,0,0,20250301,20260402
260798,1,1,1,1,1,0,0,20250301,20260402
260799,1,1,1,1,1,0,0,20250301,20260402
260899,1,1,1,1,1,0,0,20250205,20250930
260901,1,1,1,1,1,0,0,20250205,20250930
260903,1,0,1,0,1,0,0,20250205,20250430
260904,1,0,1,0,1,0,0,20250205,20250430
260905,1,1,1,1,1,1,1,20250205,20250430
260907,0,1,0,1,0,1,1,20250205,20250430
260908,0,0,0,0,0,0,1,20250205,20250430
260909,0,1,0,1,0,1,1,20250205,20250430
260911,0,1,0,1,0,1,0,20250205,20250430
260932,1,1,1,1,1,1,0,20250301,20300930
260935,1,1,1,1,1,0,0,20250303,20260402
260936,1,1,1,1,1,0,0,20250303,20260402
260937,1,1,1,1,1,0,0,20250303,20260402
260938,1,1,1,1,1,0,0,20250303,20260402
260939,1,1,1,1,1,0,0,20250303,20260402
260941,1,1,1,1,1,0,0,20250303,20260402
260942,1,1,1,1,1,0,0,20250301,20260402
260943,1,1,1,1,1,0,0,20250301,20260402
260944,1,1,1,1,1,0,0,20250301,20260402
260945,1,1,1,1,1,0,0,20250301,20260402
260946,1,1,1,1,1,0,0,20250301,20260402
261020,1,1,1,1,1,0,0,20250303,20260402
261022,0,0,0,0,0,1,0,20250301,20260402
261023,0,0,0,0,0,1,0,20250301,20260402
261024,0,0,0,0,0,1,0,20250301,20260402
261025,0,0,0,0,0,1,0,20250301,20260402
261026,1,1,1,1,1,1,1,20250317,20300316
261037,1,1,1,1,1,1,1,20250301,20300228
261043,1,1,1,1,1,0,0,20250210,20321231
261044,1,1,1,1,1,0,0,20250210,20321231
261064,0,0,0,0,0,1,0,20250301,20260402
261065,0,0,0,0,0,1,0,20250301,20260402
261066,0,0,0,0,0,1,0,20250301,20260402
261067,0,0,0,0,0,1,0,20250301,20260402
261118,1,1,1,1,0,0,0,20250303,20250427
261149,1,1,1,1,1,0,0,20250303,20250427
261150,1,1,1,1,1,1,1,20250303,20250427
261151,0,0,0,0,0,1,1,20250303,20250427
261152,0,0,0,0,1,1,1,20250303,20250427
261153,1,1,1,1,1,0,0,20250303,20250427
261154,1,1,1,1,1,1,1,20250303,20250427
261155,1,1,1,1,1,1,1,20250303,20250427
261172,0,0,0,0,0,1,0,20250301,20260402
261173,0,0,0,0,0,1,0,20250301,20260402
261174,0,0,0,0,0,1,0,20250301,20260402
261175,0,0,0,0,0,1,0,20250301,20260402
261176,0,0,0,0,0,1,0,20250301,20260402
261177,0,0,0,0,0,1,0,20250301,20260402
261178,0,0,0,0,0,1,0,20250301,20260402
261179,0,0,0,0,0,1,0,20250301,20260402
261210,1,1,1,1,1,0,0,20250401,20260402
261211,1,1,1,1,1,0,0,20250401,20260402
261212,1,1,1,1,1,0,0,20250401,20260402
261213,1,1,1,1,1,0,0,20250401,20260402
261214,1,1,1,1,1,0,0,20250401,20260402
261215,1,1,1,1,1,0,0,20250401,20260402
261216,1,1,1,1,1,0,0,20250401,20260402
261217,1,1,1,1,1,0,0,20250401,20260402
261218,1,1,1,1,1,0,0,20250401,20260402
261219,1,1,1,1,1,0,0,20250401,20260402
261220,1,1,1,1,1,0,0,20250401,20260402
261221,0,0,1,0,0,0,0,20250303,20260402
261222,0,0,0,0,1,0,0,20250303,20260402
261223,1,1,1,1,1,1,0,20250301,20300930
261224,1,1,1,1,1,0,0,20250301,20280930
261233,1,1,1,0,1,1,1,20250301,20250430
261234,1,1,1,1,1,0,0,20250301,20300930
261235,1,1,1,1,1,1,1,20250301,20300930
261236,1,1,1,1,1,0,0,20250301,20280930
261237,0,0,0,0,0,1,1,20250301,20250430
261240,0,0,0,0,0,1,1,20250301,20280930
261241,1,1,1,1,1,0,0,20250303,20260402
261243,0,0,0,0,0,1,1,20250303,20260402
261245,0,0,0,0,0,0,1,20250301,20260402
261246,0,0,0,0,0,0,1,20250301,20260402
261247,0,0,0,0,0,0,1,20250301,20260402
261248,0,0,0,0,0,0,1,20250301,20260402
261253,1,1,1,1,1,0,0,20250401,20300331
261254,1,1,1,1,1,0,0,20250401,20300331
261255,1,1,1,1,1,1,1,20250303,20300630
261261,1,1,1,1,1,1,0,20250303,20300630
261267,1,1,1,1,0,0,0,20250303,20260402
261268,1,1,1,1,0,0,0,20250303,20260402
261269,0,0,0,0,1,0,0,20250303,20260402
261270,0,0,0,0,1,0,0,20250303,20260402
261271,0,0,0,0,1,0,1,20250303,20260402
261272,0,0,0,0,0,0,1,20250301,20260402
261273,0,0,0,0,0,0,1,20250301,20260402
261274,0,0,0,0,0,0,1,20250301,20260402
261275,0,0,0,0,0,0,1,20250301,20260402
261277,1,1,1,1,1,0,0,20250217,20300630
261278,1,1,1,1,1,0,0,20250217,20300630
261280,1,1,1,1,1,0,0,20250217,20300630
261281,1,1,1,1,1,0,0,20250217,20300630
261282,1,1,1,1,1,1,1,20250217,20300630
261283,1,1,1,1,1,0,0,20250217,20300630
261284,1,1,1,1,1,0,0,20250217,20300630
261286,0,0,0,0,0,1,1,20250217,20300630
261287,0,0,0,0,0,1,1,20250217,20300630
261288,1,1,1,1,1,0,0,20250217,20300630
261306,1,1,1,1,1,0,0,20250317,20250601
261307,0,0,0,0,0,1,1,20250317,20250601
261308,1,1,1,1,1,0,0,20250317,20250601
261309,1,1,1,1,1,0,0,20250317,20250601
261316,1,1,1,1,1,0,0,20250303,20260402
261317,0,0,0,0,0,1,1,20250303,20260402
261323,0,1,0,1,0,0,0,20250303,20260402
261324,1,1,1,1,1,0,0,20250303,20260402
261326,1,0,1,0,1,0,0,20250303,20260402
261327,1,1,1,1,1,0,0,20250401,20250609
261328,1,1,1,1,1,0,0,20250303,20260402
261329,1,1,1,1,1,0,0,20250303,20260402
261330,0,0,0,0,0,1,0,20250303,20260402
261331,1,1,1,1,1,0,0,20250303,20260402
261332,0,0,0,0,0,1,0,20250303,20260402
261335,1,1,1,1,1,0,0,20250303,20260402
261336,1,1,1,1,1,0,0,20250303,20260402
261337,1,1,1,1,1,0,0,20250303,20260402
261338,1,1,1,1,1,0,0,20250303,20260402
261339,1,1,1,1,1,0,0,20250303,20260402
261340,1,1,1,1,1,0,0,20250303,20260402
261341,1,1,1,1,1,0,0,20250303,20260402
261342,0,0,0,0,0,1,0,20250303,20260402
261343,0,0,0,0,0,1,0,20250303,20260402
261344,0,0,0,0,0,1,0,20250303,20260402
261345,0,0,0,0,0,1,0,20250303,20260402
261346,0,0,0,0,0,1,0,20250303,20260402
261347,0,0,0,0,0,1,0,20250303,20260402
261348,0,0,0,0,0,0,1,20250303,20260402
261349,0,0,0,0,0,0,1,20250303,20260402
261350,0,0,0,0,0,0,1,20250303,20260402
261373,0,0,0,0,1,0,1,20250301,20260630
261374,1,1,1,1,1,1,1,20250301,20280731
261389,1,1,1,1,1,1,1,20250301,20280731
261390,1,1,1,1,1,1,1,20250301,20260119
261392,0,0,0,0,0,0,1,20250301,20260402
261393,0,0,0,0,0,0,1,20250301,20260402
261394,0,0,0,0,0,0,1,20250301,20260402
261395,0,0,0,0,0,0,1,20250301,20260402
261396,0,0,0,0,0,0,1,20250301,20260402
261397,0,0,0,0,0,0,1,20250301,20260402
261398,0,0,0,0,0,0,1,20250301,20260402
261399,0,0,0,0,0,0,1,20250301,20260402
261403,1,1,1,1,1,1,1,20250303,20300930
261404,1,1,1,1,1,1,1,20250303,20300930
261405,1,1,1,1,1,0,0,20250317,20250601
261406,0,0,0,0,0,1,1,20250317,20250601
261407,0,0,0,0,0,1,1,20250317,20250601
261408,1,1,1,1,1,0,0,20250317,20250601
261409,0,0,0,0,0,1,1,20250317,20250601
261410,1,1,1,1,1,0,0,20250317,20250601
261411,1,1,1,1,1,0,0,20250317,20250601
261412,0,0,0,0,0,1,1,20250317,20250601
261413,0,0,0,0,0,1,1,20250317,20250601
261414,1,1,1,1,1,0,0,20250317,20250601
261415,1,1,1,1,1,0,0,20250317,20250601
261416,1,1,1,1,1,0,0,20250317,20250601
261417,1,1,1,1,1,0,0,20250317,20250601
261418,0,0,0,0,0,1,1,20250317,20250601
261419,0,0,0,0,0,1,1,20250317,20250601
261420,1,1,1,1,1,0,0,20250317,20250601
261421,0,0,0,0,0,1,1,20250317,20250601
261422,1,1,1,1,1,0,0,20250317,20250601
261554,1,1,1,1,1,1,1,20250301,20250414
261555,1,1,1,1,1,1,1,20250301,20250414
261556,1,1,1,1,1,1,1,20250301,20250414
261557,1,1,1,1,1,0,0,20250301,20250414
261558,1,1,1,1,1,1,1,20250301,20250414
261559,1,1,1,1,1,1,1,20250301,20250414
261560,1,1,1,1,1,1,1,20250301,20250414
261561,1,1,1,1,1,1,1,20250301,20250414
261562,0,0,0,0,0,1,1,20250301,20250414
261563,1,1,1,1,1,1,1,20250301,20250414
261564,1,1,1,1,1,1,0,20250301,20250414
261565,0,0,0,0,0,1,1,20250301,20250414
261576,0,0,0,0,0,0,1,20250301,20250414
261578,1,1,1,1,1,0,0,20250301,20300630
261579,1,1,1,1,1,1,1,20250301,20300630
261580,1,1,1,1,1,1,1,20250301,20300630
261581,0,0,0,0,0,1,1,20250301,20300630
261582,1,1,1,1,1,1,1,20250301,20300630
261584,1,1,1,1,1,0,0,20250301,20300630
261593,1,1,1,1,1,0,0,20250303,20260402
261594,1,1,1,1,1,0,0,20250303,20260402
261595,1,1,1,1,1,0,0,20250303,20260402
261596,1,1,1,1,1,0,0,20250303,20260402
261597,1,1,1,1,1,0,0,20250303,20260402
261598,1,1,1,1,1,0,0,20250303,20260402
261599,1,1,1,1,1,0,0,20250303,20260402
261600,1,1,1,1,1,0,0,20250303,20260402
261615,1,0,1,0,1,0,0,20250301,20250414
261616,0,0,0,0,0,1,1,20250301,20250414
261617,1,1,1,1,1,0,0,20250301,20250414
261618,0,0,0,0,1,0,0,20250301,20250414
261619,1,1,1,1,1,1,1,20250301,20250414
261620,0,1,0,1,0,1,1,20250301,20250414
261621,1,1,1,1,0,0,0,20250301,20250414
261622,1,1,1,1,1,1,1,20250301,20250414
261623,0,0,0,0,0,1,1,20250301,20250414
261624,0,0,0,0,0,1,1,20250331,20260402
261625,0,0,0,0,0,1,1,20250331,20260402
261627,0,0,0,0,0,1,1,20250331,20260402
261628,0,0,0,0,0,1,1,20250331,20260402
261646,1,1,1,1,1,0,0,20250401,20280930
261656,0,0,0,0,0,1,1,20250501,20260402
261661,1,1,1,1,1,0,0,20250303,20260402
261665,1,1,1,1,1,1,0,20250303,20260402
261669,0,0,0,0,0,1,0,20250303,20260402
261670,1,1,1,1,1,0,0,20250303,20260402
261674,1,1,1,1,1,0,0,20250303,20260402
261676,1,0,0,0,1,0,0,20250303,20260402
261682,1,1,1,1,1,1,1,20250303,20260402
261688,0,0,0,0,0,1,1,20250303,20260402
261690,1,1,1,1,1,0,0,20250303,20260402
261691,1,1,1,1,1,0,0,20250303,20260402
261692,1,1,1,1,1,0,0,20250303,20260402
261693,1,1,1,1,1,0,0,20250303,20260402
261694,1,1,1,1,1,0,0,20250303,20260402
261695,1,1,1,1,1,0,0,20250303,20260402
261696,1,1,1,1,1,0,0,20250303,20260402
261697,1,1,1,1,1,0,0,20250303,20260402
261698,1,1,1,1,1,0,0,20250303,20260402
261699,1,1,1,1,1,0,0,20250303,20260402
261703,0,0,0,0,0,1,1,20250303,20260402
261704,0,0,0,0,0,1,1,20250303,20260402
261705,0,0,0,0,0,1,1,20250303,20260402
261706,0,0,0,0,0,1,1,20250303,20260402
261707,0,0,0,0,0,1,1,20250303,20260402
261708,0,0,0,0,0,1,1,20250303,20260402
261709,0,0,0,0,0,1,1,20250303,20260402
261710,0,0,0,0,0,1,1,20250303,20260402
261711,0,0,0,0,0,1,1,20250303,20260402
261713,0,0,0,0,0,1,1,20250303,20260402
261714,0,0,0,0,0,1,1,20250303,20260402
261715,0,0,0,0,0,1,1,20250303,20260402
261716,1,1,1,1,1,0,0,20250303,20260402
261717,1,1,1,1,1,1,1,20250303,20260402
261722,1,1,1,1,1,0,0,20250401,20280930
261723,1,1,1,1,1,1,1,20250301,20300331
261733,1,0,0,0,0,0,0,20250401,20280930
261754,1,1,1,1,1,0,0,20250401,20280930
261773,1,0,0,0,0,0,0,20250301,20260402
261774,0,0,0,0,1,0,0,20250301,20260402
261775,1,1,1,1,1,0,0,20250301,20260402
261776,1,1,1,1,0,0,0,20250301,20260402
261777,0,1,1,1,1,0,0,20250301,20260402
261778,1,1,1,1,1,0,0,20250303,20260402
261779,1,1,1,1,1,1,0,20250303,20260402
261780,1,1,1,1,1,0,0,20250303,20260402
261781,1,1,1,1,1,0,0,20250303,20260402
261782,0,0,0,0,0,1,1,20250303,20260402
261783,1,1,1,1,1,0,0,20250303,20260402
261784,1,1,1,1,1,0,0,20250401,20280930
261792,1,0,1,0,1,0,0,20250414,20250420
261793,1,0,1,0,1,0,0,20250414,20250420
261794,1,0,1,0,1,0,0,20250414,20250420
261795,1,0,1,0,1,0,0,20250414,20250420
261796,1,0,1,0,1,0,0,20250414,20250420
261797,1,0,1,0,1,0,0,20250414,20250420
261798,1,0,1,0,1,0,0,20250414,20250420
261799,1,0,1,0,1,0,0,20250414,20250420
261808,1,0,1,0,1,0,0,20250414,20250420
261809,1,0,1,0,1,0,0,20250414,20250420
261810,1,0,1,0,1,0,0,20250414,20250420
261811,1,0,1,0,1,0,0,20250414,20250420
261821,1,1,1,1,1,0,0,20250303,20321231
261822,0,0,0,0,0,1,1,20250303,20321231
261823,1,1,1,1,1,0,1,20250303,20321231
261824,1,1,1,1,1,0,1,20250303,20321231
261825,0,0,0,0,0,0,1,20250303,20321231
261826,0,0,0,0,0,0,1,20250303,20321231
261827,1,1,1,1,1,0,0,20250303,20321231
261828,1,1,1,1,1,0,0,20250303,20321231
261829,1,1,1,1,1,0,0,20250303,20321231
261833,1,1,1,1,1,1,1,20250303,20321231
261834,1,1,1,1,1,1,1,20250303,20321231
261835,1,1,1,1,1,1,1,20250303,20321231
261837,1,1,1,1,1,0,0,20250303,20321231
261838,0,0,0,0,0,1,1,20250401,20260402
261839,1,1,1,1,1,0,0,20250301,20300630
261840,0,0,0,0,0,1,1,20250415,20250614
261841,0,0,0,0,1,0,0,20250415,20250614
261843,1,1,1,1,0,0,0,20250415,20250614
261844,1,1,1,1,1,1,1,20250415,20250614
261845,0,0,0,0,0,1,1,20250415,20250614
261847,1,1,1,1,1,0,0,20250415,20250614
261848,1,1,1,1,1,1,1,20250415,20250614
261858,1,1,1,1,1,0,0,20250415,20251014
261859,0,0,0,0,0,1,1,20250415,20251014
261861,0,0,0,0,0,1,1,20250415,20251014
261862,1,1,1,1,1,0,0,20250415,20251014
261863,0,0,0,0,0,1,1,20250415,20251014
261864,1,1,1,1,1,0,0,20250415,20251014
261865,1,1,1,1,1,0,0,20250415,20251014
261866,1,1,1,1,1,1,1,20250415,20251014
261867,1,1,1,1,1,1,1,20250415,20251014
261868,1,1,1,1,1,1,1,20250415,20251014
261869,1,1,1,1,1,1,1,20250415,20250915
261870,1,1,1,1,1,1,1,20250415,20250915
261871,1,1,1,1,1,1,1,20250415,20250915
261872,1,1,1,1,1,0,0,20250415,20250915
261873,1,1,1,1,1,0,0,20250415,20251014
261874,1,1,1,1,1,0,0,20250415,20251014
261875,1,1,1,1,1,0,0,20250415,20251014
261876,0,0,0,0,0,1,1,20250415,20251014
261877,0,0,0,0,0,1,1,20250415,20251014
261882,1,1,1,1,1,1,1,20250415,20251014
261883,1,1,1,1,1,0,0,20250415,20251014
261884,1,1,1,1,1,0,0,20250331,20260402
261885,1,1,1,1,1,0,0,20250331,20260402
261886,1,1,1,1,1,0,0,20250331,20260402
261887,1,1,1,1,1,0,0,20250331,20260402
261888,1,1,1,1,1,0,0,20250331,20260402
261889,1,1,1,1,1,0,0,20250331,20260402
261890,1,1,1,1,1,0,0,20250331,20260402
261891,1,1,1,1,1,0,0,20250407,20260402
261892,1,1,1,1,1,0,0,20250415,20251014
261893,1,1,1,1,1,0,0,20250331,20260402
261894,1,1,1,1,1,0,0,20250331,20260402
261895,1,1,1,1,1,0,0,20250331,20260402
261896,1,1,1,1,1,0,0,20250331,20260402
261897,1,1,1,1,1,0,0,20250331,20260402
261898,1,1,1,1,1,0,0,20250331,20260402
261899,1,1,1,1,1,0,0,20250331,20260402
261901,0,0,0,0,0,0,1,20250315,20250609
261902,1,0,1,1,1,0,0,20250315,20250609
261903,0,0,0,0,0,1,0,20250315,20250609
261905,1,1,1,1,1,0,0,20250415,20250610
261906,1,1,1,1,1,0,0,20250415,20250610
261908,1,1,1,1,1,0,0,20250401,20260402
261979,1,1,1,1,1,0,0,20250415,20251014
261980,0,0,0,0,0,1,1,20250415,20251014
261981,1,1,1,1,1,0,0,20250415,20251014
261983,0,0,0,0,0,1,1,20250415,20251014
261984,1,1,1,1,1,0,0,20250415,20250915
261985,0,0,0,0,0,1,1,20250415,20250915
261986,1,1,1,1,1,0,0,20250415,20250915
261987,0,0,0,0,0,1,1,20250415,20250915
261988,1,1,1,1,1,0,0,20250415,20250915
261989,1,1,1,1,1,0,0,20250415,20250915
261991,1,1,1,1,1,0,0,20250415,20250915
261992,1,1,1,1,1,0,0,20250415,20250915
261993,1,1,1,1,1,0,0,20250415,20250915
261994,1,1,1,1,1,0,0,20250415,20250915
261997,0,0,0,0,0,1,1,20250415,20250915
262005,0,0,0,0,0,1,1,20250303,20260402
262035,1,1,1,1,1,1,1,20250324,20250427
262036,1,1,1,1,1,1,1,20250324,20250427
262037,1,1,1,1,1,1,1,20250324,20250427
262038,1,1,1,1,1,1,1,20250324,20250427
262115,1,1,1,1,1,1,1,20250324,20250427
262116,1,1,1,1,1,1,1,20250324,20250427
262123,1,1,1,1,1,1,1,20250324,20250427
262124,1,1,1,1,1,1,1,20250324,20250427
262125,1,1,1,1,1,1,1,20250324,20250427
262126,1,1,1,1,1,1,1,20250324,20250427
262127,1,1,1,1,1,1,1,20250324,20250427
262128,1,1,1,1,1,1,1,20250324,20250427
262149,1,1,1,1,1,1,1,20250324,20250427
262150,1,1,1,1,1,1,1,20250324,20250427
262174,1,1,1,1,1,0,0,20250415,20250915
262175,1,1,1,1,1,0,0,20250401,20250930
262176,0,0,0,0,0,1,1,20250401,20250930
262185,1,1,1,1,1,0,0,20250415,20250610
262186,0,0,0,0,0,1,0,20250331,20260402
262187,0,0,0,0,0,1,0,20250331,20260402
262188,0,0,0,0,0,1,0,20250331,20260402
262189,0,0,0,0,0,1,0,20250331,20260402
262190,0,0,0,0,0,1,0,20250331,20260402
262191,1,1,1,1,1,1,1,20250415,20251014
262197,1,1,1,1,1,0,0,20250401,20260402
262198,1,1,1,1,1,0,0,20250401,20260402
262199,1,1,1,1,1,0,0,20250401,20260402
262200,1,1,1,1,1,0,0,20250401,20260402
262201,1,1,1,1,1,0,0,20250401,20260402
262202,1,1,1,1,1,0,0,20250401,20260402
262203,1,1,1,1,1,0,0,20250401,20260402
262204,1,1,1,1,1,0,0,20250401,20260402
262217,1,1,1,1,1,0,0,20250401,20260402
262218,1,1,1,1,1,0,0,20250401,20260402
262219,1,1,1,1,1,0,0,20250401,20260402
262220,1,1,1,1,1,0,0,20250401,20260402
262221,1,1,1,1,1,0,0,20250401,20260402
262222,1,1,1,1,1,0,0,20250401,20260402
262223,1,1,1,1,1,0,0,20250401,20260402
262224,1,1,1,1,1,0,0,20250401,20260402
262225,1,1,1,1,1,0,0,20250401,20260402
262227,1,1,1,1,1,0,0,20250401,20260402
262228,1,1,1,1,1,0,0,20250401,20260402
262229,1,1,1,1,1,0,0,20250401,20260402
262230,1,1,1,1,1,0,0,20250401,20260402
262231,1,1,1,1,1,0,0,20250401,20260402
262232,1,1,1,1,1,0,0,20250401,20250609
262233,1,1,1,1,1,0,0,20250401,20250609
262234,1,1,1,1,1,0,0,20250401,20250609
262235,1,1,1,1,1,0,0,20250401,20250609
262236,1,1,1,1,1,0,0,20250401,20250609
262237,1,1,1,1,1,0,0,20250401,20250609
262238,1,1,1,1,1,0,0,20250401,20250609
262239,1,1,1,1,1,0,0,20250401,20250609
262240,1,1,1,1,1,0,0,20250401,20250609
262241,1,1,1,1,1,0,0,20250401,20250609
262242,1,1,1,1,1,0,0,20250401,20250609
262255,1,1,1,1,1,0,0,20250331,20260402
262256,1,1,1,1,1,0,0,20250331,20260402
262257,1,1,1,1,1,0,0,20250331,20260402
262258,1,1,1,1,1,0,0,20250331,20260402
262259,1,1,1,1,1,0,0,20250331,20260402
262260,1,1,1,1,1,0,0,20250331,20260402
262261,1,1,1,1,1,0,0,20250331,20260402
262262,1,1,1,1,1,0,0,20250331,20260402
262263,0,0,0,0,1,0,0,20250331,20260402
262264,0,0,0,0,1,0,0,20250331,20260402
262278,0,0,0,0,0,1,0,20250331,20260402
262279,0,0,0,0,0,1,0,20250331,20260402
262287,0,0,0,0,0,0,1,20250401,20280930
262288,1,1,1,1,1,1,1,20250310,20300630
262303,0,0,0,0,0,0,1,20250331,20260402
262304,0,0,0,0,0,0,1,20250331,20260402
262305,0,0,0,0,0,0,1,20250331,20260402
262306,0,0,0,0,0,0,1,20250331,20260402
262307,0,0,0,0,0,0,1,20250331,20260402
262308,0,0,0,0,0,0,1,20250331,20260402
262321,1,1,1,1,1,0,0,20250306,20260402
262322,1,1,1,1,1,0,0,20250306,20260402
262323,1,1,1,1,1,0,0,20250306,20260402
262324,1,1,1,1,1,0,0,20250401,20260402
262325,0,0,1,0,0,0,0,20250401,20260402
262326,1,1,1,1,1,0,0,20250401,20260402
262327,0,0,0,0,0,1,0,20250331,20260402
262328,0,0,0,0,0,1,0,20250331,20260402
262329,0,0,0,0,0,1,0,20250331,20260402
262330,0,0,0,0,0,1,0,20250331,20260402
262331,0,0,0,0,0,1,0,20250331,20260402
262332,0,0,0,0,0,1,0,20250331,20260402
262333,1,1,1,1,1,0,0,20250331,20260402
262334,1,1,1,1,1,0,0,20250331,20260402
262335,1,1,1,1,1,0,0,20250331,20260402
262336,1,1,1,1,1,0,0,20250331,20260402
262337,1,1,1,1,1,0,0,20250331,20260402
262338,1,1,1,1,1,0,0,20250331,20260402
262339,1,1,1,1,1,0,0,20250331,20260402
262340,1,1,1,1,1,0,0,20250331,20260402
262341,1,1,1,1,1,0,0,20250331,20260402
262342,1,1,1,1,1,0,0,20250331,20260402
262343,1,1,1,1,1,0,0,20250331,20260402
262358,0,0,0,0,0,0,1,20250331,20260402
262359,0,0,0,0,0,0,1,20250331,20260402
262360,0,0,0,0,0,0,1,20250331,20260402
262361,0,0,0,0,0,0,1,20250331,20260402
262362,0,0,0,0,0,0,1,20250331,20260402
262379,1,1,1,1,1,0,0,20250401,20280930
262394,0,1,0,0,0,0,0,20250315,20250609
262396,1,1,1,1,1,0,0,20250317,20260402
262397,0,0,0,0,0,1,0,20250317,20260402
262398,0,0,0,0,0,0,1,20250317,20260402
262399,0,0,0,0,0,1,0,20250331,20260402
262400,0,0,0,0,0,1,0,20250331,20260402
262401,0,0,0,0,0,1,0,20250331,20260402
262402,0,0,0,0,0,1,0,20250331,20260402
262403,0,0,0,0,0,1,0,20250331,20260402
262404,0,0,0,0,0,1,0,20250331,20260402
262406,1,1,1,1,1,0,0,20250401,20250609
262411,1,1,1,1,1,0,0,20250401,20260402
262412,1,1,1,1,1,0,0,20250401,20260402
262423,1,1,1,1,1,0,0,20250401,20260402
262424,1,1,1,1,1,0,0,20250401,20260402
262425,1,1,1,1,1,0,0,20250401,20260402
262426,1,1,1,1,1,0,0,20250401,20260402
262427,1,1,1,1,1,0,0,20250401,20260402
262428,1,1,1,1,1,0,0,20250401,20260402
262429,1,1,1,1,1,0,0,20250401,20260402
262430,1,1,1,1,1,0,0,20250401,20260402
262431,1,1,1,1,1,0,0,20250401,20260402
262432,1,1,1,1,1,0,0,20250401,20260402
262433,1,1,1,1,1,0,0,20250401,20260402
262434,1,1,1,1,1,0,0,20250401,20260402
262435,1,1,1,1,1,0,0,20250401,20260402
262436,1,1,1,1,0,0,0,20250401,20260402
262437,1,1,1,1,0,0,0,20250401,20260402
262438,0,0,0,0,1,0,0,20250401,20260402
262453,1,1,1,1,1,0,0,20250401,20270831
262454,0,1,0,1,0,1,0,20250401,20270831
262455,1,0,1,0,1,0,0,20250401,20270831
262464,0,0,0,0,0,1,0,20250331,20260402
262465,0,0,0,0,0,1,0,20250331,20260402
262466,0,0,0,0,0,1,0,20250331,20260402
262467,0,0,0,0,0,1,0,20250331,20260402
262468,0,0,0,0,0,1,0,20250331,20260402
262469,0,0,0,0,0,1,0,20250331,20260402
262470,0,0,0,0,0,1,0,20250331,20260402
262471,1,1,1,1,1,0,0,20250407,20260402
262472,1,1,1,1,1,0,0,20250407,20260402
262473,1,1,1,1,1,0,0,20250407,20260402
262474,1,1,1,1,1,0,0,20250407,20260402
262475,1,1,1,1,1,0,0,20250407,20260402
262476,1,1,1,1,1,0,0,20250407,20260402
262477,1,1,1,1,1,0,0,20250407,20260402
262478,1,1,1,1,1,0,0,20250407,20260402
262479,1,1,1,1,1,0,0,20250407,20260402
262480,1,1,1,1,1,0,0,20250407,20260402
262481,1,1,1,1,1,0,0,20250407,20260402
262482,1,1,1,1,1,0,0,20250407,20260402
262483,1,1,1,1,1,0,0,20250407,20260402
262484,1,1,1,1,1,0,0,20250407,20260402
262485,1,1,1,1,1,0,0,20250407,20260402
262486,1,1,1,1,1,0,0,20250407,20260402
262487,1,1,1,1,1,0,0,20250407,20260402
262488,1,1,1,1,1,0,0,20250407,20260402
262489,1,1,1,1,1,0,0,20250407,20260402
262490,1,1,1,1,1,0,0,20250407,20260402
262491,1,1,1,1,1,0,0,20250407,20260402
262492,0,0,0,0,0,1,1,20250407,20260402
262493,0,0,0,0,0,1,1,20250407,20260402
262494,0,0,0,0,0,1,1,20250407,20260402
262495,0,0,0,0,0,1,1,20250407,20260402
262496,0,0,0,0,0,1,1,20250407,20260402
262497,0,0,0,0,0,1,1,20250407,20260402
262498,0,0,0,0,0,1,1,20250407,20260402
262499,0,0,0,0,0,1,1,20250407,20260402
262500,0,0,0,0,0,1,1,20250407,20260402
262501,0,0,0,0,0,1,1,20250407,20260402
262502,0,0,0,0,0,1,1,20250407,20260402
262503,0,0,0,0,0,1,1,20250407,20260402
262504,0,0,0,0,0,1,1,20250407,20260402
262505,0,0,0,0,0,1,1,20250407,20260402
262506,0,0,0,0,0,1,1,20250407,20260402
262518,1,1,1,1,1,0,0,20250401,20300930
262521,1,1,1,1,1,1,0,20250401,20290630
262557,1,1,1,1,1,0,0,20250401,20250609
262558,1,1,1,1,0,0,0,20250401,20300331
262559,0,0,0,0,1,0,0,20250401,20300331
262560,1,1,1,1,1,0,0,20250401,20300331
262561,1,1,1,1,1,0,0,20250401,20300331
262562,1,1,1,1,1,0,0,20250401,20250609
262563,1,1,1,1,1,0,0,20250401,20250609
262564,1,1,1,1,1,0,0,20250401,20250609
262572,1,1,1,1,1,1,1,20250324,20250427
262573,1,1,1,1,1,1,1,20250324,20250427
262574,1,1,1,1,1,1,1,20250324,20250427
262575,1,1,1,1,1,1,1,20250324,20250427
262576,1,1,1,1,1,1,1,20250324,20250427
262577,1,1,1,1,1,1,1,20250324,20250427
262578,1,1,1,1,1,1,1,20250324,20250427
262593,0,0,0,0,0,0,1,20250331,20260402
262594,0,0,0,0,0,0,1,20250331,20260402
262595,0,0,0,0,0,0,1,20250331,20260402
262596,0,0,0,0,0,0,1,20250331,20260402
262597,0,0,0,0,0,0,1,20250331,20260402
262598,0,0,0,0,0,0,1,20250331,20260402
262599,0,0,0,0,0,0,1,20250331,20260402
262600,0,0,0,0,0,0,1,20250331,20260402
262601,0,0,0,0,0,0,1,20250331,20260402
262602,0,0,0,0,0,0,1,20250331,20260402
262603,0,0,0,0,0,0,1,20250331,20260402
262604,0,0,0,0,0,0,1,20250331,20260402
262605,0,0,0,0,0,0,1,20250331,20260402
262606,1,1,1,1,1,0,0,20250331,20260402
262607,1,1,1,1,1,0,0,20250331,20260402
262608,1,1,1,1,1,0,0,20250331,20260402
262609,1,1,1,1,1,0,0,20250331,20260402
262610,1,1,1,1,1,0,0,20250331,20260402
262616,1,1,1,1,1,1,1,20250331,20260402
262617,1,1,1,1,1,1,1,20250331,20260402
262629,0,0,0,0,0,1,0,20250331,20260402
262630,0,0,0,0,0,1,0,20250331,20260402
262631,0,0,0,0,0,1,0,20250331,20260402
262632,0,0,0,0,0,0,1,20250331,20260402
262633,0,0,0,0,0,0,1,20250331,20260402
262634,0,0,0,0,0,0,1,20250331,20260402
262635,1,1,1,1,1,0,0,20250331,20260402
262636,1,1,1,1,1,0,0,20250331,20260402
262637,1,1,1,1,1,0,0,20250331,20260402
262638,1,1,1,1,1,0,0,20250331,20260402
262639,1,1,1,1,1,0,0,20250331,20260402
262640,1,1,1,1,1,0,0,20250331,20260402
262641,1,1,1,1,1,0,0,20250331,20260402
262642,1,1,1,1,1,0,0,20250331,20260402
262643,1,1,1,1,1,0,0,20250331,20260402
262644,1,1,1,1,1,0,0,20250331,20260402
262645,1,1,1,1,1,0,0,20250331,20260402
262646,1,1,1,1,1,0,0,20250331,20260402
262647,1,1,1,1,1,0,0,20250331,20260402
262654,1,1,1,1,1,0,0,20250407,20260402
262655,1,1,1,1,1,0,0,20250407,20260402
262656,0,0,0,0,0,1,1,20250407,20260402
262680,1,1,1,1,1,0,0,20250331,20260402
262681,1,1,1,1,1,0,0,20250331,20260402
262682,1,1,1,1,1,0,0,20250331,20260402
262683,1,1,1,1,1,0,0,20250331,20260402
262684,1,1,1,1,1,0,0,20250331,20260402
262685,1,1,1,1,1,0,0,20250331,20260402
262686,1,1,1,1,1,0,0,20250331,20260402
262687,1,1,1,1,1,0,0,20250331,20260402
262705,0,0,0,0,0,1,0,20250331,20260402
262706,0,0,0,0,0,1,0,20250331,20260402
262707,0,0,0,0,0,1,0,20250331,20260402
262708,0,0,0,0,0,1,0,20250331,20260402
262709,0,0,0,0,0,1,0,20250331,20260402
262710,0,0,0,0,0,1,0,20250331,20260402
262711,0,0,0,0,0,1,0,20250331,20260402
262712,0,0,0,0,0,1,0,20250331,20260402
262713,0,0,0,0,0,1,0,20250331,20260402
262728,1,1,1,1,1,1,1,20250401,20300331
262729,1,1,1,1,1,1,1,20250401,20300331
262734,1,1,1,1,1,0,0,20250401,20300331
262752,1,1,1,1,1,1,1,20250401,20250421
262753,0,0,0,0,1,1,1,20250401,20250421
262754,1,1,1,1,1,1,1,20250401,20250421
262755,1,1,1,1,1,1,1,20250401,20250421
262756,1,1,1,1,1,1,1,20250401,20250421
262757,1,0,1,0,1,0,1,20250401,20250421
262758,0,1,0,1,0,1,0,20250401,20250421
262759,1,1,1,1,1,1,1,20250401,20250427
262760,1,0,1,0,1,0,1,20250401,20250427
262761,1,1,1,1,1,1,1,20250401,20250427
262762,1,1,1,1,1,1,1,20250401,20250427
262763,1,1,1,1,1,1,1,20250401,20250427
262764,1,0,1,0,1,0,1,20250401,20250427
262766,1,1,1,1,1,1,1,20250401,20250427
262777,0,1,0,1,0,1,0,20250401,20250427
262796,0,0,1,0,1,0,1,20250401,20250427
262798,1,1,0,1,0,1,0,20250401,20250427
262799,0,1,0,1,0,1,0,20250401,20250427
262800,1,1,1,1,1,1,1,20250401,20250427
262801,1,1,1,1,1,1,1,20250401,20250427
262802,1,1,1,1,1,0,0,20250401,20250427
262803,1,1,1,1,1,1,1,20250401,20250427
262804,1,1,1,1,1,1,1,20250401,20250427
262805,1,1,1,1,1,0,0,20250401,20250427
262806,1,1,1,1,1,1,1,20250401,20250427
262807,1,1,1,1,1,1,1,20250401,20250427
262808,1,1,1,1,1,0,0,20250401,20250427
262809,1,1,1,1,1,0,0,20250401,20250427
262810,1,1,1,1,1,1,1,20250401,20250427
262811,1,1,1,1,1,1,1,20250401,20250427
262812,1,1,1,1,1,1,1,20250401,20250427
262813,1,1,1,1,1,1,1,20250401,20250427
262814,1,1,1,1,1,1,1,20250401,20250427
262815,1,1,1,1,1,1,1,20250401,20250427
262816,1,1,1,1,1,1,1,20250401,20250427
262817,1,1,1,1,1,1,1,20250401,20250427
262818,1,1,1,1,1,1,1,20250401,20250427
262819,1,1,1,1,1,1,1,20250401,20250427
262820,1,1,1,1,1,1,1,20250401,20250427
262821,1,1,1,1,1,1,1,20250401,20250427
262822,1,1,1,1,1,1,1,20250401,20250427
262823,1,1,1,1,1,1,1,20250401,20250427
262824,1,1,1,1,1,1,1,20250401,20250427
262825,1,1,1,1,1,1,1,20250401,20250427
262826,1,1,1,1,1,1,1,20250401,20250427
262827,1,0,1,0,1,0,1,20250401,20250427
262828,1,1,1,1,1,1,1,20250401,20250427
262829,1,1,1,1,1,1,1,20250401,20250427
262834,0,0,0,0,0,0,1,20250331,20260402
262835,0,0,0,0,0,0,1,20250331,20260402
262836,0,0,0,0,0,0,1,20250331,20260402
262837,0,0,0,0,0,0,1,20250331,20260402
262838,0,0,0,0,0,0,1,20250331,20260402
262839,0,0,0,0,0,0,1,20250331,20260402
262840,0,0,0,0,0,0,1,20250331,20260402
262841,0,0,0,0,0,0,1,20250331,20260402
262842,0,0,0,0,0,0,1,20250331,20260402
262843,0,1,0,1,0,1,0,20250401,20250427
262852,1,1,1,1,1,0,0,20250415,20300630
262853,1,1,1,1,1,1,1,20250415,20300630
262854,1,1,1,1,1,1,1,20250415,20300630
262855,1,1,1,1,1,1,1,20250415,20300630
262856,1,1,1,1,1,1,1,20250415,20300630
262857,0,0,0,0,0,1,1,20250415,20300630
262858,1,1,1,1,1,1,1,20250415,20300630
262859,1,1,1,1,1,1,0,20250415,20300630
262860,0,0,0,0,0,1,1,20250415,20300630
262861,1,1,1,1,1,1,1,20250415,20300630
262862,1,1,1,1,1,1,1,20250415,20300630
262863,1,1,1,1,1,1,1,20250415,20300630
262874,0,0,0,0,0,0,1,20250415,20250430
262879,1,1,1,1,1,0,0,20250331,20260402
262881,0,0,0,0,0,1,1,20250331,20260402
262883,1,1,1,1,1,1,1,20250331,20260402
262889,1,1,1,0,0,0,0,20250401,20250609
262891,0,0,0,1,1,0,0,20250401,20250609
262896,0,0,0,0,0,1,1,20250415,20250915
262935,0,0,0,0,0,0,1,20250106,20260402
262936,0,0,0,0,0,0,1,20250106,20260402
262937,0,0,0,0,0,0,1,20250106,20260402
262938,0,0,0,0,0,0,1,20250106,20260402
262939,0,0,0,0,0,0,1,20250106,20260402
262940,0,0,0,0,0,0,1,20250106,20260402
262941,0,0,0,0,0,0,1,20250106,20260402
262942,0,0,0,0,0,0,1,20250106,20260402
262943,1,1,1,1,1,0,0,20250401,20260402
262944,0,0,0,0,0,1,1,20250401,20260402
262952,0,0,0,0,0,1,1,20250401,20260402
262953,1,1,1,1,1,0,0,20250401,20260402
262954,1,1,1,1,1,1,1,20250401,20251214
262955,1,1,1,1,1,0,0,20250401,20251214
262958,1,1,1,1,1,0,0,20250401,20251214
262960,1,1,1,1,1,0,0,20250401,20251214
262961,0,0,0,0,0,1,1,20250401,20251214
262963,1,1,1,1,1,1,1,20250401,20251214
262964,1,1,1,1,1,0,0,20250401,20251214
262969,1,1,1,1,1,0,0,20250401,20251214
262973,1,1,1,1,1,1,1,20250401,20251214
262974,1,1,1,1,1,0,0,20250401,20251214
262976,1,1,1,1,1,1,1,20250401,20251214
262977,0,0,0,0,0,1,1,20250401,20251214
262978,1,1,1,1,1,0,0,20250401,20251214
262985,1,1,1,1,1,0,0,20250401,20251214
262987,1,1,1,1,1,1,1,20250401,20251214
262988,1,1,1,1,1,0,0,20250401,20251214
262989,1,1,1,1,1,1,1,20250401,20251214
262990,1,1,1,1,1,0,0,20250401,20251214
262991,1,1,1,1,1,1,1,20250401,20251214
262992,1,1,1,1,1,1,1,20250401,20251214
262993,1,1,1,1,1,1,1,20250401,20251214
262996,1,1,1,1,1,1,1,20250401,20251214
262997,1,1,1,1,1,0,0,20250401,20251214
263000,1,1,1,1,1,1,1,20250401,20251214
263001,1,1,1,1,1,1,1,20250401,20251214
263002,1,1,1,1,1,1,1,20250401,20251214
263004,1,1,1,1,1,1,1,20250401,20251214
263007,1,1,1,1,1,1,1,20250401,20251214
263012,1,1,1,1,1,1,1,20250401,20251214
263013,1,1,1,1,1,1,1,20250401,20251214
263014,1,1,1,1,1,1,1,20250401,20251214
263015,1,1,1,1,1,1,1,20250401,20251214
263016,1,1,1,1,1,1,1,20250401,20251214
263018,1,1,1,1,1,1,1,20250401,20251214
263019,1,1,1,1,1,1,1,20250401,20251214
263020,1,1,1,1,1,1,1,20250401,20251214
263021,1,1,1,1,1,1,1,20250401,20251214
263051,0,0,0,0,0,0,1,20241021,20260402
263052,0,0,0,0,0,0,1,20241021,20260402
263053,0,0,0,0,0,0,1,20241021,20260402
263054,0,0,0,0,0,0,1,20241021,20260402
263055,0,0,0,0,0,0,1,20241021,20260402
263056,0,0,0,0,0,0,1,20241021,20260402
263057,0,0,0,0,0,0,1,20241021,20260402
263058,0,0,0,0,0,0,1,20241021,20260402
263059,0,0,0,0,0,0,1,20241021,20260402
263060,0,0,0,0,0,0,1,20241021,20260402
263061,0,0,0,0,0,0,1,20241021,20260402
263062,0,0,0,0,0,0,1,20241021,20260402
263063,1,1,1,1,1,1,1,20250401,20251214
263064,1,1,1,1,1,1,1,20250401,20251214
263065,1,1,1,1,1,1,1,20250401,20251214
263066,1,1,1,1,1,1,1,20250401,20251214
263074,1,1,1,1,1,1,1,20250401,20251214
263075,1,1,1,1,1,1,1,20250401,20251214
263076,1,1,1,1,1,1,1,20250401,20251214
263077,1,1,1,1,1,1,1,20250401,20251214
263078,1,1,1,1,1,1,1,20250401,20251214
263079,1,1,1,1,1,1,1,20250401,20251214
263083,1,1,1,1,1,1,1,20250401,20251214
263086,1,1,1,1,1,1,1,20250401,20251214
263087,1,1,1,1,1,1,1,20250401,20251214
263088,1,1,1,1,1,1,1,20250401,20251214
263090,1,1,1,1,1,1,1,20250401,20251214
263092,1,1,1,1,1,1,1,20250401,20251214
263093,1,1,1,1,1,1,1,20250401,20251214
263095,1,1,1,1,1,1,1,20250401,20251214
263096,1,1,1,1,1,1,1,20250401,20251214
263097,1,1,1,1,1,1,1,20250401,20251214
263098,1,1,1,1,1,1,1,20250401,20251214
263101,1,1,1,1,1,1,1,20250401,20251214
263102,1,1,1,1,1,1,1,20250401,20251214
263105,1,1,1,1,1,1,1,20250401,20251214
263107,1,1,1,1,1,1,1,20250401,20251214
263110,1,1,1,1,1,1,1,20250401,20251214
263112,1,1,1,1,1,1,1,20250401,20251214
263113,1,1,1,1,1,1,1,20250401,20251214
263116,1,1,1,1,1,1,1,20250401,20251214
263119,1,1,1,1,1,1,1,20250401,20251214
263122,1,1,1,1,1,1,1,20250401,20251214
263123,1,1,1,1,1,1,1,20250401,20251214
263125,1,1,1,1,1,1,1,20250401,20251214
263126,1,1,1,1,1,1,1,20250401,20251214
263128,1,1,1,1,1,1,1,20250401,20251214
263130,1,1,1,1,1,1,1,20250401,20251214
263133,1,1,1,1,1,1,1,20250401,20251214
263134,1,1,1,1,1,1,1,20250401,20251214
263138,1,1,1,1,1,1,1,20250401,20251214
263142,1,1,1,1,1,1,1,20250401,20251214
263143,1,1,1,1,1,1,1,20250401,20251214
263144,1,1,1,1,1,1,1,20250401,20251214
263146,1,1,1,1,1,1,1,20250401,20251214
263149,1,1,1,1,1,1,1,20250401,20251214
263150,1,1,1,1,1,1,1,20250401,20251214
263151,1,1,1,1,1,1,1,20250401,20251214
263155,1,1,1,1,1,1,1,20250401,20251214
263156,1,1,1,1,1,1,1,20250401,20251214
263157,1,1,1,1,1,1,1,20250401,20251214
263158,1,1,1,1,1,1,1,20250401,20251214
263159,1,1,1,1,1,1,1,20250401,20251214
263160,1,1,1,1,1,1,1,20250401,20251214
263162,1,1,1,1,1,1,1,20250401,20251214
263165,1,1,1,1,1,1,1,20250401,20251214
263166,1,1,1,1,1,1,1,20250401,20251214
263167,1,1,1,1,1,1,1,20250401,20251214
263168,1,1,1,1,1,1,1,20250401,20251214
263169,1,1,1,1,1,1,1,20250401,20251214
263170,1,1,1,1,1,1,1,20250401,20251214
263200,1,1,1,1,1,1,1,20250401,20251214
263201,1,1,1,1,1,1,1,20250401,20251214
263202,1,1,1,1,1,1,1,20250401,20251214
263203,1,1,1,1,1,1,1,20250401,20251214
263204,1,1,1,1,1,1,1,20250401,20251214
263205,1,1,1,1,1,1,1,20250401,20251214
263206,1,1,1,1,1,1,1,20250401,20251214
263207,1,1,1,1,1,1,1,20250401,20251214
263208,1,1,1,1,1,1,1,20250401,20251214
263209,1,1,1,1,1,1,1,20250401,20251214
263210,1,1,1,1,1,1,1,20250401,20251214
263212,1,1,1,1,1,1,1,20250401,20251214
263214,1,1,1,1,1,1,1,20250401,20251214
263215,1,1,1,1,1,1,1,20250401,20251214
263216,1,1,1,1,1,1,1,20250401,20251214
263217,1,1,1,1,1,1,1,20250401,20251214
263218,1,1,1,1,1,0,0,20250401,20251214
263219,1,1,1,1,1,0,0,20250401,20251214
263220,1,1,1,1,1,0,0,20250401,20251214
263221,1,1,1,1,1,0,0,20250401,20251214
263222,1,1,1,1,1,0,0,20250401,20251214
263223,1,1,1,1,1,0,0,20250401,20251214
263224,1,1,1,1,1,0,0,20250401,20251214
263225,1,1,1,1,1,0,0,20250401,20251214
263226,1,1,1,1,1,0,0,20250401,20251214
263227,1,1,1,1,1,0,0,20250401,20251214
263228,1,1,1,1,1,0,0,20250401,20251214
263229,1,1,1,1,1,0,0,20250401,20251214
263231,1,1,1,1,1,0,0,20250401,20251214
263360,1,1,1,1,1,0,0,20250405,20260402
263361,1,1,1,1,1,0,0,20250405,20260402
263365,0,0,0,0,0,1,1,20250405,20260402
263369,1,1,1,1,1,0,0,20250405,20260402
263370,1,1,1,1,1,0,0,20250405,20260402
263371,1,0,1,0,1,0,1,20250405,20260402
263377,0,1,0,1,0,1,0,20250405,20260402
263378,0,1,0,1,0,1,0,20250405,20260402
263381,1,1,1,1,1,1,1,20250401,20251214
263421,0,0,0,0,1,0,0,20250401,20251231
263478,0,0,0,0,0,1,0,20250331,20250406
263479,1,1,1,0,0,0,0,20250331,20250406
263480,0,0,0,0,1,0,0,20250331,20250406
263481,0,0,0,1,0,0,0,20250331,20250406
263482,0,0,0,0,0,0,1,20250331,20250406
263483,0,0,0,0,0,1,0,20250331,20250406
263484,1,1,1,1,1,1,0,20250331,20250406
263485,1,1,1,1,1,1,1,20250331,20250406
263486,1,1,1,1,1,0,1,20250331,20250406
263487,0,0,0,0,1,0,0,20250407,20250413
263488,1,1,1,1,1,1,1,20250407,20250413
263489,1,1,1,1,1,0,1,20250407,20250413
263490,1,1,1,1,1,1,0,20250407,20250413
263491,0,0,0,1,0,0,0,20250407,20250413
263492,0,0,0,0,0,0,1,20250407,20250413
263493,0,0,0,0,1,0,1,20250407,20250413
263494,0,0,0,0,0,1,0,20250407,20250413
263495,0,0,0,1,0,0,0,20250414,20250420
263496,0,0,0,0,0,0,1,20250414,20250420
263497,0,0,0,1,1,1,1,20250414,20250420
263498,1,1,1,1,1,1,0,20250414,20250420
263499,1,1,1,1,1,1,1,20250414,20250420
263500,1,1,1,1,1,0,1,20250414,20250420
263501,0,0,0,0,0,1,0,20250414,20250420
263502,0,0,0,1,1,0,1,20250414,20250420
263503,0,0,0,0,1,0,1,20250414,20250420
263504,0,0,0,0,1,0,0,20250421,20250427
263505,1,1,1,1,1,1,1,20250421,20250427
263506,1,1,1,1,1,0,1,20250421,20250427
263507,1,1,1,1,1,1,0,20250421,20250427
263509,0,0,0,0,0,0,1,20250421,20250427
263510,0,0,0,1,1,0,1,20250421,20250427
263511,0,0,0,0,0,1,0,20250421,20250427
263512,0,0,0,0,1,0,0,20250428,20250504
263513,1,1,1,1,1,1,1,20250428,20250504
263514,1,1,1,1,1,0,1,20250428,20250504
263515,1,1,1,1,1,1,0,20250428,20250504
263516,0,0,0,1,0,0,0,20250428,20250504
263517,0,0,0,0,0,0,1,20250428,20250504
263518,0,0,0,0,1,1,1,20250428,20250504
263519,0,0,0,0,0,1,0,20250428,20250504
263520,0,0,1,0,0,0,0,20250428,20250504
263521,0,0,0,0,1,1,0,20250407,20250413
263522,1,1,1,1,1,0,0,20250407,20250413
263523,1,1,1,1,1,1,1,20250407,20250413
263524,0,0,0,1,1,0,0,20250407,20250413
263525,1,1,1,1,1,1,0,20250407,20250413
263526,0,0,0,0,1,0,0,20250407,20250413
263527,0,0,0,0,0,0,1,20250407,20250413
263549,0,0,0,1,0,0,0,20250414,20250420
263550,1,1,1,0,0,0,0,20250414,20250420
263551,1,1,1,1,1,1,1,20250414,20250420
263552,0,0,0,1,1,0,1,20250414,20250420
263553,1,1,1,1,1,1,0,20250414,20250420
263554,0,0,0,0,1,0,0,20250414,20250420
263555,0,0,0,1,0,0,1,20250414,20250420
263557,1,1,1,1,0,0,0,20250414,20250420
263558,0,0,0,1,1,1,1,20250414,20250420
263559,1,1,1,1,1,1,0,20250421,20250427
263560,0,0,0,0,1,0,0,20250421,20250427
263562,1,1,1,1,1,0,1,20250421,20250427
263564,1,1,1,1,1,1,1,20250421,20250427
263569,1,1,1,1,1,0,0,20250421,20250427
263570,0,0,0,0,1,0,1,20250421,20250427
263571,0,0,0,1,1,0,1,20250421,20250427
263572,1,0,0,1,1,0,1,20250421,20250427
263573,1,1,1,1,1,1,0,20250428,20250504
263574,0,0,0,0,1,0,0,20250428,20250504
263575,0,0,1,0,0,0,0,20250428,20250504
263576,1,1,1,1,1,0,1,20250428,20250504
263578,1,1,1,1,1,1,1,20250428,20250504
263580,0,1,1,1,1,0,0,20250428,20250504
263583,1,1,1,1,1,0,0,20250428,20250504
263584,0,0,0,0,1,0,1,20250428,20250504
263585,0,0,1,1,1,0,1,20250428,20250504
263586,1,1,1,0,1,0,0,20250428,20250504
263587,0,0,0,0,1,1,0,20250331,20250406
263588,1,1,1,1,1,0,0,20250331,20250406
263589,1,1,1,1,1,1,1,20250331,20250406
263590,0,0,0,1,1,0,0,20250331,20250406
263591,1,1,1,1,1,1,0,20250331,20250406
263592,0,0,0,0,1,0,0,20250331,20250406
263593,0,0,0,0,0,0,1,20250331,20250406
263594,1,0,0,0,0,0,0,20250331,20250406
263595,1,1,1,0,0,0,0,20250331,20250406
263596,0,0,0,1,1,1,0,20250331,20250406
263597,0,0,0,1,1,0,0,20250331,20250406
263606,1,1,1,1,1,0,0,20250501,20290630
263607,1,1,1,1,1,1,1,20250501,20300930
263608,1,1,1,1,1,1,1,20250501,20300930
263637,1,1,1,1,0,0,0,20250301,20250615
263639,1,1,1,1,0,0,0,20250401,20260615
263640,1,1,1,1,0,0,0,20250301,20250615
