kant_CODE,kant_name,keskus_CODE,keskus_name,stop_group_id,stop_group_name,n_services_stop_total,n_physical_stops,stop_rank_total,is_top_stop_total,n_services_to_keskus,stop_rank_to_keskus,is_representative_to_keskus,n_services_from_localities,stop_rank_dest_to_keskus,is_representative_dest_to_keskus
K001,Aakre,K674,Tartu linn,K001__Aakre__1,Aakre,12,2,1,TRUE,3,1,TRUE,NA,NA,NA
K001,Aakre,K674,Tartu linn,K001__Ametmäe__1,Ametmäe,12,2,2,FALSE,3,2,FALSE,NA,NA,NA
K001,Aakre,K674,Tartu linn,K001__Kasumetsa__1,Kasumetsa,12,2,3,FALSE,3,3,FALSE,NA,NA,NA
K001,Aakre,K674,Tartu linn,K001__Rebaste__1,Rebaste,12,2,4,FALSE,3,5,FALSE,NA,NA,NA
K001,Aakre,K674,Tartu linn,K001__Aakre asula__1,Aakre asula,7,1,5,FALSE,NA,NA,NA,NA,NA,NA
K001,Aakre,K674,Tartu linn,K001__Ülejõe__1,Ülejõe,7,1,6,FALSE,2,7,FALSE,NA,NA,NA
K001,Aakre,K674,Tartu linn,K001__Kupu__1,Kupu,6,1,7,FALSE,NA,NA,NA,NA,NA,NA
K001,Aakre,K674,Tartu linn,K001__Pühaste__1,Pühaste,6,2,8,FALSE,3,4,FALSE,NA,NA,NA
K001,Aakre,K674,Tartu linn,K001__Purtsi__1,Purtsi,4,2,9,FALSE,2,6,FALSE,NA,NA,NA
K001,Aakre,K674,Tartu linn,K001__Hiiemäe__1,Hiiemäe,1,1,10,FALSE,NA,NA,NA,NA,NA,NA
K002,Aardla,K674,Tartu linn,K002__Aardlapalu__1,Aardlapalu,21,2,1,TRUE,15,1,TRUE,NA,NA,NA
K002,Aardla,K674,Tartu linn,K002__Suurekivi__1,Suurekivi,20,2,2,FALSE,15,2,FALSE,NA,NA,NA
K002,Aardla,K674,Tartu linn,K002__Haaslava__1,Haaslava,16,2,3,FALSE,12,3,FALSE,NA,NA,NA
K002,Aardla,K674,Tartu linn,K002__Kure__1,Kure,16,2,4,FALSE,12,4,FALSE,NA,NA,NA
K002,Aardla,K674,Tartu linn,K002__Kurepalu__1,Kurepalu,16,2,5,FALSE,12,5,FALSE,NA,NA,NA
K002,Aardla,K674,Tartu linn,K002__Liivaku__1,Liivaku,16,2,6,FALSE,12,6,FALSE,NA,NA,NA
K002,Aardla,K674,Tartu linn,K002__Savijõe__1,Savijõe,12,1,7,FALSE,7,7,FALSE,NA,NA,NA
K002,Aardla,K674,Tartu linn,K002__Aardla küla__1,Aardla küla,8,2,8,FALSE,5,8,FALSE,NA,NA,NA
K002,Aardla,K674,Tartu linn,K002__Alajaam__1,Alajaam,8,2,9,FALSE,5,9,FALSE,NA,NA,NA
K002,Aardla,K674,Tartu linn,K002__Lange__1,Lange,8,2,10,FALSE,5,10,FALSE,NA,NA,NA
K002,Aardla,K674,Tartu linn,K002__Reola raudteejaam__1,Reola raudteejaam,8,2,11,FALSE,5,11,FALSE,NA,NA,NA
K002,Aardla,K674,Tartu linn,K002__Vangi__1,Vangi,8,2,12,FALSE,5,12,FALSE,NA,NA,NA
K002,Aardla,K674,Tartu linn,K002__Igevere__1,Igevere,7,2,13,FALSE,4,13,FALSE,NA,NA,NA
K002,Aardla,K674,Tartu linn,K002__Kuremäe__1,Kuremäe,5,2,14,FALSE,2,20,FALSE,NA,NA,NA
K002,Aardla,K674,Tartu linn,K002__Reola__1,Reola,4,2,15,FALSE,2,22,FALSE,NA,NA,NA
K002,Aardla,K674,Tartu linn,K002__Kangru__1,Kangru,3,2,16,FALSE,2,18,FALSE,NA,NA,NA
K002,Aardla,K674,Tartu linn,K002__Raamatu__1,Raamatu,3,1,17,FALSE,2,21,FALSE,NA,NA,NA
K002,Aardla,K674,Tartu linn,K002__Tuigo__1,Tuigo,3,1,18,FALSE,3,14,FALSE,NA,NA,NA
K002,Aardla,K674,Tartu linn,K002__Tuigo tee__1,Tuigo tee,3,2,19,FALSE,3,15,FALSE,NA,NA,NA
K002,Aardla,K674,Tartu linn,K002__Igevere paisjärv__1,Igevere paisjärv,2,1,20,FALSE,2,16,FALSE,NA,NA,NA
K002,Aardla,K674,Tartu linn,K002__Kalamajandi__1,Kalamajandi,2,1,21,FALSE,2,17,FALSE,NA,NA,NA
K002,Aardla,K674,Tartu linn,K002__Kesa__1,Kesa,2,1,22,FALSE,2,19,FALSE,NA,NA,NA
K002,Aardla,K674,Tartu linn,K002__Tõõraste__1,Tõõraste,2,1,23,FALSE,1,24,FALSE,NA,NA,NA
K002,Aardla,K674,Tartu linn,K002__Igevere tee__1,Igevere tee,1,1,24,FALSE,1,23,FALSE,NA,NA,NA
K003,Aarna,K523,Põlva linn,K003__Aarna__1,Aarna,11,3,1,TRUE,8,1,TRUE,NA,NA,NA
K003,Aarna,K523,Põlva linn,K003__Metsanurga__1,Metsanurga,11,2,2,FALSE,8,2,FALSE,NA,NA,NA
K004,Aaspere,K663,Tallinn,K004__Aaspere__1,Aaspere,19,2,1,TRUE,6,1,TRUE,NA,NA,NA
K004,Aaspere,K663,Tallinn,K004__Sauste__1,Sauste,7,2,2,FALSE,NA,NA,NA,NA,NA,NA
K004,Aaspere,K663,Tallinn,K004__Kaasiku__1,Kaasiku,6,2,3,FALSE,NA,NA,NA,NA,NA,NA
K004,Aaspere,K663,Tallinn,K004__Liiguste__1,Liiguste,6,1,4,FALSE,NA,NA,NA,NA,NA,NA
K004,Aaspere,K663,Tallinn,K004__Liiguste__2,Liiguste,5,1,5,FALSE,2,2,FALSE,NA,NA,NA
K004,Aaspere,K663,Tallinn,K004__Aaspere mõis__1,Aaspere mõis,3,1,6,FALSE,NA,NA,NA,NA,NA,NA
K005,Abja,K789,Viljandi linn,K005__Linavabrik__1,Linavabrik,20,2,1,TRUE,8,2,FALSE,NA,NA,NA
K005,Abja,K789,Viljandi linn,K005__Jussi__1,Jussi,18,2,2,FALSE,8,1,TRUE,NA,NA,NA
K005,Abja,K789,Viljandi linn,K005__Olevi__1,Olevi,18,2,3,FALSE,8,3,FALSE,NA,NA,NA
K005,Abja,K789,Viljandi linn,K005__Palu__1,Palu,18,2,4,FALSE,8,4,FALSE,NA,NA,NA
K005,Abja,K789,Viljandi linn,K005__Kuustle__1,Kuustle,8,2,5,FALSE,4,5,FALSE,NA,NA,NA
K005,Abja,K789,Viljandi linn,K005__Lastekodu__1,Lastekodu,8,2,6,FALSE,4,6,FALSE,NA,NA,NA
K005,Abja,K789,Viljandi linn,K005__Saate__1,Saate,8,2,7,FALSE,4,7,FALSE,NA,NA,NA
K006,Abja-Paluoja linn,K789,Viljandi linn,K006__Abja-Paluoja__1,Abja-Paluoja,44,1,1,TRUE,17,1,TRUE,NA,NA,NA
K006,Abja-Paluoja linn,K789,Viljandi linn,K006__Ruubli__1,Ruubli,26,2,2,FALSE,12,2,FALSE,NA,NA,NA
K006,Abja-Paluoja linn,K789,Viljandi linn,K006__Metsa__1,Metsa,18,2,3,FALSE,8,3,FALSE,NA,NA,NA
K007,Abruka,K270,Kuressaare linn,K007__Abruka sadam__1,Abruka sadam,4,1,1,TRUE,2,1,TRUE,NA,NA,NA
K008,Adavere,K521,Põltsamaa linn,K008__Adavere__1,Adavere,46,2,1,TRUE,13,1,TRUE,NA,NA,NA
K008,Adavere,K521,Põltsamaa linn,K008__Kalme__1,Kalme,13,1,2,FALSE,6,2,FALSE,NA,NA,NA
K008,Adavere,K521,Põltsamaa linn,K008__Adavere tuulik__1,Adavere tuulik,6,2,3,FALSE,4,3,FALSE,NA,NA,NA
K008,Adavere,K521,Põltsamaa linn,K008__Puiatu__1,Puiatu,2,2,4,FALSE,2,4,FALSE,NA,NA,NA
K008,Adavere,K521,Põltsamaa linn,K008__Adavere metskond__1,Adavere metskond,1,1,5,FALSE,1,5,FALSE,NA,NA,NA
K009,Adila-Pihali,K663,Tallinn,K009__Adila__1,Adila,3,2,1,TRUE,NA,NA,NA,NA,NA,NA
K009,Adila-Pihali,K663,Tallinn,K009__Keskuse__1,Keskuse,3,2,2,FALSE,NA,NA,NA,NA,NA,NA
K009,Adila-Pihali,K663,Tallinn,K009__Pihali__1,Pihali,3,2,3,FALSE,NA,NA,NA,NA,NA,NA
K009,Adila-Pihali,K663,Tallinn,K009__Rehe__1,Rehe,3,2,4,FALSE,NA,NA,NA,NA,NA,NA
K009,Adila-Pihali,K663,Tallinn,K009__Sõeru__1,Sõeru,3,2,5,FALSE,NA,NA,NA,NA,NA,NA
K010,Aegviidu alev,K663,Tallinn,K010__Aegviidu__1,Aegviidu,62,4,1,TRUE,23,1,TRUE,NA,NA,NA
K010,Aegviidu alev,K663,Tallinn,K010__Nelijärve__1,Nelijärve,32,4,2,FALSE,8,2,FALSE,NA,NA,NA
K010,Aegviidu alev,K663,Tallinn,K010__Nikerjärve__1,Nikerjärve,16,2,3,FALSE,NA,NA,NA,NA,NA,NA
K010,Aegviidu alev,K663,Tallinn,K010__Urbukse__1,Urbukse,16,2,4,FALSE,NA,NA,NA,NA,NA,NA
K011,Ahja,K674,Tartu linn,K011__Ahja__1,Ahja,22,1,1,TRUE,6,1,TRUE,NA,NA,NA
K011,Ahja,K674,Tartu linn,K011__Kärsa__1,Kärsa,21,4,2,FALSE,6,4,FALSE,NA,NA,NA
K011,Ahja,K674,Tartu linn,K011__Sulbi__1,Sulbi,14,2,3,FALSE,5,5,FALSE,NA,NA,NA
K011,Ahja,K674,Tartu linn,K011__Alevi__1,Alevi,13,2,4,FALSE,6,2,FALSE,NA,NA,NA
K011,Ahja,K674,Tartu linn,K011__Kosova__1,Kosova,13,2,5,FALSE,6,3,FALSE,NA,NA,NA
K011,Ahja,K674,Tartu linn,K011__Kruusaaugu__1,Kruusaaugu,7,2,6,FALSE,NA,NA,NA,NA,NA,NA
K011,Ahja,K674,Tartu linn,K011__Akste__1,Akste,5,2,7,FALSE,NA,NA,NA,NA,NA,NA
K011,Ahja,K674,Tartu linn,K011__Vahemetsa__1,Vahemetsa,5,2,8,FALSE,NA,NA,NA,NA,NA,NA
K011,Ahja,K674,Tartu linn,K011__Vahemäe__1,Vahemäe,5,2,9,FALSE,NA,NA,NA,NA,NA,NA
K011,Ahja,K674,Tartu linn,K011__Kadaja__1,Kadaja,3,2,10,FALSE,NA,NA,NA,NA,NA,NA
K011,Ahja,K674,Tartu linn,K011__Akste__2,Akste,2,2,11,FALSE,NA,NA,NA,NA,NA,NA
K011,Ahja,K674,Tartu linn,K011__Akste järv__1,Akste järv,1,1,12,FALSE,NA,NA,NA,NA,NA,NA
K011,Ahja,K674,Tartu linn,K011__Akste küla__1,Akste küla,1,1,13,FALSE,NA,NA,NA,NA,NA,NA
K012,Ahula,K663,Tallinn,K012__Ahula__1,Ahula,16,2,1,TRUE,NA,NA,NA,NA,NA,NA
K012,Ahula,K663,Tallinn,K012__Seidla__1,Seidla,14,2,2,FALSE,NA,NA,NA,NA,NA,NA
K013,Ahunapalu,K674,Tartu linn,K013__Liispõllu__1,Liispõllu,5,2,1,TRUE,3,3,FALSE,NA,NA,NA
K013,Ahunapalu,K674,Tartu linn,K013__Agali__1,Agali,4,2,2,FALSE,3,1,TRUE,NA,NA,NA
K013,Ahunapalu,K674,Tartu linn,K013__Ahunapalu__1,Ahunapalu,4,1,3,FALSE,3,2,FALSE,NA,NA,NA
K013,Ahunapalu,K674,Tartu linn,K013__Saki__1,Saki,3,2,4,FALSE,2,4,FALSE,NA,NA,NA
K013,Ahunapalu,K674,Tartu linn,K013__Kõivusaare__1,Kõivusaare,2,2,5,FALSE,1,5,FALSE,NA,NA,NA
K014,Aidu,K213,Kiviõli linn,K014__Aruküla__1,Aruküla,3,2,1,TRUE,1,1,TRUE,NA,NA,NA
K014,Aidu,K213,Kiviõli linn,K014__Uniküla__1,Uniküla,3,2,2,FALSE,1,2,FALSE,NA,NA,NA
K015,Aidu,K115,Jõgeva linn,K015__Aidu__1,Aidu,24,3,1,TRUE,13,1,TRUE,NA,NA,NA
K015,Aidu,K115,Jõgeva linn,K015__Kaave__1,Kaave,24,2,2,FALSE,13,2,FALSE,NA,NA,NA
K015,Aidu,K115,Jõgeva linn,K015__Laisaare tee__1,Laisaare tee,24,2,3,FALSE,13,3,FALSE,NA,NA,NA
K015,Aidu,K115,Jõgeva linn,K015__Vägari__1,Vägari,24,2,4,FALSE,13,4,FALSE,NA,NA,NA
K015,Aidu,K115,Jõgeva linn,K015__Oe__1,Oe,18,2,5,FALSE,9,5,FALSE,NA,NA,NA
K015,Aidu,K115,Jõgeva linn,K015__Aiandi tee__1,Aiandi tee,6,2,6,FALSE,4,6,FALSE,NA,NA,NA
K015,Aidu,K115,Jõgeva linn,K015__Kose rist__1,Kose rist,6,2,7,FALSE,4,7,FALSE,NA,NA,NA
K015,Aidu,K115,Jõgeva linn,K015__Lahavere__1,Lahavere,6,4,8,FALSE,4,8,FALSE,NA,NA,NA
K015,Aidu,K115,Jõgeva linn,K015__Vilu__1,Vilu,6,2,9,FALSE,4,9,FALSE,NA,NA,NA
K015,Aidu,K115,Jõgeva linn,K015__Uuetoa__1,Uuetoa,4,2,10,FALSE,3,10,FALSE,NA,NA,NA
K015,Aidu,K115,Jõgeva linn,K015__Vägari parkla__1,Vägari parkla,4,1,11,FALSE,2,13,FALSE,NA,NA,NA
K015,Aidu,K115,Jõgeva linn,K015__Kõpu__1,Kõpu,3,1,12,FALSE,2,11,FALSE,NA,NA,NA
K015,Aidu,K115,Jõgeva linn,K015__Kõpu veehoidla__1,Kõpu veehoidla,3,1,13,FALSE,2,12,FALSE,NA,NA,NA
K015,Aidu,K115,Jõgeva linn,K015__Metskonna__1,Metskonna,3,1,14,FALSE,1,15,FALSE,NA,NA,NA
K015,Aidu,K115,Jõgeva linn,K015__Kose__1,Kose,2,1,15,FALSE,1,14,FALSE,NA,NA,NA
K016,Alajõe,K118,Jõhvi linn,K016__Alajõe__1,Alajõe,8,1,1,TRUE,3,1,TRUE,NA,NA,NA
K016,Alajõe,K118,Jõhvi linn,K016__Kanarbiku__1,Kanarbiku,8,2,2,FALSE,3,2,FALSE,NA,NA,NA
K016,Alajõe,K118,Jõhvi linn,K016__Karjamaa__1,Karjamaa,8,2,3,FALSE,3,3,FALSE,NA,NA,NA
K016,Alajõe,K118,Jõhvi linn,K016__Kassikaku__1,Kassikaku,8,2,4,FALSE,3,4,FALSE,NA,NA,NA
K016,Alajõe,K118,Jõhvi linn,K016__Katase__1,Katase,8,2,5,FALSE,3,5,FALSE,NA,NA,NA
K016,Alajõe,K118,Jõhvi linn,K016__Kordoni__1,Kordoni,8,2,6,FALSE,3,6,FALSE,NA,NA,NA
K016,Alajõe,K118,Jõhvi linn,K016__Rannasalu__1,Rannasalu,8,2,7,FALSE,3,7,FALSE,NA,NA,NA
K016,Alajõe,K118,Jõhvi linn,K016__Suvila__1,Suvila,8,2,8,FALSE,3,8,FALSE,NA,NA,NA
K016,Alajõe,K118,Jõhvi linn,K016__Tammeveski__1,Tammeveski,2,2,9,FALSE,NA,NA,NA,NA,NA,NA
K017,Alatskivi,K674,Tartu linn,K017__Alatskivi__1,Alatskivi,29,2,1,TRUE,17,1,TRUE,NA,NA,NA
K017,Alatskivi,K674,Tartu linn,K017__Alasoo__1,Alasoo,21,2,2,FALSE,8,5,FALSE,NA,NA,NA
K017,Alatskivi,K674,Tartu linn,K017__Kõdesi__1,Kõdesi,21,2,3,FALSE,8,6,FALSE,NA,NA,NA
K017,Alatskivi,K674,Tartu linn,K017__Mäekalda__1,Mäekalda,21,2,4,FALSE,8,7,FALSE,NA,NA,NA
K017,Alatskivi,K674,Tartu linn,K017__Naelavere__1,Naelavere,21,2,5,FALSE,11,2,FALSE,NA,NA,NA
K017,Alatskivi,K674,Tartu linn,K017__Rupsi__1,Rupsi,21,2,6,FALSE,11,3,FALSE,NA,NA,NA
K017,Alatskivi,K674,Tartu linn,K017__Saburi__1,Saburi,21,2,7,FALSE,11,4,FALSE,NA,NA,NA
K017,Alatskivi,K674,Tartu linn,K017__Alatskivi kool__1,Alatskivi kool,12,2,8,FALSE,5,8,FALSE,NA,NA,NA
K017,Alatskivi,K674,Tartu linn,K017__Lahe__1,Lahe,11,2,9,FALSE,5,9,FALSE,NA,NA,NA
K017,Alatskivi,K674,Tartu linn,K017__Lahepera__1,Lahepera,11,2,10,FALSE,5,10,FALSE,NA,NA,NA
K017,Alatskivi,K674,Tartu linn,K017__Metsakivi__1,Metsakivi,11,1,11,FALSE,1,22,FALSE,NA,NA,NA
K017,Alatskivi,K674,Tartu linn,K017__Riidmaa__1,Riidmaa,11,2,12,FALSE,5,11,FALSE,NA,NA,NA
K017,Alatskivi,K674,Tartu linn,K017__Savimetsa__1,Savimetsa,11,2,13,FALSE,5,12,FALSE,NA,NA,NA
K017,Alatskivi,K674,Tartu linn,K017__Nina__1,Nina,7,1,14,FALSE,3,14,FALSE,NA,NA,NA
K017,Alatskivi,K674,Tartu linn,K017__Rootsiküla__1,Rootsiküla,7,2,15,FALSE,3,15,FALSE,NA,NA,NA
K017,Alatskivi,K674,Tartu linn,K017__Kalevipoja säng__1,Kalevipoja säng,6,2,16,FALSE,4,13,FALSE,NA,NA,NA
K017,Alatskivi,K674,Tartu linn,K017__Kooljamäe__1,Kooljamäe,3,2,17,FALSE,2,16,FALSE,NA,NA,NA
K017,Alatskivi,K674,Tartu linn,K017__Luigemetsa__1,Luigemetsa,2,2,18,FALSE,2,17,FALSE,NA,NA,NA
K017,Alatskivi,K674,Tartu linn,K017__Metsakivi tee__1,Metsakivi tee,2,1,19,FALSE,2,18,FALSE,NA,NA,NA
K017,Alatskivi,K674,Tartu linn,K017__Padakõrve__1,Padakõrve,2,2,20,FALSE,2,19,FALSE,NA,NA,NA
K017,Alatskivi,K674,Tartu linn,K017__Päiksi__1,Päiksi,2,2,21,FALSE,2,20,FALSE,NA,NA,NA
K017,Alatskivi,K674,Tartu linn,K017__Koidumetsa__1,Koidumetsa,1,1,22,FALSE,1,21,FALSE,NA,NA,NA
K018,Alavere,K663,Tallinn,K018__Alavere__1,Alavere,19,2,1,TRUE,2,1,TRUE,NA,NA,NA
K018,Alavere,K663,Tallinn,K018__Mesila__1,Mesila,10,2,2,FALSE,NA,NA,NA,NA,NA,NA
K018,Alavere,K663,Tallinn,K018__Palmimäe__1,Palmimäe,10,2,3,FALSE,NA,NA,NA,NA,NA,NA
K018,Alavere,K663,Tallinn,K018__Pikva__1,Pikva,10,2,4,FALSE,NA,NA,NA,NA,NA,NA
K018,Alavere,K663,Tallinn,K018__Raastu__1,Raastu,10,2,5,FALSE,NA,NA,NA,NA,NA,NA
K018,Alavere,K663,Tallinn,K018__Perila tee__1,Perila tee,9,2,6,FALSE,NA,NA,NA,NA,NA,NA
K018,Alavere,K663,Tallinn,K018__Paluküla__1,Paluküla,8,2,7,FALSE,2,3,FALSE,NA,NA,NA
K018,Alavere,K663,Tallinn,K018__Soo-otsa__1,Soo-otsa,8,2,8,FALSE,2,5,FALSE,NA,NA,NA
K018,Alavere,K663,Tallinn,K018__Uuearu__1,Uuearu,8,2,9,FALSE,2,6,FALSE,NA,NA,NA
K018,Alavere,K663,Tallinn,K018__Lükati__1,Lükati,7,2,10,FALSE,2,2,FALSE,NA,NA,NA
K018,Alavere,K663,Tallinn,K018__Rooküla__1,Rooküla,7,2,11,FALSE,2,4,FALSE,NA,NA,NA
K019,Albu,K663,Tallinn,K019__Albu__1,Albu,4,2,1,TRUE,NA,NA,NA,NA,NA,NA
K019,Albu,K663,Tallinn,K019__Järva-Madise__1,Järva-Madise,4,2,2,FALSE,NA,NA,NA,NA,NA,NA
K019,Albu,K663,Tallinn,K019__Kesa__1,Kesa,4,2,3,FALSE,NA,NA,NA,NA,NA,NA
K019,Albu,K663,Tallinn,K019__Koltsi__1,Koltsi,4,2,4,FALSE,NA,NA,NA,NA,NA,NA
K019,Albu,K663,Tallinn,K019__Männi__1,Männi,4,2,5,FALSE,NA,NA,NA,NA,NA,NA
K019,Albu,K663,Tallinn,K019__Määra__1,Määra,4,2,6,FALSE,NA,NA,NA,NA,NA,NA
K019,Albu,K663,Tallinn,K019__Otsa__1,Otsa,4,2,7,FALSE,NA,NA,NA,NA,NA,NA
K019,Albu,K663,Tallinn,K019__Rahvamaja__1,Rahvamaja,2,1,8,FALSE,NA,NA,NA,NA,NA,NA
K020,Alu,K554,Rapla,K020__Alu__1,Alu,44,1,1,TRUE,22,1,TRUE,NA,NA,NA
K020,Alu,K554,Rapla,K020__Mäe__1,Mäe,44,2,2,FALSE,22,2,FALSE,NA,NA,NA
K020,Alu,K554,Rapla,K020__Otsa__1,Otsa,16,2,3,FALSE,8,3,FALSE,NA,NA,NA
K020,Alu,K554,Rapla,K020__Vahemetsa__1,Vahemetsa,16,2,4,FALSE,8,4,FALSE,NA,NA,NA
K020,Alu,K554,Rapla,K020__Sikeldi meierei__1,Sikeldi meierei,14,2,5,FALSE,7,5,FALSE,NA,NA,NA
K020,Alu,K554,Rapla,K020__Alu tee__1,Alu tee,2,2,6,FALSE,1,6,FALSE,NA,NA,NA
K020,Alu,K554,Rapla,K020__Sikeldi__1,Sikeldi,2,2,7,FALSE,1,7,FALSE,NA,NA,NA
K021,Ambla,K663,Tallinn,K021__Ambla__1,Ambla,12,2,1,TRUE,NA,NA,NA,NA,NA,NA
K021,Ambla,K663,Tallinn,K021__Sipelga tee__1,Sipelga tee,10,2,2,FALSE,NA,NA,NA,NA,NA,NA
K022,Andineeme,K663,Tallinn,K022__Pudisoo__1,Pudisoo,4,2,1,TRUE,2,1,TRUE,NA,NA,NA
K022,Andineeme,K663,Tallinn,K022__Tsitre__1,Tsitre,4,2,2,FALSE,2,2,FALSE,NA,NA,NA
K023,Anija,K663,Tallinn,K023__Anija__1,Anija,5,2,1,TRUE,NA,NA,NA,NA,NA,NA
K023,Anija,K663,Tallinn,K023__Kuusemäe__1,Kuusemäe,5,2,2,FALSE,NA,NA,NA,NA,NA,NA
K023,Anija,K663,Tallinn,K023__Soodla__1,Soodla,5,2,3,FALSE,NA,NA,NA,NA,NA,NA
K023,Anija,K663,Tallinn,K023__Soodla kauplus__1,Soodla kauplus,5,2,4,FALSE,NA,NA,NA,NA,NA,NA
K023,Anija,K663,Tallinn,K023__Lilli__1,Lilli,3,2,5,FALSE,NA,NA,NA,NA,NA,NA
K023,Anija,K663,Tallinn,K023__Looküla__1,Looküla,3,2,6,FALSE,NA,NA,NA,NA,NA,NA
K023,Anija,K663,Tallinn,K023__Härmakosu__1,Härmakosu,2,1,7,FALSE,NA,NA,NA,NA,NA,NA
K023,Anija,K663,Tallinn,K023__Kehra tee__1,Kehra tee,2,1,8,FALSE,NA,NA,NA,NA,NA,NA
K023,Anija,K663,Tallinn,K023__Raudoja__1,Raudoja,2,2,9,FALSE,NA,NA,NA,NA,NA,NA
K023,Anija,K663,Tallinn,K023__Tõrrepõhja__1,Tõrrepõhja,2,2,10,FALSE,NA,NA,NA,NA,NA,NA
K023,Anija,K663,Tallinn,K023__Vikipalu__1,Vikipalu,2,2,11,FALSE,NA,NA,NA,NA,NA,NA
K024,Anna,K458,Paide linn,K024__Annaristi__1,Annaristi,11,2,1,TRUE,4,2,FALSE,NA,NA,NA
K024,Anna,K458,Paide linn,K024__Anna__1,Anna,7,2,2,FALSE,4,1,TRUE,NA,NA,NA
K024,Anna,K458,Paide linn,K024__Eivere tee__1,Eivere tee,6,2,3,FALSE,4,3,FALSE,NA,NA,NA
K024,Anna,K458,Paide linn,K024__Liivamäe__1,Liivamäe,6,2,4,FALSE,3,6,FALSE,NA,NA,NA
K024,Anna,K458,Paide linn,K024__Otiku__1,Otiku,6,2,5,FALSE,4,4,FALSE,NA,NA,NA
K024,Anna,K458,Paide linn,K024__Pihlaka__1,Pihlaka,6,2,6,FALSE,4,5,FALSE,NA,NA,NA
K024,Anna,K458,Paide linn,K024__Ussisoo__1,Ussisoo,6,2,7,FALSE,3,7,FALSE,NA,NA,NA
K024,Anna,K458,Paide linn,K024__Kalmastu__1,Kalmastu,4,2,8,FALSE,2,8,FALSE,NA,NA,NA
K024,Anna,K458,Paide linn,K024__Metsniku__1,Metsniku,4,2,9,FALSE,2,9,FALSE,NA,NA,NA
K024,Anna,K458,Paide linn,K024__Purdi__1,Purdi,4,2,10,FALSE,2,10,FALSE,NA,NA,NA
K024,Anna,K458,Paide linn,K024__Sõmeru__1,Sõmeru,2,1,11,FALSE,1,11,FALSE,NA,NA,NA
K024,Anna,K458,Paide linn,K024__Puiatu__1,Puiatu,1,1,12,FALSE,NA,NA,NA,NA,NA,NA
K024,Anna,K458,Paide linn,K024__Vanaveski__1,Vanaveski,1,1,13,FALSE,NA,NA,NA,NA,NA,NA
K025,Annikoru,K674,Tartu linn,K025__Annikoru__1,Annikoru,21,1,1,TRUE,10,1,TRUE,NA,NA,NA
K025,Annikoru,K674,Tartu linn,K025__Soova__1,Soova,18,2,2,FALSE,8,2,FALSE,NA,NA,NA
K025,Annikoru,K674,Tartu linn,K025__Pombre__1,Pombre,15,2,3,FALSE,7,3,FALSE,NA,NA,NA
K025,Annikoru,K674,Tartu linn,K025__Kolganurme__1,Kolganurme,10,2,4,FALSE,4,4,FALSE,NA,NA,NA
K025,Annikoru,K674,Tartu linn,K025__Kobilu__1,Kobilu,6,2,5,FALSE,3,5,FALSE,NA,NA,NA
K025,Annikoru,K674,Tartu linn,K025__Lembevere__1,Lembevere,6,2,6,FALSE,3,6,FALSE,NA,NA,NA
K025,Annikoru,K674,Tartu linn,K025__Kurepoja__1,Kurepoja,5,2,7,FALSE,2,7,FALSE,NA,NA,NA
K025,Annikoru,K674,Tartu linn,K025__Põllu__1,Põllu,5,2,8,FALSE,2,8,FALSE,NA,NA,NA
K026,Annikvere,K663,Tallinn,K026__Adaka__1,Adaka,6,2,1,TRUE,NA,NA,NA,NA,NA,NA
K026,Annikvere,K663,Tallinn,K026__Annikvere__1,Annikvere,6,2,2,FALSE,NA,NA,NA,NA,NA,NA
K026,Annikvere,K663,Tallinn,K026__Metsiku__1,Metsiku,6,2,3,FALSE,NA,NA,NA,NA,NA,NA
K026,Annikvere,K663,Tallinn,K026__Nurga__1,Nurga,6,2,4,FALSE,NA,NA,NA,NA,NA,NA
K026,Annikvere,K663,Tallinn,K026__Salatse__1,Salatse,6,2,5,FALSE,NA,NA,NA,NA,NA,NA
K026,Annikvere,K663,Tallinn,K026__Villandi__1,Villandi,6,2,6,FALSE,NA,NA,NA,NA,NA,NA
K026,Annikvere,K663,Tallinn,K026__Võsuri__1,Võsuri,6,2,7,FALSE,NA,NA,NA,NA,NA,NA
K027,Anseküla,K270,Kuressaare linn,K027__Kaimri(tellimisel)__1,Kaimri(tellimisel),4,2,1,TRUE,3,1,TRUE,NA,NA,NA
K027,Anseküla,K270,Kuressaare linn,K027__Vintri(tellimisel)__1,Vintri(tellimisel),4,2,2,FALSE,3,2,FALSE,NA,NA,NA
K027,Anseküla,K270,Kuressaare linn,K027__Anseküla__1,Anseküla,3,2,3,FALSE,2,3,FALSE,NA,NA,NA
K027,Anseküla,K270,Kuressaare linn,K027__Anseküla(tellimisel)__1,Anseküla(tellimisel),3,2,4,FALSE,2,4,FALSE,NA,NA,NA
K027,Anseküla,K270,Kuressaare linn,K027__Imara__1,Imara,3,2,5,FALSE,2,5,FALSE,NA,NA,NA
K027,Anseküla,K270,Kuressaare linn,K027__Imara(tellimisel)__1,Imara(tellimisel),3,2,6,FALSE,2,6,FALSE,NA,NA,NA
K027,Anseküla,K270,Kuressaare linn,K027__Kalmistu (Anseküla)__1,Kalmistu (Anseküla),3,2,7,FALSE,2,7,FALSE,NA,NA,NA
K027,Anseküla,K270,Kuressaare linn,K027__Kalmistu(Ansek)tellimisel__1,Kalmistu(Ansek)tellimisel,3,2,8,FALSE,2,8,FALSE,NA,NA,NA
K027,Anseküla,K270,Kuressaare linn,K027__Majaka__1,Majaka,3,2,9,FALSE,2,9,FALSE,NA,NA,NA
K027,Anseküla,K270,Kuressaare linn,K027__Majaka(tellimisel)__1,Majaka(tellimisel),3,2,10,FALSE,2,10,FALSE,NA,NA,NA
K027,Anseküla,K270,Kuressaare linn,K027__Vainu__1,Vainu,3,2,11,FALSE,2,11,FALSE,NA,NA,NA
K027,Anseküla,K270,Kuressaare linn,K027__Vainu(tellimisel)__1,Vainu(tellimisel),3,2,12,FALSE,2,12,FALSE,NA,NA,NA
K027,Anseküla,K270,Kuressaare linn,K027__Kaimri__1,Kaimri,2,2,13,FALSE,1,13,FALSE,NA,NA,NA
K027,Anseküla,K270,Kuressaare linn,K027__Kaimri teerist__1,Kaimri teerist,2,2,14,FALSE,1,14,FALSE,NA,NA,NA
K027,Anseküla,K270,Kuressaare linn,K027__Vintri__1,Vintri,2,2,15,FALSE,1,15,FALSE,NA,NA,NA
K028,Antsla linn,K813,Võru linn,K028__Antsla__1,Antsla,33,1,1,TRUE,12,1,TRUE,NA,NA,NA
K028,Antsla linn,K813,Võru linn,K028__Nässmetsa__1,Nässmetsa,17,2,2,FALSE,8,2,FALSE,NA,NA,NA
K028,Antsla linn,K813,Võru linn,K028__Keskus__1,Keskus,13,1,3,FALSE,6,3,FALSE,NA,NA,NA
K028,Antsla linn,K813,Võru linn,K028__Keskus - Kuuseparkla__1,Keskus - Kuuseparkla,13,1,4,FALSE,4,4,FALSE,NA,NA,NA
K028,Antsla linn,K813,Võru linn,K028__Mööbli__1,Mööbli,4,2,5,FALSE,3,5,FALSE,NA,NA,NA
K028,Antsla linn,K813,Võru linn,K028__Antsla gümnaasium__1,Antsla gümnaasium,3,2,6,FALSE,2,6,FALSE,NA,NA,NA
K029,Antsla ümbrus,K813,Võru linn,K029__Kraavi__1,Kraavi,9,2,1,TRUE,5,1,TRUE,NA,NA,NA
K029,Antsla ümbrus,K813,Võru linn,K029__Ansioja__1,Ansioja,5,2,2,FALSE,3,2,FALSE,NA,NA,NA
K029,Antsla ümbrus,K813,Võru linn,K029__Jõesilla__1,Jõesilla,4,2,3,FALSE,3,3,FALSE,NA,NA,NA
K029,Antsla ümbrus,K813,Võru linn,K029__Kauksi__1,Kauksi,4,2,4,FALSE,3,4,FALSE,NA,NA,NA
K029,Antsla ümbrus,K813,Võru linn,K029__Lusti__1,Lusti,4,3,5,FALSE,2,8,FALSE,NA,NA,NA
K029,Antsla ümbrus,K813,Võru linn,K029__Pärsimäe__1,Pärsimäe,4,2,6,FALSE,3,5,FALSE,NA,NA,NA
K029,Antsla ümbrus,K813,Võru linn,K029__Reidle__1,Reidle,4,2,7,FALSE,3,6,FALSE,NA,NA,NA
K029,Antsla ümbrus,K813,Võru linn,K029__Rimmi__1,Rimmi,4,2,8,FALSE,3,7,FALSE,NA,NA,NA
K030,Aravete,K663,Tallinn,K030__Aravete__1,Aravete,18,2,1,TRUE,NA,NA,NA,NA,NA,NA
K030,Aravete,K663,Tallinn,K030__Maarjamõisa tee__1,Maarjamõisa tee,14,2,2,FALSE,NA,NA,NA,NA,NA,NA
K030,Aravete,K663,Tallinn,K030__Tindi__1,Tindi,14,2,3,FALSE,NA,NA,NA,NA,NA,NA
K031,Ardu,K663,Tallinn,K031__Ardu kauplus__1,Ardu kauplus,20,1,1,TRUE,6,2,FALSE,NA,NA,NA
K031,Ardu,K663,Tallinn,K031__Kurgemäe__1,Kurgemäe,14,2,2,FALSE,6,4,FALSE,NA,NA,NA
K031,Ardu,K663,Tallinn,K031__Silmsi__1,Silmsi,14,1,3,FALSE,6,5,FALSE,NA,NA,NA
K031,Ardu,K663,Tallinn,K031__Ardu__1,Ardu,13,2,4,FALSE,6,1,TRUE,NA,NA,NA
K031,Ardu,K663,Tallinn,K031__Ardu rist__2,Ardu rist,7,1,5,FALSE,NA,NA,NA,NA,NA,NA
K031,Ardu,K663,Tallinn,K031__Ardu rist__1,Ardu rist,6,1,6,FALSE,6,3,FALSE,NA,NA,NA
K031,Ardu,K663,Tallinn,K031__Nõmmeküla__1,Nõmmeküla,6,2,7,FALSE,NA,NA,NA,NA,NA,NA
K032,Are,K531,Pärnu linn,K032__Are__1,Are,53,3,1,TRUE,28,1,TRUE,NA,NA,NA
K032,Are,K531,Pärnu linn,K032__Räägu__1,Räägu,33,2,2,FALSE,17,2,FALSE,NA,NA,NA
K032,Are,K531,Pärnu linn,K032__Silla__1,Silla,31,2,3,FALSE,16,3,FALSE,NA,NA,NA
K032,Are,K531,Pärnu linn,K032__Aadu__1,Aadu,29,2,4,FALSE,15,4,FALSE,NA,NA,NA
K032,Are,K531,Pärnu linn,K032__Parisselja__1,Parisselja,24,2,5,FALSE,12,5,FALSE,NA,NA,NA
K032,Are,K531,Pärnu linn,K032__Lepplaane__1,Lepplaane,8,2,6,FALSE,5,6,FALSE,NA,NA,NA
K032,Are,K531,Pärnu linn,K032__Are park__1,Are park,5,2,7,FALSE,3,7,FALSE,NA,NA,NA
K032,Are,K531,Pärnu linn,K032__Mõnuvere__1,Mõnuvere,5,2,8,FALSE,3,8,FALSE,NA,NA,NA
K033,Arkna,K545,Rakvere linn,K033__Arkna__1,Arkna,27,2,1,TRUE,14,1,TRUE,NA,NA,NA
K034,Aruküla,K663,Tallinn,K034__Aruküla__2,Aruküla,30,2,1,TRUE,15,1,TRUE,NA,NA,NA
K034,Aruküla,K663,Tallinn,K034__Kulli__1,Kulli,30,2,2,FALSE,15,2,FALSE,NA,NA,NA
K034,Aruküla,K663,Tallinn,K034__Aedlinn__1,Aedlinn,18,2,3,FALSE,9,3,FALSE,NA,NA,NA
K034,Aruküla,K663,Tallinn,K034__Aruküla__1,Aruküla,18,1,4,FALSE,9,4,FALSE,NA,NA,NA
K034,Aruküla,K663,Tallinn,K034__Aruküla kool__1,Aruküla kool,18,2,5,FALSE,9,5,FALSE,NA,NA,NA
K034,Aruküla,K663,Tallinn,K034__Aruküla mõis__1,Aruküla mõis,18,1,6,FALSE,9,6,FALSE,NA,NA,NA
K034,Aruküla,K663,Tallinn,K034__Harju__1,Harju,18,2,7,FALSE,9,7,FALSE,NA,NA,NA
K034,Aruküla,K663,Tallinn,K034__Jüri tee__1,Jüri tee,18,2,8,FALSE,9,8,FALSE,NA,NA,NA
K034,Aruküla,K663,Tallinn,K034__Kangla__1,Kangla,18,2,9,FALSE,9,9,FALSE,NA,NA,NA
K034,Aruküla,K663,Tallinn,K034__Spordiväljak__1,Spordiväljak,18,2,10,FALSE,9,10,FALSE,NA,NA,NA
K034,Aruküla,K663,Tallinn,K034__Ata__1,Ata,14,2,11,FALSE,7,11,FALSE,NA,NA,NA
K034,Aruküla,K663,Tallinn,K034__Hellema__1,Hellema,14,2,12,FALSE,7,12,FALSE,NA,NA,NA
K034,Aruküla,K663,Tallinn,K034__Igavere__1,Igavere,14,2,13,FALSE,7,13,FALSE,NA,NA,NA
K034,Aruküla,K663,Tallinn,K034__Kalesi__1,Kalesi,14,2,14,FALSE,7,14,FALSE,NA,NA,NA
K034,Aruküla,K663,Tallinn,K034__Peningi__1,Peningi,14,2,15,FALSE,7,15,FALSE,NA,NA,NA
K034,Aruküla,K663,Tallinn,K034__Tõhelgi tee__1,Tõhelgi tee,14,2,16,FALSE,7,16,FALSE,NA,NA,NA
K034,Aruküla,K663,Tallinn,K034__Retimäe__1,Retimäe,6,2,17,FALSE,3,17,FALSE,NA,NA,NA
K035,Aruvälja,K531,Pärnu linn,K035__Aruvälja__1,Aruvälja,23,2,1,TRUE,11,1,TRUE,NA,NA,NA
K035,Aruvälja,K531,Pärnu linn,K035__Kärbu__1,Kärbu,22,2,2,FALSE,11,2,FALSE,NA,NA,NA
K035,Aruvälja,K531,Pärnu linn,K035__Põhara__1,Põhara,22,2,3,FALSE,11,3,FALSE,NA,NA,NA
K035,Aruvälja,K531,Pärnu linn,K035__Ahaste__1,Ahaste,20,2,4,FALSE,10,4,FALSE,NA,NA,NA
K035,Aruvälja,K531,Pärnu linn,K035__Soeva__1,Soeva,20,2,5,FALSE,10,5,FALSE,NA,NA,NA
K035,Aruvälja,K531,Pärnu linn,K035__Vanaõue__1,Vanaõue,20,2,6,FALSE,10,6,FALSE,NA,NA,NA
K035,Aruvälja,K531,Pärnu linn,K035__Rindali__1,Rindali,3,2,7,FALSE,1,7,FALSE,NA,NA,NA
K036,Aseri,K545,Rakvere linn,K036__Aseri__1,Aseri,25,2,1,TRUE,4,1,TRUE,NA,NA,NA
K036,Aseri,K545,Rakvere linn,K036__Aseriaru__1,Aseriaru,11,2,2,FALSE,1,2,FALSE,NA,NA,NA
K036,Aseri,K545,Rakvere linn,K036__Hiie__1,Hiie,7,2,3,FALSE,NA,NA,NA,NA,NA,NA
K036,Aseri,K545,Rakvere linn,K036__Kestla__1,Kestla,7,2,4,FALSE,NA,NA,NA,NA,NA,NA
K036,Aseri,K545,Rakvere linn,K036__Ridaküla__1,Ridaküla,7,2,5,FALSE,NA,NA,NA,NA,NA,NA
K037,Assamalla,K545,Rakvere linn,K037__Assamalla__1,Assamalla,23,2,1,TRUE,13,1,TRUE,NA,NA,NA
K037,Assamalla,K545,Rakvere linn,K037__Koplitaguse__1,Koplitaguse,16,2,2,FALSE,10,2,FALSE,NA,NA,NA
K037,Assamalla,K545,Rakvere linn,K037__Kullenga__1,Kullenga,16,2,3,FALSE,10,3,FALSE,NA,NA,NA
K037,Assamalla,K545,Rakvere linn,K037__Täru__1,Täru,16,2,4,FALSE,10,4,FALSE,NA,NA,NA
K037,Assamalla,K545,Rakvere linn,K037__Kirsi__1,Kirsi,11,2,5,FALSE,6,5,FALSE,NA,NA,NA
K038,Aste,K270,Kuressaare linn,K038__Aste__1,Aste,14,2,1,TRUE,11,1,TRUE,NA,NA,NA
K038,Aste,K270,Kuressaare linn,K038__Kalmistu (Saia)__1,Kalmistu (Saia),14,2,2,FALSE,11,2,FALSE,NA,NA,NA
K038,Aste,K270,Kuressaare linn,K038__Kuuse__1,Kuuse,14,2,3,FALSE,11,3,FALSE,NA,NA,NA
K038,Aste,K270,Kuressaare linn,K038__Pähkla__1,Pähkla,14,2,4,FALSE,11,4,FALSE,NA,NA,NA
K038,Aste,K270,Kuressaare linn,K038__Saia__1,Saia,14,2,5,FALSE,11,5,FALSE,NA,NA,NA
K038,Aste,K270,Kuressaare linn,K038__Vantri__1,Vantri,14,2,6,FALSE,11,6,FALSE,NA,NA,NA
K038,Aste,K270,Kuressaare linn,K038__Mõisa__1,Mõisa,10,2,7,FALSE,8,7,FALSE,NA,NA,NA
K038,Aste,K270,Kuressaare linn,K038__Pähkla Päikesepark__1,Pähkla Päikesepark,5,2,8,FALSE,4,8,FALSE,NA,NA,NA
K038,Aste,K270,Kuressaare linn,K038__Pähkla mõis__1,Pähkla mõis,5,2,9,FALSE,4,9,FALSE,NA,NA,NA
K038,Aste,K270,Kuressaare linn,K038__Mõisa(peatus väljumiseks)__1,Mõisa(peatus väljumiseks),2,1,10,FALSE,2,10,FALSE,NA,NA,NA
K039,Asuküla,K061,Haapsalu linn,K039__Käpla__1,Käpla,8,2,1,TRUE,4,5,FALSE,NA,NA,NA
K039,Asuküla,K061,Haapsalu linn,K039__Ahli__1,Ahli,4,1,2,FALSE,4,1,TRUE,NA,NA,NA
K039,Asuküla,K061,Haapsalu linn,K039__Antsu__1,Antsu,4,2,3,FALSE,4,2,FALSE,NA,NA,NA
K039,Asuküla,K061,Haapsalu linn,K039__Asuküla__1,Asuküla,4,4,4,FALSE,4,3,FALSE,NA,NA,NA
K039,Asuküla,K061,Haapsalu linn,K039__Koolimaja__1,Koolimaja,4,2,5,FALSE,4,4,FALSE,NA,NA,NA
K039,Asuküla,K061,Haapsalu linn,K039__Mägari__1,Mägari,4,2,6,FALSE,4,6,FALSE,NA,NA,NA
K039,Asuküla,K061,Haapsalu linn,K039__Nurme__1,Nurme,4,2,7,FALSE,4,7,FALSE,NA,NA,NA
K039,Asuküla,K061,Haapsalu linn,K039__Palli__1,Palli,4,2,8,FALSE,4,8,FALSE,NA,NA,NA
K039,Asuküla,K061,Haapsalu linn,K039__Sepaküla__1,Sepaküla,4,2,9,FALSE,4,9,FALSE,NA,NA,NA
K039,Asuküla,K061,Haapsalu linn,K039__Tanska tee__1,Tanska tee,4,2,10,FALSE,4,10,FALSE,NA,NA,NA
K039,Asuküla,K061,Haapsalu linn,K039__Vahtra__1,Vahtra,4,2,11,FALSE,4,11,FALSE,NA,NA,NA
K040,Atsalama,K118,Jõhvi linn,K040__Atsalama__1,Atsalama,23,2,1,TRUE,13,1,TRUE,NA,NA,NA
K041,Audla,K270,Kuressaare linn,K041__Audla__1,Audla,13,2,1,TRUE,6,1,TRUE,NA,NA,NA
K041,Audla,K270,Kuressaare linn,K041__Kuke__1,Kuke,13,2,2,FALSE,6,2,FALSE,NA,NA,NA
K041,Audla,K270,Kuressaare linn,K041__Mustla__1,Mustla,13,2,3,FALSE,6,3,FALSE,NA,NA,NA
K041,Audla,K270,Kuressaare linn,K041__Saare__1,Saare,13,2,4,FALSE,6,4,FALSE,NA,NA,NA
K041,Audla,K270,Kuressaare linn,K041__Kingli tee__1,Kingli tee,2,1,5,FALSE,NA,NA,NA,NA,NA,NA
K041,Audla,K270,Kuressaare linn,K041__Audla teerist__1,Audla teerist,1,1,6,FALSE,NA,NA,NA,NA,NA,NA
K042,Audru,K531,Pärnu linn,K042__Ringraja__1,Ringraja,108,2,1,TRUE,55,1,TRUE,NA,NA,NA
K042,Audru,K531,Pärnu linn,K042__Audru__1,Audru,91,2,2,FALSE,46,3,FALSE,NA,NA,NA
K042,Audru,K531,Pärnu linn,K042__Audru kool__1,Audru kool,90,1,3,FALSE,45,4,FALSE,NA,NA,NA
K042,Audru,K531,Pärnu linn,K042__Kaske__1,Kaske,83,2,4,FALSE,41,5,FALSE,NA,NA,NA
K042,Audru,K531,Pärnu linn,K042__Rebasefarm__1,Rebasefarm,83,3,5,FALSE,41,6,FALSE,NA,NA,NA
K042,Audru,K531,Pärnu linn,K042__Lõvi__1,Lõvi,67,2,6,FALSE,33,8,FALSE,NA,NA,NA
K042,Audru,K531,Pärnu linn,K042__Papsaare__1,Papsaare,67,2,7,FALSE,33,9,FALSE,NA,NA,NA
K042,Audru,K531,Pärnu linn,K042__Valgeranna tee__1,Valgeranna tee,67,2,8,FALSE,33,10,FALSE,NA,NA,NA
K042,Audru,K531,Pärnu linn,K042__Audru viadukt__1,Audru viadukt,65,2,9,FALSE,34,7,FALSE,NA,NA,NA
K042,Audru,K531,Pärnu linn,K042__Salme__1,Salme,57,1,10,FALSE,4,37,FALSE,NA,NA,NA
K042,Audru,K531,Pärnu linn,K042__Salme__2,Salme,55,1,11,FALSE,55,2,FALSE,NA,NA,NA
K042,Audru,K531,Pärnu linn,K042__Põldeotsa__1,Põldeotsa,50,4,12,FALSE,18,11,FALSE,NA,NA,NA
K042,Audru,K531,Pärnu linn,K042__Uruste__1,Uruste,42,2,13,FALSE,13,22,FALSE,NA,NA,NA
K042,Audru,K531,Pärnu linn,K042__Kihlepa tee__1,Kihlepa tee,32,4,14,FALSE,16,20,FALSE,NA,NA,NA
K042,Audru,K531,Pärnu linn,K042__Elise tee__1,Elise tee,31,2,15,FALSE,17,12,FALSE,NA,NA,NA
K042,Audru,K531,Pärnu linn,K042__Koti__1,Koti,31,2,16,FALSE,17,13,FALSE,NA,NA,NA
K042,Audru,K531,Pärnu linn,K042__Kulliranna__1,Kulliranna,31,2,17,FALSE,17,14,FALSE,NA,NA,NA
K042,Audru,K531,Pärnu linn,K042__Kurgo__1,Kurgo,31,2,18,FALSE,17,15,FALSE,NA,NA,NA
K042,Audru,K531,Pärnu linn,K042__Käreda__1,Käreda,31,2,19,FALSE,17,16,FALSE,NA,NA,NA
K042,Audru,K531,Pärnu linn,K042__Meremetsa__1,Meremetsa,31,2,20,FALSE,17,17,FALSE,NA,NA,NA
K042,Audru,K531,Pärnu linn,K042__Valgekodu__1,Valgekodu,31,2,21,FALSE,17,18,FALSE,NA,NA,NA
K042,Audru,K531,Pärnu linn,K042__Ülase__1,Ülase,31,2,22,FALSE,17,19,FALSE,NA,NA,NA
K042,Audru,K531,Pärnu linn,K042__Karuslooma__1,Karuslooma,26,2,23,FALSE,7,27,FALSE,NA,NA,NA
K042,Audru,K531,Pärnu linn,K042__Ullaste__1,Ullaste,26,2,24,FALSE,13,21,FALSE,NA,NA,NA
K042,Audru,K531,Pärnu linn,K042__Ülle__1,Ülle,25,2,25,FALSE,12,24,FALSE,NA,NA,NA
K042,Audru,K531,Pärnu linn,K042__Liiva__1,Liiva,22,2,26,FALSE,11,25,FALSE,NA,NA,NA
K042,Audru,K531,Pärnu linn,K042__Vigri__1,Vigri,18,1,27,FALSE,2,39,FALSE,NA,NA,NA
K042,Audru,K531,Pärnu linn,K042__Pääsu__1,Pääsu,14,1,28,FALSE,NA,NA,NA,NA,NA,NA
K042,Audru,K531,Pärnu linn,K042__Suuresilla__1,Suuresilla,12,1,29,FALSE,12,23,FALSE,NA,NA,NA
K042,Audru,K531,Pärnu linn,K042__Audru kirik__1,Audru kirik,10,2,30,FALSE,7,26,FALSE,NA,NA,NA
K042,Audru,K531,Pärnu linn,K042__Jaagu__1,Jaagu,10,2,31,FALSE,5,28,FALSE,NA,NA,NA
K042,Audru,K531,Pärnu linn,K042__Malda__1,Malda,10,2,32,FALSE,5,29,FALSE,NA,NA,NA
K042,Audru,K531,Pärnu linn,K042__Palmi__1,Palmi,10,2,33,FALSE,5,30,FALSE,NA,NA,NA
K042,Audru,K531,Pärnu linn,K042__Raudteesild__1,Raudteesild,10,2,34,FALSE,5,31,FALSE,NA,NA,NA
K042,Audru,K531,Pärnu linn,K042__Saare__1,Saare,10,2,35,FALSE,5,32,FALSE,NA,NA,NA
K042,Audru,K531,Pärnu linn,K042__Sanga tee__1,Sanga tee,10,2,36,FALSE,5,33,FALSE,NA,NA,NA
K042,Audru,K531,Pärnu linn,K042__Sangamäe__1,Sangamäe,10,2,37,FALSE,5,34,FALSE,NA,NA,NA
K042,Audru,K531,Pärnu linn,K042__Tamme__1,Tamme,10,2,38,FALSE,5,35,FALSE,NA,NA,NA
K042,Audru,K531,Pärnu linn,K042__Lemmetsa__1,Lemmetsa,7,2,39,FALSE,4,36,FALSE,NA,NA,NA
K042,Audru,K531,Pärnu linn,K042__Veiko__1,Veiko,7,2,40,FALSE,4,38,FALSE,NA,NA,NA
K043,Auvere,K422,Narva linn,K043__Arumäe__1,Arumäe,6,2,1,TRUE,3,1,TRUE,NA,NA,NA
K043,Auvere,K422,Narva linn,K043__Arumäe oja__1,Arumäe oja,6,1,2,FALSE,3,2,FALSE,NA,NA,NA
K043,Auvere,K422,Narva linn,K043__Auvere__1,Auvere,2,1,3,FALSE,1,3,FALSE,NA,NA,NA
K043,Auvere,K422,Narva linn,K043__Auvere jaam__1,Auvere jaam,2,2,4,FALSE,1,4,FALSE,NA,NA,NA
K044,Avinurme,K663,Tallinn,K044__Avinurme__1,Avinurme,18,1,1,TRUE,NA,NA,NA,NA,NA,NA
K044,Avinurme,K663,Tallinn,K044__Lohusuu rist__1,Lohusuu rist,14,2,2,FALSE,NA,NA,NA,NA,NA,NA
K044,Avinurme,K663,Tallinn,K044__Maetsma__1,Maetsma,14,2,3,FALSE,NA,NA,NA,NA,NA,NA
K044,Avinurme,K663,Tallinn,K044__Töökoda__1,Töökoda,14,2,4,FALSE,NA,NA,NA,NA,NA,NA
K044,Avinurme,K663,Tallinn,K044__Pärniku__1,Pärniku,11,2,5,FALSE,NA,NA,NA,NA,NA,NA
K044,Avinurme,K663,Tallinn,K044__Änniksaare__1,Änniksaare,10,2,6,FALSE,NA,NA,NA,NA,NA,NA
K044,Avinurme,K663,Tallinn,K044__Jaama__1,Jaama,9,2,7,FALSE,NA,NA,NA,NA,NA,NA
K045,Edise,K118,Jõhvi linn,K045__Aiandi__1,Aiandi,49,2,1,TRUE,33,1,TRUE,NA,NA,NA
K045,Edise,K118,Jõhvi linn,K045__Edise__1,Edise,49,2,2,FALSE,33,2,FALSE,NA,NA,NA
K045,Edise,K118,Jõhvi linn,K045__Revino__1,Revino,49,2,3,FALSE,33,3,FALSE,NA,NA,NA
K046,Eidapere-Lokuta,K663,Tallinn,K046__Eidapere__1,Eidapere,18,2,1,TRUE,NA,NA,NA,NA,NA,NA
K046,Eidapere-Lokuta,K663,Tallinn,K046__Lokuta__1,Lokuta,14,2,2,FALSE,NA,NA,NA,NA,NA,NA
K046,Eidapere-Lokuta,K663,Tallinn,K046__Saare__1,Saare,14,2,3,FALSE,NA,NA,NA,NA,NA,NA
K046,Eidapere-Lokuta,K663,Tallinn,K046__Ellamaa__1,Ellamaa,10,2,4,FALSE,NA,NA,NA,NA,NA,NA
K046,Eidapere-Lokuta,K663,Tallinn,K046__Reonda__1,Reonda,10,2,5,FALSE,NA,NA,NA,NA,NA,NA
K046,Eidapere-Lokuta,K663,Tallinn,K046__Eidapere raudteejaam__1,Eidapere raudteejaam,4,1,6,FALSE,NA,NA,NA,NA,NA,NA
K046,Eidapere-Lokuta,K663,Tallinn,K046__Kasemaa__1,Kasemaa,4,2,7,FALSE,NA,NA,NA,NA,NA,NA
K046,Eidapere-Lokuta,K663,Tallinn,K046__Kehtna tee__1,Kehtna tee,4,2,8,FALSE,NA,NA,NA,NA,NA,NA
K046,Eidapere-Lokuta,K663,Tallinn,K046__Koogiste__1,Koogiste,2,1,9,FALSE,NA,NA,NA,NA,NA,NA
K047,Eikla,K270,Kuressaare linn,K047__Eikla__1,Eikla,8,2,1,TRUE,6,1,TRUE,NA,NA,NA
K047,Eikla,K270,Kuressaare linn,K047__Õha__1,Õha,8,2,2,FALSE,6,2,FALSE,NA,NA,NA
K047,Eikla,K270,Kuressaare linn,K047__Lussu__1,Lussu,4,2,3,FALSE,4,3,FALSE,NA,NA,NA
K047,Eikla,K270,Kuressaare linn,K047__Tuisu talu__1,Tuisu talu,2,1,4,FALSE,2,4,FALSE,NA,NA,NA
K047,Eikla,K270,Kuressaare linn,K047__Tõrise__1,Tõrise,2,2,5,FALSE,2,5,FALSE,NA,NA,NA
K048,Elistvere,K674,Tartu linn,K048__Kaiavere__1,Kaiavere,6,2,1,TRUE,2,7,FALSE,NA,NA,NA
K048,Elistvere,K674,Tartu linn,K048__Juula__1,Juula,5,2,2,FALSE,4,4,FALSE,NA,NA,NA
K048,Elistvere,K674,Tartu linn,K048__Õvanurme__1,Õvanurme,5,2,3,FALSE,5,1,TRUE,NA,NA,NA
K048,Elistvere,K674,Tartu linn,K048__Õvanurme rist__1,Õvanurme rist,5,1,4,FALSE,5,2,FALSE,NA,NA,NA
K048,Elistvere,K674,Tartu linn,K048__Elistvere loomapark__1,Elistvere loomapark,4,2,5,FALSE,4,3,FALSE,NA,NA,NA
K048,Elistvere,K674,Tartu linn,K048__Jõhvika__1,Jõhvika,4,1,6,FALSE,3,5,FALSE,NA,NA,NA
K048,Elistvere,K674,Tartu linn,K048__Elistvere mõis__1,Elistvere mõis,3,1,7,FALSE,1,13,FALSE,NA,NA,NA
K048,Elistvere,K674,Tartu linn,K048__Silma__1,Silma,3,2,8,FALSE,3,6,FALSE,NA,NA,NA
K048,Elistvere,K674,Tartu linn,K048__Kärksi__1,Kärksi,2,2,9,FALSE,2,8,FALSE,NA,NA,NA
K048,Elistvere,K674,Tartu linn,K048__Raigastvere__1,Raigastvere,2,2,10,FALSE,2,9,FALSE,NA,NA,NA
K048,Elistvere,K674,Tartu linn,K048__Soitse__1,Soitse,2,2,11,FALSE,2,10,FALSE,NA,NA,NA
K048,Elistvere,K674,Tartu linn,K048__Varbemäe__1,Varbemäe,2,1,12,FALSE,2,11,FALSE,NA,NA,NA
K048,Elistvere,K674,Tartu linn,K048__Andi__1,Andi,1,1,13,FALSE,1,12,FALSE,NA,NA,NA
K048,Elistvere,K674,Tartu linn,K048__Kapaveski__1,Kapaveski,1,1,14,FALSE,1,14,FALSE,NA,NA,NA
K049,Elva linn,K049,Elva linn,K049__Elva__1,Elva,112,3,1,TRUE,NA,NA,NA,27,1,TRUE
K049,Elva linn,K049,Elva linn,K049__Turuplatsi__1,Turuplatsi,90,2,2,FALSE,NA,NA,NA,27,2,FALSE
K049,Elva linn,K049,Elva linn,K049__Nooruse__1,Nooruse,80,2,3,FALSE,NA,NA,NA,22,3,FALSE
K049,Elva linn,K049,Elva linn,K049__Arbimäe__1,Arbimäe,64,2,4,FALSE,NA,NA,NA,12,4,FALSE
K049,Elva linn,K049,Elva linn,K049__Ujula__1,Ujula,46,2,5,FALSE,NA,NA,NA,2,12,FALSE
K049,Elva linn,K049,Elva linn,K049__Kulbilohu__1,Kulbilohu,31,2,6,FALSE,NA,NA,NA,2,10,FALSE
K049,Elva linn,K049,Elva linn,K049__Lootuse__1,Lootuse,27,2,7,FALSE,NA,NA,NA,3,8,FALSE
K049,Elva linn,K049,Elva linn,K049__Peedu__1,Peedu,23,4,8,FALSE,NA,NA,NA,2,11,FALSE
K049,Elva linn,K049,Elva linn,K049__Lille__1,Lille,21,2,9,FALSE,NA,NA,NA,11,5,FALSE
K049,Elva linn,K049,Elva linn,K049__Jaama__1,Jaama,15,2,10,FALSE,NA,NA,NA,2,9,FALSE
K049,Elva linn,K049,Elva linn,K049__Varesepalu__1,Varesepalu,14,2,11,FALSE,NA,NA,NA,7,6,FALSE
K049,Elva linn,K049,Elva linn,K049__Käo tee__1,Käo tee,10,2,12,FALSE,NA,NA,NA,6,7,FALSE
K049,Elva linn,K049,Elva linn,K049__Uuta__1,Uuta,10,1,13,FALSE,NA,NA,NA,NA,NA,NA
K050,Elva ümbrus,K049,Elva linn,K050__Enno__1,Enno,23,2,1,TRUE,14,1,TRUE,NA,NA,NA
K050,Elva ümbrus,K049,Elva linn,K050__Tammiste__1,Tammiste,23,2,2,FALSE,14,2,FALSE,NA,NA,NA
K050,Elva ümbrus,K049,Elva linn,K050__Uderna tee__1,Uderna tee,23,2,3,FALSE,14,3,FALSE,NA,NA,NA
K050,Elva ümbrus,K049,Elva linn,K050__Alalooga__1,Alalooga,14,2,4,FALSE,7,4,FALSE,NA,NA,NA
K050,Elva ümbrus,K049,Elva linn,K050__Linnu__1,Linnu,14,2,5,FALSE,7,5,FALSE,NA,NA,NA
K050,Elva ümbrus,K049,Elva linn,K050__Sipelga__1,Sipelga,14,2,6,FALSE,7,6,FALSE,NA,NA,NA
K050,Elva ümbrus,K049,Elva linn,K050__Uderna__1,Uderna,14,2,7,FALSE,7,7,FALSE,NA,NA,NA
K050,Elva ümbrus,K049,Elva linn,K050__Käo__1,Käo,10,2,8,FALSE,6,8,FALSE,NA,NA,NA
K050,Elva ümbrus,K049,Elva linn,K050__Nuudi__1,Nuudi,10,2,9,FALSE,6,9,FALSE,NA,NA,NA
K050,Elva ümbrus,K049,Elva linn,K050__Rukki__1,Rukki,1,1,10,FALSE,1,10,FALSE,NA,NA,NA
K051,Emmaste,K292,Kärdla linn,K051__Emmaste__1,Emmaste,17,2,1,TRUE,5,1,TRUE,NA,NA,NA
K051,Emmaste,K292,Kärdla linn,K051__Emmaste kool__2,Emmaste kool,13,2,2,FALSE,5,2,FALSE,NA,NA,NA
K051,Emmaste,K292,Kärdla linn,K051__Tilga__1,Tilga,13,2,3,FALSE,5,3,FALSE,NA,NA,NA
K051,Emmaste,K292,Kärdla linn,K051__Kabuna__1,Kabuna,12,2,4,FALSE,4,4,FALSE,NA,NA,NA
K051,Emmaste,K292,Kärdla linn,K051__Külama__1,Külama,12,2,5,FALSE,4,5,FALSE,NA,NA,NA
K051,Emmaste,K292,Kärdla linn,K051__Emmaste kool__1,Emmaste kool,5,1,6,FALSE,NA,NA,NA,NA,NA,NA
K051,Emmaste,K292,Kärdla linn,K051__Lasteaed__1,Lasteaed,4,1,7,FALSE,NA,NA,NA,NA,NA,NA
K051,Emmaste,K292,Kärdla linn,K051__Metsalauka__1,Metsalauka,3,1,8,FALSE,NA,NA,NA,NA,NA,NA
K052,Enge,K531,Pärnu linn,K052__Enge__1,Enge,5,2,1,TRUE,3,1,TRUE,NA,NA,NA
K052,Enge,K531,Pärnu linn,K052__Enge pargi__1,Enge pargi,5,2,2,FALSE,3,2,FALSE,NA,NA,NA
K052,Enge,K531,Pärnu linn,K052__Kaelase tee__1,Kaelase tee,5,2,3,FALSE,3,3,FALSE,NA,NA,NA
K052,Enge,K531,Pärnu linn,K052__Lutsu__1,Lutsu,5,2,4,FALSE,3,4,FALSE,NA,NA,NA
K052,Enge,K531,Pärnu linn,K052__Pööravere__1,Pööravere,5,2,5,FALSE,3,5,FALSE,NA,NA,NA
K052,Enge,K531,Pärnu linn,K052__Salu küla__1,Salu küla,1,1,6,FALSE,1,6,FALSE,NA,NA,NA
K053,Erra alevik,K213,Kiviõli linn,K053__Erra-Liiva__1,Erra-Liiva,17,2,1,TRUE,17,1,TRUE,NA,NA,NA
K053,Erra alevik,K213,Kiviõli linn,K053__Erra__1,Erra,6,2,2,FALSE,3,2,FALSE,NA,NA,NA
K054,Erra-Liiva,K213,Kiviõli linn,K054__Männiku__1,Männiku,34,2,1,TRUE,17,1,TRUE,NA,NA,NA
K054,Erra-Liiva,K213,Kiviõli linn,K054__Erra-Liiva__1,Erra-Liiva,19,1,2,FALSE,NA,NA,NA,NA,NA,NA
K055,Ervita,K663,Tallinn,K055__Ervita__1,Ervita,9,1,1,TRUE,NA,NA,NA,NA,NA,NA
K055,Ervita,K663,Tallinn,K055__Väinjärve__1,Väinjärve,9,2,2,FALSE,NA,NA,NA,NA,NA,NA
K055,Ervita,K663,Tallinn,K055__Ervita tee__1,Ervita tee,1,1,3,FALSE,NA,NA,NA,NA,NA,NA
K055,Ervita,K663,Tallinn,K055__Kübara__1,Kübara,1,1,4,FALSE,NA,NA,NA,NA,NA,NA
K055,Ervita,K663,Tallinn,K055__Preedi__1,Preedi,1,1,5,FALSE,NA,NA,NA,NA,NA,NA
K055,Ervita,K663,Tallinn,K055__Rõhu__1,Rõhu,1,1,6,FALSE,NA,NA,NA,NA,NA,NA
K056,Esku,K521,Põltsamaa linn,K056__Esku__1,Esku,20,2,1,TRUE,15,1,TRUE,NA,NA,NA
K056,Esku,K521,Põltsamaa linn,K056__Annamõisa__1,Annamõisa,13,2,2,FALSE,10,2,FALSE,NA,NA,NA
K056,Esku,K521,Põltsamaa linn,K056__Nõmavere__1,Nõmavere,13,2,3,FALSE,10,3,FALSE,NA,NA,NA
K056,Esku,K521,Põltsamaa linn,K056__Rõstla__1,Rõstla,12,3,4,FALSE,9,5,FALSE,NA,NA,NA
K056,Esku,K521,Põltsamaa linn,K056__Kaigu__1,Kaigu,11,2,5,FALSE,9,4,FALSE,NA,NA,NA
K056,Esku,K521,Põltsamaa linn,K056__Vitsjärve__1,Vitsjärve,11,2,6,FALSE,9,6,FALSE,NA,NA,NA
K056,Esku,K521,Põltsamaa linn,K056__Eeriku__1,Eeriku,6,2,7,FALSE,6,7,FALSE,NA,NA,NA
K056,Esku,K521,Põltsamaa linn,K056__Lagediku__1,Lagediku,6,2,8,FALSE,6,8,FALSE,NA,NA,NA
K056,Esku,K521,Põltsamaa linn,K056__Riipuse__1,Riipuse,6,2,9,FALSE,6,9,FALSE,NA,NA,NA
K056,Esku,K521,Põltsamaa linn,K056__Silla__1,Silla,5,2,10,FALSE,3,11,FALSE,NA,NA,NA
K056,Esku,K521,Põltsamaa linn,K056__Lebavere__1,Lebavere,4,1,11,FALSE,4,10,FALSE,NA,NA,NA
K057,Essu,K545,Rakvere linn,K057__Arkna teemeister__1,Arkna teemeister,27,2,1,TRUE,14,1,TRUE,NA,NA,NA
K057,Essu,K545,Rakvere linn,K057__Essu__1,Essu,27,2,2,FALSE,14,2,FALSE,NA,NA,NA
K057,Essu,K545,Rakvere linn,K057__Põdruse__1,Põdruse,27,2,3,FALSE,14,3,FALSE,NA,NA,NA
K057,Essu,K545,Rakvere linn,K057__Põdruse Teemaja__1,Põdruse Teemaja,27,2,4,FALSE,14,4,FALSE,NA,NA,NA
K058,Haage,K674,Tartu linn,K058__Haage__1,Haage,28,1,1,TRUE,22,1,TRUE,NA,NA,NA
K058,Haage,K674,Tartu linn,K058__Rõhu__1,Rõhu,28,2,2,FALSE,16,3,FALSE,NA,NA,NA
K058,Haage,K674,Tartu linn,K058__Pakla__1,Pakla,24,2,3,FALSE,13,4,FALSE,NA,NA,NA
K058,Haage,K674,Tartu linn,K058__Ranna__1,Ranna,18,1,4,FALSE,18,2,FALSE,NA,NA,NA
K058,Haage,K674,Tartu linn,K058__Asusilla__1,Asusilla,16,2,5,FALSE,10,5,FALSE,NA,NA,NA
K058,Haage,K674,Tartu linn,K058__Peedimäe__1,Peedimäe,16,2,6,FALSE,10,6,FALSE,NA,NA,NA
K058,Haage,K674,Tartu linn,K058__Pihva__2,Pihva,9,1,7,FALSE,9,7,FALSE,NA,NA,NA
K058,Haage,K674,Tartu linn,K058__Pihva__1,Pihva,8,1,8,FALSE,2,9,FALSE,NA,NA,NA
K058,Haage,K674,Tartu linn,K058__Haagejärve__1,Haagejärve,2,1,9,FALSE,2,8,FALSE,NA,NA,NA
K059,Haamse-Hakjala,K270,Kuressaare linn,K059__Aste küla__1,Aste küla,14,2,1,TRUE,11,1,TRUE,NA,NA,NA
K059,Haamse-Hakjala,K270,Kuressaare linn,K059__Hakjala__1,Hakjala,13,2,2,FALSE,10,2,FALSE,NA,NA,NA
K059,Haamse-Hakjala,K270,Kuressaare linn,K059__Ansjala__1,Ansjala,4,2,3,FALSE,4,3,FALSE,NA,NA,NA
K059,Haamse-Hakjala,K270,Kuressaare linn,K059__Haamse kool__1,Haamse kool,4,2,4,FALSE,4,4,FALSE,NA,NA,NA
K060,Haanja,K813,Võru linn,K060__Haanja__1,Haanja,11,2,1,TRUE,9,1,TRUE,NA,NA,NA
K060,Haanja,K813,Võru linn,K060__Risttee__1,Risttee,10,3,2,FALSE,9,2,FALSE,NA,NA,NA
K060,Haanja,K813,Võru linn,K060__Simula__1,Simula,10,2,3,FALSE,9,3,FALSE,NA,NA,NA
K060,Haanja,K813,Võru linn,K060__Plaani__1,Plaani,7,2,4,FALSE,4,4,FALSE,NA,NA,NA
K060,Haanja,K813,Võru linn,K060__Vaalimäe__1,Vaalimäe,7,2,5,FALSE,4,7,FALSE,NA,NA,NA
K060,Haanja,K813,Võru linn,K060__Plaksi__1,Plaksi,6,2,6,FALSE,4,5,FALSE,NA,NA,NA
K060,Haanja,K813,Võru linn,K060__Riidmäe__1,Riidmäe,6,2,7,FALSE,4,6,FALSE,NA,NA,NA
K060,Haanja,K813,Võru linn,K060__Villa__1,Villa,6,2,8,FALSE,4,8,FALSE,NA,NA,NA
K060,Haanja,K813,Võru linn,K060__Holdi__1,Holdi,2,2,9,FALSE,2,9,FALSE,NA,NA,NA
K060,Haanja,K813,Võru linn,K060__Ihatsi__1,Ihatsi,2,2,10,FALSE,2,10,FALSE,NA,NA,NA
K060,Haanja,K813,Võru linn,K060__Leoski__1,Leoski,2,2,11,FALSE,2,11,FALSE,NA,NA,NA
K060,Haanja,K813,Võru linn,K060__Tummelka__1,Tummelka,2,1,12,FALSE,1,18,FALSE,NA,NA,NA
K060,Haanja,K813,Võru linn,K060__Uue-Saaluse__1,Uue-Saaluse,2,2,13,FALSE,2,12,FALSE,NA,NA,NA
K060,Haanja,K813,Võru linn,K060__Vaskna__1,Vaskna,2,2,14,FALSE,2,13,FALSE,NA,NA,NA
K060,Haanja,K813,Võru linn,K060__Jaanimäe__1,Jaanimäe,1,1,15,FALSE,1,14,FALSE,NA,NA,NA
K060,Haanja,K813,Võru linn,K060__Kurgjärve__1,Kurgjärve,1,1,16,FALSE,1,15,FALSE,NA,NA,NA
K060,Haanja,K813,Võru linn,K060__Peedo rist__1,Peedo rist,1,1,17,FALSE,1,16,FALSE,NA,NA,NA
K060,Haanja,K813,Võru linn,K060__Resto__1,Resto,1,1,18,FALSE,1,17,FALSE,NA,NA,NA
K061,Haapsalu linn,K061,Haapsalu linn,K061__Haapsalu bussijaam__1,Haapsalu bussijaam,133,3,1,TRUE,NA,NA,NA,59,1,TRUE
K061,Haapsalu linn,K061,Haapsalu linn,K061__Niine__1,Niine,103,2,2,FALSE,NA,NA,NA,56,2,FALSE
K061,Haapsalu linn,K061,Haapsalu linn,K061__Veetorn__1,Veetorn,82,2,3,FALSE,NA,NA,NA,41,6,FALSE
K061,Haapsalu linn,K061,Haapsalu linn,K061__Vahtra rist__1,Vahtra rist,79,2,4,FALSE,NA,NA,NA,44,3,FALSE
K061,Haapsalu linn,K061,Haapsalu linn,K061__Holmi__1,Holmi,74,1,5,FALSE,NA,NA,NA,24,8,FALSE
K061,Haapsalu linn,K061,Haapsalu linn,K061__Lahe__1,Lahe,74,2,6,FALSE,NA,NA,NA,24,9,FALSE
K061,Haapsalu linn,K061,Haapsalu linn,K061__Laine__1,Laine,74,2,7,FALSE,NA,NA,NA,24,10,FALSE
K061,Haapsalu linn,K061,Haapsalu linn,K061__Suur-Lossi__1,Suur-Lossi,74,2,8,FALSE,NA,NA,NA,24,11,FALSE
K061,Haapsalu linn,K061,Haapsalu linn,K061__Tamme__1,Tamme,74,2,9,FALSE,NA,NA,NA,34,7,FALSE
K061,Haapsalu linn,K061,Haapsalu linn,K061__Viigi__1,Viigi,74,2,10,FALSE,NA,NA,NA,24,12,FALSE
K061,Haapsalu linn,K061,Haapsalu linn,K061__Kalda__1,Kalda,73,1,11,FALSE,NA,NA,NA,43,4,FALSE
K061,Haapsalu linn,K061,Haapsalu linn,K061__Turg__1,Turg,64,2,12,FALSE,NA,NA,NA,16,15,FALSE
K061,Haapsalu linn,K061,Haapsalu linn,K061__Ungru tee__1,Ungru tee,55,2,13,FALSE,NA,NA,NA,17,14,FALSE
K061,Haapsalu linn,K061,Haapsalu linn,K061__Veekeskus__1,Veekeskus,51,2,14,FALSE,NA,NA,NA,13,16,FALSE
K061,Haapsalu linn,K061,Haapsalu linn,K061__Evald Okase muuseum__1,Evald Okase muuseum,50,1,15,FALSE,NA,NA,NA,1,23,FALSE
K061,Haapsalu linn,K061,Haapsalu linn,K061__Kultuurikeskus__1,Kultuurikeskus,41,1,16,FALSE,NA,NA,NA,41,5,FALSE
K061,Haapsalu linn,K061,Haapsalu linn,K061__Randsalu__1,Randsalu,41,2,17,FALSE,NA,NA,NA,20,13,FALSE
K061,Haapsalu linn,K061,Haapsalu linn,K061__Kastani kauplus__1,Kastani kauplus,31,3,18,FALSE,NA,NA,NA,3,21,FALSE
K061,Haapsalu linn,K061,Haapsalu linn,K061__Õpetaja__1,Õpetaja,31,2,19,FALSE,NA,NA,NA,3,22,FALSE
K061,Haapsalu linn,K061,Haapsalu linn,K061__Haigla__1,Haigla,26,2,20,FALSE,NA,NA,NA,1,25,FALSE
K061,Haapsalu linn,K061,Haapsalu linn,K061__Jalaka__1,Jalaka,26,2,21,FALSE,NA,NA,NA,1,26,FALSE
K061,Haapsalu linn,K061,Haapsalu linn,K061__Kastani__1,Kastani,26,2,22,FALSE,NA,NA,NA,1,27,FALSE
K061,Haapsalu linn,K061,Haapsalu linn,K061__Kuuse rist__1,Kuuse rist,26,2,23,FALSE,NA,NA,NA,1,28,FALSE
K061,Haapsalu linn,K061,Haapsalu linn,K061__L. Koidula__1,L. Koidula,26,2,24,FALSE,NA,NA,NA,1,29,FALSE
K061,Haapsalu linn,K061,Haapsalu linn,K061__Metsa__1,Metsa,26,2,25,FALSE,NA,NA,NA,1,30,FALSE
K061,Haapsalu linn,K061,Haapsalu linn,K061__Männiku tee__1,Männiku tee,25,2,26,FALSE,NA,NA,NA,12,18,FALSE
K061,Haapsalu linn,K061,Haapsalu linn,K061__Pargi__1,Pargi,25,2,27,FALSE,NA,NA,NA,12,19,FALSE
K061,Haapsalu linn,K061,Haapsalu linn,K061__Lihula maantee__1,Lihula maantee,24,1,28,FALSE,NA,NA,NA,12,17,FALSE
K061,Haapsalu linn,K061,Haapsalu linn,K061__Käbi__1,Käbi,20,2,29,FALSE,NA,NA,NA,10,20,FALSE
K061,Haapsalu linn,K061,Haapsalu linn,K061__Kiltsi tee__1,Kiltsi tee,13,1,30,FALSE,NA,NA,NA,NA,NA,NA
K061,Haapsalu linn,K061,Haapsalu linn,K061__Fra Mare__1,Fra Mare,2,1,31,FALSE,NA,NA,NA,1,24,FALSE
K062,Habaja,K663,Tallinn,K062__Habaja__1,Habaja,13,2,1,TRUE,NA,NA,NA,NA,NA,NA
K062,Habaja,K663,Tallinn,K062__Marguse__1,Marguse,13,2,2,FALSE,NA,NA,NA,NA,NA,NA
K062,Habaja,K663,Tallinn,K062__Ojasoo__1,Ojasoo,13,2,3,FALSE,NA,NA,NA,NA,NA,NA
K062,Habaja,K663,Tallinn,K062__Sange__1,Sange,13,2,4,FALSE,NA,NA,NA,NA,NA,NA
K062,Habaja,K663,Tallinn,K062__Äksi__1,Äksi,13,2,5,FALSE,NA,NA,NA,NA,NA,NA
K062,Habaja,K663,Tallinn,K062__Saumetsa__1,Saumetsa,12,2,6,FALSE,NA,NA,NA,NA,NA,NA
K062,Habaja,K663,Tallinn,K062__Veski__1,Veski,12,2,7,FALSE,NA,NA,NA,NA,NA,NA
K064,Haeska,K270,Kuressaare linn,K064__Haeska__1,Haeska,6,2,1,TRUE,5,1,TRUE,NA,NA,NA
K064,Haeska,K270,Kuressaare linn,K064__Turse__1,Turse,6,2,2,FALSE,5,2,FALSE,NA,NA,NA
K064,Haeska,K270,Kuressaare linn,K064__Valjala teerist__1,Valjala teerist,6,2,3,FALSE,5,3,FALSE,NA,NA,NA
K065,Hageri,K663,Tallinn,K065__Ikaruse__1,Ikaruse,45,2,1,TRUE,21,3,FALSE,NA,NA,NA
K065,Hageri,K663,Tallinn,K065__Suvila__1,Suvila,45,2,2,FALSE,21,5,FALSE,NA,NA,NA
K065,Hageri,K663,Tallinn,K065__Aespa__1,Aespa,42,2,3,FALSE,21,1,TRUE,NA,NA,NA
K065,Hageri,K663,Tallinn,K065__Entusiasti__1,Entusiasti,42,2,4,FALSE,21,2,FALSE,NA,NA,NA
K065,Hageri,K663,Tallinn,K065__Tammelehe__1,Tammelehe,42,2,5,FALSE,21,6,FALSE,NA,NA,NA
K065,Hageri,K663,Tallinn,K065__Soonurme__1,Soonurme,23,1,6,FALSE,21,4,FALSE,NA,NA,NA
K065,Hageri,K663,Tallinn,K065__Hageri__1,Hageri,9,1,7,FALSE,NA,NA,NA,NA,NA,NA
K065,Hageri,K663,Tallinn,K065__Hageri küla__1,Hageri küla,9,2,8,FALSE,NA,NA,NA,NA,NA,NA
K065,Hageri,K663,Tallinn,K065__Päevati__1,Päevati,9,2,9,FALSE,NA,NA,NA,NA,NA,NA
K065,Hageri,K663,Tallinn,K065__Hageri kalmistu__1,Hageri kalmistu,6,2,10,FALSE,NA,NA,NA,NA,NA,NA
K065,Hageri,K663,Tallinn,K065__Sutlema__1,Sutlema,6,2,11,FALSE,NA,NA,NA,NA,NA,NA
K065,Hageri,K663,Tallinn,K065__Hageri rahvamaja__2,Hageri rahvamaja,5,1,12,FALSE,NA,NA,NA,NA,NA,NA
K065,Hageri,K663,Tallinn,K065__Hageri rahvamaja__1,Hageri rahvamaja,4,1,13,FALSE,NA,NA,NA,NA,NA,NA
K065,Hageri,K663,Tallinn,K065__Kirikumäe__1,Kirikumäe,3,2,14,FALSE,NA,NA,NA,NA,NA,NA
K065,Hageri,K663,Tallinn,K065__Kongo__1,Kongo,3,2,15,FALSE,NA,NA,NA,NA,NA,NA
K065,Hageri,K663,Tallinn,K065__Marja__1,Marja,3,2,16,FALSE,NA,NA,NA,NA,NA,NA
K065,Hageri,K663,Tallinn,K065__Metsatuka__1,Metsatuka,3,2,17,FALSE,NA,NA,NA,NA,NA,NA
K065,Hageri,K663,Tallinn,K065__Piibelehe__1,Piibelehe,3,2,18,FALSE,NA,NA,NA,NA,NA,NA
K065,Hageri,K663,Tallinn,K065__Põikma__1,Põikma,3,2,19,FALSE,NA,NA,NA,NA,NA,NA
K065,Hageri,K663,Tallinn,K065__Riketsi__1,Riketsi,1,1,20,FALSE,NA,NA,NA,NA,NA,NA
K066,Hagudi,K663,Tallinn,K066__Hagudi__1,Hagudi,36,4,1,TRUE,15,1,TRUE,NA,NA,NA
K066,Hagudi,K663,Tallinn,K066__Hagudi küla__1,Hagudi küla,13,2,2,FALSE,4,2,FALSE,NA,NA,NA
K066,Hagudi,K663,Tallinn,K066__Töngi__1,Töngi,13,2,3,FALSE,4,4,FALSE,NA,NA,NA
K066,Hagudi,K663,Tallinn,K066__Kärneri__1,Kärneri,9,2,4,FALSE,4,3,FALSE,NA,NA,NA
K066,Hagudi,K663,Tallinn,K066__Purila__1,Purila,4,2,5,FALSE,NA,NA,NA,NA,NA,NA
K066,Hagudi,K663,Tallinn,K066__Purila küla__1,Purila küla,4,2,6,FALSE,NA,NA,NA,NA,NA,NA
K067,Haiba-Kernu,K663,Tallinn,K067__Kernu__1,Kernu,18,2,1,TRUE,9,1,TRUE,NA,NA,NA
K067,Haiba-Kernu,K663,Tallinn,K067__Loigu__1,Loigu,16,2,2,FALSE,7,7,FALSE,NA,NA,NA
K067,Haiba-Kernu,K663,Tallinn,K067__Ehala__1,Ehala,14,2,3,FALSE,7,3,FALSE,NA,NA,NA
K067,Haiba-Kernu,K663,Tallinn,K067__Haiba__1,Haiba,14,2,4,FALSE,7,4,FALSE,NA,NA,NA
K067,Haiba-Kernu,K663,Tallinn,K067__Järveotsa__1,Järveotsa,14,2,5,FALSE,7,5,FALSE,NA,NA,NA
K067,Haiba-Kernu,K663,Tallinn,K067__Kohatu__1,Kohatu,14,2,6,FALSE,7,6,FALSE,NA,NA,NA
K067,Haiba-Kernu,K663,Tallinn,K067__Torupilli__1,Torupilli,14,2,7,FALSE,7,8,FALSE,NA,NA,NA
K067,Haiba-Kernu,K663,Tallinn,K067__Kernu mõis__1,Kernu mõis,9,1,8,FALSE,9,2,FALSE,NA,NA,NA
K067,Haiba-Kernu,K663,Tallinn,K067__Kernu mõis__2,Kernu mõis,9,1,9,FALSE,NA,NA,NA,NA,NA,NA
K067,Haiba-Kernu,K663,Tallinn,K067__Haiba sild__1,Haiba sild,8,2,10,FALSE,4,9,FALSE,NA,NA,NA
K067,Haiba-Kernu,K663,Tallinn,K067__Metsanurga__1,Metsanurga,2,2,11,FALSE,1,10,FALSE,NA,NA,NA
K068,Haimre-Kasti,K663,Tallinn,K068__Haimre__1,Haimre,8,2,1,TRUE,NA,NA,NA,NA,NA,NA
K068,Haimre-Kasti,K663,Tallinn,K068__Haimre klubi__1,Haimre klubi,8,2,2,FALSE,NA,NA,NA,NA,NA,NA
K068,Haimre-Kasti,K663,Tallinn,K068__Haimre kool__1,Haimre kool,8,2,3,FALSE,NA,NA,NA,NA,NA,NA
K068,Haimre-Kasti,K663,Tallinn,K068__Jaaniveski__1,Jaaniveski,8,2,4,FALSE,NA,NA,NA,NA,NA,NA
K068,Haimre-Kasti,K663,Tallinn,K068__Kasti__1,Kasti,8,2,5,FALSE,NA,NA,NA,NA,NA,NA
K068,Haimre-Kasti,K663,Tallinn,K068__Mõisamaa__1,Mõisamaa,5,2,6,FALSE,NA,NA,NA,NA,NA,NA
K068,Haimre-Kasti,K663,Tallinn,K068__Aruküla__1,Aruküla,2,2,7,FALSE,NA,NA,NA,NA,NA,NA
K069,Halinga,K531,Pärnu linn,K069__Kõlli__1,Kõlli,30,2,1,TRUE,15,1,TRUE,NA,NA,NA
K069,Halinga,K531,Pärnu linn,K069__Kangru__1,Kangru,28,2,2,FALSE,14,2,FALSE,NA,NA,NA
K070,Haljala,K545,Rakvere linn,K070__Haljala tee__1,Haljala tee,37,4,1,TRUE,18,1,TRUE,NA,NA,NA
K070,Haljala,K545,Rakvere linn,K070__Haljala__1,Haljala,21,2,2,FALSE,10,2,FALSE,NA,NA,NA
K070,Haljala,K545,Rakvere linn,K070__Kisuvere__1,Kisuvere,19,2,3,FALSE,10,3,FALSE,NA,NA,NA
K070,Haljala,K545,Rakvere linn,K070__Luha__1,Luha,19,2,4,FALSE,10,4,FALSE,NA,NA,NA
K070,Haljala,K545,Rakvere linn,K070__Lambasaare__1,Lambasaare,11,2,5,FALSE,5,5,FALSE,NA,NA,NA
K070,Haljala,K545,Rakvere linn,K070__Marga__1,Marga,11,2,6,FALSE,5,6,FALSE,NA,NA,NA
K070,Haljala,K545,Rakvere linn,K070__Potsu__1,Potsu,11,2,7,FALSE,5,7,FALSE,NA,NA,NA
K070,Haljala,K545,Rakvere linn,K070__Vanamõisa__1,Vanamõisa,7,2,8,FALSE,4,8,FALSE,NA,NA,NA
K070,Haljala,K545,Rakvere linn,K070__Lihulõpe__1,Lihulõpe,6,2,9,FALSE,3,9,FALSE,NA,NA,NA
K071,Haljava,K663,Tallinn,K071__Aruaru__1,Aruaru,9,2,1,TRUE,5,1,TRUE,NA,NA,NA
K071,Haljava,K663,Tallinn,K071__Haljava__1,Haljava,9,2,2,FALSE,5,2,FALSE,NA,NA,NA
K072,Halliku,K674,Tartu linn,K072__Halliku__1,Halliku,7,2,1,TRUE,2,1,TRUE,NA,NA,NA
K072,Halliku,K674,Tartu linn,K072__Kiisli__1,Kiisli,7,2,2,FALSE,2,2,FALSE,NA,NA,NA
K072,Halliku,K674,Tartu linn,K072__Pällu__1,Pällu,1,1,3,FALSE,NA,NA,NA,NA,NA,NA
K073,Halliste,K789,Viljandi linn,K073__Kirju__1,Kirju,24,4,1,TRUE,12,1,TRUE,NA,NA,NA
K073,Halliste,K789,Viljandi linn,K073__Halliste__1,Halliste,20,2,2,FALSE,10,2,FALSE,NA,NA,NA
K073,Halliste,K789,Viljandi linn,K073__Kuksi__1,Kuksi,18,2,3,FALSE,9,3,FALSE,NA,NA,NA
K073,Halliste,K789,Viljandi linn,K073__Kulla__1,Kulla,18,2,4,FALSE,9,4,FALSE,NA,NA,NA
K073,Halliste,K789,Viljandi linn,K073__Raadi__1,Raadi,9,1,5,FALSE,NA,NA,NA,NA,NA,NA
K073,Halliste,K789,Viljandi linn,K073__Lobina__1,Lobina,6,2,6,FALSE,3,5,FALSE,NA,NA,NA
K073,Halliste,K789,Viljandi linn,K073__Metsamõisa__1,Metsamõisa,6,2,7,FALSE,3,6,FALSE,NA,NA,NA
K073,Halliste,K789,Viljandi linn,K073__Rakitse__1,Rakitse,6,2,8,FALSE,3,7,FALSE,NA,NA,NA
K073,Halliste,K789,Viljandi linn,K073__Järve__1,Järve,2,2,9,FALSE,NA,NA,NA,NA,NA,NA
K073,Halliste,K789,Viljandi linn,K073__Kariste__1,Kariste,2,2,10,FALSE,NA,NA,NA,NA,NA,NA
K073,Halliste,K789,Viljandi linn,K073__Muku__1,Muku,2,2,11,FALSE,NA,NA,NA,NA,NA,NA
K074,Hanikase,K813,Võru linn,K074__Hanikase__1,Hanikase,10,2,1,TRUE,2,3,FALSE,NA,NA,NA
K074,Hanikase,K813,Võru linn,K074__Süvaoja__1,Süvaoja,10,2,2,FALSE,3,1,TRUE,NA,NA,NA
K074,Hanikase,K813,Võru linn,K074__Ala-Hanikase__1,Ala-Hanikase,7,1,3,FALSE,2,2,FALSE,NA,NA,NA
K074,Hanikase,K813,Võru linn,K074__Oro__1,Oro,6,2,4,FALSE,2,5,FALSE,NA,NA,NA
K074,Hanikase,K813,Võru linn,K074__Kauri__1,Kauri,3,1,5,FALSE,2,4,FALSE,NA,NA,NA
K074,Hanikase,K813,Võru linn,K074__Soena__1,Soena,1,1,6,FALSE,1,6,FALSE,NA,NA,NA
K074,Hanikase,K813,Võru linn,K074__Tuderna__1,Tuderna,1,1,7,FALSE,1,7,FALSE,NA,NA,NA
K075,Hargla,K740,Valga linn,K075__Hargla__1,Hargla,8,2,1,TRUE,4,1,TRUE,NA,NA,NA
K075,Hargla,K740,Valga linn,K075__Hargla kool__1,Hargla kool,8,2,2,FALSE,4,2,FALSE,NA,NA,NA
K075,Hargla,K740,Valga linn,K075__Kalju__1,Kalju,8,2,3,FALSE,4,3,FALSE,NA,NA,NA
K075,Hargla,K740,Valga linn,K075__Kalliküla__1,Kalliküla,8,2,4,FALSE,4,4,FALSE,NA,NA,NA
K075,Hargla,K740,Valga linn,K075__Sooblase__1,Sooblase,8,2,5,FALSE,4,5,FALSE,NA,NA,NA
K075,Hargla,K740,Valga linn,K075__Taheva sanatoorium__1,Taheva sanatoorium,8,1,6,FALSE,4,6,FALSE,NA,NA,NA
K075,Hargla,K740,Valga linn,K075__Nõude__1,Nõude,6,1,7,FALSE,3,7,FALSE,NA,NA,NA
K076,Harju-Risti,K663,Tallinn,K076__Kõmmaste__1,Kõmmaste,27,2,1,TRUE,10,2,FALSE,NA,NA,NA
K076,Harju-Risti,K663,Tallinn,K076__Risti kool__1,Risti kool,27,2,2,FALSE,10,3,FALSE,NA,NA,NA
K076,Harju-Risti,K663,Tallinn,K076__Risti kool__2,Risti kool,27,1,3,FALSE,10,4,FALSE,NA,NA,NA
K076,Harju-Risti,K663,Tallinn,K076__Harju-Risti__1,Harju-Risti,24,2,4,FALSE,10,1,TRUE,NA,NA,NA
K076,Harju-Risti,K663,Tallinn,K076__Metskonna__1,Metskonna,8,2,5,FALSE,4,5,FALSE,NA,NA,NA
K076,Harju-Risti,K663,Tallinn,K076__Vanika__1,Vanika,8,2,6,FALSE,4,6,FALSE,NA,NA,NA
K076,Harju-Risti,K663,Tallinn,K076__Vilivalla__1,Vilivalla,8,2,7,FALSE,4,7,FALSE,NA,NA,NA
K076,Harju-Risti,K663,Tallinn,K076__Ülamäe__1,Ülamäe,8,2,8,FALSE,4,8,FALSE,NA,NA,NA
K076,Harju-Risti,K663,Tallinn,K076__Mäeklause__1,Mäeklause,2,1,9,FALSE,NA,NA,NA,NA,NA,NA
K076,Harju-Risti,K663,Tallinn,K076__Hatu mõis__1,Hatu mõis,1,1,10,FALSE,NA,NA,NA,NA,NA,NA
K076,Harju-Risti,K663,Tallinn,K076__Hatu-Roosi__1,Hatu-Roosi,1,1,11,FALSE,NA,NA,NA,NA,NA,NA
K076,Harju-Risti,K663,Tallinn,K076__Pae kauplus__1,Pae kauplus,1,1,12,FALSE,NA,NA,NA,NA,NA,NA
K077,Harku,K663,Tallinn,K077__Instituudi__1,Instituudi,12,2,1,TRUE,6,1,TRUE,NA,NA,NA
K077,Harku,K663,Tallinn,K077__Uusküla__1,Uusküla,12,2,2,FALSE,6,3,FALSE,NA,NA,NA
K077,Harku,K663,Tallinn,K077__Tammemäe__1,Tammemäe,6,1,3,FALSE,6,2,FALSE,NA,NA,NA
K078,Harkujärve,K663,Tallinn,K078__Jõeküla__1,Jõeküla,379,2,1,TRUE,298,1,TRUE,NA,NA,NA
K078,Harkujärve,K663,Tallinn,K078__Vana-Rannamõisa tee__1,Vana-Rannamõisa tee,379,2,2,FALSE,298,2,FALSE,NA,NA,NA
K078,Harkujärve,K663,Tallinn,K078__Tiskre__1,Tiskre,336,2,3,FALSE,217,3,FALSE,NA,NA,NA
K078,Harkujärve,K663,Tallinn,K078__Tiskre oja__1,Tiskre oja,278,2,4,FALSE,197,4,FALSE,NA,NA,NA
K078,Harkujärve,K663,Tallinn,K078__Vahepere__1,Vahepere,228,2,5,FALSE,147,5,FALSE,NA,NA,NA
K078,Harkujärve,K663,Tallinn,K078__Harkujärve__1,Harkujärve,118,2,6,FALSE,58,6,FALSE,NA,NA,NA
K078,Harkujärve,K663,Tallinn,K078__Kiriku__1,Kiriku,118,2,7,FALSE,58,7,FALSE,NA,NA,NA
K078,Harkujärve,K663,Tallinn,K078__Alasniidu tee__1,Alasniidu tee,82,2,8,FALSE,40,8,FALSE,NA,NA,NA
K078,Harkujärve,K663,Tallinn,K078__Oja tee__1,Oja tee,82,1,9,FALSE,40,9,FALSE,NA,NA,NA
K078,Harkujärve,K663,Tallinn,K078__Sinilille tee__1,Sinilille tee,36,2,10,FALSE,18,12,FALSE,NA,NA,NA
K078,Harkujärve,K663,Tallinn,K078__Välja tee__1,Välja tee,36,2,11,FALSE,18,13,FALSE,NA,NA,NA
K078,Harkujärve,K663,Tallinn,K078__Liiva tee__1,Liiva tee,18,1,12,FALSE,18,10,FALSE,NA,NA,NA
K078,Harkujärve,K663,Tallinn,K078__Lutsu__1,Lutsu,18,1,13,FALSE,18,11,FALSE,NA,NA,NA
K078,Harkujärve,K663,Tallinn,K078__Tammi tee__1,Tammi tee,2,1,14,FALSE,2,14,FALSE,NA,NA,NA
K079,Heimtali,K789,Viljandi linn,K079__Orika__1,Orika,58,2,1,TRUE,38,1,TRUE,NA,NA,NA
K079,Heimtali,K789,Viljandi linn,K079__Kolmeõue__1,Kolmeõue,40,2,2,FALSE,20,4,FALSE,NA,NA,NA
K079,Heimtali,K789,Viljandi linn,K079__Urmi__1,Urmi,40,2,3,FALSE,20,6,FALSE,NA,NA,NA
K079,Heimtali,K789,Viljandi linn,K079__Heimtali__1,Heimtali,24,3,4,FALSE,21,2,FALSE,NA,NA,NA
K079,Heimtali,K789,Viljandi linn,K079__Rahvamaja__1,Rahvamaja,24,2,5,FALSE,21,3,FALSE,NA,NA,NA
K079,Heimtali,K789,Viljandi linn,K079__Kondi__1,Kondi,20,1,6,FALSE,20,5,FALSE,NA,NA,NA
K079,Heimtali,K789,Viljandi linn,K079__Lauri__1,Lauri,18,2,7,FALSE,18,7,FALSE,NA,NA,NA
K079,Heimtali,K789,Viljandi linn,K079__Luuguse__1,Luuguse,18,2,8,FALSE,18,8,FALSE,NA,NA,NA
K079,Heimtali,K789,Viljandi linn,K079__Ojakalda__1,Ojakalda,18,2,9,FALSE,18,9,FALSE,NA,NA,NA
K079,Heimtali,K789,Viljandi linn,K079__Sabaku__1,Sabaku,18,2,10,FALSE,18,10,FALSE,NA,NA,NA
K079,Heimtali,K789,Viljandi linn,K079__Sinialliku__1,Sinialliku,18,2,11,FALSE,18,11,FALSE,NA,NA,NA
K079,Heimtali,K789,Viljandi linn,K079__Kõrgenõmme__1,Kõrgenõmme,6,2,12,FALSE,3,17,FALSE,NA,NA,NA
K079,Heimtali,K789,Viljandi linn,K079__Padametsa__1,Padametsa,6,2,13,FALSE,3,21,FALSE,NA,NA,NA
K079,Heimtali,K789,Viljandi linn,K079__Parastuma__1,Parastuma,6,2,14,FALSE,3,22,FALSE,NA,NA,NA
K079,Heimtali,K789,Viljandi linn,K079__Kivi__1,Kivi,4,1,15,FALSE,4,12,FALSE,NA,NA,NA
K079,Heimtali,K789,Viljandi linn,K079__Rahetsema__1,Rahetsema,4,1,16,FALSE,4,13,FALSE,NA,NA,NA
K079,Heimtali,K789,Viljandi linn,K079__Ramsi tee__1,Ramsi tee,4,1,17,FALSE,4,14,FALSE,NA,NA,NA
K079,Heimtali,K789,Viljandi linn,K079__Andruse tee__1,Andruse tee,3,2,18,FALSE,3,15,FALSE,NA,NA,NA
K079,Heimtali,K789,Viljandi linn,K079__Kutsari__1,Kutsari,3,2,19,FALSE,3,16,FALSE,NA,NA,NA
K079,Heimtali,K789,Viljandi linn,K079__Matapera__1,Matapera,3,2,20,FALSE,3,18,FALSE,NA,NA,NA
K079,Heimtali,K789,Viljandi linn,K079__Mäemetsa__1,Mäemetsa,3,2,21,FALSE,3,19,FALSE,NA,NA,NA
K079,Heimtali,K789,Viljandi linn,K079__Männi tee__1,Männi tee,3,2,22,FALSE,3,20,FALSE,NA,NA,NA
K079,Heimtali,K789,Viljandi linn,K079__Pehke__1,Pehke,3,2,23,FALSE,3,23,FALSE,NA,NA,NA
K079,Heimtali,K789,Viljandi linn,K079__Tobra__1,Tobra,3,2,24,FALSE,3,24,FALSE,NA,NA,NA
K080,Hellamaa,K270,Kuressaare linn,K080__Kuivastu sadam__1,Kuivastu sadam,40,1,1,TRUE,NA,NA,NA,NA,NA,NA
K080,Hellamaa,K270,Kuressaare linn,K080__Kuivastu__1,Kuivastu,14,2,2,FALSE,4,5,FALSE,NA,NA,NA
K080,Hellamaa,K270,Kuressaare linn,K080__Hellamaa kool__1,Hellamaa kool,11,2,3,FALSE,6,1,TRUE,NA,NA,NA
K080,Hellamaa,K270,Kuressaare linn,K080__Leedumäe__1,Leedumäe,11,2,4,FALSE,6,2,FALSE,NA,NA,NA
K080,Hellamaa,K270,Kuressaare linn,K080__Hellamaa__1,Hellamaa,10,2,5,FALSE,5,3,FALSE,NA,NA,NA
K080,Hellamaa,K270,Kuressaare linn,K080__Võlla tee__1,Võlla tee,7,2,6,FALSE,3,6,FALSE,NA,NA,NA
K080,Hellamaa,K270,Kuressaare linn,K080__Kuivastu kaugliinid__1,Kuivastu kaugliinid,5,1,7,FALSE,5,4,FALSE,NA,NA,NA
K080,Hellamaa,K270,Kuressaare linn,K080__Lõetsa__1,Lõetsa,3,2,8,FALSE,2,7,FALSE,NA,NA,NA
K080,Hellamaa,K270,Kuressaare linn,K080__Pärase__1,Pärase,3,2,9,FALSE,2,8,FALSE,NA,NA,NA
K080,Hellamaa,K270,Kuressaare linn,K080__Raugi__1,Raugi,3,2,10,FALSE,2,9,FALSE,NA,NA,NA
K080,Hellamaa,K270,Kuressaare linn,K080__Vahtraste__1,Vahtraste,3,2,11,FALSE,2,10,FALSE,NA,NA,NA
K081,Hellenurme,K049,Elva linn,K081__Hellenurme__1,Hellenurme,14,2,1,TRUE,7,1,TRUE,NA,NA,NA
K081,Hellenurme,K049,Elva linn,K081__Pastaku__1,Pastaku,14,2,2,FALSE,7,2,FALSE,NA,NA,NA
K081,Hellenurme,K049,Elva linn,K081__Urmi__1,Urmi,14,2,3,FALSE,7,3,FALSE,NA,NA,NA
K081,Hellenurme,K049,Elva linn,K081__Soka__1,Soka,12,2,4,FALSE,5,4,FALSE,NA,NA,NA
K082,Helme,K740,Valga linn,K082__Helme__1,Helme,28,2,1,TRUE,6,1,TRUE,NA,NA,NA
K082,Helme,K740,Valga linn,K082__Tikste__1,Tikste,13,1,2,FALSE,NA,NA,NA,NA,NA,NA
K082,Helme,K740,Valga linn,K082__Möldre__1,Möldre,5,2,3,FALSE,NA,NA,NA,NA,NA,NA
K082,Helme,K740,Valga linn,K082__Patküla__1,Patküla,5,3,4,FALSE,2,2,FALSE,NA,NA,NA
K082,Helme,K740,Valga linn,K082__Savi__1,Savi,4,2,5,FALSE,1,5,FALSE,NA,NA,NA
K082,Helme,K740,Valga linn,K082__Võndi__1,Võndi,4,2,6,FALSE,1,6,FALSE,NA,NA,NA
K082,Helme,K740,Valga linn,K082__Limbi__1,Limbi,3,2,7,FALSE,1,3,FALSE,NA,NA,NA
K082,Helme,K740,Valga linn,K082__Salve__1,Salve,3,2,8,FALSE,1,4,FALSE,NA,NA,NA
K082,Helme,K740,Valga linn,K082__Tööstuse__1,Tööstuse,2,1,9,FALSE,NA,NA,NA,NA,NA,NA
K082,Helme,K740,Valga linn,K082__Niidu__1,Niidu,1,1,10,FALSE,NA,NA,NA,NA,NA,NA
K082,Helme,K740,Valga linn,K082__Peebu__1,Peebu,1,1,11,FALSE,NA,NA,NA,NA,NA,NA
K083,Himmaste,K523,Põlva linn,K083__Himmaste__1,Himmaste,34,1,1,TRUE,21,1,TRUE,NA,NA,NA
K083,Himmaste,K523,Põlva linn,K083__Adiste__1,Adiste,17,2,2,FALSE,9,2,FALSE,NA,NA,NA
K083,Himmaste,K523,Põlva linn,K083__Töökoda__1,Töökoda,11,2,3,FALSE,8,3,FALSE,NA,NA,NA
K083,Himmaste,K523,Põlva linn,K083__Tagametsa__1,Tagametsa,9,2,4,FALSE,6,4,FALSE,NA,NA,NA
K083,Himmaste,K523,Põlva linn,K083__Eoste__1,Eoste,5,2,5,FALSE,3,6,FALSE,NA,NA,NA
K083,Himmaste,K523,Põlva linn,K083__Kooskora__1,Kooskora,5,1,6,FALSE,5,5,FALSE,NA,NA,NA
K083,Himmaste,K523,Põlva linn,K083__Porgandi__1,Porgandi,5,2,7,FALSE,3,7,FALSE,NA,NA,NA
K083,Himmaste,K523,Põlva linn,K083__Puiga__1,Puiga,5,2,8,FALSE,3,8,FALSE,NA,NA,NA
K083,Himmaste,K523,Põlva linn,K083__Valgesoo__1,Valgesoo,5,2,9,FALSE,3,9,FALSE,NA,NA,NA
K085,Holdre-Koorküla,K740,Valga linn,K085__Holdre__1,Holdre,4,2,1,TRUE,1,1,TRUE,NA,NA,NA
K085,Holdre-Koorküla,K740,Valga linn,K085__Kapermäe__1,Kapermäe,4,2,2,FALSE,1,2,FALSE,NA,NA,NA
K085,Holdre-Koorküla,K740,Valga linn,K085__Kiinimäe__1,Kiinimäe,4,2,3,FALSE,1,3,FALSE,NA,NA,NA
K085,Holdre-Koorküla,K740,Valga linn,K085__Kõrtsi__1,Kõrtsi,4,2,4,FALSE,1,4,FALSE,NA,NA,NA
K085,Holdre-Koorküla,K740,Valga linn,K085__Pihle__1,Pihle,4,2,5,FALSE,1,6,FALSE,NA,NA,NA
K085,Holdre-Koorküla,K740,Valga linn,K085__Tamme__1,Tamme,4,2,6,FALSE,1,8,FALSE,NA,NA,NA
K085,Holdre-Koorküla,K740,Valga linn,K085__Luhe__1,Luhe,3,2,7,FALSE,1,5,FALSE,NA,NA,NA
K085,Holdre-Koorküla,K740,Valga linn,K085__Side__1,Side,3,2,8,FALSE,1,7,FALSE,NA,NA,NA
K085,Holdre-Koorküla,K740,Valga linn,K085__Veski__1,Veski,3,2,9,FALSE,1,9,FALSE,NA,NA,NA
K085,Holdre-Koorküla,K740,Valga linn,K085__Väikekuke__1,Väikekuke,1,1,10,FALSE,NA,NA,NA,NA,NA,NA
K086,Holstre,K789,Viljandi linn,K086__Holstre__1,Holstre,21,2,1,TRUE,10,1,TRUE,NA,NA,NA
K086,Holstre,K789,Viljandi linn,K086__Konsiku__1,Konsiku,21,2,2,FALSE,10,2,FALSE,NA,NA,NA
K086,Holstre,K789,Viljandi linn,K086__Nõmme__1,Nõmme,21,2,3,FALSE,10,3,FALSE,NA,NA,NA
K086,Holstre,K789,Viljandi linn,K086__Pirmastu__1,Pirmastu,21,2,4,FALSE,10,4,FALSE,NA,NA,NA
K086,Holstre,K789,Viljandi linn,K086__Pulleritsu__1,Pulleritsu,21,2,5,FALSE,10,5,FALSE,NA,NA,NA
K086,Holstre,K789,Viljandi linn,K086__Viisu__1,Viisu,21,2,6,FALSE,10,6,FALSE,NA,NA,NA
K087,Holvandi,K523,Põlva linn,K087__Holvandi__1,Holvandi,6,3,1,TRUE,3,1,TRUE,NA,NA,NA
K087,Holvandi,K523,Põlva linn,K087__Kiisa__1,Kiisa,4,2,2,FALSE,3,2,FALSE,NA,NA,NA
K087,Holvandi,K523,Põlva linn,K087__Vanaküla__1,Vanaküla,4,3,3,FALSE,3,3,FALSE,NA,NA,NA
K087,Holvandi,K523,Põlva linn,K087__Männi__1,Männi,3,2,4,FALSE,2,4,FALSE,NA,NA,NA
K087,Holvandi,K523,Põlva linn,K087__Viirapera__1,Viirapera,3,2,5,FALSE,2,5,FALSE,NA,NA,NA
K088,Hulja,K545,Rakvere linn,K088__Hulja__1,Hulja,35,2,1,TRUE,17,1,TRUE,NA,NA,NA
K088,Hulja,K545,Rakvere linn,K088__Tirbiku__1,Tirbiku,33,2,2,FALSE,16,3,FALSE,NA,NA,NA
K088,Hulja,K545,Rakvere linn,K088__Kõrgemäe__1,Kõrgemäe,17,1,3,FALSE,NA,NA,NA,NA,NA,NA
K088,Hulja,K545,Rakvere linn,K088__Lante__1,Lante,16,1,4,FALSE,16,2,FALSE,NA,NA,NA
K089,Hummuli,K740,Valga linn,K089__Hummuli__1,Hummuli,25,2,1,TRUE,12,1,TRUE,NA,NA,NA
K089,Hummuli,K740,Valga linn,K089__Piiri__1,Piiri,22,3,2,FALSE,11,2,FALSE,NA,NA,NA
K089,Hummuli,K740,Valga linn,K089__Asu__1,Asu,21,2,3,FALSE,10,3,FALSE,NA,NA,NA
K089,Hummuli,K740,Valga linn,K089__Soe__1,Soe,18,2,4,FALSE,10,4,FALSE,NA,NA,NA
K089,Hummuli,K740,Valga linn,K089__Kullimäe__1,Kullimäe,16,2,5,FALSE,9,5,FALSE,NA,NA,NA
K089,Hummuli,K740,Valga linn,K089__Soe__2,Soe,5,2,6,FALSE,1,10,FALSE,NA,NA,NA
K089,Hummuli,K740,Valga linn,K089__Tarna__1,Tarna,5,2,7,FALSE,1,11,FALSE,NA,NA,NA
K089,Hummuli,K740,Valga linn,K089__Nilbi__1,Nilbi,4,1,8,FALSE,NA,NA,NA,NA,NA,NA
K089,Hummuli,K740,Valga linn,K089__Laadi__1,Laadi,2,1,9,FALSE,1,7,FALSE,NA,NA,NA
K089,Hummuli,K740,Valga linn,K089__Liivakse__1,Liivakse,2,2,10,FALSE,1,8,FALSE,NA,NA,NA
K089,Hummuli,K740,Valga linn,K089__Loosu__1,Loosu,2,2,11,FALSE,1,9,FALSE,NA,NA,NA
K089,Hummuli,K740,Valga linn,K089__Tuisu__1,Tuisu,2,1,12,FALSE,1,12,FALSE,NA,NA,NA
K089,Hummuli,K740,Valga linn,K089__Kährioru__1,Kährioru,1,1,13,FALSE,1,6,FALSE,NA,NA,NA
K090,Härgla,K663,Tallinn,K090__Hansu__1,Hansu,7,2,1,TRUE,NA,NA,NA,NA,NA,NA
K090,Härgla,K663,Tallinn,K090__Lõiuse__1,Lõiuse,7,2,2,FALSE,NA,NA,NA,NA,NA,NA
K090,Härgla,K663,Tallinn,K090__Miiliste__1,Miiliste,7,4,3,FALSE,NA,NA,NA,NA,NA,NA
K090,Härgla,K663,Tallinn,K090__Härgla__1,Härgla,4,2,4,FALSE,NA,NA,NA,NA,NA,NA
K090,Härgla,K663,Tallinn,K090__Kalda__1,Kalda,4,2,5,FALSE,NA,NA,NA,NA,NA,NA
K090,Härgla,K663,Tallinn,K090__Mällu__1,Mällu,4,4,6,FALSE,NA,NA,NA,NA,NA,NA
K090,Härgla,K663,Tallinn,K090__Pirgu__1,Pirgu,4,4,7,FALSE,NA,NA,NA,NA,NA,NA
K090,Härgla,K663,Tallinn,K090__Tikkaru__1,Tikkaru,4,2,8,FALSE,NA,NA,NA,NA,NA,NA
K090,Härgla,K663,Tallinn,K090__Vankse__1,Vankse,4,2,9,FALSE,NA,NA,NA,NA,NA,NA
K090,Härgla,K663,Tallinn,K090__Kernu__1,Kernu,2,2,10,FALSE,NA,NA,NA,NA,NA,NA
K090,Härgla,K663,Tallinn,K090__Seli__1,Seli,2,1,11,FALSE,NA,NA,NA,NA,NA,NA
K091,Häädemeeste,K531,Pärnu linn,K091__Häädemeeste__1,Häädemeeste,30,2,1,TRUE,15,1,TRUE,NA,NA,NA
K091,Häädemeeste,K531,Pärnu linn,K091__Padina__1,Padina,29,2,2,FALSE,14,2,FALSE,NA,NA,NA
K091,Häädemeeste,K531,Pärnu linn,K091__Luite__1,Luite,20,2,3,FALSE,9,4,FALSE,NA,NA,NA
K091,Häädemeeste,K531,Pärnu linn,K091__Piiskopi__1,Piiskopi,20,2,4,FALSE,9,5,FALSE,NA,NA,NA
K091,Häädemeeste,K531,Pärnu linn,K091__Pulgoja__1,Pulgoja,20,2,5,FALSE,9,6,FALSE,NA,NA,NA
K091,Häädemeeste,K531,Pärnu linn,K091__Rannametsa__1,Rannametsa,20,2,6,FALSE,9,7,FALSE,NA,NA,NA
K091,Häädemeeste,K531,Pärnu linn,K091__Häädemeeste kalmistu__1,Häädemeeste kalmistu,18,2,7,FALSE,9,3,FALSE,NA,NA,NA
K091,Häädemeeste,K531,Pärnu linn,K091__Arumetsa__1,Arumetsa,9,2,8,FALSE,5,8,FALSE,NA,NA,NA
K091,Häädemeeste,K531,Pärnu linn,K091__Mustiku__1,Mustiku,9,2,9,FALSE,5,9,FALSE,NA,NA,NA
K091,Häädemeeste,K531,Pärnu linn,K091__Mäe__1,Mäe,9,2,10,FALSE,5,10,FALSE,NA,NA,NA
K091,Häädemeeste,K531,Pärnu linn,K091__Papisilla__1,Papisilla,9,2,11,FALSE,5,11,FALSE,NA,NA,NA
K091,Häädemeeste,K531,Pärnu linn,K091__Saareoksa__1,Saareoksa,9,2,12,FALSE,5,12,FALSE,NA,NA,NA
K091,Häädemeeste,K531,Pärnu linn,K091__Timmkanali__1,Timmkanali,9,2,13,FALSE,5,13,FALSE,NA,NA,NA
K091,Häädemeeste,K531,Pärnu linn,K091__Tolkuse__1,Tolkuse,9,2,14,FALSE,5,14,FALSE,NA,NA,NA
K092,Hüüru,K663,Tallinn,K092__Bioloogia__1,Bioloogia,101,2,1,TRUE,60,1,TRUE,NA,NA,NA
K092,Hüüru,K663,Tallinn,K092__Harku__1,Harku,93,2,2,FALSE,52,2,FALSE,NA,NA,NA
K092,Hüüru,K663,Tallinn,K092__Hüüru__1,Hüüru,88,2,3,FALSE,47,3,FALSE,NA,NA,NA
K092,Hüüru,K663,Tallinn,K092__Pühaküla__1,Pühaküla,88,2,4,FALSE,47,4,FALSE,NA,NA,NA
K092,Hüüru,K663,Tallinn,K092__Vääna-Posti__1,Vääna-Posti,88,2,5,FALSE,47,5,FALSE,NA,NA,NA
K092,Hüüru,K663,Tallinn,K092__Pihuoja__1,Pihuoja,85,2,6,FALSE,43,6,FALSE,NA,NA,NA
K092,Hüüru,K663,Tallinn,K092__Uuemäe__1,Uuemäe,51,1,7,FALSE,4,14,FALSE,NA,NA,NA
K092,Hüüru,K663,Tallinn,K092__Kindluse__1,Kindluse,7,2,8,FALSE,6,11,FALSE,NA,NA,NA
K092,Hüüru,K663,Tallinn,K092__Kodasema__1,Kodasema,7,2,9,FALSE,7,7,FALSE,NA,NA,NA
K092,Hüüru,K663,Tallinn,K092__Laabi__1,Laabi,7,2,10,FALSE,7,8,FALSE,NA,NA,NA
K092,Hüüru,K663,Tallinn,K092__Uuevälja__1,Uuevälja,7,2,11,FALSE,6,12,FALSE,NA,NA,NA
K092,Hüüru,K663,Tallinn,K092__Vatsla__1,Vatsla,7,1,12,FALSE,7,9,FALSE,NA,NA,NA
K092,Hüüru,K663,Tallinn,K092__Vatsla tee__1,Vatsla tee,7,2,13,FALSE,7,10,FALSE,NA,NA,NA
K092,Hüüru,K663,Tallinn,K092__Tammi tee__1,Tammi tee,5,1,14,FALSE,5,13,FALSE,NA,NA,NA
K093,Ignase,K674,Tartu linn,K093__Kalevi__1,Kalevi,9,2,1,TRUE,6,1,TRUE,NA,NA,NA
K093,Ignase,K674,Tartu linn,K093__Ignase__1,Ignase,7,2,2,FALSE,5,3,FALSE,NA,NA,NA
K093,Ignase,K674,Tartu linn,K093__Koordi__1,Koordi,6,2,3,FALSE,4,5,FALSE,NA,NA,NA
K093,Ignase,K674,Tartu linn,K093__Aadami__1,Aadami,5,2,4,FALSE,5,2,FALSE,NA,NA,NA
K093,Ignase,K674,Tartu linn,K093__Kamsu__1,Kamsu,5,2,5,FALSE,5,4,FALSE,NA,NA,NA
K093,Ignase,K674,Tartu linn,K093__Hurda__1,Hurda,4,2,6,FALSE,2,6,FALSE,NA,NA,NA
K093,Ignase,K674,Tartu linn,K093__Villemi__1,Villemi,4,2,7,FALSE,2,7,FALSE,NA,NA,NA
K093,Ignase,K674,Tartu linn,K093__Kolli__1,Kolli,1,1,8,FALSE,NA,NA,NA,NA,NA,NA
K094,Ihamaru,K523,Põlva linn,K094__Ihamaru__1,Ihamaru,11,4,1,TRUE,7,1,TRUE,NA,NA,NA
K094,Ihamaru,K523,Põlva linn,K094__Palojärve__1,Palojärve,3,2,2,FALSE,1,4,FALSE,NA,NA,NA
K094,Ihamaru,K523,Põlva linn,K094__Karaski__1,Karaski,2,2,3,FALSE,1,2,FALSE,NA,NA,NA
K094,Ihamaru,K523,Põlva linn,K094__Karaski tee__1,Karaski tee,2,2,4,FALSE,1,3,FALSE,NA,NA,NA
K094,Ihamaru,K523,Põlva linn,K094__Valgemõisa__1,Valgemõisa,2,2,5,FALSE,1,5,FALSE,NA,NA,NA
K094,Ihamaru,K523,Põlva linn,K094__Kruusa__1,Kruusa,1,1,6,FALSE,NA,NA,NA,NA,NA,NA
K095,Iide,K270,Kuressaare linn,K095__Hänga(tellimisel)__1,Hänga(tellimisel),5,1,1,TRUE,4,1,TRUE,NA,NA,NA
K095,Iide,K270,Kuressaare linn,K095__Lülle(tellimisel)__1,Lülle(tellimisel),5,1,2,FALSE,3,4,FALSE,NA,NA,NA
K095,Iide,K270,Kuressaare linn,K095__Kaavi (tellimisel)__1,Kaavi (tellimisel),4,2,3,FALSE,3,2,FALSE,NA,NA,NA
K095,Iide,K270,Kuressaare linn,K095__Laadla(tellimisel)__1,Laadla(tellimisel),4,1,4,FALSE,3,3,FALSE,NA,NA,NA
K095,Iide,K270,Kuressaare linn,K095__Mäebe (tellimisel)__1,Mäebe (tellimisel),4,2,5,FALSE,3,5,FALSE,NA,NA,NA
K095,Iide,K270,Kuressaare linn,K095__Mässa (tellimisel)__1,Mässa (tellimisel),4,2,6,FALSE,3,6,FALSE,NA,NA,NA
K095,Iide,K270,Kuressaare linn,K095__Särava (tellimisel)__1,Särava (tellimisel),4,2,7,FALSE,3,7,FALSE,NA,NA,NA
K095,Iide,K270,Kuressaare linn,K095__Torgu(tellimisel)__1,Torgu(tellimisel),4,1,8,FALSE,3,8,FALSE,NA,NA,NA
K095,Iide,K270,Kuressaare linn,K095__Iide__1,Iide,3,2,9,FALSE,2,9,FALSE,NA,NA,NA
K095,Iide,K270,Kuressaare linn,K095__Iide(tellimisel)__1,Iide(tellimisel),3,2,10,FALSE,2,10,FALSE,NA,NA,NA
K095,Iide,K270,Kuressaare linn,K095__Jämaja__1,Jämaja,3,2,11,FALSE,2,11,FALSE,NA,NA,NA
K095,Iide,K270,Kuressaare linn,K095__Jämaja(tellimisel)__1,Jämaja(tellimisel),3,2,12,FALSE,2,12,FALSE,NA,NA,NA
K095,Iide,K270,Kuressaare linn,K095__Kiriku (Jämaja)__1,Kiriku (Jämaja),3,2,13,FALSE,2,13,FALSE,NA,NA,NA
K095,Iide,K270,Kuressaare linn,K095__Kiriku(jämaja)tellimisel__1,Kiriku(jämaja)tellimisel,3,2,14,FALSE,2,14,FALSE,NA,NA,NA
K095,Iide,K270,Kuressaare linn,K095__Kivipõllu__1,Kivipõllu,3,2,15,FALSE,2,15,FALSE,NA,NA,NA
K095,Iide,K270,Kuressaare linn,K095__Kivipõllu(tellimisel)__1,Kivipõllu(tellimisel),3,2,16,FALSE,2,16,FALSE,NA,NA,NA
K095,Iide,K270,Kuressaare linn,K095__Laadla__1,Laadla,3,1,17,FALSE,2,17,FALSE,NA,NA,NA
K095,Iide,K270,Kuressaare linn,K095__Laadla teerist__1,Laadla teerist,3,2,18,FALSE,2,18,FALSE,NA,NA,NA
K095,Iide,K270,Kuressaare linn,K095__Ohessaare__1,Ohessaare,3,2,19,FALSE,2,19,FALSE,NA,NA,NA
K095,Iide,K270,Kuressaare linn,K095__Ohessaare(tellimisel)__1,Ohessaare(tellimisel),3,2,20,FALSE,2,20,FALSE,NA,NA,NA
K095,Iide,K270,Kuressaare linn,K095__Türju__1,Türju,3,3,21,FALSE,2,21,FALSE,NA,NA,NA
K095,Iide,K270,Kuressaare linn,K095__Türju(tellimisel)__1,Türju(tellimisel),3,3,22,FALSE,2,22,FALSE,NA,NA,NA
K095,Iide,K270,Kuressaare linn,K095__Kaavi__1,Kaavi,2,1,23,FALSE,1,24,FALSE,NA,NA,NA
K095,Iide,K270,Kuressaare linn,K095__Laadla teerist(tellimisel)__1,Laadla teerist(tellimisel),2,1,24,FALSE,1,26,FALSE,NA,NA,NA
K095,Iide,K270,Kuressaare linn,K095__Mäebe__1,Mäebe,2,1,25,FALSE,1,27,FALSE,NA,NA,NA
K095,Iide,K270,Kuressaare linn,K095__Mässa__1,Mässa,2,1,26,FALSE,1,28,FALSE,NA,NA,NA
K095,Iide,K270,Kuressaare linn,K095__Särava__1,Särava,2,1,27,FALSE,1,29,FALSE,NA,NA,NA
K095,Iide,K270,Kuressaare linn,K095__Viieristi(tellimisel)__1,Viieristi(tellimisel),2,2,28,FALSE,2,23,FALSE,NA,NA,NA
K095,Iide,K270,Kuressaare linn,K095__Laadla teerist(tellimiel)__1,Laadla teerist(tellimiel),1,1,29,FALSE,1,25,FALSE,NA,NA,NA
K095,Iide,K270,Kuressaare linn,K095__Torgu__1,Torgu,1,1,30,FALSE,NA,NA,NA,NA,NA,NA
K095,Iide,K270,Kuressaare linn,K095__Viieristi__1,Viieristi,1,1,31,FALSE,1,30,FALSE,NA,NA,NA
K096,Iisaku,K118,Jõhvi linn,K096__Iisaku__1,Iisaku,30,2,1,TRUE,12,1,TRUE,NA,NA,NA
K096,Iisaku,K118,Jõhvi linn,K096__Kasevälja__1,Kasevälja,26,2,2,FALSE,10,2,FALSE,NA,NA,NA
K096,Iisaku,K118,Jõhvi linn,K096__Iisaku kool__1,Iisaku kool,20,2,3,FALSE,7,3,FALSE,NA,NA,NA
K096,Iisaku,K118,Jõhvi linn,K096__Loogamäe__1,Loogamäe,14,2,4,FALSE,7,4,FALSE,NA,NA,NA
K096,Iisaku,K118,Jõhvi linn,K096__Metsa__1,Metsa,14,2,5,FALSE,7,5,FALSE,NA,NA,NA
K096,Iisaku,K118,Jõhvi linn,K096__Tärivere__1,Tärivere,14,2,6,FALSE,7,7,FALSE,NA,NA,NA
K096,Iisaku,K118,Jõhvi linn,K096__Tammetaguse__1,Tammetaguse,7,1,7,FALSE,7,6,FALSE,NA,NA,NA
K097,Illuka,K118,Jõhvi linn,K097__Edivere__1,Edivere,14,2,1,TRUE,7,1,TRUE,NA,NA,NA
K097,Illuka,K118,Jõhvi linn,K097__Illuka kool__1,Illuka kool,14,2,2,FALSE,7,3,FALSE,NA,NA,NA
K097,Illuka,K118,Jõhvi linn,K097__Konsu rist__1,Konsu rist,14,2,3,FALSE,7,4,FALSE,NA,NA,NA
K097,Illuka,K118,Jõhvi linn,K097__Raudi__1,Raudi,14,2,4,FALSE,7,5,FALSE,NA,NA,NA
K097,Illuka,K118,Jõhvi linn,K097__Illuka__1,Illuka,7,1,5,FALSE,NA,NA,NA,NA,NA,NA
K097,Illuka,K118,Jõhvi linn,K097__Illuka__2,Illuka,7,1,6,FALSE,7,2,FALSE,NA,NA,NA
K097,Illuka,K118,Jõhvi linn,K097__Illuka (perspektiivne)__1,Illuka (perspektiivne),7,1,7,FALSE,NA,NA,NA,NA,NA,NA
K097,Illuka,K118,Jõhvi linn,K097__Raudi kalmistu__1,Raudi kalmistu,4,1,8,FALSE,2,6,FALSE,NA,NA,NA
K098,Ilmatsalu,K674,Tartu linn,K098__Kärevere sild__1,Kärevere sild,19,2,1,TRUE,12,1,TRUE,NA,NA,NA
K098,Ilmatsalu,K674,Tartu linn,K098__Ilmatsalu kool__1,Ilmatsalu kool,12,2,2,FALSE,10,2,FALSE,NA,NA,NA
K098,Ilmatsalu,K674,Tartu linn,K098__Rahinge kool__1,Rahinge kool,12,2,3,FALSE,10,3,FALSE,NA,NA,NA
K098,Ilmatsalu,K674,Tartu linn,K098__Tüki__1,Tüki,12,2,4,FALSE,10,4,FALSE,NA,NA,NA
K098,Ilmatsalu,K674,Tartu linn,K098__Heinvaru__1,Heinvaru,11,2,5,FALSE,9,5,FALSE,NA,NA,NA
K098,Ilmatsalu,K674,Tartu linn,K098__Kardla tee__1,Kardla tee,11,2,6,FALSE,8,9,FALSE,NA,NA,NA
K098,Ilmatsalu,K674,Tartu linn,K098__Rahinge__1,Rahinge,11,2,7,FALSE,9,8,FALSE,NA,NA,NA
K098,Ilmatsalu,K674,Tartu linn,K098__Hiieküla__1,Hiieküla,9,1,8,FALSE,9,6,FALSE,NA,NA,NA
K098,Ilmatsalu,K674,Tartu linn,K098__Ilmatsalu__1,Ilmatsalu,9,1,9,FALSE,9,7,FALSE,NA,NA,NA
K100,Imavere,K663,Tallinn,K100__Paia__1,Paia,16,2,1,TRUE,3,1,TRUE,NA,NA,NA
K100,Imavere,K663,Tallinn,K100__Imavere__1,Imavere,13,2,2,FALSE,NA,NA,NA,NA,NA,NA
K100,Imavere,K663,Tallinn,K100__Mõisa park__1,Mõisa park,8,2,3,FALSE,NA,NA,NA,NA,NA,NA
K100,Imavere,K663,Tallinn,K100__Imavere mõis__1,Imavere mõis,7,2,4,FALSE,NA,NA,NA,NA,NA,NA
K100,Imavere,K663,Tallinn,K100__Imavere kool__1,Imavere kool,6,1,5,FALSE,NA,NA,NA,NA,NA,NA
K100,Imavere,K663,Tallinn,K100__Kiima__1,Kiima,6,2,6,FALSE,NA,NA,NA,NA,NA,NA
K100,Imavere,K663,Tallinn,K100__Eistvere mõis__1,Eistvere mõis,3,1,7,FALSE,NA,NA,NA,NA,NA,NA
K100,Imavere,K663,Tallinn,K100__Kiigevere__1,Kiigevere,3,2,8,FALSE,NA,NA,NA,NA,NA,NA
K100,Imavere,K663,Tallinn,K100__Taadikvere__1,Taadikvere,3,2,9,FALSE,NA,NA,NA,NA,NA,NA
K100,Imavere,K663,Tallinn,K100__Eistvere tee__1,Eistvere tee,2,2,10,FALSE,NA,NA,NA,NA,NA,NA
K100,Imavere,K663,Tallinn,K100__Kaera__1,Kaera,1,1,11,FALSE,NA,NA,NA,NA,NA,NA
K100,Imavere,K663,Tallinn,K100__Pilu__1,Pilu,1,1,12,FALSE,NA,NA,NA,NA,NA,NA
K101,Ingliste,K554,Rapla,K101__Adra__1,Adra,15,2,1,TRUE,8,1,TRUE,NA,NA,NA
K101,Ingliste,K554,Rapla,K101__Hõreda__1,Hõreda,15,2,2,FALSE,8,2,FALSE,NA,NA,NA
K101,Ingliste,K554,Rapla,K101__Ingliste__1,Ingliste,15,2,3,FALSE,8,3,FALSE,NA,NA,NA
K101,Ingliste,K554,Rapla,K101__Kalda__1,Kalda,15,2,4,FALSE,8,4,FALSE,NA,NA,NA
K101,Ingliste,K554,Rapla,K101__Lau tee__1,Lau tee,15,2,5,FALSE,8,5,FALSE,NA,NA,NA
K101,Ingliste,K554,Rapla,K101__Pae__1,Pae,15,2,6,FALSE,8,6,FALSE,NA,NA,NA
K101,Ingliste,K554,Rapla,K101__Lauri__1,Lauri,10,2,7,FALSE,5,7,FALSE,NA,NA,NA
K102,Irta,K531,Pärnu linn,K102__Irta__1,Irta,12,3,1,TRUE,5,1,TRUE,NA,NA,NA
K102,Irta,K531,Pärnu linn,K102__Nedrema__1,Nedrema,10,2,2,FALSE,4,3,FALSE,NA,NA,NA
K102,Irta,K531,Pärnu linn,K102__Nedrema tee__1,Nedrema tee,10,2,3,FALSE,4,4,FALSE,NA,NA,NA
K102,Irta,K531,Pärnu linn,K102__Irta tee__1,Irta tee,7,2,4,FALSE,2,5,FALSE,NA,NA,NA
K102,Irta,K531,Pärnu linn,K102__Jänistvere__1,Jänistvere,7,2,5,FALSE,4,2,FALSE,NA,NA,NA
K103,Jaama,K674,Tartu linn,K103__Jaama__1,Jaama,6,2,1,TRUE,2,1,TRUE,NA,NA,NA
K103,Jaama,K674,Tartu linn,K103__Linnutaja__1,Linnutaja,6,2,2,FALSE,2,2,FALSE,NA,NA,NA
K104,Jaanimõisa,K523,Põlva linn,K104__Jaanimõisa__1,Jaanimõisa,20,2,1,TRUE,5,1,TRUE,NA,NA,NA
K104,Jaanimõisa,K523,Põlva linn,K104__Suurmetsa__1,Suurmetsa,20,3,2,FALSE,5,2,FALSE,NA,NA,NA
K104,Jaanimõisa,K523,Põlva linn,K104__Kitseoru__1,Kitseoru,17,2,3,FALSE,4,3,FALSE,NA,NA,NA
K104,Jaanimõisa,K523,Põlva linn,K104__Karulaane__1,Karulaane,3,2,4,FALSE,1,10,FALSE,NA,NA,NA
K104,Jaanimõisa,K523,Põlva linn,K104__Vahtra__1,Vahtra,3,3,5,FALSE,3,4,FALSE,NA,NA,NA
K104,Jaanimõisa,K523,Põlva linn,K104__Kaaru__1,Kaaru,2,2,6,FALSE,2,5,FALSE,NA,NA,NA
K104,Jaanimõisa,K523,Põlva linn,K104__Kuusiku__1,Kuusiku,2,2,7,FALSE,2,6,FALSE,NA,NA,NA
K104,Jaanimõisa,K523,Põlva linn,K104__Mehitse__1,Mehitse,2,1,8,FALSE,1,11,FALSE,NA,NA,NA
K104,Jaanimõisa,K523,Põlva linn,K104__Mikumäe__1,Mikumäe,2,1,9,FALSE,2,7,FALSE,NA,NA,NA
K104,Jaanimõisa,K523,Põlva linn,K104__Palvemaja__1,Palvemaja,2,2,10,FALSE,2,8,FALSE,NA,NA,NA
K104,Jaanimõisa,K523,Põlva linn,K104__Jaanimõisa keskus__1,Jaanimõisa keskus,1,1,11,FALSE,1,9,FALSE,NA,NA,NA
K104,Jaanimõisa,K523,Põlva linn,K104__Niidu__1,Niidu,1,1,12,FALSE,1,12,FALSE,NA,NA,NA
K105,Jalase-Koikse,K554,Rapla,K105__Koikse__1,Koikse,24,4,1,TRUE,14,1,TRUE,NA,NA,NA
K105,Jalase-Koikse,K554,Rapla,K105__Kuusikmetsa__1,Kuusikmetsa,24,2,2,FALSE,14,2,FALSE,NA,NA,NA
K105,Jalase-Koikse,K554,Rapla,K105__Jalase__1,Jalase,18,2,3,FALSE,9,3,FALSE,NA,NA,NA
K105,Jalase-Koikse,K554,Rapla,K105__Jalase kool__1,Jalase kool,18,2,4,FALSE,9,4,FALSE,NA,NA,NA
K106,Jalgsema,K663,Tallinn,K106__Seliküla__1,Seliküla,4,2,1,TRUE,NA,NA,NA,NA,NA,NA
K106,Jalgsema,K663,Tallinn,K106__Sinimetsa__1,Sinimetsa,4,2,2,FALSE,NA,NA,NA,NA,NA,NA
K106,Jalgsema,K663,Tallinn,K106__Jalgsema__1,Jalgsema,2,1,3,FALSE,NA,NA,NA,NA,NA,NA
K106,Jalgsema,K663,Tallinn,K106__Kargu__1,Kargu,2,1,4,FALSE,NA,NA,NA,NA,NA,NA
K106,Jalgsema,K663,Tallinn,K106__Konnaaugu__1,Konnaaugu,2,1,5,FALSE,NA,NA,NA,NA,NA,NA
K107,Jalukse,K061,Haapsalu linn,K107__Valgeristi__1,Valgeristi,2,2,1,TRUE,NA,NA,NA,NA,NA,NA
K108,Jausa,K292,Kärdla linn,K108__Jausa__1,Jausa,13,2,1,TRUE,5,1,TRUE,NA,NA,NA
K108,Jausa,K292,Kärdla linn,K108__Pärdi__1,Pärdi,13,2,2,FALSE,5,2,FALSE,NA,NA,NA
K108,Jausa,K292,Kärdla linn,K108__Turu__1,Turu,13,2,3,FALSE,5,3,FALSE,NA,NA,NA
K108,Jausa,K292,Kärdla linn,K108__Muda__1,Muda,4,2,4,FALSE,1,4,FALSE,NA,NA,NA
K109,Jeti,K740,Valga linn,K109__Koorküla__1,Koorküla,3,4,1,TRUE,1,3,FALSE,NA,NA,NA
K109,Jeti,K740,Valga linn,K109__Kuusiku__1,Kuusiku,3,2,2,FALSE,1,4,FALSE,NA,NA,NA
K109,Jeti,K740,Valga linn,K109__Aitsra__1,Aitsra,2,2,3,FALSE,1,1,TRUE,NA,NA,NA
K109,Jeti,K740,Valga linn,K109__Kooli__1,Kooli,2,2,4,FALSE,1,2,FALSE,NA,NA,NA
K109,Jeti,K740,Valga linn,K109__Pikre__1,Pikre,2,2,5,FALSE,1,5,FALSE,NA,NA,NA
K109,Jeti,K740,Valga linn,K109__Tasaste__1,Tasaste,2,2,6,FALSE,1,6,FALSE,NA,NA,NA
K111,Juminda,K663,Tallinn,K111__Kiiu-Aabla__1,Kiiu-Aabla,4,2,1,TRUE,2,1,TRUE,NA,NA,NA
K111,Juminda,K663,Tallinn,K111__Kolga-Aabla__1,Kolga-Aabla,4,2,2,FALSE,2,2,FALSE,NA,NA,NA
K111,Juminda,K663,Tallinn,K111__Leesi__1,Leesi,4,1,3,FALSE,2,3,FALSE,NA,NA,NA
K111,Juminda,K663,Tallinn,K111__Mereranna__1,Mereranna,4,2,4,FALSE,2,4,FALSE,NA,NA,NA
K111,Juminda,K663,Tallinn,K111__Pedaspea__1,Pedaspea,4,2,5,FALSE,2,5,FALSE,NA,NA,NA
K111,Juminda,K663,Tallinn,K111__Hara__1,Hara,2,2,6,FALSE,1,6,FALSE,NA,NA,NA
K111,Juminda,K663,Tallinn,K111__Hara side__1,Hara side,2,2,7,FALSE,1,7,FALSE,NA,NA,NA
K111,Juminda,K663,Tallinn,K111__Heindri__1,Heindri,2,2,8,FALSE,1,8,FALSE,NA,NA,NA
K111,Juminda,K663,Tallinn,K111__Juminda tee__1,Juminda tee,2,2,9,FALSE,1,9,FALSE,NA,NA,NA
K111,Juminda,K663,Tallinn,K111__Külaotsa__1,Külaotsa,2,2,10,FALSE,1,10,FALSE,NA,NA,NA
K111,Juminda,K663,Tallinn,K111__Lohja__1,Lohja,2,2,11,FALSE,1,11,FALSE,NA,NA,NA
K111,Juminda,K663,Tallinn,K111__Tapurla__1,Tapurla,2,2,12,FALSE,1,12,FALSE,NA,NA,NA
K111,Juminda,K663,Tallinn,K111__Virve__1,Virve,2,2,13,FALSE,1,13,FALSE,NA,NA,NA
K112,Juuru,K663,Tallinn,K112__Juuru__1,Juuru,24,1,1,TRUE,NA,NA,NA,NA,NA,NA
K112,Juuru,K663,Tallinn,K112__Kaupluse__1,Kaupluse,14,2,2,FALSE,NA,NA,NA,NA,NA,NA
K112,Juuru,K663,Tallinn,K112__Mahtra tee__1,Mahtra tee,14,2,3,FALSE,NA,NA,NA,NA,NA,NA
K112,Juuru,K663,Tallinn,K112__Mõisa__1,Mõisa,14,2,4,FALSE,NA,NA,NA,NA,NA,NA
K112,Juuru,K663,Tallinn,K112__Purila tee__1,Purila tee,14,2,5,FALSE,NA,NA,NA,NA,NA,NA
K112,Juuru,K663,Tallinn,K112__Maidla__1,Maidla,12,2,6,FALSE,NA,NA,NA,NA,NA,NA
K112,Juuru,K663,Tallinn,K112__Juuru kalmistu__1,Juuru kalmistu,10,2,7,FALSE,NA,NA,NA,NA,NA,NA
K112,Juuru,K663,Tallinn,K112__Pinsli__1,Pinsli,10,2,8,FALSE,NA,NA,NA,NA,NA,NA
K112,Juuru,K663,Tallinn,K112__Atla__1,Atla,9,2,9,FALSE,NA,NA,NA,NA,NA,NA
K112,Juuru,K663,Tallinn,K112__Atla tee__1,Atla tee,5,2,10,FALSE,NA,NA,NA,NA,NA,NA
K112,Juuru,K663,Tallinn,K112__Ausamba__1,Ausamba,5,2,11,FALSE,NA,NA,NA,NA,NA,NA
K112,Juuru,K663,Tallinn,K112__Mahtra__1,Mahtra,5,2,12,FALSE,NA,NA,NA,NA,NA,NA
K112,Juuru,K663,Tallinn,K112__Töökoja__1,Töökoja,5,2,13,FALSE,NA,NA,NA,NA,NA,NA
K113,Jõelähtme,K663,Tallinn,K113__Jõelähtme__1,Jõelähtme,53,2,1,TRUE,23,4,FALSE,NA,NA,NA
K113,Jõelähtme,K663,Tallinn,K113__Männisalu__1,Männisalu,52,2,2,FALSE,24,3,FALSE,NA,NA,NA
K113,Jõelähtme,K663,Tallinn,K113__Ületee__1,Ületee,48,2,3,FALSE,25,2,FALSE,NA,NA,NA
K113,Jõelähtme,K663,Tallinn,K113__Jägala jõgi__1,Jägala jõgi,30,2,4,FALSE,14,6,FALSE,NA,NA,NA
K113,Jõelähtme,K663,Tallinn,K113__Koogi__1,Koogi,30,2,5,FALSE,14,7,FALSE,NA,NA,NA
K113,Jõelähtme,K663,Tallinn,K113__Ruu mõis__1,Ruu mõis,30,2,6,FALSE,14,8,FALSE,NA,NA,NA
K113,Jõelähtme,K663,Tallinn,K113__Kostivere tee__2,Kostivere tee,27,1,7,FALSE,27,1,TRUE,NA,NA,NA
K113,Jõelähtme,K663,Tallinn,K113__Kostivere tee__1,Kostivere tee,25,1,8,FALSE,NA,NA,NA,NA,NA,NA
K113,Jõelähtme,K663,Tallinn,K113__Jõelähtme vallamaja__1,Jõelähtme vallamaja,24,2,9,FALSE,11,9,FALSE,NA,NA,NA
K113,Jõelähtme,K663,Tallinn,K113__Koeralooga__1,Koeralooga,24,2,10,FALSE,11,10,FALSE,NA,NA,NA
K113,Jõelähtme,K663,Tallinn,K113__Koogi kauplus__1,Koogi kauplus,24,2,11,FALSE,11,11,FALSE,NA,NA,NA
K113,Jõelähtme,K663,Tallinn,K113__Neeme tee__1,Neeme tee,24,3,12,FALSE,11,12,FALSE,NA,NA,NA
K113,Jõelähtme,K663,Tallinn,K113__Linnake__1,Linnake,22,1,13,FALSE,NA,NA,NA,NA,NA,NA
K113,Jõelähtme,K663,Tallinn,K113__Linnake__2,Linnake,20,1,14,FALSE,20,5,FALSE,NA,NA,NA
K113,Jõelähtme,K663,Tallinn,K113__Ruu__1,Ruu,15,2,15,FALSE,8,13,FALSE,NA,NA,NA
K113,Jõelähtme,K663,Tallinn,K113__Upsi__1,Upsi,15,2,16,FALSE,8,14,FALSE,NA,NA,NA
K113,Jõelähtme,K663,Tallinn,K113__Jägala-Joa__1,Jägala-Joa,9,2,17,FALSE,3,19,FALSE,NA,NA,NA
K113,Jõelähtme,K663,Tallinn,K113__Jõesuu__1,Jõesuu,9,2,18,FALSE,3,20,FALSE,NA,NA,NA
K113,Jõelähtme,K663,Tallinn,K113__Kuuse tee__1,Kuuse tee,9,1,19,FALSE,5,16,FALSE,NA,NA,NA
K113,Jõelähtme,K663,Tallinn,K113__Metstoa__1,Metstoa,9,2,20,FALSE,3,22,FALSE,NA,NA,NA
K113,Jõelähtme,K663,Tallinn,K113__Raasiku tee__1,Raasiku tee,9,2,21,FALSE,5,17,FALSE,NA,NA,NA
K113,Jõelähtme,K663,Tallinn,K113__Rahvamaja__1,Rahvamaja,8,1,22,FALSE,6,15,FALSE,NA,NA,NA
K113,Jõelähtme,K663,Tallinn,K113__Kalevi-Liiva__1,Kalevi-Liiva,7,2,23,FALSE,4,18,FALSE,NA,NA,NA
K113,Jõelähtme,K663,Tallinn,K113__Jõeääre__1,Jõeääre,5,1,24,FALSE,1,26,FALSE,NA,NA,NA
K113,Jõelähtme,K663,Tallinn,K113__Metsa__1,Metsa,5,1,25,FALSE,1,27,FALSE,NA,NA,NA
K113,Jõelähtme,K663,Tallinn,K113__Metsaveere__1,Metsaveere,5,1,26,FALSE,3,21,FALSE,NA,NA,NA
K113,Jõelähtme,K663,Tallinn,K113__Tammiku__1,Tammiku,5,2,27,FALSE,1,29,FALSE,NA,NA,NA
K113,Jõelähtme,K663,Tallinn,K113__Urke__1,Urke,3,1,28,FALSE,2,23,FALSE,NA,NA,NA
K113,Jõelähtme,K663,Tallinn,K113__Jõelähtme kirik__1,Jõelähtme kirik,2,2,29,FALSE,1,25,FALSE,NA,NA,NA
K113,Jõelähtme,K663,Tallinn,K113__Kehra tee__1,Kehra tee,2,1,30,FALSE,NA,NA,NA,NA,NA,NA
K113,Jõelähtme,K663,Tallinn,K113__Rebala__1,Rebala,2,2,31,FALSE,1,28,FALSE,NA,NA,NA
K113,Jõelähtme,K663,Tallinn,K113__Uus-Rebala__1,Uus-Rebala,2,1,32,FALSE,2,24,FALSE,NA,NA,NA
K114,Jõesuu,K531,Pärnu linn,K114__Aesoo tee__1,Aesoo tee,10,3,1,TRUE,4,1,TRUE,NA,NA,NA
K114,Jõesuu,K531,Pärnu linn,K114__Aru__1,Aru,10,2,2,FALSE,4,2,FALSE,NA,NA,NA
K114,Jõesuu,K531,Pärnu linn,K114__Jõesuu__1,Jõesuu,10,2,3,FALSE,4,3,FALSE,NA,NA,NA
K114,Jõesuu,K531,Pärnu linn,K114__Levi__1,Levi,10,2,4,FALSE,4,4,FALSE,NA,NA,NA
K114,Jõesuu,K531,Pärnu linn,K114__Riisa tee__1,Riisa tee,10,2,5,FALSE,4,5,FALSE,NA,NA,NA
K114,Jõesuu,K531,Pärnu linn,K114__Tohera__1,Tohera,8,2,6,FALSE,4,6,FALSE,NA,NA,NA
K114,Jõesuu,K531,Pärnu linn,K114__Viira kool__1,Viira kool,8,2,7,FALSE,4,7,FALSE,NA,NA,NA
K114,Jõesuu,K531,Pärnu linn,K114__Jõekase__1,Jõekase,6,2,8,FALSE,2,10,FALSE,NA,NA,NA
K114,Jõesuu,K531,Pärnu linn,K114__Tahkuse__1,Tahkuse,6,2,9,FALSE,2,15,FALSE,NA,NA,NA
K114,Jõesuu,K531,Pärnu linn,K114__Aesoo__1,Aesoo,4,2,10,FALSE,2,8,FALSE,NA,NA,NA
K114,Jõesuu,K531,Pärnu linn,K114__Alta__1,Alta,4,2,11,FALSE,2,9,FALSE,NA,NA,NA
K114,Jõesuu,K531,Pärnu linn,K114__Kubja__1,Kubja,4,2,12,FALSE,2,11,FALSE,NA,NA,NA
K114,Jõesuu,K531,Pärnu linn,K114__Pöörde__1,Pöörde,4,2,13,FALSE,2,12,FALSE,NA,NA,NA
K114,Jõesuu,K531,Pärnu linn,K114__Pöördetamme__1,Pöördetamme,4,2,14,FALSE,2,13,FALSE,NA,NA,NA
K114,Jõesuu,K531,Pärnu linn,K114__Saarisoo__1,Saarisoo,4,2,15,FALSE,2,14,FALSE,NA,NA,NA
K114,Jõesuu,K531,Pärnu linn,K114__Viidika__1,Viidika,4,2,16,FALSE,2,16,FALSE,NA,NA,NA
K114,Jõesuu,K531,Pärnu linn,K114__Puista__1,Puista,2,2,17,FALSE,1,17,FALSE,NA,NA,NA
K114,Jõesuu,K531,Pärnu linn,K114__Riisa__1,Riisa,2,1,18,FALSE,1,18,FALSE,NA,NA,NA
K114,Jõesuu,K531,Pärnu linn,K114__Riisa raba__1,Riisa raba,2,2,19,FALSE,1,19,FALSE,NA,NA,NA
K114,Jõesuu,K531,Pärnu linn,K114__Ritsu__1,Ritsu,2,2,20,FALSE,1,20,FALSE,NA,NA,NA
K114,Jõesuu,K531,Pärnu linn,K114__Rätsepa__1,Rätsepa,2,2,21,FALSE,1,21,FALSE,NA,NA,NA
K114,Jõesuu,K531,Pärnu linn,K114__Viinahaua__1,Viinahaua,2,2,22,FALSE,1,22,FALSE,NA,NA,NA
K115,Jõgeva linn,K115,Jõgeva linn,K115__Jõgeva__1,Jõgeva,108,1,1,TRUE,NA,NA,NA,75,1,TRUE
K115,Jõgeva linn,K115,Jõgeva linn,K115__Uku__1,Uku,44,2,2,FALSE,NA,NA,NA,32,2,FALSE
K115,Jõgeva linn,K115,Jõgeva linn,K115__Piiri__1,Piiri,39,2,3,FALSE,NA,NA,NA,17,4,FALSE
K115,Jõgeva linn,K115,Jõgeva linn,K115__Kooli__1,Kooli,38,2,4,FALSE,NA,NA,NA,26,3,FALSE
K115,Jõgeva linn,K115,Jõgeva linn,K115__Jõgeva__2,Jõgeva,24,2,5,FALSE,NA,NA,NA,8,7,FALSE
K115,Jõgeva linn,K115,Jõgeva linn,K115__Pae__1,Pae,19,2,6,FALSE,NA,NA,NA,13,6,FALSE
K115,Jõgeva linn,K115,Jõgeva linn,K115__Aia__1,Aia,18,2,7,FALSE,NA,NA,NA,13,5,FALSE
K115,Jõgeva linn,K115,Jõgeva linn,K115__Ilmajaam__1,Ilmajaam,6,2,8,FALSE,NA,NA,NA,5,8,FALSE
K116,Jõgeva ümbrus,K115,Jõgeva linn,K116__Mutso__1,Mutso,42,4,1,TRUE,25,1,TRUE,NA,NA,NA
K116,Jõgeva ümbrus,K115,Jõgeva linn,K116__Metsa__1,Metsa,22,2,2,FALSE,13,4,FALSE,NA,NA,NA
K116,Jõgeva ümbrus,K115,Jõgeva linn,K116__Tooba__1,Tooba,22,2,3,FALSE,14,2,FALSE,NA,NA,NA
K116,Jõgeva ümbrus,K115,Jõgeva linn,K116__Võidu__1,Võidu,22,2,4,FALSE,14,3,FALSE,NA,NA,NA
K116,Jõgeva ümbrus,K115,Jõgeva linn,K116__Õuna__1,Õuna,9,1,5,FALSE,4,6,FALSE,NA,NA,NA
K116,Jõgeva ümbrus,K115,Jõgeva linn,K116__Jõgeva alevik__1,Jõgeva alevik,7,1,6,FALSE,6,5,FALSE,NA,NA,NA
K116,Jõgeva ümbrus,K115,Jõgeva linn,K116__Energia__1,Energia,2,2,7,FALSE,2,7,FALSE,NA,NA,NA
K116,Jõgeva ümbrus,K115,Jõgeva linn,K116__Liivoja rist__1,Liivoja rist,2,1,8,FALSE,1,10,FALSE,NA,NA,NA
K116,Jõgeva ümbrus,K115,Jõgeva linn,K116__Mustika__1,Mustika,2,1,9,FALSE,2,8,FALSE,NA,NA,NA
K116,Jõgeva ümbrus,K115,Jõgeva linn,K116__Liivoja__1,Liivoja,1,1,10,FALSE,1,9,FALSE,NA,NA,NA
K116,Jõgeva ümbrus,K115,Jõgeva linn,K116__Värvi__1,Värvi,1,2,11,FALSE,1,11,FALSE,NA,NA,NA
K117,Jõgeveste,K674,Tartu linn,K117__Roobe ristmik__1,Roobe ristmik,26,2,1,TRUE,NA,NA,NA,NA,NA,NA
K117,Jõgeveste,K674,Tartu linn,K117__Roobe mõis__1,Roobe mõis,16,2,2,FALSE,NA,NA,NA,NA,NA,NA
K117,Jõgeveste,K674,Tartu linn,K117__Riiska__1,Riiska,15,1,3,FALSE,NA,NA,NA,NA,NA,NA
K117,Jõgeveste,K674,Tartu linn,K117__Härma__1,Härma,13,2,4,FALSE,2,1,TRUE,NA,NA,NA
K117,Jõgeveste,K674,Tartu linn,K117__Jõgeveste__1,Jõgeveste,8,3,5,FALSE,NA,NA,NA,NA,NA,NA
K117,Jõgeveste,K674,Tartu linn,K117__Kalme__1,Kalme,8,2,6,FALSE,NA,NA,NA,NA,NA,NA
K117,Jõgeveste,K674,Tartu linn,K117__Toosi__1,Toosi,8,1,7,FALSE,NA,NA,NA,NA,NA,NA
K117,Jõgeveste,K674,Tartu linn,K117__Tuleviku__1,Tuleviku,8,2,8,FALSE,NA,NA,NA,NA,NA,NA
K117,Jõgeveste,K674,Tartu linn,K117__Barclay de Tolly__1,Barclay de Tolly,5,2,9,FALSE,NA,NA,NA,NA,NA,NA
K117,Jõgeveste,K674,Tartu linn,K117__Ruusa__1,Ruusa,5,2,10,FALSE,NA,NA,NA,NA,NA,NA
K118,Jõhvi linn,K118,Jõhvi linn,K118__Postkontor__1,Postkontor,349,2,1,TRUE,NA,NA,NA,178,1,TRUE
K118,Jõhvi linn,K118,Jõhvi linn,K118__Rahu__1,Rahu,286,2,2,FALSE,NA,NA,NA,154,2,FALSE
K118,Jõhvi linn,K118,Jõhvi linn,K118__Jõhvi kalmistu__1,Jõhvi kalmistu,285,2,3,FALSE,NA,NA,NA,153,3,FALSE
K118,Jõhvi linn,K118,Jõhvi linn,K118__Pargi keskus__1,Pargi keskus,223,2,4,FALSE,NA,NA,NA,143,4,FALSE
K118,Jõhvi linn,K118,Jõhvi linn,K118__Lasteaia__1,Lasteaia,185,2,5,FALSE,NA,NA,NA,121,5,FALSE
K118,Jõhvi linn,K118,Jõhvi linn,K118__Jõhvi bussijaam__1,Jõhvi bussijaam,144,1,6,FALSE,NA,NA,NA,17,18,FALSE
K118,Jõhvi linn,K118,Jõhvi linn,K118__Linda__1,Linda,131,3,7,FALSE,NA,NA,NA,85,7,FALSE
K118,Jõhvi linn,K118,Jõhvi linn,K118__Järle__1,Järle,130,2,8,FALSE,NA,NA,NA,85,6,FALSE
K118,Jõhvi linn,K118,Jõhvi linn,K118__Kaare__1,Kaare,93,2,9,FALSE,NA,NA,NA,44,12,FALSE
K118,Jõhvi linn,K118,Jõhvi linn,K118__Kooli__1,Kooli,93,2,10,FALSE,NA,NA,NA,44,13,FALSE
K118,Jõhvi linn,K118,Jõhvi linn,K118__Jõhvi bussijaam (saabuvad)__1,Jõhvi bussijaam (saabuvad),84,1,11,FALSE,NA,NA,NA,75,8,FALSE
K118,Jõhvi linn,K118,Jõhvi linn,K118__Männi__1,Männi,83,2,12,FALSE,NA,NA,NA,63,10,FALSE
K118,Jõhvi linn,K118,Jõhvi linn,K118__Järve__1,Järve,82,2,13,FALSE,NA,NA,NA,63,9,FALSE
K118,Jõhvi linn,K118,Jõhvi linn,K118__Kaasiku__1,Kaasiku,81,3,14,FALSE,NA,NA,NA,37,14,FALSE
K118,Jõhvi linn,K118,Jõhvi linn,K118__Uus__1,Uus,74,2,15,FALSE,NA,NA,NA,50,11,FALSE
K118,Jõhvi linn,K118,Jõhvi linn,K118__Koodikool__1,Koodikool,56,1,16,FALSE,NA,NA,NA,9,23,FALSE
K118,Jõhvi linn,K118,Jõhvi linn,K118__Silla__1,Silla,55,2,17,FALSE,NA,NA,NA,24,16,FALSE
K118,Jõhvi linn,K118,Jõhvi linn,K118__Meierei__1,Meierei,48,2,18,FALSE,NA,NA,NA,22,17,FALSE
K118,Jõhvi linn,K118,Jõhvi linn,K118__Kaare kurv__1,Kaare kurv,40,2,19,FALSE,NA,NA,NA,17,19,FALSE
K118,Jõhvi linn,K118,Jõhvi linn,K118__Keskus__1,Keskus,40,1,20,FALSE,NA,NA,NA,15,20,FALSE
K118,Jõhvi linn,K118,Jõhvi linn,K118__Turg__1,Turg,38,1,21,FALSE,NA,NA,NA,25,15,FALSE
K118,Jõhvi linn,K118,Jõhvi linn,K118__Jaama__1,Jaama,23,1,22,FALSE,NA,NA,NA,11,21,FALSE
K118,Jõhvi linn,K118,Jõhvi linn,K118__Kontserdimaja__1,Kontserdimaja,14,2,23,FALSE,NA,NA,NA,7,24,FALSE
K118,Jõhvi linn,K118,Jõhvi linn,K118__Pargi__1,Pargi,14,2,24,FALSE,NA,NA,NA,7,25,FALSE
K118,Jõhvi linn,K118,Jõhvi linn,K118__Tervisekeskuse__1,Tervisekeskuse,12,2,25,FALSE,NA,NA,NA,11,22,FALSE
K118,Jõhvi linn,K118,Jõhvi linn,K118__Jõhvi__1,Jõhvi,10,2,26,FALSE,NA,NA,NA,NA,NA,NA
K118,Jõhvi linn,K118,Jõhvi linn,K118__Jõhvi vaksal__1,Jõhvi vaksal,9,1,27,FALSE,NA,NA,NA,5,26,FALSE
K118,Jõhvi linn,K118,Jõhvi linn,K118__Viru vangla__1,Viru vangla,3,1,28,FALSE,NA,NA,NA,1,27,FALSE
K119,Jõuga,K118,Jõhvi linn,K119__Jõuga__1,Jõuga,14,2,1,TRUE,7,1,TRUE,NA,NA,NA
K119,Jõuga,K118,Jõhvi linn,K119__Sõrumäe__1,Sõrumäe,14,2,2,FALSE,7,2,FALSE,NA,NA,NA
K120,Jõõpre,K531,Pärnu linn,K120__Jõõpre__1,Jõõpre,20,2,1,TRUE,10,1,TRUE,NA,NA,NA
K120,Jõõpre,K531,Pärnu linn,K120__Jõõpre kalmistu__1,Jõõpre kalmistu,20,2,2,FALSE,10,2,FALSE,NA,NA,NA
K120,Jõõpre,K531,Pärnu linn,K120__Tammesilla__1,Tammesilla,20,2,3,FALSE,10,3,FALSE,NA,NA,NA
K120,Jõõpre,K531,Pärnu linn,K120__Agasilla__1,Agasilla,10,2,4,FALSE,5,4,FALSE,NA,NA,NA
K120,Jõõpre,K531,Pärnu linn,K120__Oara__1,Oara,10,2,5,FALSE,5,5,FALSE,NA,NA,NA
K120,Jõõpre,K531,Pärnu linn,K120__Oja__1,Oja,10,2,6,FALSE,5,6,FALSE,NA,NA,NA
K120,Jõõpre,K531,Pärnu linn,K120__Ridalepa__1,Ridalepa,10,2,7,FALSE,5,7,FALSE,NA,NA,NA
K120,Jõõpre,K531,Pärnu linn,K120__Saari tee__1,Saari tee,10,2,8,FALSE,5,8,FALSE,NA,NA,NA
K120,Jõõpre,K531,Pärnu linn,K120__Triinu__1,Triinu,10,2,9,FALSE,5,9,FALSE,NA,NA,NA
K121,Jämejala,K789,Viljandi linn,K121__Haigla__1,Haigla,44,1,1,TRUE,39,1,TRUE,NA,NA,NA
K121,Jämejala,K789,Viljandi linn,K121__Laboratooriumi__1,Laboratooriumi,35,1,2,FALSE,35,2,FALSE,NA,NA,NA
K121,Jämejala,K789,Viljandi linn,K121__Jämejala__1,Jämejala,31,2,3,FALSE,26,3,FALSE,NA,NA,NA
K121,Jämejala,K789,Viljandi linn,K121__Katlamaja__1,Katlamaja,22,2,4,FALSE,21,4,FALSE,NA,NA,NA
K121,Jämejala,K789,Viljandi linn,K121__Jämejala tee__1,Jämejala tee,17,1,5,FALSE,17,5,FALSE,NA,NA,NA
K122,Jäneda,K663,Tallinn,K122__Jäneda__1,Jäneda,16,3,1,TRUE,NA,NA,NA,NA,NA,NA
K122,Jäneda,K663,Tallinn,K122__Jäneda__2,Jäneda,16,2,2,FALSE,8,1,TRUE,NA,NA,NA
K122,Jäneda,K663,Tallinn,K122__Metskonna__1,Metskonna,16,2,3,FALSE,NA,NA,NA,NA,NA,NA
K122,Jäneda,K663,Tallinn,K122__Jäneda jaam__1,Jäneda jaam,10,2,4,FALSE,NA,NA,NA,NA,NA,NA
K122,Jäneda,K663,Tallinn,K122__Läpi__1,Läpi,10,2,5,FALSE,NA,NA,NA,NA,NA,NA
K122,Jäneda,K663,Tallinn,K122__Patika__1,Patika,10,2,6,FALSE,NA,NA,NA,NA,NA,NA
K122,Jäneda,K663,Tallinn,K122__Toominga__1,Toominga,10,2,7,FALSE,NA,NA,NA,NA,NA,NA
K122,Jäneda,K663,Tallinn,K122__Jäneda veski__1,Jäneda veski,4,2,8,FALSE,NA,NA,NA,NA,NA,NA
K122,Jäneda,K663,Tallinn,K122__Kõrveküla__1,Kõrveküla,4,2,9,FALSE,NA,NA,NA,NA,NA,NA
K122,Jäneda,K663,Tallinn,K122__Pirsu__1,Pirsu,2,2,10,FALSE,NA,NA,NA,NA,NA,NA
K122,Jäneda,K663,Tallinn,K122__Raudla__1,Raudla,2,2,11,FALSE,NA,NA,NA,NA,NA,NA
K123,Järlepa,K663,Tallinn,K123__Järlepa__1,Järlepa,7,1,1,TRUE,NA,NA,NA,NA,NA,NA
K123,Järlepa,K663,Tallinn,K123__Järlepa tee__1,Järlepa tee,7,3,2,FALSE,NA,NA,NA,NA,NA,NA
K123,Järlepa,K663,Tallinn,K123__Saueaugu__1,Saueaugu,6,2,3,FALSE,NA,NA,NA,NA,NA,NA
K123,Järlepa,K663,Tallinn,K123__Jaluse__1,Jaluse,5,2,4,FALSE,NA,NA,NA,NA,NA,NA
K123,Järlepa,K663,Tallinn,K123__Umbru__1,Umbru,5,2,5,FALSE,NA,NA,NA,NA,NA,NA
K124,Järva-Jaani alev,K663,Tallinn,K124__Orina__1,Orina,10,2,1,TRUE,NA,NA,NA,NA,NA,NA
K124,Järva-Jaani alev,K663,Tallinn,K124__Kilgi__1,Kilgi,9,2,2,FALSE,NA,NA,NA,NA,NA,NA
K124,Järva-Jaani alev,K663,Tallinn,K124__Pikamäe__1,Pikamäe,7,2,3,FALSE,NA,NA,NA,NA,NA,NA
K124,Järva-Jaani alev,K663,Tallinn,K124__Pähu__1,Pähu,7,2,4,FALSE,NA,NA,NA,NA,NA,NA
K124,Järva-Jaani alev,K663,Tallinn,K124__Jalalõpe__1,Jalalõpe,4,2,5,FALSE,NA,NA,NA,NA,NA,NA
K124,Järva-Jaani alev,K663,Tallinn,K124__Illevere tee__1,Illevere tee,3,2,6,FALSE,NA,NA,NA,NA,NA,NA
K124,Järva-Jaani alev,K663,Tallinn,K124__Kagavere__1,Kagavere,3,2,7,FALSE,NA,NA,NA,NA,NA,NA
K124,Järva-Jaani alev,K663,Tallinn,K124__Metstaguse tee__1,Metstaguse tee,3,2,8,FALSE,NA,NA,NA,NA,NA,NA
K124,Järva-Jaani alev,K663,Tallinn,K124__Jalalõpe II__1,Jalalõpe II,1,1,9,FALSE,NA,NA,NA,NA,NA,NA
K125,Järva-Jaani,K663,Tallinn,K125__Järva-Jaani__1,Järva-Jaani,22,1,1,TRUE,NA,NA,NA,NA,NA,NA
K125,Järva-Jaani,K663,Tallinn,K125__Kooli__1,Kooli,10,2,2,FALSE,NA,NA,NA,NA,NA,NA
K125,Järva-Jaani,K663,Tallinn,K125__Tamsalu tee__1,Tamsalu tee,10,2,3,FALSE,NA,NA,NA,NA,NA,NA
K125,Järva-Jaani,K663,Tallinn,K125__Kuksema tee__1,Kuksema tee,7,2,4,FALSE,NA,NA,NA,NA,NA,NA
K126,Järvakandi alev,K663,Tallinn,K126__Ahekõnnu__1,Ahekõnnu,18,2,1,TRUE,2,1,TRUE,NA,NA,NA
K126,Järvakandi alev,K663,Tallinn,K126__Isakõnnu__1,Isakõnnu,18,2,2,FALSE,2,2,FALSE,NA,NA,NA
K126,Järvakandi alev,K663,Tallinn,K126__Vahtra__1,Vahtra,10,2,3,FALSE,2,4,FALSE,NA,NA,NA
K126,Järvakandi alev,K663,Tallinn,K126__Valguta__1,Valguta,10,2,4,FALSE,2,5,FALSE,NA,NA,NA
K126,Järvakandi alev,K663,Tallinn,K126__Lihuveski__1,Lihuveski,9,1,5,FALSE,2,3,FALSE,NA,NA,NA
K126,Järvakandi alev,K663,Tallinn,K126__Nõmmiksaare__1,Nõmmiksaare,4,2,6,FALSE,NA,NA,NA,NA,NA,NA
K126,Järvakandi alev,K663,Tallinn,K126__Tugeda__1,Tugeda,4,2,7,FALSE,NA,NA,NA,NA,NA,NA
K127,Järvakandi,K663,Tallinn,K127__Järvakandi__1,Järvakandi,22,1,1,TRUE,2,1,TRUE,NA,NA,NA
K127,Järvakandi,K663,Tallinn,K127__Kase__1,Kase,10,2,2,FALSE,2,2,FALSE,NA,NA,NA
K127,Järvakandi,K663,Tallinn,K127__Järvakandi kool__1,Järvakandi kool,3,1,3,FALSE,NA,NA,NA,NA,NA,NA
K128,Järve,K225,Kohtla-Järve linn,K128__Paate__1,Paate,128,2,1,TRUE,128,1,TRUE,NA,NA,NA
K128,Järve,K225,Kohtla-Järve linn,K128__Kaasikvälja__1,Kaasikvälja,3,1,2,FALSE,NA,NA,NA,NA,NA,NA
K128,Järve,K225,Kohtla-Järve linn,K128__Reinbergi__1,Reinbergi,3,1,3,FALSE,NA,NA,NA,NA,NA,NA
K129,Järvselja,K674,Tartu linn,K129__Järvselja__1,Järvselja,4,2,1,TRUE,2,1,TRUE,NA,NA,NA
K129,Järvselja,K674,Tartu linn,K129__Rõka__1,Rõka,4,2,2,FALSE,2,2,FALSE,NA,NA,NA
K130,Jäärja,K531,Pärnu linn,K130__Jäärja__1,Jäärja,4,2,1,TRUE,NA,NA,NA,NA,NA,NA
K130,Jäärja,K531,Pärnu linn,K130__Kortle__1,Kortle,4,2,2,FALSE,NA,NA,NA,NA,NA,NA
K131,Jüri,K663,Tallinn,K131__Veetorni__1,Veetorni,98,2,1,TRUE,49,1,TRUE,NA,NA,NA
K131,Jüri,K663,Tallinn,K131__Kungla__1,Kungla,86,2,2,FALSE,43,3,FALSE,NA,NA,NA
K131,Jüri,K663,Tallinn,K131__Ehituse__1,Ehituse,80,2,3,FALSE,40,4,FALSE,NA,NA,NA
K131,Jüri,K663,Tallinn,K131__Tuule__1,Tuule,80,2,4,FALSE,40,5,FALSE,NA,NA,NA
K131,Jüri,K663,Tallinn,K131__Põrguvälja__1,Põrguvälja,75,2,5,FALSE,38,6,FALSE,NA,NA,NA
K131,Jüri,K663,Tallinn,K131__Kautjala__1,Kautjala,45,2,6,FALSE,22,9,FALSE,NA,NA,NA
K131,Jüri,K663,Tallinn,K131__Kurna tee__1,Kurna tee,45,2,7,FALSE,45,2,FALSE,NA,NA,NA
K131,Jüri,K663,Tallinn,K131__Vana-Aaviku__1,Vana-Aaviku,45,2,8,FALSE,22,10,FALSE,NA,NA,NA
K131,Jüri,K663,Tallinn,K131__Viadukti tee__1,Viadukti tee,44,2,9,FALSE,23,8,FALSE,NA,NA,NA
K131,Jüri,K663,Tallinn,K131__Jüri kirik__1,Jüri kirik,32,2,10,FALSE,16,12,FALSE,NA,NA,NA
K131,Jüri,K663,Tallinn,K131__Patika__2,Patika,32,2,11,FALSE,27,7,FALSE,NA,NA,NA
K131,Jüri,K663,Tallinn,K131__Sinikivi__1,Sinikivi,31,2,12,FALSE,15,13,FALSE,NA,NA,NA
K131,Jüri,K663,Tallinn,K131__Jüri__1,Jüri,29,1,13,FALSE,21,11,FALSE,NA,NA,NA
K131,Jüri,K663,Tallinn,K131__Kangrumetsa__1,Kangrumetsa,27,1,14,FALSE,13,14,FALSE,NA,NA,NA
K131,Jüri,K663,Tallinn,K131__Patika__1,Patika,27,1,15,FALSE,NA,NA,NA,NA,NA,NA
K131,Jüri,K663,Tallinn,K131__Pildiküla__1,Pildiküla,24,1,16,FALSE,NA,NA,NA,NA,NA,NA
K131,Jüri,K663,Tallinn,K131__Karba__1,Karba,18,2,17,FALSE,9,15,FALSE,NA,NA,NA
K131,Jüri,K663,Tallinn,K131__Leivajõe__1,Leivajõe,18,2,18,FALSE,9,16,FALSE,NA,NA,NA
K131,Jüri,K663,Tallinn,K131__Pajupea__1,Pajupea,18,2,19,FALSE,9,17,FALSE,NA,NA,NA
K131,Jüri,K663,Tallinn,K131__Rae__1,Rae,18,2,20,FALSE,9,18,FALSE,NA,NA,NA
K131,Jüri,K663,Tallinn,K131__Vaskjala__1,Vaskjala,18,2,21,FALSE,9,19,FALSE,NA,NA,NA
K131,Jüri,K663,Tallinn,K131__Aaviku__1,Aaviku,10,2,22,FALSE,5,22,FALSE,NA,NA,NA
K131,Jüri,K663,Tallinn,K131__Korba__1,Korba,10,2,23,FALSE,5,23,FALSE,NA,NA,NA
K131,Jüri,K663,Tallinn,K131__Kellamaja__1,Kellamaja,7,1,24,FALSE,7,20,FALSE,NA,NA,NA
K131,Jüri,K663,Tallinn,K131__Väljamäe tee__1,Väljamäe tee,7,1,25,FALSE,7,21,FALSE,NA,NA,NA
K131,Jüri,K663,Tallinn,K131__Laiakivi__1,Laiakivi,6,2,26,FALSE,3,24,FALSE,NA,NA,NA
K131,Jüri,K663,Tallinn,K131__Pruuli tee__1,Pruuli tee,6,2,27,FALSE,3,25,FALSE,NA,NA,NA
K131,Jüri,K663,Tallinn,K131__Kopa__1,Kopa,2,2,28,FALSE,1,26,FALSE,NA,NA,NA
K132,Kaagjärve,K740,Valga linn,K132__Riisali__1,Riisali,15,2,1,TRUE,12,1,TRUE,NA,NA,NA
K132,Kaagjärve,K740,Valga linn,K132__Londi__1,Londi,14,2,2,FALSE,8,2,FALSE,NA,NA,NA
K132,Kaagjärve,K740,Valga linn,K132__Pärna__1,Pärna,8,1,3,FALSE,8,3,FALSE,NA,NA,NA
K132,Kaagjärve,K740,Valga linn,K132__Riisali talu__1,Riisali talu,8,1,4,FALSE,8,4,FALSE,NA,NA,NA
K132,Kaagjärve,K740,Valga linn,K132__Süldina__1,Süldina,8,2,5,FALSE,4,12,FALSE,NA,NA,NA
K132,Kaagjärve,K740,Valga linn,K132__Kaagjärve__1,Kaagjärve,7,2,6,FALSE,4,5,FALSE,NA,NA,NA
K132,Kaagjärve,K740,Valga linn,K132__Kaagjärve mõis__1,Kaagjärve mõis,7,4,7,FALSE,4,6,FALSE,NA,NA,NA
K132,Kaagjärve,K740,Valga linn,K132__Kitse__1,Kitse,7,2,8,FALSE,4,9,FALSE,NA,NA,NA
K132,Kaagjärve,K740,Valga linn,K132__Lõhmusmäe__1,Lõhmusmäe,7,2,9,FALSE,4,10,FALSE,NA,NA,NA
K132,Kaagjärve,K740,Valga linn,K132__Kaagjärve teerist__1,Kaagjärve teerist,6,2,10,FALSE,4,7,FALSE,NA,NA,NA
K132,Kaagjärve,K740,Valga linn,K132__Kase__1,Kase,6,2,11,FALSE,4,8,FALSE,NA,NA,NA
K132,Kaagjärve,K740,Valga linn,K132__Raavitsa__1,Raavitsa,6,2,12,FALSE,3,13,FALSE,NA,NA,NA
K132,Kaagjärve,K740,Valga linn,K132__Rautina tee__1,Rautina tee,6,2,13,FALSE,4,11,FALSE,NA,NA,NA
K132,Kaagjärve,K740,Valga linn,K132__Reemiku__1,Reemiku,6,2,14,FALSE,3,14,FALSE,NA,NA,NA
K132,Kaagjärve,K740,Valga linn,K132__Tamme allee__1,Tamme allee,2,1,15,FALSE,1,15,FALSE,NA,NA,NA
K133,Kaagvere,K674,Tartu linn,K133__Vana-Kastre__1,Vana-Kastre,35,2,1,TRUE,22,1,TRUE,NA,NA,NA
K133,Kaagvere,K674,Tartu linn,K133__Kaagvere__1,Kaagvere,20,2,2,FALSE,14,2,FALSE,NA,NA,NA
K133,Kaagvere,K674,Tartu linn,K133__Teelahkme__1,Teelahkme,19,2,3,FALSE,13,3,FALSE,NA,NA,NA
K133,Kaagvere,K674,Tartu linn,K133__Prilli__1,Prilli,15,2,4,FALSE,8,5,FALSE,NA,NA,NA
K133,Kaagvere,K674,Tartu linn,K133__Vooru__1,Vooru,15,2,5,FALSE,9,4,FALSE,NA,NA,NA
K133,Kaagvere,K674,Tartu linn,K133__Kunimäe__1,Kunimäe,11,2,6,FALSE,5,6,FALSE,NA,NA,NA
K134,Kaalepi,K663,Tallinn,K134__Kaalepi__1,Kaalepi,16,2,1,TRUE,NA,NA,NA,NA,NA,NA
K134,Kaalepi,K663,Tallinn,K134__Tasi__1,Tasi,14,2,2,FALSE,NA,NA,NA,NA,NA,NA
K134,Kaalepi,K663,Tallinn,K134__Kihme__1,Kihme,7,1,3,FALSE,NA,NA,NA,NA,NA,NA
K135,Kaansoo,K531,Pärnu linn,K135__Kaansoo__1,Kaansoo,11,2,1,TRUE,3,1,TRUE,NA,NA,NA
K135,Kaansoo,K531,Pärnu linn,K135__Kargussaare__1,Kargussaare,9,2,2,FALSE,2,2,FALSE,NA,NA,NA
K135,Kaansoo,K531,Pärnu linn,K135__Madiste__1,Madiste,9,2,3,FALSE,2,3,FALSE,NA,NA,NA
K136,Kaarepere,K674,Tartu linn,K136__Mullavere__1,Mullavere,16,2,1,TRUE,9,1,TRUE,NA,NA,NA
K136,Kaarepere,K674,Tartu linn,K136__Nava__1,Nava,15,4,2,FALSE,7,2,FALSE,NA,NA,NA
K136,Kaarepere,K674,Tartu linn,K136__Kaarepere__1,Kaarepere,13,2,3,FALSE,5,3,FALSE,NA,NA,NA
K136,Kaarepere,K674,Tartu linn,K136__Lepiku__1,Lepiku,10,2,4,FALSE,5,4,FALSE,NA,NA,NA
K136,Kaarepere,K674,Tartu linn,K136__Pikkjärve__1,Pikkjärve,10,2,5,FALSE,5,5,FALSE,NA,NA,NA
K136,Kaarepere,K674,Tartu linn,K136__Nava kool__1,Nava kool,6,2,6,FALSE,2,6,FALSE,NA,NA,NA
K137,Kaarma,K270,Kuressaare linn,K137__Laadjala__1,Laadjala,17,2,1,TRUE,14,1,TRUE,NA,NA,NA
K137,Kaarma,K270,Kuressaare linn,K137__Kiratsi__1,Kiratsi,14,2,2,FALSE,12,2,FALSE,NA,NA,NA
K137,Kaarma,K270,Kuressaare linn,K137__Loigu__1,Loigu,14,2,3,FALSE,12,3,FALSE,NA,NA,NA
K137,Kaarma,K270,Kuressaare linn,K137__Uduvere__1,Uduvere,14,2,4,FALSE,12,4,FALSE,NA,NA,NA
K137,Kaarma,K270,Kuressaare linn,K137__Asuküla__1,Asuküla,12,2,5,FALSE,10,5,FALSE,NA,NA,NA
K137,Kaarma,K270,Kuressaare linn,K137__Kalmistu (Kaarma)__1,Kalmistu (Kaarma),11,2,6,FALSE,9,6,FALSE,NA,NA,NA
K137,Kaarma,K270,Kuressaare linn,K137__Kiriku (Kaarma)__1,Kiriku (Kaarma),11,2,7,FALSE,9,7,FALSE,NA,NA,NA
K137,Kaarma,K270,Kuressaare linn,K137__Kaarma__1,Kaarma,9,2,8,FALSE,7,8,FALSE,NA,NA,NA
K137,Kaarma,K270,Kuressaare linn,K137__Loona__1,Loona,8,2,9,FALSE,6,9,FALSE,NA,NA,NA
K137,Kaarma,K270,Kuressaare linn,K137__Maleva__1,Maleva,5,2,10,FALSE,4,11,FALSE,NA,NA,NA
K137,Kaarma,K270,Kuressaare linn,K137__Kaisvere__1,Kaisvere,4,2,11,FALSE,4,10,FALSE,NA,NA,NA
K137,Kaarma,K270,Kuressaare linn,K137__Vahtra__1,Vahtra,3,2,12,FALSE,3,12,FALSE,NA,NA,NA
K139,Kabala,K663,Tallinn,K139__Reimanni__1,Reimanni,19,2,1,TRUE,6,1,TRUE,NA,NA,NA
K139,Kabala,K663,Tallinn,K139__Kabala__1,Kabala,7,2,2,FALSE,NA,NA,NA,NA,NA,NA
K139,Kabala,K663,Tallinn,K139__Arkma__1,Arkma,6,2,3,FALSE,NA,NA,NA,NA,NA,NA
K139,Kabala,K663,Tallinn,K139__Laeva__1,Laeva,6,2,4,FALSE,NA,NA,NA,NA,NA,NA
K139,Kabala,K663,Tallinn,K139__Sagevere__1,Sagevere,6,2,5,FALSE,NA,NA,NA,NA,NA,NA
K140,Kabala,K663,Tallinn,K140__Kabala__1,Kabala,7,1,1,TRUE,NA,NA,NA,NA,NA,NA
K140,Kabala,K663,Tallinn,K140__Laikma__1,Laikma,7,2,2,FALSE,NA,NA,NA,NA,NA,NA
K140,Kabala,K663,Tallinn,K140__Kabala kool__1,Kabala kool,6,1,3,FALSE,NA,NA,NA,NA,NA,NA
K140,Kabala,K663,Tallinn,K140__Nõmmemetsa__1,Nõmmemetsa,4,2,4,FALSE,NA,NA,NA,NA,NA,NA
K141,Kaberneeme,K663,Tallinn,K141__Haapse__1,Haapse,7,2,1,TRUE,4,1,TRUE,NA,NA,NA
K141,Kaberneeme,K663,Tallinn,K141__Ihita__1,Ihita,7,2,2,FALSE,4,2,FALSE,NA,NA,NA
K141,Kaberneeme,K663,Tallinn,K141__Kaberneeme__1,Kaberneeme,7,2,3,FALSE,4,3,FALSE,NA,NA,NA
K141,Kaberneeme,K663,Tallinn,K141__Kaberneeme kauplus__1,Kaberneeme kauplus,7,1,4,FALSE,4,4,FALSE,NA,NA,NA
K141,Kaberneeme,K663,Tallinn,K141__Kullamäe__1,Kullamäe,7,1,5,FALSE,4,5,FALSE,NA,NA,NA
K141,Kaberneeme,K663,Tallinn,K141__Mäe tee__1,Mäe tee,7,2,6,FALSE,4,6,FALSE,NA,NA,NA
K142,Kabli,K531,Pärnu linn,K142__Kabli__1,Kabli,20,2,1,TRUE,9,2,FALSE,NA,NA,NA
K142,Kabli,K531,Pärnu linn,K142__Jaagupi__1,Jaagupi,18,2,2,FALSE,9,1,TRUE,NA,NA,NA
K142,Kabli,K531,Pärnu linn,K142__Kabli kool__1,Kabli kool,18,2,3,FALSE,9,3,FALSE,NA,NA,NA
K142,Kabli,K531,Pärnu linn,K142__Krundi__1,Krundi,18,2,4,FALSE,9,4,FALSE,NA,NA,NA
K142,Kabli,K531,Pärnu linn,K142__Krundiküla__1,Krundiküla,18,2,5,FALSE,9,5,FALSE,NA,NA,NA
K142,Kabli,K531,Pärnu linn,K142__Lemme__1,Lemme,18,2,6,FALSE,8,7,FALSE,NA,NA,NA
K142,Kabli,K531,Pärnu linn,K142__Lepanina__1,Lepanina,18,2,7,FALSE,8,8,FALSE,NA,NA,NA
K142,Kabli,K531,Pärnu linn,K142__Majaka tee__1,Majaka tee,18,2,8,FALSE,8,9,FALSE,NA,NA,NA
K142,Kabli,K531,Pärnu linn,K142__Orajõe metskond__1,Orajõe metskond,18,2,9,FALSE,9,6,FALSE,NA,NA,NA
K143,Kadila,K545,Rakvere linn,K143__Kadila__1,Kadila,10,2,1,TRUE,5,1,TRUE,NA,NA,NA
K143,Kadila,K545,Rakvere linn,K143__Lohvardi__1,Lohvardi,10,2,2,FALSE,5,2,FALSE,NA,NA,NA
K143,Kadila,K545,Rakvere linn,K143__Veadla__1,Veadla,10,2,3,FALSE,5,3,FALSE,NA,NA,NA
K144,Kadjaste,K663,Tallinn,K144__Kadjaste__1,Kadjaste,8,2,1,TRUE,NA,NA,NA,NA,NA,NA
K144,Kadjaste,K663,Tallinn,K144__Rõusa__1,Rõusa,8,4,2,FALSE,NA,NA,NA,NA,NA,NA
K144,Kadjaste,K663,Tallinn,K144__Kurgja tee__1,Kurgja tee,6,3,3,FALSE,NA,NA,NA,NA,NA,NA
K144,Kadjaste,K663,Tallinn,K144__Mädara__1,Mädara,6,2,4,FALSE,NA,NA,NA,NA,NA,NA
K144,Kadjaste,K663,Tallinn,K144__Samliku__1,Samliku,6,2,5,FALSE,NA,NA,NA,NA,NA,NA
K144,Kadjaste,K663,Tallinn,K144__Võidula__1,Võidula,3,1,6,FALSE,NA,NA,NA,NA,NA,NA
K144,Kadjaste,K663,Tallinn,K144__Kurgja__1,Kurgja,1,1,7,FALSE,NA,NA,NA,NA,NA,NA
K145,Kadrina,K663,Tallinn,K145__Kadrina__1,Kadrina,53,2,1,TRUE,NA,NA,NA,NA,NA,NA
K145,Kadrina,K663,Tallinn,K145__Lante__1,Lante,17,1,2,FALSE,NA,NA,NA,NA,NA,NA
K145,Kadrina,K663,Tallinn,K145__Kadrina__2,Kadrina,8,2,3,FALSE,4,1,TRUE,NA,NA,NA
K145,Kadrina,K663,Tallinn,K145__Sootaguse__1,Sootaguse,7,2,4,FALSE,NA,NA,NA,NA,NA,NA
K145,Kadrina,K663,Tallinn,K145__Käokõrva__1,Käokõrva,6,2,5,FALSE,NA,NA,NA,NA,NA,NA
K145,Kadrina,K663,Tallinn,K145__Undla__1,Undla,6,2,6,FALSE,NA,NA,NA,NA,NA,NA
K145,Kadrina,K663,Tallinn,K145__Nagala__1,Nagala,1,1,7,FALSE,NA,NA,NA,NA,NA,NA
K145,Kadrina,K663,Tallinn,K145__Tuulemäe__1,Tuulemäe,1,1,8,FALSE,NA,NA,NA,NA,NA,NA
K146,Kahala,K663,Tallinn,K146__Kahala__1,Kahala,22,2,1,TRUE,12,1,TRUE,NA,NA,NA
K146,Kahala,K663,Tallinn,K146__Kahala-Kursi__1,Kahala-Kursi,22,2,2,FALSE,12,2,FALSE,NA,NA,NA
K146,Kahala,K663,Tallinn,K146__Kolga tee__1,Kolga tee,22,2,3,FALSE,12,3,FALSE,NA,NA,NA
K146,Kahala,K663,Tallinn,K146__Kahala kauplus__1,Kahala kauplus,19,2,4,FALSE,8,4,FALSE,NA,NA,NA
K146,Kahala,K663,Tallinn,K146__Kahala küla__1,Kahala küla,19,2,5,FALSE,8,5,FALSE,NA,NA,NA
K146,Kahala,K663,Tallinn,K146__Kahala-Liiva__1,Kahala-Liiva,19,2,6,FALSE,8,6,FALSE,NA,NA,NA
K146,Kahala,K663,Tallinn,K146__Kalamäe__1,Kalamäe,19,2,7,FALSE,8,7,FALSE,NA,NA,NA
K146,Kahala,K663,Tallinn,K146__Mustametsa__1,Mustametsa,19,2,8,FALSE,8,8,FALSE,NA,NA,NA
K146,Kahala,K663,Tallinn,K146__Männiku-Kõrtsi__1,Männiku-Kõrtsi,8,1,9,FALSE,8,9,FALSE,NA,NA,NA
K146,Kahala,K663,Tallinn,K146__Loo sild__1,Loo sild,4,2,10,FALSE,2,10,FALSE,NA,NA,NA
K146,Kahala,K663,Tallinn,K146__Muuksi__1,Muuksi,4,2,11,FALSE,2,11,FALSE,NA,NA,NA
K147,Kahkva,K523,Põlva linn,K147__Soe__1,Soe,18,2,1,TRUE,4,1,TRUE,NA,NA,NA
K147,Kahkva,K523,Põlva linn,K147__Kamnitsa tee__1,Kamnitsa tee,12,2,2,FALSE,2,2,FALSE,NA,NA,NA
K147,Kahkva,K523,Põlva linn,K147__Orava haigla__1,Orava haigla,12,2,3,FALSE,2,4,FALSE,NA,NA,NA
K147,Kahkva,K523,Põlva linn,K147__Rõssa__1,Rõssa,12,2,4,FALSE,2,6,FALSE,NA,NA,NA
K147,Kahkva,K523,Põlva linn,K147__Päka__1,Päka,8,2,5,FALSE,2,5,FALSE,NA,NA,NA
K147,Kahkva,K523,Põlva linn,K147__Orava metskond__1,Orava metskond,7,2,6,FALSE,NA,NA,NA,NA,NA,NA
K147,Kahkva,K523,Põlva linn,K147__Orava raudteejaam__1,Orava raudteejaam,5,1,7,FALSE,1,7,FALSE,NA,NA,NA
K147,Kahkva,K523,Põlva linn,K147__Orava__1,Orava,4,2,8,FALSE,2,3,FALSE,NA,NA,NA
K147,Kahkva,K523,Põlva linn,K147__Kamnitsa__1,Kamnitsa,2,2,9,FALSE,NA,NA,NA,NA,NA,NA
K147,Kahkva,K523,Põlva linn,K147__Rebasmäe__1,Rebasmäe,2,2,10,FALSE,NA,NA,NA,NA,NA,NA
K147,Kahkva,K523,Põlva linn,K147__Ilumetsa kraater__1,Ilumetsa kraater,1,1,11,FALSE,NA,NA,NA,NA,NA,NA
K148,Kahula,K118,Jõhvi linn,K148__Kahula__1,Kahula,23,2,1,TRUE,11,1,TRUE,NA,NA,NA
K148,Kahula,K118,Jõhvi linn,K148__Meene__1,Meene,23,2,2,FALSE,11,2,FALSE,NA,NA,NA
K148,Kahula,K118,Jõhvi linn,K148__Niinepuu__1,Niinepuu,23,2,3,FALSE,11,3,FALSE,NA,NA,NA
K149,Kaika,K813,Võru linn,K149__Haabsaare__1,Haabsaare,3,2,1,TRUE,3,1,TRUE,NA,NA,NA
K149,Kaika,K813,Võru linn,K149__Kaika__1,Kaika,3,3,2,FALSE,3,2,FALSE,NA,NA,NA
K149,Kaika,K813,Võru linn,K149__Latiku__1,Latiku,2,2,3,FALSE,2,3,FALSE,NA,NA,NA
K149,Kaika,K813,Võru linn,K149__Tammismäe__1,Tammismäe,2,2,4,FALSE,2,4,FALSE,NA,NA,NA
K149,Kaika,K813,Võru linn,K149__Lusti__1,Lusti,1,1,5,FALSE,1,5,FALSE,NA,NA,NA
K149,Kaika,K813,Võru linn,K149__Perajärve__1,Perajärve,1,1,6,FALSE,1,6,FALSE,NA,NA,NA
K149,Kaika,K813,Võru linn,K149__Saarjärve__1,Saarjärve,1,1,7,FALSE,1,7,FALSE,NA,NA,NA
K149,Kaika,K813,Võru linn,K149__Vahi__1,Vahi,1,1,8,FALSE,1,8,FALSE,NA,NA,NA
K149,Kaika,K813,Võru linn,K149__Valga tee__1,Valga tee,1,1,9,FALSE,1,9,FALSE,NA,NA,NA
K149,Kaika,K813,Võru linn,K149__Ähijärve__1,Ähijärve,1,1,10,FALSE,1,10,FALSE,NA,NA,NA
K150,Kaisma,K663,Tallinn,K150__Kaisma__1,Kaisma,13,2,1,TRUE,2,1,TRUE,NA,NA,NA
K150,Kaisma,K663,Tallinn,K150__Kergu__1,Kergu,13,4,2,FALSE,2,2,FALSE,NA,NA,NA
K150,Kaisma,K663,Tallinn,K150__Kergu kool__1,Kergu kool,13,2,3,FALSE,2,3,FALSE,NA,NA,NA
K150,Kaisma,K663,Tallinn,K150__Linnamaa__1,Linnamaa,13,3,4,FALSE,2,5,FALSE,NA,NA,NA
K150,Kaisma,K663,Tallinn,K150__Männimäe__1,Männimäe,13,2,5,FALSE,2,6,FALSE,NA,NA,NA
K150,Kaisma,K663,Tallinn,K150__Sohlu__1,Sohlu,9,2,6,FALSE,2,7,FALSE,NA,NA,NA
K150,Kaisma,K663,Tallinn,K150__Kõnnu__1,Kõnnu,8,2,7,FALSE,2,4,FALSE,NA,NA,NA
K150,Kaisma,K663,Tallinn,K150__Annamõisa__1,Annamõisa,4,2,8,FALSE,NA,NA,NA,NA,NA,NA
K150,Kaisma,K663,Tallinn,K150__Järvemetsa__1,Järvemetsa,4,2,9,FALSE,NA,NA,NA,NA,NA,NA
K150,Kaisma,K663,Tallinn,K150__Ruistuma__1,Ruistuma,4,2,10,FALSE,NA,NA,NA,NA,NA,NA
K150,Kaisma,K663,Tallinn,K150__Kõnnumäe__1,Kõnnumäe,3,2,11,FALSE,NA,NA,NA,NA,NA,NA
K150,Kaisma,K663,Tallinn,K150__Kõnnuveski__1,Kõnnuveski,3,1,12,FALSE,NA,NA,NA,NA,NA,NA
K151,Kaiu,K663,Tallinn,K151__Kaiu__1,Kaiu,26,1,1,TRUE,NA,NA,NA,NA,NA,NA
K151,Kaiu,K663,Tallinn,K151__Villema__1,Villema,23,2,2,FALSE,NA,NA,NA,NA,NA,NA
K151,Kaiu,K663,Tallinn,K151__Kasvandu__1,Kasvandu,21,2,3,FALSE,NA,NA,NA,NA,NA,NA
K151,Kaiu,K663,Tallinn,K151__Kolgu__1,Kolgu,21,2,4,FALSE,NA,NA,NA,NA,NA,NA
K151,Kaiu,K663,Tallinn,K151__Lagevainu__1,Lagevainu,12,1,5,FALSE,NA,NA,NA,NA,NA,NA
K151,Kaiu,K663,Tallinn,K151__Toomja__1,Toomja,11,2,6,FALSE,NA,NA,NA,NA,NA,NA
K151,Kaiu,K663,Tallinn,K151__Karitsa__1,Karitsa,5,2,7,FALSE,NA,NA,NA,NA,NA,NA
K151,Kaiu,K663,Tallinn,K151__Kaiu mõis__1,Kaiu mõis,4,2,8,FALSE,NA,NA,NA,NA,NA,NA
K151,Kaiu,K663,Tallinn,K151__Kõrgemäe__1,Kõrgemäe,4,2,9,FALSE,NA,NA,NA,NA,NA,NA
K151,Kaiu,K663,Tallinn,K151__Nooretoa__1,Nooretoa,4,2,10,FALSE,NA,NA,NA,NA,NA,NA
K151,Kaiu,K663,Tallinn,K151__Oraniku__1,Oraniku,4,2,11,FALSE,NA,NA,NA,NA,NA,NA
K151,Kaiu,K663,Tallinn,K151__Päri__1,Päri,4,2,12,FALSE,NA,NA,NA,NA,NA,NA
K151,Kaiu,K663,Tallinn,K151__Põlliku__1,Põlliku,4,2,13,FALSE,NA,NA,NA,NA,NA,NA
K151,Kaiu,K663,Tallinn,K151__Tolla__1,Tolla,4,2,14,FALSE,NA,NA,NA,NA,NA,NA
K152,Kajamaa,K663,Tallinn,K152__Lokuti__1,Lokuti,39,2,1,TRUE,20,1,TRUE,NA,NA,NA
K152,Kajamaa,K663,Tallinn,K152__Saustinõmme__1,Saustinõmme,39,2,2,FALSE,20,2,FALSE,NA,NA,NA
K152,Kajamaa,K663,Tallinn,K152__Traani__1,Traani,39,2,3,FALSE,20,3,FALSE,NA,NA,NA
K152,Kajamaa,K663,Tallinn,K152__Vetka__1,Vetka,35,2,4,FALSE,18,4,FALSE,NA,NA,NA
K152,Kajamaa,K663,Tallinn,K152__Kasemetsa__1,Kasemetsa,23,2,5,FALSE,11,5,FALSE,NA,NA,NA
K152,Kajamaa,K663,Tallinn,K152__Kirdalu__1,Kirdalu,22,2,6,FALSE,11,6,FALSE,NA,NA,NA
K152,Kajamaa,K663,Tallinn,K152__Sausti__1,Sausti,19,1,7,FALSE,NA,NA,NA,NA,NA,NA
K152,Kajamaa,K663,Tallinn,K152__Kurtna tee__1,Kurtna tee,17,2,8,FALSE,9,7,FALSE,NA,NA,NA
K152,Kajamaa,K663,Tallinn,K152__Lillemäe__1,Lillemäe,17,2,9,FALSE,9,8,FALSE,NA,NA,NA
K152,Kajamaa,K663,Tallinn,K152__Aadu tee__1,Aadu tee,1,1,10,FALSE,NA,NA,NA,NA,NA,NA
K152,Kajamaa,K663,Tallinn,K152__Kajamaa__1,Kajamaa,1,1,11,FALSE,NA,NA,NA,NA,NA,NA
K152,Kajamaa,K663,Tallinn,K152__Kõrnumäe__1,Kõrnumäe,1,1,12,FALSE,NA,NA,NA,NA,NA,NA
K152,Kajamaa,K663,Tallinn,K152__Proosa__1,Proosa,1,1,13,FALSE,NA,NA,NA,NA,NA,NA
K152,Kajamaa,K663,Tallinn,K152__Tõdva__1,Tõdva,1,1,14,FALSE,NA,NA,NA,NA,NA,NA
K153,Kalana,K521,Põltsamaa linn,K153__Kalana__1,Kalana,10,2,1,TRUE,8,1,TRUE,NA,NA,NA
K153,Kalana,K521,Põltsamaa linn,K153__Rähmu__1,Rähmu,9,3,2,FALSE,7,2,FALSE,NA,NA,NA
K153,Kalana,K521,Põltsamaa linn,K153__Teeristi__1,Teeristi,7,2,3,FALSE,5,3,FALSE,NA,NA,NA
K153,Kalana,K521,Põltsamaa linn,K153__Harjulombi__1,Harjulombi,4,2,4,FALSE,2,6,FALSE,NA,NA,NA
K153,Kalana,K521,Põltsamaa linn,K153__Ülesoo__1,Ülesoo,4,2,5,FALSE,2,7,FALSE,NA,NA,NA
K153,Kalana,K521,Põltsamaa linn,K153__Nurga__1,Nurga,3,2,6,FALSE,3,4,FALSE,NA,NA,NA
K153,Kalana,K521,Põltsamaa linn,K153__Valksaare__1,Valksaare,3,2,7,FALSE,3,5,FALSE,NA,NA,NA
K154,Kallaste linn,K674,Tartu linn,K154__Kallaste__1,Kallaste,31,1,1,TRUE,11,1,TRUE,NA,NA,NA
K155,Kallaste ümbrus,K674,Tartu linn,K155__Haapsipea__1,Haapsipea,21,2,1,TRUE,8,1,TRUE,NA,NA,NA
K155,Kallaste ümbrus,K674,Tartu linn,K155__Pusi__1,Pusi,21,2,2,FALSE,8,2,FALSE,NA,NA,NA
K155,Kallaste ümbrus,K674,Tartu linn,K155__Passi__1,Passi,5,2,3,FALSE,3,3,FALSE,NA,NA,NA
K155,Kallaste ümbrus,K674,Tartu linn,K155__Torila__1,Torila,5,2,4,FALSE,3,4,FALSE,NA,NA,NA
K155,Kallaste ümbrus,K674,Tartu linn,K155__Torila haigla__1,Torila haigla,5,2,5,FALSE,3,5,FALSE,NA,NA,NA
K156,Kallavere,K663,Tallinn,K156__Lepalinnu__1,Lepalinnu,81,2,1,TRUE,40,1,TRUE,NA,NA,NA
K156,Kallavere,K663,Tallinn,K156__Vana-Muuga tee__1,Vana-Muuga tee,81,2,2,FALSE,40,2,FALSE,NA,NA,NA
K157,Kalma-Vilusi,K663,Tallinn,K157__Kalmaküla__1,Kalmaküla,10,2,1,TRUE,NA,NA,NA,NA,NA,NA
K157,Kalma-Vilusi,K663,Tallinn,K157__Tammispää__1,Tammispää,10,2,2,FALSE,NA,NA,NA,NA,NA,NA
K157,Kalma-Vilusi,K663,Tallinn,K157__Vilusi__1,Vilusi,8,2,3,FALSE,NA,NA,NA,NA,NA,NA
K157,Kalma-Vilusi,K663,Tallinn,K157__Ninasi__1,Ninasi,6,2,4,FALSE,NA,NA,NA,NA,NA,NA
K158,Kalvi,K545,Rakvere linn,K158__Kalvi__1,Kalvi,11,2,1,TRUE,1,1,TRUE,NA,NA,NA
K159,Kamari,K521,Põltsamaa linn,K159__Järveotsa__1,Järveotsa,5,2,1,TRUE,5,1,TRUE,NA,NA,NA
K159,Kamari,K521,Põltsamaa linn,K159__Kaarlimõisa__1,Kaarlimõisa,5,2,2,FALSE,5,2,FALSE,NA,NA,NA
K159,Kamari,K521,Põltsamaa linn,K159__Kamari__1,Kamari,5,1,3,FALSE,5,3,FALSE,NA,NA,NA
K159,Kamari,K521,Põltsamaa linn,K159__Väike-Kamari__1,Väike-Kamari,5,2,4,FALSE,5,4,FALSE,NA,NA,NA
K159,Kamari,K521,Põltsamaa linn,K159__Külmoja__1,Külmoja,4,1,5,FALSE,4,5,FALSE,NA,NA,NA
K160,Kambja,K674,Tartu linn,K160__Kambja__1,Kambja,31,2,1,TRUE,19,1,TRUE,NA,NA,NA
K160,Kambja,K674,Tartu linn,K160__Keraamika__1,Keraamika,24,2,2,FALSE,14,2,FALSE,NA,NA,NA
K160,Kambja,K674,Tartu linn,K160__Kiisa__1,Kiisa,21,2,3,FALSE,12,3,FALSE,NA,NA,NA
K160,Kambja,K674,Tartu linn,K160__Keskküla__1,Keskküla,20,2,4,FALSE,11,4,FALSE,NA,NA,NA
K160,Kambja,K674,Tartu linn,K160__Kambja park__1,Kambja park,14,1,5,FALSE,7,5,FALSE,NA,NA,NA
K160,Kambja,K674,Tartu linn,K160__Ülase__1,Ülase,14,2,6,FALSE,6,9,FALSE,NA,NA,NA
K160,Kambja,K674,Tartu linn,K160__Paalimäe__1,Paalimäe,12,2,7,FALSE,6,7,FALSE,NA,NA,NA
K160,Kambja,K674,Tartu linn,K160__Raanitsa__1,Raanitsa,12,2,8,FALSE,6,8,FALSE,NA,NA,NA
K160,Kambja,K674,Tartu linn,K160__Aarike tee__1,Aarike tee,8,2,9,FALSE,6,6,FALSE,NA,NA,NA
K160,Kambja,K674,Tartu linn,K160__Aarike__1,Aarike,6,2,10,FALSE,4,10,FALSE,NA,NA,NA
K160,Kambja,K674,Tartu linn,K160__Lubja__1,Lubja,5,2,11,FALSE,3,13,FALSE,NA,NA,NA
K160,Kambja,K674,Tartu linn,K160__Vedusilla__1,Vedusilla,5,2,12,FALSE,3,14,FALSE,NA,NA,NA
K160,Kambja,K674,Tartu linn,K160__Kambja apteek__1,Kambja apteek,4,2,13,FALSE,2,15,FALSE,NA,NA,NA
K160,Kambja,K674,Tartu linn,K160__Karumaa__1,Karumaa,4,2,14,FALSE,3,12,FALSE,NA,NA,NA
K160,Kambja,K674,Tartu linn,K160__Kopa__1,Kopa,4,2,15,FALSE,2,16,FALSE,NA,NA,NA
K160,Kambja,K674,Tartu linn,K160__Liudsepa__1,Liudsepa,4,2,16,FALSE,4,11,FALSE,NA,NA,NA
K160,Kambja,K674,Tartu linn,K160__Mäeküla__1,Mäeküla,4,2,17,FALSE,2,17,FALSE,NA,NA,NA
K160,Kambja,K674,Tartu linn,K160__Kaatsi__1,Kaatsi,2,2,18,FALSE,1,18,FALSE,NA,NA,NA
K160,Kambja,K674,Tartu linn,K160__Kengu__1,Kengu,2,2,19,FALSE,1,19,FALSE,NA,NA,NA
K160,Kambja,K674,Tartu linn,K160__Suure-Kambja__1,Suure-Kambja,2,1,20,FALSE,1,20,FALSE,NA,NA,NA
K161,Kanaküla,K531,Pärnu linn,K161__Kanaküla__1,Kanaküla,11,2,1,TRUE,5,1,TRUE,NA,NA,NA
K161,Kanaküla,K531,Pärnu linn,K161__Kamali__1,Kamali,3,2,2,FALSE,1,2,FALSE,NA,NA,NA
K161,Kanaküla,K531,Pärnu linn,K161__Karaski__1,Karaski,3,2,3,FALSE,1,3,FALSE,NA,NA,NA
K161,Kanaküla,K531,Pärnu linn,K161__Lillesild__1,Lillesild,3,2,4,FALSE,1,4,FALSE,NA,NA,NA
K161,Kanaküla,K531,Pärnu linn,K161__Mälgandi__1,Mälgandi,3,2,5,FALSE,1,5,FALSE,NA,NA,NA
K161,Kanaküla,K531,Pärnu linn,K161__Sosi__1,Sosi,3,2,6,FALSE,1,6,FALSE,NA,NA,NA
K162,Kanama-Tänassilma,K663,Tallinn,K162__Valdmäe__1,Valdmäe,78,1,1,TRUE,73,2,FALSE,NA,NA,NA
K162,Kanama-Tänassilma,K663,Tallinn,K162__Urda__1,Urda,76,1,2,FALSE,74,1,TRUE,NA,NA,NA
K162,Kanama-Tänassilma,K663,Tallinn,K162__Peoleo__1,Peoleo,9,1,3,FALSE,9,3,FALSE,NA,NA,NA
K162,Kanama-Tänassilma,K663,Tallinn,K162__Jõenurme__1,Jõenurme,7,2,4,FALSE,5,4,FALSE,NA,NA,NA
K162,Kanama-Tänassilma,K663,Tallinn,K162__Kadakamarja__1,Kadakamarja,7,2,5,FALSE,5,5,FALSE,NA,NA,NA
K162,Kanama-Tänassilma,K663,Tallinn,K162__Karjavärava tee__1,Karjavärava tee,7,2,6,FALSE,5,6,FALSE,NA,NA,NA
K162,Kanama-Tänassilma,K663,Tallinn,K162__Topi__1,Topi,7,2,7,FALSE,5,7,FALSE,NA,NA,NA
K162,Kanama-Tänassilma,K663,Tallinn,K162__Arunõmme tee__1,Arunõmme tee,6,1,8,FALSE,1,8,FALSE,NA,NA,NA
K162,Kanama-Tänassilma,K663,Tallinn,K162__Kivinõmme__1,Kivinõmme,6,1,9,FALSE,1,9,FALSE,NA,NA,NA
K162,Kanama-Tänassilma,K663,Tallinn,K162__Kodukaare tee__1,Kodukaare tee,6,1,10,FALSE,1,10,FALSE,NA,NA,NA
K162,Kanama-Tänassilma,K663,Tallinn,K162__Kungla tee__1,Kungla tee,6,1,11,FALSE,1,11,FALSE,NA,NA,NA
K162,Kanama-Tänassilma,K663,Tallinn,K162__Lodjapuu tee__1,Lodjapuu tee,6,1,12,FALSE,1,12,FALSE,NA,NA,NA
K162,Kanama-Tänassilma,K663,Tallinn,K162__Metsavaimu tee__1,Metsavaimu tee,6,1,13,FALSE,1,13,FALSE,NA,NA,NA
K162,Kanama-Tänassilma,K663,Tallinn,K162__Joametsa__1,Joametsa,5,1,14,FALSE,NA,NA,NA,NA,NA,NA
K162,Kanama-Tänassilma,K663,Tallinn,K162__Paunamäe__1,Paunamäe,4,1,15,FALSE,1,14,FALSE,NA,NA,NA
K162,Kanama-Tänassilma,K663,Tallinn,K162__Jälgimäe__1,Jälgimäe,2,2,16,FALSE,NA,NA,NA,NA,NA,NA
K163,Kanepi,K674,Tartu linn,K163__Kanepi__1,Kanepi,31,1,1,TRUE,8,1,TRUE,NA,NA,NA
K163,Kanepi,K674,Tartu linn,K163__Erastvere__1,Erastvere,8,2,2,FALSE,NA,NA,NA,NA,NA,NA
K163,Kanepi,K674,Tartu linn,K163__Silgu__1,Silgu,8,2,3,FALSE,3,2,FALSE,NA,NA,NA
K163,Kanepi,K674,Tartu linn,K163__Uha__1,Uha,8,3,4,FALSE,3,3,FALSE,NA,NA,NA
K163,Kanepi,K674,Tartu linn,K163__Jõksi__1,Jõksi,6,2,5,FALSE,NA,NA,NA,NA,NA,NA
K163,Kanepi,K674,Tartu linn,K163__Magari__1,Magari,5,2,6,FALSE,NA,NA,NA,NA,NA,NA
K163,Kanepi,K674,Tartu linn,K163__Lajavangu__1,Lajavangu,3,2,7,FALSE,NA,NA,NA,NA,NA,NA
K163,Kanepi,K674,Tartu linn,K163__Looduse__1,Looduse,3,1,8,FALSE,NA,NA,NA,NA,NA,NA
K163,Kanepi,K674,Tartu linn,K163__Paali__1,Paali,3,2,9,FALSE,NA,NA,NA,NA,NA,NA
K163,Kanepi,K674,Tartu linn,K163__Ala-Parmu__1,Ala-Parmu,2,1,10,FALSE,NA,NA,NA,NA,NA,NA
K163,Kanepi,K674,Tartu linn,K163__Heisri__1,Heisri,2,2,11,FALSE,NA,NA,NA,NA,NA,NA
K163,Kanepi,K674,Tartu linn,K163__Kaagvere__1,Kaagvere,2,1,12,FALSE,NA,NA,NA,NA,NA,NA
K163,Kanepi,K674,Tartu linn,K163__Karste__1,Karste,2,1,13,FALSE,NA,NA,NA,NA,NA,NA
K163,Kanepi,K674,Tartu linn,K163__Karste kool__1,Karste kool,2,1,14,FALSE,NA,NA,NA,NA,NA,NA
K163,Kanepi,K674,Tartu linn,K163__Kodukassi__1,Kodukassi,2,1,15,FALSE,NA,NA,NA,NA,NA,NA
K163,Kanepi,K674,Tartu linn,K163__Koigera__1,Koigera,2,1,16,FALSE,NA,NA,NA,NA,NA,NA
K163,Kanepi,K674,Tartu linn,K163__Loko__1,Loko,2,1,17,FALSE,NA,NA,NA,NA,NA,NA
K163,Kanepi,K674,Tartu linn,K163__Mõndsi__1,Mõndsi,2,2,18,FALSE,NA,NA,NA,NA,NA,NA
K163,Kanepi,K674,Tartu linn,K163__Peetrimõisa__1,Peetrimõisa,2,1,19,FALSE,NA,NA,NA,NA,NA,NA
K163,Kanepi,K674,Tartu linn,K163__Piigandi__1,Piigandi,2,2,20,FALSE,NA,NA,NA,NA,NA,NA
K163,Kanepi,K674,Tartu linn,K163__Piiri__1,Piiri,2,1,21,FALSE,NA,NA,NA,NA,NA,NA
K163,Kanepi,K674,Tartu linn,K163__Soodoma__1,Soodoma,2,1,22,FALSE,NA,NA,NA,NA,NA,NA
K163,Kanepi,K674,Tartu linn,K163__Vaparisti__1,Vaparisti,2,1,23,FALSE,NA,NA,NA,NA,NA,NA
K163,Kanepi,K674,Tartu linn,K163__Vähkjärve__1,Vähkjärve,2,2,24,FALSE,NA,NA,NA,NA,NA,NA
K163,Kanepi,K674,Tartu linn,K163__Ala-Jakobi__1,Ala-Jakobi,1,1,25,FALSE,NA,NA,NA,NA,NA,NA
K163,Kanepi,K674,Tartu linn,K163__Mäe-Jakobi__1,Mäe-Jakobi,1,1,26,FALSE,NA,NA,NA,NA,NA,NA
K163,Kanepi,K674,Tartu linn,K163__Saia__1,Saia,1,1,27,FALSE,NA,NA,NA,NA,NA,NA
K163,Kanepi,K674,Tartu linn,K163__Sikahansi__1,Sikahansi,1,1,28,FALSE,NA,NA,NA,NA,NA,NA
K163,Kanepi,K674,Tartu linn,K163__Tammevärava__1,Tammevärava,1,1,29,FALSE,NA,NA,NA,NA,NA,NA
K164,Karala,K270,Kuressaare linn,K164__Atla__1,Atla,3,1,1,TRUE,NA,NA,NA,NA,NA,NA
K164,Karala,K270,Kuressaare linn,K164__Heiduma__1,Heiduma,3,2,2,FALSE,NA,NA,NA,NA,NA,NA
K164,Karala,K270,Kuressaare linn,K164__Karala__1,Karala,3,2,3,FALSE,NA,NA,NA,NA,NA,NA
K165,Kareda,K458,Paide linn,K165__Kurjavere__1,Kurjavere,9,2,1,TRUE,6,3,FALSE,NA,NA,NA
K165,Kareda,K458,Paide linn,K165__Viru__1,Viru,9,2,2,FALSE,6,5,FALSE,NA,NA,NA
K165,Kareda,K458,Paide linn,K165__Vodja küla__1,Vodja küla,9,2,3,FALSE,6,6,FALSE,NA,NA,NA
K165,Kareda,K458,Paide linn,K165__Öötla küla__1,Öötla küla,9,2,4,FALSE,6,7,FALSE,NA,NA,NA
K165,Kareda,K458,Paide linn,K165__Öötla risttee__1,Öötla risttee,9,2,5,FALSE,6,8,FALSE,NA,NA,NA
K165,Kareda,K458,Paide linn,K165__Esna__1,Esna,8,2,6,FALSE,6,1,TRUE,NA,NA,NA
K165,Kareda,K458,Paide linn,K165__Kareda__1,Kareda,8,2,7,FALSE,6,2,FALSE,NA,NA,NA
K165,Kareda,K458,Paide linn,K165__Vilismäe__1,Vilismäe,8,2,8,FALSE,6,4,FALSE,NA,NA,NA
K165,Kareda,K458,Paide linn,K165__Metsaveere__1,Metsaveere,2,1,9,FALSE,1,9,FALSE,NA,NA,NA
K165,Kareda,K458,Paide linn,K165__Vana vallamaja__1,Vana vallamaja,1,1,10,FALSE,1,10,FALSE,NA,NA,NA
K166,Karepa,K545,Rakvere linn,K166__Karepa__1,Karepa,4,2,1,TRUE,NA,NA,NA,NA,NA,NA
K166,Karepa,K545,Rakvere linn,K166__Karepa metsavaht__1,Karepa metsavaht,4,2,2,FALSE,NA,NA,NA,NA,NA,NA
K166,Karepa,K545,Rakvere linn,K166__Rutja__1,Rutja,4,2,3,FALSE,NA,NA,NA,NA,NA,NA
K166,Karepa,K545,Rakvere linn,K166__Toolse__1,Toolse,4,2,4,FALSE,NA,NA,NA,NA,NA,NA
K166,Karepa,K545,Rakvere linn,K166__Toolse tee__1,Toolse tee,4,2,5,FALSE,NA,NA,NA,NA,NA,NA
K166,Karepa,K545,Rakvere linn,K166__Eisma__1,Eisma,2,2,6,FALSE,NA,NA,NA,NA,NA,NA
K166,Karepa,K545,Rakvere linn,K166__Hernemaa__1,Hernemaa,2,2,7,FALSE,NA,NA,NA,NA,NA,NA
K166,Karepa,K545,Rakvere linn,K166__Vainupea__1,Vainupea,2,2,8,FALSE,NA,NA,NA,NA,NA,NA
K167,Karilatsi,K674,Tartu linn,K167__Alamusti__1,Alamusti,3,2,1,TRUE,1,1,TRUE,NA,NA,NA
K167,Karilatsi,K674,Tartu linn,K167__Karilatsi__1,Karilatsi,3,2,2,FALSE,1,2,FALSE,NA,NA,NA
K167,Karilatsi,K674,Tartu linn,K167__Talurahvamuuseum__1,Talurahvamuuseum,3,2,3,FALSE,1,3,FALSE,NA,NA,NA
K168,Karinu,K663,Tallinn,K168__Karinu__1,Karinu,9,2,1,TRUE,NA,NA,NA,NA,NA,NA
K168,Karinu,K663,Tallinn,K168__Pärna__1,Pärna,9,2,2,FALSE,NA,NA,NA,NA,NA,NA
K168,Karinu,K663,Tallinn,K168__Kärni__1,Kärni,4,2,3,FALSE,NA,NA,NA,NA,NA,NA
K168,Karinu,K663,Tallinn,K168__Ramma__1,Ramma,4,2,4,FALSE,NA,NA,NA,NA,NA,NA
K169,Karitsa,K545,Rakvere linn,K169__Tõrma kalmistu__1,Tõrma kalmistu,38,2,1,TRUE,29,1,TRUE,NA,NA,NA
K169,Karitsa,K545,Rakvere linn,K169__Tõrma küla__1,Tõrma küla,18,2,2,FALSE,10,2,FALSE,NA,NA,NA
K169,Karitsa,K545,Rakvere linn,K169__Tabani__1,Tabani,8,1,3,FALSE,8,3,FALSE,NA,NA,NA
K169,Karitsa,K545,Rakvere linn,K169__Karitsa tee__1,Karitsa tee,4,2,4,FALSE,2,4,FALSE,NA,NA,NA
K169,Karitsa,K545,Rakvere linn,K169__Jupri__1,Jupri,2,2,5,FALSE,1,6,FALSE,NA,NA,NA
K169,Karitsa,K545,Rakvere linn,K169__Karitsa__1,Karitsa,2,2,6,FALSE,1,7,FALSE,NA,NA,NA
K169,Karitsa,K545,Rakvere linn,K169__Ellemäe__1,Ellemäe,1,1,7,FALSE,1,5,FALSE,NA,NA,NA
K169,Karitsa,K545,Rakvere linn,K169__Nõlve__1,Nõlve,1,1,8,FALSE,1,8,FALSE,NA,NA,NA
K170,Karja,K270,Kuressaare linn,K170__Angla__1,Angla,10,2,1,TRUE,7,1,TRUE,NA,NA,NA
K170,Karja,K270,Kuressaare linn,K170__Tomba__1,Tomba,10,2,2,FALSE,7,2,FALSE,NA,NA,NA
K170,Karja,K270,Kuressaare linn,K170__Karja__1,Karja,8,2,3,FALSE,6,3,FALSE,NA,NA,NA
K170,Karja,K270,Kuressaare linn,K170__Karja kalmistu__1,Karja kalmistu,8,2,4,FALSE,6,4,FALSE,NA,NA,NA
K170,Karja,K270,Kuressaare linn,K170__Karja sinilille__1,Karja sinilille,6,2,5,FALSE,4,6,FALSE,NA,NA,NA
K170,Karja,K270,Kuressaare linn,K170__Tika__1,Tika,6,2,6,FALSE,5,5,FALSE,NA,NA,NA
K170,Karja,K270,Kuressaare linn,K170__Selja__1,Selja,3,2,7,FALSE,3,7,FALSE,NA,NA,NA
K170,Karja,K270,Kuressaare linn,K170__Selja II__1,Selja II,3,2,8,FALSE,3,8,FALSE,NA,NA,NA
K170,Karja,K270,Kuressaare linn,K170__Tutku__1,Tutku,1,1,9,FALSE,1,9,FALSE,NA,NA,NA
K171,Karjaküla,K663,Tallinn,K171__Ehitusmarket__1,Ehitusmarket,56,2,1,TRUE,25,1,TRUE,NA,NA,NA
K171,Karjaküla,K663,Tallinn,K171__Benita kodu__1,Benita kodu,45,2,2,FALSE,22,2,FALSE,NA,NA,NA
K171,Karjaküla,K663,Tallinn,K171__Mudaaugu__1,Mudaaugu,45,2,3,FALSE,22,3,FALSE,NA,NA,NA
K171,Karjaküla,K663,Tallinn,K171__Niitvälja tee__1,Niitvälja tee,23,1,4,FALSE,22,4,FALSE,NA,NA,NA
K171,Karjaküla,K663,Tallinn,K171__Karjaküla__1,Karjaküla,15,2,5,FALSE,NA,NA,NA,NA,NA,NA
K171,Karjaküla,K663,Tallinn,K171__Karjaküla kalmistu__1,Karjaküla kalmistu,15,2,6,FALSE,NA,NA,NA,NA,NA,NA
K171,Karjaküla,K663,Tallinn,K171__Metsa-Uuetoa__1,Metsa-Uuetoa,15,1,7,FALSE,NA,NA,NA,NA,NA,NA
K171,Karjaküla,K663,Tallinn,K171__Muuluka__1,Muuluka,15,2,8,FALSE,NA,NA,NA,NA,NA,NA
K171,Karjaküla,K663,Tallinn,K171__Tõmmiku__1,Tõmmiku,15,2,9,FALSE,NA,NA,NA,NA,NA,NA
K171,Karjaküla,K663,Tallinn,K171__Uuetoa__1,Uuetoa,15,2,10,FALSE,NA,NA,NA,NA,NA,NA
K171,Karjaküla,K663,Tallinn,K171__Talu tee__1,Talu tee,8,1,11,FALSE,NA,NA,NA,NA,NA,NA
K172,Karksi,K789,Viljandi linn,K172__Karksi__1,Karksi,19,2,1,TRUE,10,1,TRUE,NA,NA,NA
K172,Karksi,K789,Viljandi linn,K172__Kaali__1,Kaali,18,2,2,FALSE,9,2,FALSE,NA,NA,NA
K172,Karksi,K789,Viljandi linn,K172__Lossimäe__1,Lossimäe,9,1,3,FALSE,9,3,FALSE,NA,NA,NA
K172,Karksi,K789,Viljandi linn,K172__Karksi kauplus__1,Karksi kauplus,1,1,4,FALSE,NA,NA,NA,NA,NA,NA
K172,Karksi,K789,Viljandi linn,K172__Pargi__1,Pargi,1,1,5,FALSE,NA,NA,NA,NA,NA,NA
K173,Karksi-Nuia linn,K789,Viljandi linn,K173__Pöögle__1,Pöögle,10,2,1,TRUE,4,4,FALSE,NA,NA,NA
K173,Karksi-Nuia linn,K789,Viljandi linn,K173__Leeli__1,Leeli,8,2,2,FALSE,4,1,TRUE,NA,NA,NA
K173,Karksi-Nuia linn,K789,Viljandi linn,K173__Lopa__1,Lopa,8,2,3,FALSE,4,2,FALSE,NA,NA,NA
K173,Karksi-Nuia linn,K789,Viljandi linn,K173__Näsare__1,Näsare,8,2,4,FALSE,4,3,FALSE,NA,NA,NA
K173,Karksi-Nuia linn,K789,Viljandi linn,K173__Ainja__1,Ainja,6,2,5,FALSE,2,5,FALSE,NA,NA,NA
K173,Karksi-Nuia linn,K789,Viljandi linn,K173__Altsi__1,Altsi,6,2,6,FALSE,2,6,FALSE,NA,NA,NA
K173,Karksi-Nuia linn,K789,Viljandi linn,K173__Lannu__1,Lannu,6,2,7,FALSE,2,7,FALSE,NA,NA,NA
K173,Karksi-Nuia linn,K789,Viljandi linn,K173__Paanikse__1,Paanikse,6,2,8,FALSE,2,8,FALSE,NA,NA,NA
K173,Karksi-Nuia linn,K789,Viljandi linn,K173__Remsi__1,Remsi,6,2,9,FALSE,2,9,FALSE,NA,NA,NA
K173,Karksi-Nuia linn,K789,Viljandi linn,K173__Ronga__1,Ronga,6,2,10,FALSE,2,10,FALSE,NA,NA,NA
K173,Karksi-Nuia linn,K789,Viljandi linn,K173__Sinejärve__1,Sinejärve,6,2,11,FALSE,2,11,FALSE,NA,NA,NA
K173,Karksi-Nuia linn,K789,Viljandi linn,K173__Tauga__1,Tauga,6,2,12,FALSE,2,12,FALSE,NA,NA,NA
K173,Karksi-Nuia linn,K789,Viljandi linn,K173__Äriküla__1,Äriküla,6,2,13,FALSE,2,13,FALSE,NA,NA,NA
K174,Karksi-Nuia,K789,Viljandi linn,K174__Karksi-Nuia__1,Karksi-Nuia,30,1,1,TRUE,11,1,TRUE,NA,NA,NA
K174,Karksi-Nuia,K789,Viljandi linn,K174__Lossimäe__1,Lossimäe,12,3,2,FALSE,3,2,FALSE,NA,NA,NA
K174,Karksi-Nuia,K789,Viljandi linn,K174__Kooli__1,Kooli,2,1,3,FALSE,2,3,FALSE,NA,NA,NA
K176,Karula,K789,Viljandi linn,K176__Laboratooriumi__1,Laboratooriumi,32,1,1,TRUE,17,1,TRUE,NA,NA,NA
K176,Karula,K789,Viljandi linn,K176__Aindu__1,Aindu,27,2,2,FALSE,15,4,FALSE,NA,NA,NA
K176,Karula,K789,Viljandi linn,K176__Kikka__1,Kikka,19,2,3,FALSE,16,3,FALSE,NA,NA,NA
K176,Karula,K789,Viljandi linn,K176__Kile__1,Kile,18,2,4,FALSE,10,10,FALSE,NA,NA,NA
K176,Karula,K789,Viljandi linn,K176__Maala__1,Maala,18,2,5,FALSE,10,11,FALSE,NA,NA,NA
K176,Karula,K789,Viljandi linn,K176__Võistre__1,Võistre,18,2,6,FALSE,10,12,FALSE,NA,NA,NA
K176,Karula,K789,Viljandi linn,K176__Jämejala tee__1,Jämejala tee,17,1,7,FALSE,16,2,FALSE,NA,NA,NA
K176,Karula,K789,Viljandi linn,K176__Eketare tee__1,Eketare tee,16,2,8,FALSE,13,5,FALSE,NA,NA,NA
K176,Karula,K789,Viljandi linn,K176__Triisa__1,Triisa,16,2,9,FALSE,13,6,FALSE,NA,NA,NA
K176,Karula,K789,Viljandi linn,K176__Väikemõisa__1,Väikemõisa,16,2,10,FALSE,13,7,FALSE,NA,NA,NA
K176,Karula,K789,Viljandi linn,K176__Ristmiku__1,Ristmiku,15,2,11,FALSE,7,15,FALSE,NA,NA,NA
K176,Karula,K789,Viljandi linn,K176__Klaassepa__1,Klaassepa,12,2,12,FALSE,8,13,FALSE,NA,NA,NA
K176,Karula,K789,Viljandi linn,K176__Marjasalu__1,Marjasalu,12,2,13,FALSE,8,14,FALSE,NA,NA,NA
K176,Karula,K789,Viljandi linn,K176__Peedi__1,Peedi,12,2,14,FALSE,11,8,FALSE,NA,NA,NA
K176,Karula,K789,Viljandi linn,K176__Teeääre__1,Teeääre,12,2,15,FALSE,11,9,FALSE,NA,NA,NA
K176,Karula,K789,Viljandi linn,K176__Karula__1,Karula,6,2,16,FALSE,6,16,FALSE,NA,NA,NA
K176,Karula,K789,Viljandi linn,K176__Karula kauplus__1,Karula kauplus,6,2,17,FALSE,6,17,FALSE,NA,NA,NA
K176,Karula,K789,Viljandi linn,K176__Linapunkt__1,Linapunkt,6,2,18,FALSE,6,18,FALSE,NA,NA,NA
K176,Karula,K789,Viljandi linn,K176__Musta teerist__1,Musta teerist,6,2,19,FALSE,6,19,FALSE,NA,NA,NA
K176,Karula,K789,Viljandi linn,K176__Saare__1,Saare,6,2,20,FALSE,6,20,FALSE,NA,NA,NA
K176,Karula,K789,Viljandi linn,K176__Tobraselja__1,Tobraselja,3,2,21,FALSE,3,21,FALSE,NA,NA,NA
K176,Karula,K789,Viljandi linn,K176__Theo__1,Theo,2,1,22,FALSE,2,22,FALSE,NA,NA,NA
K177,Kasari,K663,Tallinn,K177__Keskküla__1,Keskküla,14,2,1,TRUE,NA,NA,NA,NA,NA,NA
K177,Kasari,K663,Tallinn,K177__Laiküla__1,Laiküla,14,2,2,FALSE,NA,NA,NA,NA,NA,NA
K178,Kassari,K292,Kärdla linn,K178__Esiküla__1,Esiküla,4,2,1,TRUE,1,1,TRUE,NA,NA,NA
K178,Kassari,K292,Kärdla linn,K178__Taguküla__1,Taguküla,4,2,2,FALSE,1,2,FALSE,NA,NA,NA
K178,Kassari,K292,Kärdla linn,K178__Holsmeri__1,Holsmeri,3,2,3,FALSE,NA,NA,NA,NA,NA,NA
K178,Kassari,K292,Kärdla linn,K178__Kassari__1,Kassari,3,2,4,FALSE,NA,NA,NA,NA,NA,NA
K178,Kassari,K292,Kärdla linn,K178__Orjaku__1,Orjaku,3,2,5,FALSE,NA,NA,NA,NA,NA,NA
K178,Kassari,K292,Kärdla linn,K178__Sopi__1,Sopi,3,2,6,FALSE,NA,NA,NA,NA,NA,NA
K179,Kassinurme,K115,Jõgeva linn,K179__Kalevi__1,Kalevi,13,2,1,TRUE,8,1,TRUE,NA,NA,NA
K179,Kassinurme,K115,Jõgeva linn,K179__Kassinurme__1,Kassinurme,13,2,2,FALSE,8,2,FALSE,NA,NA,NA
K179,Kassinurme,K115,Jõgeva linn,K179__Kaarepere__1,Kaarepere,9,2,3,FALSE,4,3,FALSE,NA,NA,NA
K180,Kastna,K531,Pärnu linn,K180__Kastna__1,Kastna,8,2,1,TRUE,4,1,TRUE,NA,NA,NA
K180,Kastna,K531,Pärnu linn,K180__Leetsaare__1,Leetsaare,8,2,2,FALSE,4,2,FALSE,NA,NA,NA
K180,Kastna,K531,Pärnu linn,K180__Ranniku__1,Ranniku,8,2,3,FALSE,4,3,FALSE,NA,NA,NA
K180,Kastna,K531,Pärnu linn,K180__Seimani__1,Seimani,8,2,4,FALSE,4,4,FALSE,NA,NA,NA
K181,Kauksi,K523,Põlva linn,K181__Kauksi__1,Kauksi,20,2,1,TRUE,11,1,TRUE,NA,NA,NA
K181,Kauksi,K523,Põlva linn,K181__Kanassaare__1,Kanassaare,19,2,2,FALSE,9,4,FALSE,NA,NA,NA
K181,Kauksi,K523,Põlva linn,K181__Järve__1,Järve,18,2,3,FALSE,9,3,FALSE,NA,NA,NA
K181,Kauksi,K523,Põlva linn,K181__Kivi__1,Kivi,17,2,4,FALSE,10,2,FALSE,NA,NA,NA
K181,Kauksi,K523,Põlva linn,K181__Pärtle__1,Pärtle,6,1,5,FALSE,1,5,FALSE,NA,NA,NA
K182,Kauksi-Kuru,K118,Jõhvi linn,K182__Kauksi__1,Kauksi,22,3,1,TRUE,10,1,TRUE,NA,NA,NA
K182,Kauksi-Kuru,K118,Jõhvi linn,K182__Kajaka__1,Kajaka,8,2,2,FALSE,3,2,FALSE,NA,NA,NA
K182,Kauksi-Kuru,K118,Jõhvi linn,K182__Kuru__1,Kuru,8,2,3,FALSE,3,3,FALSE,NA,NA,NA
K182,Kauksi-Kuru,K118,Jõhvi linn,K182__Reiska__1,Reiska,6,1,4,FALSE,NA,NA,NA,NA,NA,NA
K182,Kauksi-Kuru,K118,Jõhvi linn,K182__Kauksi oja__1,Kauksi oja,5,2,5,FALSE,2,4,FALSE,NA,NA,NA
K183,Kaunispe-Rahuste,K270,Kuressaare linn,K183__Lõupõllu(tellimisel)__1,Lõupõllu(tellimisel),4,1,1,TRUE,3,1,TRUE,NA,NA,NA
K183,Kaunispe-Rahuste,K270,Kuressaare linn,K183__Ampri__1,Ampri,3,2,2,FALSE,2,2,FALSE,NA,NA,NA
K183,Kaunispe-Rahuste,K270,Kuressaare linn,K183__Ampri(tellimisel)__1,Ampri(tellimisel),3,2,3,FALSE,2,3,FALSE,NA,NA,NA
K183,Kaunispe-Rahuste,K270,Kuressaare linn,K183__Kargi__1,Kargi,3,2,4,FALSE,2,4,FALSE,NA,NA,NA
K183,Kaunispe-Rahuste,K270,Kuressaare linn,K183__Kargi(tellimisel)__1,Kargi(tellimisel),3,2,5,FALSE,2,5,FALSE,NA,NA,NA
K183,Kaunispe-Rahuste,K270,Kuressaare linn,K183__Kasekääru__1,Kasekääru,3,1,6,FALSE,2,6,FALSE,NA,NA,NA
K183,Kaunispe-Rahuste,K270,Kuressaare linn,K183__Kasekääru(tellimisel)__1,Kasekääru(tellimisel),3,1,7,FALSE,2,7,FALSE,NA,NA,NA
K183,Kaunispe-Rahuste,K270,Kuressaare linn,K183__Kaunispe teerist__1,Kaunispe teerist,3,2,8,FALSE,2,8,FALSE,NA,NA,NA
K183,Kaunispe-Rahuste,K270,Kuressaare linn,K183__Kaunispe tr(tellimisel)__1,Kaunispe tr(tellimisel),3,2,9,FALSE,2,9,FALSE,NA,NA,NA
K183,Kaunispe-Rahuste,K270,Kuressaare linn,K183__Lindmetsa__1,Lindmetsa,3,2,10,FALSE,2,10,FALSE,NA,NA,NA
K183,Kaunispe-Rahuste,K270,Kuressaare linn,K183__Lindmetsa(tellimisel)__1,Lindmetsa(tellimisel),3,2,11,FALSE,2,11,FALSE,NA,NA,NA
K183,Kaunispe-Rahuste,K270,Kuressaare linn,K183__Rahuste  I__1,Rahuste  I,3,2,12,FALSE,2,12,FALSE,NA,NA,NA
K183,Kaunispe-Rahuste,K270,Kuressaare linn,K183__Rahuste  II__1,Rahuste  II,3,2,13,FALSE,2,13,FALSE,NA,NA,NA
K183,Kaunispe-Rahuste,K270,Kuressaare linn,K183__Rahuste I (tellimisel)__1,Rahuste I (tellimisel),3,2,14,FALSE,2,14,FALSE,NA,NA,NA
K183,Kaunispe-Rahuste,K270,Kuressaare linn,K183__Rahuste II (tellimisel)__1,Rahuste II (tellimisel),3,2,15,FALSE,2,15,FALSE,NA,NA,NA
K183,Kaunispe-Rahuste,K270,Kuressaare linn,K183__Vanemuise__1,Vanemuise,3,2,16,FALSE,2,16,FALSE,NA,NA,NA
K183,Kaunispe-Rahuste,K270,Kuressaare linn,K183__Vanemuise(tellimisel)__1,Vanemuise(tellimisel),3,2,17,FALSE,2,17,FALSE,NA,NA,NA
K183,Kaunispe-Rahuste,K270,Kuressaare linn,K183__Väike Ula__1,Väike Ula,3,2,18,FALSE,2,18,FALSE,NA,NA,NA
K183,Kaunispe-Rahuste,K270,Kuressaare linn,K183__Väike Ula (tellimisel)__1,Väike Ula (tellimisel),3,2,19,FALSE,2,19,FALSE,NA,NA,NA
K183,Kaunispe-Rahuste,K270,Kuressaare linn,K183__Lõupõllu__1,Lõupõllu,1,1,20,FALSE,NA,NA,NA,NA,NA,NA
K184,Kavandi,K270,Kuressaare linn,K184__Jaani__1,Jaani,4,2,1,TRUE,2,1,TRUE,NA,NA,NA
K184,Kavandi,K270,Kuressaare linn,K184__Randküla__1,Randküla,4,2,2,FALSE,2,2,FALSE,NA,NA,NA
K184,Kavandi,K270,Kuressaare linn,K184__Rannaküla__1,Rannaküla,4,2,3,FALSE,2,3,FALSE,NA,NA,NA
K184,Kavandi,K270,Kuressaare linn,K184__Kavandi__1,Kavandi,3,2,4,FALSE,1,5,FALSE,NA,NA,NA
K184,Kavandi,K270,Kuressaare linn,K184__Kavandi seltsimaja__1,Kavandi seltsimaja,3,2,5,FALSE,1,6,FALSE,NA,NA,NA
K184,Kavandi,K270,Kuressaare linn,K184__Pahila__1,Pahila,3,2,6,FALSE,1,7,FALSE,NA,NA,NA
K184,Kavandi,K270,Kuressaare linn,K184__Suur-Pahila__1,Suur-Pahila,3,2,7,FALSE,1,10,FALSE,NA,NA,NA
K184,Kavandi,K270,Kuressaare linn,K184__Võhma__1,Võhma,3,2,8,FALSE,1,11,FALSE,NA,NA,NA
K184,Kavandi,K270,Kuressaare linn,K184__Võhma II__1,Võhma II,3,2,9,FALSE,1,12,FALSE,NA,NA,NA
K184,Kavandi,K270,Kuressaare linn,K184__Hindu__1,Hindu,2,2,10,FALSE,1,4,FALSE,NA,NA,NA
K184,Kavandi,K270,Kuressaare linn,K184__Ranna__1,Ranna,1,2,11,FALSE,1,8,FALSE,NA,NA,NA
K184,Kavandi,K270,Kuressaare linn,K184__Raugu__1,Raugu,1,2,12,FALSE,1,9,FALSE,NA,NA,NA
K185,Kavaru,K531,Pärnu linn,K185__Maria__1,Maria,19,2,1,TRUE,9,1,TRUE,NA,NA,NA
K185,Kavaru,K531,Pärnu linn,K185__Riida__1,Riida,19,2,2,FALSE,9,2,FALSE,NA,NA,NA
K185,Kavaru,K531,Pärnu linn,K185__Kavaru__1,Kavaru,12,2,3,FALSE,6,3,FALSE,NA,NA,NA
K185,Kavaru,K531,Pärnu linn,K185__Tehvandi__1,Tehvandi,12,2,4,FALSE,6,4,FALSE,NA,NA,NA
K185,Kavaru,K531,Pärnu linn,K185__Järve__1,Järve,11,2,5,FALSE,5,5,FALSE,NA,NA,NA
K185,Kavaru,K531,Pärnu linn,K185__Kõpu__1,Kõpu,11,2,6,FALSE,5,6,FALSE,NA,NA,NA
K185,Kavaru,K531,Pärnu linn,K185__Kõpu__2,Kõpu,8,2,7,FALSE,4,7,FALSE,NA,NA,NA
K185,Kavaru,K531,Pärnu linn,K185__Õie__1,Õie,8,2,8,FALSE,4,8,FALSE,NA,NA,NA
K186,Kavastu,K674,Tartu linn,K186__Kavastu__1,Kavastu,7,1,1,TRUE,5,1,TRUE,NA,NA,NA
K186,Kavastu,K674,Tartu linn,K186__Kikaste__1,Kikaste,7,2,2,FALSE,5,2,FALSE,NA,NA,NA
K186,Kavastu,K674,Tartu linn,K186__Sõstra__1,Sõstra,7,2,3,FALSE,5,4,FALSE,NA,NA,NA
K186,Kavastu,K674,Tartu linn,K186__Saeveski__1,Saeveski,6,2,4,FALSE,5,3,FALSE,NA,NA,NA
K186,Kavastu,K674,Tartu linn,K186__Lalli__1,Lalli,5,2,5,FALSE,4,5,FALSE,NA,NA,NA
K186,Kavastu,K674,Tartu linn,K186__Viira__1,Viira,5,2,6,FALSE,4,6,FALSE,NA,NA,NA
K186,Kavastu,K674,Tartu linn,K186__Oolo__1,Oolo,3,2,7,FALSE,2,7,FALSE,NA,NA,NA
K186,Kavastu,K674,Tartu linn,K186__Poksi__1,Poksi,3,2,8,FALSE,2,8,FALSE,NA,NA,NA
K186,Kavastu,K674,Tartu linn,K186__Lalli tee__1,Lalli tee,1,1,9,FALSE,1,9,FALSE,NA,NA,NA
K187,Keava,K663,Tallinn,K187__Keava__1,Keava,25,3,1,TRUE,8,1,TRUE,NA,NA,NA
K187,Keava,K663,Tallinn,K187__Rey__1,Rey,4,1,2,FALSE,NA,NA,NA,NA,NA,NA
K188,Keeni,K674,Tartu linn,K188__Keeni__1,Keeni,13,4,1,TRUE,NA,NA,NA,NA,NA,NA
K188,Keeni,K674,Tartu linn,K188__Keeni__2,Keeni,8,2,2,FALSE,4,1,TRUE,NA,NA,NA
K188,Keeni,K674,Tartu linn,K188__Kooba__1,Kooba,6,2,3,FALSE,NA,NA,NA,NA,NA,NA
K188,Keeni,K674,Tartu linn,K188__Lepiku__1,Lepiku,6,2,4,FALSE,NA,NA,NA,NA,NA,NA
K188,Keeni,K674,Tartu linn,K188__Ande__1,Ande,2,1,5,FALSE,NA,NA,NA,NA,NA,NA
K188,Keeni,K674,Tartu linn,K188__Sikstina__1,Sikstina,2,1,6,FALSE,NA,NA,NA,NA,NA,NA
K188,Keeni,K674,Tartu linn,K188__Vori__1,Vori,2,1,7,FALSE,NA,NA,NA,NA,NA,NA
K188,Keeni,K674,Tartu linn,K188__Keeni kool__1,Keeni kool,1,1,8,FALSE,NA,NA,NA,NA,NA,NA
K189,Kehra,K663,Tallinn,K189__Lahinguvälja__1,Lahinguvälja,30,2,1,TRUE,15,1,TRUE,NA,NA,NA
K189,Kehra,K663,Tallinn,K189__Kaunissaare__1,Kaunissaare,10,2,2,FALSE,NA,NA,NA,NA,NA,NA
K189,Kehra,K663,Tallinn,K189__Lasteaia__1,Lasteaia,10,1,3,FALSE,NA,NA,NA,NA,NA,NA
K189,Kehra,K663,Tallinn,K189__Lehtmetsa__1,Lehtmetsa,10,2,4,FALSE,NA,NA,NA,NA,NA,NA
K189,Kehra,K663,Tallinn,K189__Johannese__1,Johannese,3,2,5,FALSE,NA,NA,NA,NA,NA,NA
K189,Kehra,K663,Tallinn,K189__Metskonna__1,Metskonna,2,2,6,FALSE,NA,NA,NA,NA,NA,NA
K190,Kehra linn,K663,Tallinn,K190__Kehra__2,Kehra,46,2,1,TRUE,23,1,TRUE,NA,NA,NA
K190,Kehra linn,K663,Tallinn,K190__Kehra__1,Kehra,15,2,2,FALSE,NA,NA,NA,NA,NA,NA
K190,Kehra linn,K663,Tallinn,K190__Kehra raudteejaam__1,Kehra raudteejaam,15,1,3,FALSE,NA,NA,NA,NA,NA,NA
K190,Kehra linn,K663,Tallinn,K190__Sõpruse väljak__1,Sõpruse väljak,10,2,4,FALSE,NA,NA,NA,NA,NA,NA
K190,Kehra linn,K663,Tallinn,K190__Kehra kool__1,Kehra kool,5,1,5,FALSE,NA,NA,NA,NA,NA,NA
K190,Kehra linn,K663,Tallinn,K190__Salumetsa__1,Salumetsa,5,2,6,FALSE,NA,NA,NA,NA,NA,NA
K190,Kehra linn,K663,Tallinn,K190__Paberi__1,Paberi,3,2,7,FALSE,NA,NA,NA,NA,NA,NA
K191,Kehtna,K663,Tallinn,K191__Kehtna__1,Kehtna,38,1,1,TRUE,NA,NA,NA,NA,NA,NA
K191,Kehtna,K663,Tallinn,K191__Keskväljaku__1,Keskväljaku,18,1,2,FALSE,NA,NA,NA,NA,NA,NA
K191,Kehtna,K663,Tallinn,K191__Rõue__1,Rõue,16,2,3,FALSE,NA,NA,NA,NA,NA,NA
K191,Kehtna,K663,Tallinn,K191__Posti__1,Posti,11,2,4,FALSE,NA,NA,NA,NA,NA,NA
K191,Kehtna,K663,Tallinn,K191__Ohekatku__1,Ohekatku,10,2,5,FALSE,NA,NA,NA,NA,NA,NA
K191,Kehtna,K663,Tallinn,K191__Järvakandi tee__1,Järvakandi tee,5,2,6,FALSE,NA,NA,NA,NA,NA,NA
K191,Kehtna,K663,Tallinn,K191__Kalbu__1,Kalbu,4,2,7,FALSE,NA,NA,NA,NA,NA,NA
K191,Kehtna,K663,Tallinn,K191__Kalmistu tee__1,Kalmistu tee,4,2,8,FALSE,NA,NA,NA,NA,NA,NA
K191,Kehtna,K663,Tallinn,K191__Kaalumaja__1,Kaalumaja,2,4,9,FALSE,NA,NA,NA,NA,NA,NA
K191,Kehtna,K663,Tallinn,K191__Kokuta__1,Kokuta,2,2,10,FALSE,NA,NA,NA,NA,NA,NA
K191,Kehtna,K663,Tallinn,K191__Kärpla__1,Kärpla,2,2,11,FALSE,NA,NA,NA,NA,NA,NA
K191,Kehtna,K663,Tallinn,K191__Külarimägi__1,Külarimägi,2,2,12,FALSE,NA,NA,NA,NA,NA,NA
K191,Kehtna,K663,Tallinn,K191__Lellapere__1,Lellapere,2,2,13,FALSE,NA,NA,NA,NA,NA,NA
K191,Kehtna,K663,Tallinn,K191__Vastja__1,Vastja,2,1,14,FALSE,NA,NA,NA,NA,NA,NA
K192,Keila linn,K663,Tallinn,K192__Keila kirik__1,Keila kirik,114,3,1,TRUE,43,2,FALSE,NA,NA,NA
K192,Keila linn,K663,Tallinn,K192__Keila__1,Keila,113,2,2,FALSE,57,1,TRUE,NA,NA,NA
K192,Keila linn,K663,Tallinn,K192__Luha__1,Luha,82,2,3,FALSE,43,4,FALSE,NA,NA,NA
K192,Keila linn,K663,Tallinn,K192__Pargi__1,Pargi,73,2,4,FALSE,26,5,FALSE,NA,NA,NA
K192,Keila linn,K663,Tallinn,K192__Tervisekeskuse__1,Tervisekeskuse,73,2,5,FALSE,26,6,FALSE,NA,NA,NA
K192,Keila linn,K663,Tallinn,K192__Keskpargi__1,Keskpargi,71,2,6,FALSE,43,3,FALSE,NA,NA,NA
K192,Keila linn,K663,Tallinn,K192__Jaama__1,Jaama,50,2,7,FALSE,20,7,FALSE,NA,NA,NA
K192,Keila linn,K663,Tallinn,K192__Männiku__1,Männiku,50,2,8,FALSE,20,8,FALSE,NA,NA,NA
K192,Keila linn,K663,Tallinn,K192__Rõõmu kaubamaja__1,Rõõmu kaubamaja,50,2,9,FALSE,20,9,FALSE,NA,NA,NA
K192,Keila linn,K663,Tallinn,K192__Kultuurikeskuse__1,Kultuurikeskuse,37,1,10,FALSE,3,11,FALSE,NA,NA,NA
K192,Keila linn,K663,Tallinn,K192__Keila raudteejaam__1,Keila raudteejaam,19,1,11,FALSE,NA,NA,NA,NA,NA,NA
K192,Keila linn,K663,Tallinn,K192__Harju Elekter__1,Harju Elekter,14,1,12,FALSE,4,10,FALSE,NA,NA,NA
K192,Keila linn,K663,Tallinn,K192__Jõe__1,Jõe,2,1,13,FALSE,NA,NA,NA,NA,NA,NA
K192,Keila linn,K663,Tallinn,K192__Ülesõidu__1,Ülesõidu,2,1,14,FALSE,NA,NA,NA,NA,NA,NA
K193,Keila-Joa,K663,Tallinn,K193__Keila-Joa__1,Keila-Joa,67,2,1,TRUE,27,1,TRUE,NA,NA,NA
K193,Keila-Joa,K663,Tallinn,K193__Kungla__1,Kungla,55,2,2,FALSE,21,2,FALSE,NA,NA,NA
K193,Keila-Joa,K663,Tallinn,K193__Meremõisa__1,Meremõisa,55,2,3,FALSE,21,3,FALSE,NA,NA,NA
K193,Keila-Joa,K663,Tallinn,K193__Internaatkool__1,Internaatkool,39,2,4,FALSE,20,4,FALSE,NA,NA,NA
K193,Keila-Joa,K663,Tallinn,K193__Türisalu__1,Türisalu,39,2,5,FALSE,20,5,FALSE,NA,NA,NA
K193,Keila-Joa,K663,Tallinn,K193__Vääna tee__1,Vääna tee,39,2,6,FALSE,20,6,FALSE,NA,NA,NA
K193,Keila-Joa,K663,Tallinn,K193__Keila-Joa mõis__1,Keila-Joa mõis,16,1,7,FALSE,1,7,FALSE,NA,NA,NA
K197,Kihelkonna,K270,Kuressaare linn,K197__Kihelkonna__1,Kihelkonna,17,2,1,TRUE,9,1,TRUE,NA,NA,NA
K197,Kihelkonna,K270,Kuressaare linn,K197__Pajumõisa__1,Pajumõisa,11,2,2,FALSE,8,2,FALSE,NA,NA,NA
K197,Kihelkonna,K270,Kuressaare linn,K197__Viki 2__1,Viki 2,11,2,3,FALSE,8,4,FALSE,NA,NA,NA
K197,Kihelkonna,K270,Kuressaare linn,K197__Kõlumäe__1,Kõlumäe,10,1,4,FALSE,4,5,FALSE,NA,NA,NA
K197,Kihelkonna,K270,Kuressaare linn,K197__Viki__1,Viki,10,2,5,FALSE,8,3,FALSE,NA,NA,NA
K197,Kihelkonna,K270,Kuressaare linn,K197__Sepa__1,Sepa,8,2,6,FALSE,4,6,FALSE,NA,NA,NA
K197,Kihelkonna,K270,Kuressaare linn,K197__Kehila teerist__1,Kehila teerist,4,2,7,FALSE,2,8,FALSE,NA,NA,NA
K197,Kihelkonna,K270,Kuressaare linn,K197__Loona__1,Loona,4,1,8,FALSE,1,9,FALSE,NA,NA,NA
K197,Kihelkonna,K270,Kuressaare linn,K197__Papissaare sadam__1,Papissaare sadam,4,1,9,FALSE,NA,NA,NA,NA,NA,NA
K197,Kihelkonna,K270,Kuressaare linn,K197__Taavi__1,Taavi,4,1,10,FALSE,4,7,FALSE,NA,NA,NA
K197,Kihelkonna,K270,Kuressaare linn,K197__Pajumõisa tee__1,Pajumõisa tee,3,2,11,FALSE,1,10,FALSE,NA,NA,NA
K197,Kihelkonna,K270,Kuressaare linn,K197__Viki 2 (tellimisel)__1,Viki 2 (tellimisel),1,1,12,FALSE,NA,NA,NA,NA,NA,NA
K198,Kihlepa-Soomra,K531,Pärnu linn,K198__Kihlepa__1,Kihlepa,13,1,1,TRUE,7,1,TRUE,NA,NA,NA
K198,Kihlepa-Soomra,K531,Pärnu linn,K198__Eassalu__1,Eassalu,7,2,2,FALSE,4,2,FALSE,NA,NA,NA
K198,Kihlepa-Soomra,K531,Pärnu linn,K198__Kaelepa__1,Kaelepa,7,2,3,FALSE,4,3,FALSE,NA,NA,NA
K198,Kihlepa-Soomra,K531,Pärnu linn,K198__Kivimäe__1,Kivimäe,7,2,4,FALSE,4,4,FALSE,NA,NA,NA
K198,Kihlepa-Soomra,K531,Pärnu linn,K198__Roogoja__1,Roogoja,7,2,5,FALSE,4,5,FALSE,NA,NA,NA
K198,Kihlepa-Soomra,K531,Pärnu linn,K198__Sanga-Tõnise__1,Sanga-Tõnise,7,2,6,FALSE,4,6,FALSE,NA,NA,NA
K198,Kihlepa-Soomra,K531,Pärnu linn,K198__Soomra__1,Soomra,5,2,7,FALSE,3,8,FALSE,NA,NA,NA
K198,Kihlepa-Soomra,K531,Pärnu linn,K198__Alu tee__1,Alu tee,3,1,8,FALSE,3,7,FALSE,NA,NA,NA
K199,Kihlevere-Ama,K663,Tallinn,K199__Hundi__1,Hundi,8,2,1,TRUE,NA,NA,NA,NA,NA,NA
K199,Kihlevere-Ama,K663,Tallinn,K199__Hõbeda teerist__1,Hõbeda teerist,8,2,2,FALSE,NA,NA,NA,NA,NA,NA
K199,Kihlevere-Ama,K663,Tallinn,K199__Jürimõisa__1,Jürimõisa,8,2,3,FALSE,NA,NA,NA,NA,NA,NA
K199,Kihlevere-Ama,K663,Tallinn,K199__Ojaveski__1,Ojaveski,8,2,4,FALSE,NA,NA,NA,NA,NA,NA
K199,Kihlevere-Ama,K663,Tallinn,K199__Vatku__1,Vatku,8,2,5,FALSE,NA,NA,NA,NA,NA,NA
K199,Kihlevere-Ama,K663,Tallinn,K199__Kihlevere__1,Kihlevere,3,2,6,FALSE,NA,NA,NA,NA,NA,NA
K199,Kihlevere-Ama,K663,Tallinn,K199__Liivari__1,Liivari,3,2,7,FALSE,NA,NA,NA,NA,NA,NA
K199,Kihlevere-Ama,K663,Tallinn,K199__Metsavahi__1,Metsavahi,3,2,8,FALSE,NA,NA,NA,NA,NA,NA
K199,Kihlevere-Ama,K663,Tallinn,K199__Võipere__1,Võipere,3,2,9,FALSE,NA,NA,NA,NA,NA,NA
K201,Kiideva,K061,Haapsalu linn,K201__Kiideva__1,Kiideva,6,1,1,TRUE,3,1,TRUE,NA,NA,NA
K201,Kiideva,K061,Haapsalu linn,K201__Kiideva park__1,Kiideva park,6,2,2,FALSE,3,2,FALSE,NA,NA,NA
K201,Kiideva,K061,Haapsalu linn,K201__Koidu__1,Koidu,6,2,3,FALSE,3,3,FALSE,NA,NA,NA
K201,Kiideva,K061,Haapsalu linn,K201__Lopi tee__1,Lopi tee,6,2,4,FALSE,3,4,FALSE,NA,NA,NA
K201,Kiideva,K061,Haapsalu linn,K201__Tuuru__1,Tuuru,6,3,5,FALSE,3,5,FALSE,NA,NA,NA
K202,Kiikla,K225,Kohtla-Järve linn,K202__Apandiku__1,Apandiku,13,2,1,TRUE,13,1,TRUE,NA,NA,NA
K202,Kiikla,K225,Kohtla-Järve linn,K202__Ereda__1,Ereda,13,2,2,FALSE,13,2,FALSE,NA,NA,NA
K202,Kiikla,K225,Kohtla-Järve linn,K202__Kiikla__1,Kiikla,13,2,3,FALSE,13,3,FALSE,NA,NA,NA
K202,Kiikla,K225,Kohtla-Järve linn,K202__Koorejaama__1,Koorejaama,13,2,4,FALSE,13,4,FALSE,NA,NA,NA
K202,Kiikla,K225,Kohtla-Järve linn,K202__Ratva__1,Ratva,13,2,5,FALSE,13,5,FALSE,NA,NA,NA
K202,Kiikla,K225,Kohtla-Järve linn,K202__Ratva kool__1,Ratva kool,13,2,6,FALSE,13,6,FALSE,NA,NA,NA
K203,Kiili alev,K663,Tallinn,K203__Miku tee__1,Miku tee,90,2,1,TRUE,45,1,TRUE,NA,NA,NA
K203,Kiili alev,K663,Tallinn,K203__Oti__1,Oti,90,2,2,FALSE,45,2,FALSE,NA,NA,NA
K203,Kiili alev,K663,Tallinn,K203__Kurna tee__1,Kurna tee,45,1,3,FALSE,NA,NA,NA,NA,NA,NA
K203,Kiili alev,K663,Tallinn,K203__Lähtse__1,Lähtse,43,2,4,FALSE,22,3,FALSE,NA,NA,NA
K203,Kiili alev,K663,Tallinn,K203__Lauri__1,Lauri,19,2,5,FALSE,9,5,FALSE,NA,NA,NA
K203,Kiili alev,K663,Tallinn,K203__Ööbiku__1,Ööbiku,19,2,6,FALSE,9,6,FALSE,NA,NA,NA
K203,Kiili alev,K663,Tallinn,K203__Kuu__1,Kuu,14,2,7,FALSE,7,7,FALSE,NA,NA,NA
K203,Kiili alev,K663,Tallinn,K203__Saustimõisa__1,Saustimõisa,14,2,8,FALSE,7,8,FALSE,NA,NA,NA
K203,Kiili alev,K663,Tallinn,K203__Sausti__1,Sausti,13,1,9,FALSE,13,4,FALSE,NA,NA,NA
K204,Kiili,K663,Tallinn,K204__Kiili__1,Kiili,90,2,1,TRUE,45,1,TRUE,NA,NA,NA
K204,Kiili,K663,Tallinn,K204__Kiili kool__1,Kiili kool,90,2,2,FALSE,45,2,FALSE,NA,NA,NA
K204,Kiili,K663,Tallinn,K204__Maksima__1,Maksima,90,2,3,FALSE,45,3,FALSE,NA,NA,NA
K205,Kiisa-Kurtna,K663,Tallinn,K205__Standard__1,Standard,42,2,1,TRUE,21,1,TRUE,NA,NA,NA
K205,Kiisa-Kurtna,K663,Tallinn,K205__Kiisa__1,Kiisa,32,2,2,FALSE,16,2,FALSE,NA,NA,NA
K205,Kiisa-Kurtna,K663,Tallinn,K205__Kiisa turg__1,Kiisa turg,27,2,3,FALSE,13,3,FALSE,NA,NA,NA
K205,Kiisa-Kurtna,K663,Tallinn,K205__Kiisapalu__1,Kiisapalu,27,2,4,FALSE,13,4,FALSE,NA,NA,NA
K205,Kiisa-Kurtna,K663,Tallinn,K205__Roobuka__1,Roobuka,23,2,5,FALSE,11,5,FALSE,NA,NA,NA
K205,Kiisa-Kurtna,K663,Tallinn,K205__Soonurme__1,Soonurme,22,1,6,FALSE,NA,NA,NA,NA,NA,NA
K205,Kiisa-Kurtna,K663,Tallinn,K205__Tagadi__1,Tagadi,22,2,7,FALSE,11,6,FALSE,NA,NA,NA
K205,Kiisa-Kurtna,K663,Tallinn,K205__Kiisa kauplus__1,Kiisa kauplus,19,2,8,FALSE,10,7,FALSE,NA,NA,NA
K205,Kiisa-Kurtna,K663,Tallinn,K205__Kiisa keskus__1,Kiisa keskus,19,2,9,FALSE,10,8,FALSE,NA,NA,NA
K205,Kiisa-Kurtna,K663,Tallinn,K205__Traksi__1,Traksi,18,2,10,FALSE,9,10,FALSE,NA,NA,NA
K205,Kiisa-Kurtna,K663,Tallinn,K205__Kurtna__1,Kurtna,17,2,11,FALSE,9,9,FALSE,NA,NA,NA
K205,Kiisa-Kurtna,K663,Tallinn,K205__Kurtna tiigi__1,Kurtna tiigi,2,2,12,FALSE,1,11,FALSE,NA,NA,NA
K205,Kiisa-Kurtna,K663,Tallinn,K205__Kurtna vana kool__1,Kurtna vana kool,2,2,13,FALSE,1,12,FALSE,NA,NA,NA
K205,Kiisa-Kurtna,K663,Tallinn,K205__Männiku/Tagadi__1,Männiku/Tagadi,2,2,14,FALSE,1,13,FALSE,NA,NA,NA
K205,Kiisa-Kurtna,K663,Tallinn,K205__Tagadi pood__1,Tagadi pood,2,2,15,FALSE,1,14,FALSE,NA,NA,NA
K206,Kiiu,K663,Tallinn,K206__Kiiu__1,Kiiu,41,2,1,TRUE,20,1,TRUE,NA,NA,NA
K206,Kiiu,K663,Tallinn,K206__Kiiu mõis__1,Kiiu mõis,33,2,2,FALSE,16,2,FALSE,NA,NA,NA
K206,Kiiu,K663,Tallinn,K206__Kiiu viadukt__1,Kiiu viadukt,22,2,3,FALSE,3,6,FALSE,NA,NA,NA
K206,Kiiu,K663,Tallinn,K206__Valkla tee__1,Valkla tee,16,1,4,FALSE,NA,NA,NA,NA,NA,NA
K206,Kiiu,K663,Tallinn,K206__Allika küla__1,Allika küla,7,2,5,FALSE,4,3,FALSE,NA,NA,NA
K206,Kiiu,K663,Tallinn,K206__Põhja küla__1,Põhja küla,7,2,6,FALSE,4,4,FALSE,NA,NA,NA
K206,Kiiu,K663,Tallinn,K206__Saare__1,Saare,7,2,7,FALSE,4,5,FALSE,NA,NA,NA
K207,Kikepera,K531,Pärnu linn,K207__Jõekääru__1,Jõekääru,4,2,1,TRUE,2,1,TRUE,NA,NA,NA
K207,Kikepera,K531,Pärnu linn,K207__Kilingi metskond__1,Kilingi metskond,4,2,2,FALSE,2,2,FALSE,NA,NA,NA
K207,Kikepera,K531,Pärnu linn,K207__Saunametsa__1,Saunametsa,4,2,3,FALSE,2,3,FALSE,NA,NA,NA
K207,Kikepera,K531,Pärnu linn,K207__Kikepera__1,Kikepera,2,1,4,FALSE,1,4,FALSE,NA,NA,NA
K207,Kikepera,K531,Pärnu linn,K207__Kruusaaugu__1,Kruusaaugu,2,2,5,FALSE,1,5,FALSE,NA,NA,NA
K207,Kikepera,K531,Pärnu linn,K207__Uutsoni__1,Uutsoni,2,1,6,FALSE,NA,NA,NA,NA,NA,NA
K208,Kilingi-Nõmme linn,K531,Pärnu linn,K208__Kilingi-Nõmme__1,Kilingi-Nõmme,45,1,1,TRUE,17,1,TRUE,NA,NA,NA
K208,Kilingi-Nõmme linn,K531,Pärnu linn,K208__Sauga kauplus__1,Sauga kauplus,30,2,2,FALSE,9,2,FALSE,NA,NA,NA
K208,Kilingi-Nõmme linn,K531,Pärnu linn,K208__Üleraudtee__1,Üleraudtee,22,2,3,FALSE,7,4,FALSE,NA,NA,NA
K208,Kilingi-Nõmme linn,K531,Pärnu linn,K208__Trükikoda__1,Trükikoda,18,2,4,FALSE,5,5,FALSE,NA,NA,NA
K208,Kilingi-Nõmme linn,K531,Pärnu linn,K208__Äärelinna__1,Äärelinna,13,2,5,FALSE,7,3,FALSE,NA,NA,NA
K209,Kiltsi-Vao,K663,Tallinn,K209__Kiltsi__1,Kiltsi,18,4,1,TRUE,4,1,TRUE,NA,NA,NA
K209,Kiltsi-Vao,K663,Tallinn,K209__Vao tee__1,Vao tee,10,2,2,FALSE,NA,NA,NA,NA,NA,NA
K209,Kiltsi-Vao,K663,Tallinn,K209__Liivaküla__1,Liivaküla,8,2,3,FALSE,NA,NA,NA,NA,NA,NA
K209,Kiltsi-Vao,K663,Tallinn,K209__Kiltsi mõis__1,Kiltsi mõis,2,1,4,FALSE,NA,NA,NA,NA,NA,NA
K209,Kiltsi-Vao,K663,Tallinn,K209__Vao__1,Vao,2,1,5,FALSE,NA,NA,NA,NA,NA,NA
K210,Kirbla,K663,Tallinn,K210__Kirbla__1,Kirbla,21,2,1,TRUE,2,1,TRUE,NA,NA,NA
K210,Kirbla,K663,Tallinn,K210__Kloostri tee__1,Kloostri tee,17,3,2,FALSE,NA,NA,NA,NA,NA,NA
K210,Kirbla,K663,Tallinn,K210__Kasari__1,Kasari,14,2,3,FALSE,NA,NA,NA,NA,NA,NA
K210,Kirbla,K663,Tallinn,K210__Käärdi__1,Käärdi,3,2,4,FALSE,NA,NA,NA,NA,NA,NA
K210,Kirbla,K663,Tallinn,K210__Lautna__1,Lautna,3,2,5,FALSE,NA,NA,NA,NA,NA,NA
K210,Kirbla,K663,Tallinn,K210__Rumba__1,Rumba,3,1,6,FALSE,NA,NA,NA,NA,NA,NA
K210,Kirbla,K663,Tallinn,K210__Seira__1,Seira,3,2,7,FALSE,NA,NA,NA,NA,NA,NA
K210,Kirbla,K663,Tallinn,K210__Vanamõisa__1,Vanamõisa,3,2,8,FALSE,NA,NA,NA,NA,NA,NA
K210,Kirbla,K663,Tallinn,K210__Võhma__1,Võhma,3,2,9,FALSE,NA,NA,NA,NA,NA,NA
K211,Kirna,K458,Paide linn,K211__Kirna__1,Kirna,53,2,1,TRUE,27,1,TRUE,NA,NA,NA
K211,Kirna,K458,Paide linn,K211__Kirna mägi__1,Kirna mägi,49,2,2,FALSE,25,2,FALSE,NA,NA,NA
K211,Kirna,K458,Paide linn,K211__Pala__1,Pala,4,2,3,FALSE,NA,NA,NA,NA,NA,NA
K211,Kirna,K458,Paide linn,K211__Saare tee__1,Saare tee,4,2,4,FALSE,NA,NA,NA,NA,NA,NA
K212,Kivi-Vigala,K663,Tallinn,K212__Kivi-Vigala__1,Kivi-Vigala,14,2,1,TRUE,1,2,FALSE,NA,NA,NA
K212,Kivi-Vigala,K663,Tallinn,K212__Raba__1,Raba,14,2,2,FALSE,1,4,FALSE,NA,NA,NA
K212,Kivi-Vigala,K663,Tallinn,K212__Poti__1,Poti,10,2,3,FALSE,1,3,FALSE,NA,NA,NA
K212,Kivi-Vigala,K663,Tallinn,K212__Jädivere__1,Jädivere,6,2,4,FALSE,1,1,TRUE,NA,NA,NA
K212,Kivi-Vigala,K663,Tallinn,K212__Leibre__1,Leibre,4,2,5,FALSE,NA,NA,NA,NA,NA,NA
K212,Kivi-Vigala,K663,Tallinn,K212__Manni__1,Manni,4,2,6,FALSE,NA,NA,NA,NA,NA,NA
K213,Kiviõli linn,K213,Kiviõli linn,K213__Keskuse__1,Keskuse,49,2,1,TRUE,NA,NA,NA,33,1,TRUE
K213,Kiviõli linn,K213,Kiviõli linn,K213__Kunstikooli__1,Kunstikooli,43,2,2,FALSE,NA,NA,NA,30,2,FALSE
K213,Kiviõli linn,K213,Kiviõli linn,K213__Kiviõli jaam__1,Kiviõli jaam,40,5,3,FALSE,NA,NA,NA,23,3,FALSE
K213,Kiviõli linn,K213,Kiviõli linn,K213__Staadioni__1,Staadioni,28,2,4,FALSE,NA,NA,NA,20,4,FALSE
K213,Kiviõli linn,K213,Kiviõli linn,K213__Kiviõli__2,Kiviõli,24,2,5,FALSE,NA,NA,NA,14,7,FALSE
K213,Kiviõli linn,K213,Kiviõli linn,K213__Graniidi__1,Graniidi,18,2,6,FALSE,NA,NA,NA,15,5,FALSE
K213,Kiviõli linn,K213,Kiviõli linn,K213__Küttejõu rist__1,Küttejõu rist,18,3,7,FALSE,NA,NA,NA,15,6,FALSE
K213,Kiviõli linn,K213,Kiviõli linn,K213__Soo__1,Soo,16,1,8,FALSE,NA,NA,NA,14,8,FALSE
K213,Kiviõli linn,K213,Kiviõli linn,K213__Kuuse__1,Kuuse,15,2,9,FALSE,NA,NA,NA,10,10,FALSE
K213,Kiviõli linn,K213,Kiviõli linn,K213__Varinurme__1,Varinurme,15,2,10,FALSE,NA,NA,NA,10,11,FALSE
K213,Kiviõli linn,K213,Kiviõli linn,K213__Tervisekeskuse__1,Tervisekeskuse,12,2,11,FALSE,NA,NA,NA,12,9,FALSE
K213,Kiviõli linn,K213,Kiviõli linn,K213__Kiviõli__1,Kiviõli,10,2,12,FALSE,NA,NA,NA,6,17,FALSE
K213,Kiviõli linn,K213,Kiviõli linn,K213__Karja__1,Karja,9,1,13,FALSE,NA,NA,NA,6,15,FALSE
K213,Kiviõli linn,K213,Kiviõli linn,K213__Karjääri__1,Karjääri,9,2,14,FALSE,NA,NA,NA,6,16,FALSE
K213,Kiviõli linn,K213,Kiviõli linn,K213__Küttejõu__1,Küttejõu,9,2,15,FALSE,NA,NA,NA,6,18,FALSE
K213,Kiviõli linn,K213,Kiviõli linn,K213__Lepa tee__1,Lepa tee,9,2,16,FALSE,NA,NA,NA,6,19,FALSE
K213,Kiviõli linn,K213,Kiviõli linn,K213__Uus__1,Uus,9,1,17,FALSE,NA,NA,NA,7,14,FALSE
K213,Kiviõli linn,K213,Kiviõli linn,K213__Maidla tee__1,Maidla tee,8,1,18,FALSE,NA,NA,NA,8,12,FALSE
K213,Kiviõli linn,K213,Kiviõli linn,K213__Pargi__1,Pargi,8,1,19,FALSE,NA,NA,NA,5,20,FALSE
K213,Kiviõli linn,K213,Kiviõli linn,K213__Raudtee__1,Raudtee,7,1,20,FALSE,NA,NA,NA,7,13,FALSE
K213,Kiviõli linn,K213,Kiviõli linn,K213__Vabaduse__1,Vabaduse,6,2,21,FALSE,NA,NA,NA,4,22,FALSE
K213,Kiviõli linn,K213,Kiviõli linn,K213__Lasteaia__1,Lasteaia,5,1,22,FALSE,NA,NA,NA,3,23,FALSE
K213,Kiviõli linn,K213,Kiviõli linn,K213__Vana-Sillaotsa__1,Vana-Sillaotsa,5,1,23,FALSE,NA,NA,NA,5,21,FALSE
K213,Kiviõli linn,K213,Kiviõli linn,K213__Säde__1,Säde,4,1,24,FALSE,NA,NA,NA,2,24,FALSE
K214,Klooga,K663,Tallinn,K214__Klooga__1,Klooga,43,2,1,TRUE,22,1,TRUE,NA,NA,NA
K214,Klooga,K663,Tallinn,K214__Klooga aedlinn__1,Klooga aedlinn,34,2,2,FALSE,17,2,FALSE,NA,NA,NA
K214,Klooga,K663,Tallinn,K214__Põllküla__1,Põllküla,18,2,3,FALSE,9,6,FALSE,NA,NA,NA
K214,Klooga,K663,Tallinn,K214__Klooga raudteejaam__1,Klooga raudteejaam,17,2,4,FALSE,9,5,FALSE,NA,NA,NA
K214,Klooga,K663,Tallinn,K214__Klooga kool__1,Klooga kool,16,2,5,FALSE,9,3,FALSE,NA,NA,NA
K214,Klooga,K663,Tallinn,K214__Klooga pood__1,Klooga pood,16,2,6,FALSE,9,4,FALSE,NA,NA,NA
K214,Klooga,K663,Tallinn,K214__Laoküla__2,Laoküla,16,2,7,FALSE,8,7,FALSE,NA,NA,NA
K214,Klooga,K663,Tallinn,K214__Laoküla__1,Laoküla,9,2,8,FALSE,1,8,FALSE,NA,NA,NA
K214,Klooga,K663,Tallinn,K214__Mereääre__1,Mereääre,5,1,9,FALSE,1,9,FALSE,NA,NA,NA
K214,Klooga,K663,Tallinn,K214__Põllküla jaam__1,Põllküla jaam,2,1,10,FALSE,NA,NA,NA,NA,NA,NA
K215,Kloogaranna,K663,Tallinn,K215__Treppoja rist__1,Treppoja rist,65,2,1,TRUE,22,5,FALSE,NA,NA,NA
K215,Kloogaranna,K663,Tallinn,K215__Adruvahi__1,Adruvahi,60,2,2,FALSE,22,2,FALSE,NA,NA,NA
K215,Kloogaranna,K663,Tallinn,K215__Aida__1,Aida,60,2,3,FALSE,22,3,FALSE,NA,NA,NA
K215,Kloogaranna,K663,Tallinn,K215__Kersalu__1,Kersalu,58,2,4,FALSE,22,4,FALSE,NA,NA,NA
K215,Kloogaranna,K663,Tallinn,K215__Türnpu park__1,Türnpu park,54,2,5,FALSE,31,1,TRUE,NA,NA,NA
K215,Kloogaranna,K663,Tallinn,K215__Kloogaranna noortelaager__1,Kloogaranna noortelaager,41,2,6,FALSE,14,7,FALSE,NA,NA,NA
K215,Kloogaranna,K663,Tallinn,K215__Raudkotka__1,Raudkotka,41,2,7,FALSE,14,8,FALSE,NA,NA,NA
K215,Kloogaranna,K663,Tallinn,K215__Treppoja__1,Treppoja,41,2,8,FALSE,14,9,FALSE,NA,NA,NA
K215,Kloogaranna,K663,Tallinn,K215__Vanaranna tee__1,Vanaranna tee,28,1,9,FALSE,22,6,FALSE,NA,NA,NA
K215,Kloogaranna,K663,Tallinn,K215__Kloogaranna rongijaam__1,Kloogaranna rongijaam,10,1,10,FALSE,5,11,FALSE,NA,NA,NA
K215,Kloogaranna,K663,Tallinn,K215__Kloogaranna__1,Kloogaranna,9,2,11,FALSE,5,10,FALSE,NA,NA,NA
K215,Kloogaranna,K663,Tallinn,K215__Kõviste__1,Kõviste,7,1,12,FALSE,NA,NA,NA,NA,NA,NA
K216,Kloostri,K663,Tallinn,K216__Kloostri__1,Kloostri,3,2,1,TRUE,NA,NA,NA,NA,NA,NA
K216,Kloostri,K663,Tallinn,K216__Pagasi__1,Pagasi,3,2,2,FALSE,NA,NA,NA,NA,NA,NA
K217,Kobela,K813,Võru linn,K217__Aladi__1,Aladi,6,2,1,TRUE,NA,NA,NA,NA,NA,NA
K217,Kobela,K813,Võru linn,K217__Kobela__1,Kobela,6,2,2,FALSE,NA,NA,NA,NA,NA,NA
K217,Kobela,K813,Võru linn,K217__Marati__1,Marati,6,2,3,FALSE,NA,NA,NA,NA,NA,NA
K217,Kobela,K813,Võru linn,K217__Vastsekivi__1,Vastsekivi,6,2,4,FALSE,NA,NA,NA,NA,NA,NA
K217,Kobela,K813,Võru linn,K217__Inno__1,Inno,1,1,5,FALSE,NA,NA,NA,NA,NA,NA
K219,Kodasoo,K663,Tallinn,K219__Kivisilla__1,Kivisilla,30,2,1,TRUE,14,1,TRUE,NA,NA,NA
K219,Kodasoo,K663,Tallinn,K219__Kodasoo__1,Kodasoo,30,2,2,FALSE,14,2,FALSE,NA,NA,NA
K219,Kodasoo,K663,Tallinn,K219__Kääniku__1,Kääniku,15,2,3,FALSE,8,3,FALSE,NA,NA,NA
K219,Kodasoo,K663,Tallinn,K219__Haavakannu__1,Haavakannu,8,2,4,FALSE,4,4,FALSE,NA,NA,NA
K219,Kodasoo,K663,Tallinn,K219__Kaberla__1,Kaberla,8,2,5,FALSE,4,5,FALSE,NA,NA,NA
K220,Kodila,K663,Tallinn,K220__Kodila tee__1,Kodila tee,16,4,1,TRUE,NA,NA,NA,NA,NA,NA
K220,Kodila,K663,Tallinn,K220__Kodila__1,Kodila,14,2,2,FALSE,NA,NA,NA,NA,NA,NA
K220,Kodila,K663,Tallinn,K220__Raka__1,Raka,12,2,3,FALSE,NA,NA,NA,NA,NA,NA
K220,Kodila,K663,Tallinn,K220__Kelba tee__1,Kelba tee,10,2,4,FALSE,NA,NA,NA,NA,NA,NA
K220,Kodila,K663,Tallinn,K220__Muti__1,Muti,10,2,5,FALSE,NA,NA,NA,NA,NA,NA
K220,Kodila,K663,Tallinn,K220__Kelba__1,Kelba,6,2,6,FALSE,NA,NA,NA,NA,NA,NA
K220,Kodila,K663,Tallinn,K220__Vardi tee__1,Vardi tee,6,2,7,FALSE,NA,NA,NA,NA,NA,NA
K220,Kodila,K663,Tallinn,K220__Lipstu tee__1,Lipstu tee,4,2,8,FALSE,NA,NA,NA,NA,NA,NA
K220,Kodila,K663,Tallinn,K220__Ohulepa__1,Ohulepa,4,2,9,FALSE,NA,NA,NA,NA,NA,NA
K220,Kodila,K663,Tallinn,K220__Palamulla__1,Palamulla,4,2,10,FALSE,NA,NA,NA,NA,NA,NA
K220,Kodila,K663,Tallinn,K220__Ohulepa mõis__1,Ohulepa mõis,2,1,11,FALSE,NA,NA,NA,NA,NA,NA
K221,Koeru,K663,Tallinn,K221__Aruküla__1,Aruküla,17,2,1,TRUE,NA,NA,NA,NA,NA,NA
K221,Koeru,K663,Tallinn,K221__Koeru__1,Koeru,17,1,2,FALSE,NA,NA,NA,NA,NA,NA
K221,Koeru,K663,Tallinn,K221__Santovi__1,Santovi,9,2,3,FALSE,NA,NA,NA,NA,NA,NA
K221,Koeru,K663,Tallinn,K221__Puhmu__1,Puhmu,8,2,4,FALSE,NA,NA,NA,NA,NA,NA
K221,Koeru,K663,Tallinn,K221__Vabadussamba__1,Vabadussamba,8,1,5,FALSE,NA,NA,NA,NA,NA,NA
K221,Koeru,K663,Tallinn,K221__Kapu__1,Kapu,7,2,6,FALSE,NA,NA,NA,NA,NA,NA
K221,Koeru,K663,Tallinn,K221__Jaani tee__1,Jaani tee,3,1,7,FALSE,NA,NA,NA,NA,NA,NA
K221,Koeru,K663,Tallinn,K221__Vahuküla__1,Vahuküla,3,2,8,FALSE,NA,NA,NA,NA,NA,NA
K222,Kohila alev,K663,Tallinn,K222__Lohu__2,Lohu,23,2,1,TRUE,11,1,TRUE,NA,NA,NA
K222,Kohila alev,K663,Tallinn,K222__Vilivere__1,Vilivere,23,2,2,FALSE,11,3,FALSE,NA,NA,NA
K222,Kohila alev,K663,Tallinn,K222__Urge__1,Urge,22,2,3,FALSE,11,2,FALSE,NA,NA,NA
K222,Kohila alev,K663,Tallinn,K222__Lohu__1,Lohu,9,2,4,FALSE,4,4,FALSE,NA,NA,NA
K222,Kohila alev,K663,Tallinn,K222__Masti__1,Masti,9,2,5,FALSE,NA,NA,NA,NA,NA,NA
K222,Kohila alev,K663,Tallinn,K222__Mälivere__1,Mälivere,9,2,6,FALSE,4,5,FALSE,NA,NA,NA
K222,Kohila alev,K663,Tallinn,K222__Urgemäe__1,Urgemäe,7,2,7,FALSE,NA,NA,NA,NA,NA,NA
K222,Kohila alev,K663,Tallinn,K222__Linnuse__1,Linnuse,5,1,8,FALSE,2,6,FALSE,NA,NA,NA
K222,Kohila alev,K663,Tallinn,K222__Pukamäe__1,Pukamäe,5,2,9,FALSE,2,7,FALSE,NA,NA,NA
K222,Kohila alev,K663,Tallinn,K222__Jaagumardi__1,Jaagumardi,3,2,10,FALSE,NA,NA,NA,NA,NA,NA
K222,Kohila alev,K663,Tallinn,K222__Mäevana__1,Mäevana,3,1,11,FALSE,NA,NA,NA,NA,NA,NA
K222,Kohila alev,K663,Tallinn,K222__Raasi__1,Raasi,3,2,12,FALSE,NA,NA,NA,NA,NA,NA
K222,Kohila alev,K663,Tallinn,K222__Riketsi__1,Riketsi,2,1,13,FALSE,NA,NA,NA,NA,NA,NA
K223,Kohila,K663,Tallinn,K223__Kohila__1,Kohila,35,2,1,TRUE,11,2,FALSE,NA,NA,NA
K223,Kohila,K663,Tallinn,K223__Kohila__2,Kohila,34,2,2,FALSE,17,1,TRUE,NA,NA,NA
K223,Kohila,K663,Tallinn,K223__Kohila raudteejaam__1,Kohila raudteejaam,29,2,3,FALSE,7,3,FALSE,NA,NA,NA
K223,Kohila,K663,Tallinn,K223__Vabaduse__1,Vabaduse,28,2,4,FALSE,7,4,FALSE,NA,NA,NA
K223,Kohila,K663,Tallinn,K223__Tohisoo__1,Tohisoo,9,2,5,FALSE,4,5,FALSE,NA,NA,NA
K223,Kohila,K663,Tallinn,K223__Gümnaasiumi__1,Gümnaasiumi,2,2,6,FALSE,NA,NA,NA,NA,NA,NA
K223,Kohila,K663,Tallinn,K223__Viigi__1,Viigi,2,1,7,FALSE,NA,NA,NA,NA,NA,NA
K224,Kohtla,K225,Kohtla-Järve linn,K224__Mööblivabrik__1,Mööblivabrik,68,2,1,TRUE,52,1,TRUE,NA,NA,NA
K224,Kohtla,K225,Kohtla-Järve linn,K224__Raudteeülesõit__1,Raudteeülesõit,68,2,2,FALSE,52,2,FALSE,NA,NA,NA
K224,Kohtla,K225,Kohtla-Järve linn,K224__Vanaküla__1,Vanaküla,68,2,3,FALSE,52,3,FALSE,NA,NA,NA
K224,Kohtla,K225,Kohtla-Järve linn,K224__Servaääre__1,Servaääre,36,2,4,FALSE,36,4,FALSE,NA,NA,NA
K224,Kohtla,K225,Kohtla-Järve linn,K224__Vitsiku__1,Vitsiku,36,2,5,FALSE,36,5,FALSE,NA,NA,NA
K224,Kohtla,K225,Kohtla-Järve linn,K224__Heina__1,Heina,32,2,6,FALSE,16,6,FALSE,NA,NA,NA
K224,Kohtla,K225,Kohtla-Järve linn,K224__Kase__1,Kase,32,2,7,FALSE,16,7,FALSE,NA,NA,NA
K224,Kohtla,K225,Kohtla-Järve linn,K224__Kohtla jaam__1,Kohtla jaam,32,2,8,FALSE,16,8,FALSE,NA,NA,NA
K225,Kohtla-Järve linn,K225,Kohtla-Järve linn,K225__Virumaa kolledž__1,Virumaa kolledž,316,2,1,TRUE,NA,NA,NA,113,2,FALSE
K225,Kohtla-Järve linn,K225,Kohtla-Järve linn,K225__Lydia Koidula__1,Lydia Koidula,288,2,2,FALSE,NA,NA,NA,113,1,TRUE
K225,Kohtla-Järve linn,K225,Kohtla-Järve linn,K225__Pargitaguse__1,Pargitaguse,238,2,3,FALSE,NA,NA,NA,71,6,FALSE
K225,Kohtla-Järve linn,K225,Kohtla-Järve linn,K225__Keskallee__1,Keskallee,207,2,4,FALSE,NA,NA,NA,85,3,FALSE
K225,Kohtla-Järve linn,K225,Kohtla-Järve linn,K225__Kalevi__1,Kalevi,173,3,5,FALSE,NA,NA,NA,69,7,FALSE
K225,Kohtla-Järve linn,K225,Kohtla-Järve linn,K225__Ahtme keskus__1,Ahtme keskus,152,2,6,FALSE,NA,NA,NA,51,12,FALSE
K225,Kohtla-Järve linn,K225,Kohtla-Järve linn,K225__Vanalinn__1,Vanalinn,149,3,7,FALSE,NA,NA,NA,83,4,FALSE
K225,Kohtla-Järve linn,K225,Kohtla-Järve linn,K225__Rahvapargi__1,Rahvapargi,148,2,8,FALSE,NA,NA,NA,82,5,FALSE
K225,Kohtla-Järve linn,K225,Kohtla-Järve linn,K225__Ahtme kaubakeskus__1,Ahtme kaubakeskus,144,2,9,FALSE,NA,NA,NA,45,14,FALSE
K225,Kohtla-Järve linn,K225,Kohtla-Järve linn,K225__Altserva__1,Altserva,137,2,10,FALSE,NA,NA,NA,54,8,FALSE
K225,Kohtla-Järve linn,K225,Kohtla-Järve linn,K225__Lehola__1,Lehola,137,2,11,FALSE,NA,NA,NA,54,9,FALSE
K225,Kohtla-Järve linn,K225,Kohtla-Järve linn,K225__Sõpruse__1,Sõpruse,137,2,12,FALSE,NA,NA,NA,54,10,FALSE
K225,Kohtla-Järve linn,K225,Kohtla-Järve linn,K225__Keskhaigla__1,Keskhaigla,130,2,13,FALSE,NA,NA,NA,38,20,FALSE
K225,Kohtla-Järve linn,K225,Kohtla-Järve linn,K225__Ahtme põhikool__1,Ahtme põhikool,123,2,14,FALSE,NA,NA,NA,45,15,FALSE
K225,Kohtla-Järve linn,K225,Kohtla-Järve linn,K225__Ahtme spordihall__1,Ahtme spordihall,123,2,15,FALSE,NA,NA,NA,43,17,FALSE
K225,Kohtla-Järve linn,K225,Kohtla-Järve linn,K225__Olevi__1,Olevi,120,2,16,FALSE,NA,NA,NA,42,19,FALSE
K225,Kohtla-Järve linn,K225,Kohtla-Järve linn,K225__Kastaniallee__1,Kastaniallee,111,2,17,FALSE,NA,NA,NA,43,18,FALSE
K225,Kohtla-Järve linn,K225,Kohtla-Järve linn,K225__Ridaküla__1,Ridaküla,110,2,18,FALSE,NA,NA,NA,51,13,FALSE
K225,Kohtla-Järve linn,K225,Kohtla-Järve linn,K225__Õpetajate__1,Õpetajate,102,2,19,FALSE,NA,NA,NA,45,16,FALSE
K225,Kohtla-Järve linn,K225,Kohtla-Järve linn,K225__Vironia__1,Vironia,89,2,20,FALSE,NA,NA,NA,53,11,FALSE
K225,Kohtla-Järve linn,K225,Kohtla-Järve linn,K225__Käva__1,Käva,68,2,21,FALSE,NA,NA,NA,35,21,FALSE
K225,Kohtla-Järve linn,K225,Kohtla-Järve linn,K225__Piiri__1,Piiri,68,2,22,FALSE,NA,NA,NA,35,22,FALSE
K225,Kohtla-Järve linn,K225,Kohtla-Järve linn,K225__Tööstuse__1,Tööstuse,68,2,23,FALSE,NA,NA,NA,35,23,FALSE
K225,Kohtla-Järve linn,K225,Kohtla-Järve linn,K225__Õuna__1,Õuna,68,2,24,FALSE,NA,NA,NA,35,24,FALSE
K225,Kohtla-Järve linn,K225,Kohtla-Järve linn,K225__Iidla__1,Iidla,62,1,25,FALSE,NA,NA,NA,28,26,FALSE
K225,Kohtla-Järve linn,K225,Kohtla-Järve linn,K225__Loomemaja__1,Loomemaja,61,1,26,FALSE,NA,NA,NA,30,25,FALSE
K225,Kohtla-Järve linn,K225,Kohtla-Järve linn,K225__Kultuurimaja__1,Kultuurimaja,59,1,27,FALSE,NA,NA,NA,12,34,FALSE
K225,Kohtla-Järve linn,K225,Kohtla-Järve linn,K225__Spordikeskus__1,Spordikeskus,59,1,28,FALSE,NA,NA,NA,12,35,FALSE
K225,Kohtla-Järve linn,K225,Kohtla-Järve linn,K225__Tammiku rist__1,Tammiku rist,55,2,29,FALSE,NA,NA,NA,12,37,FALSE
K225,Kohtla-Järve linn,K225,Kohtla-Järve linn,K225__Mõisa tee__1,Mõisa tee,52,2,30,FALSE,NA,NA,NA,26,27,FALSE
K225,Kohtla-Järve linn,K225,Kohtla-Järve linn,K225__Ravi__1,Ravi,52,1,31,FALSE,NA,NA,NA,26,28,FALSE
K225,Kohtla-Järve linn,K225,Kohtla-Järve linn,K225__Tervise__1,Tervise,52,1,32,FALSE,NA,NA,NA,26,29,FALSE
K225,Kohtla-Järve linn,K225,Kohtla-Järve linn,K225__Outokumpu__1,Outokumpu,42,1,33,FALSE,NA,NA,NA,NA,NA,NA
K225,Kohtla-Järve linn,K225,Kohtla-Järve linn,K225__Rutiku__1,Rutiku,36,2,34,FALSE,NA,NA,NA,24,30,FALSE
K225,Kohtla-Järve linn,K225,Kohtla-Järve linn,K225__Apteek__1,Apteek,26,1,35,FALSE,NA,NA,NA,1,50,FALSE
K225,Kohtla-Järve linn,K225,Kohtla-Järve linn,K225__Kunstide kool__1,Kunstide kool,26,1,36,FALSE,NA,NA,NA,16,31,FALSE
K225,Kohtla-Järve linn,K225,Kohtla-Järve linn,K225__Ahtme maantee__1,Ahtme maantee,25,2,37,FALSE,NA,NA,NA,9,43,FALSE
K225,Kohtla-Järve linn,K225,Kohtla-Järve linn,K225__Asfalditehas__1,Asfalditehas,25,2,38,FALSE,NA,NA,NA,9,44,FALSE
K225,Kohtla-Järve linn,K225,Kohtla-Järve linn,K225__Sompa teerist__1,Sompa teerist,25,2,39,FALSE,NA,NA,NA,13,32,FALSE
K225,Kohtla-Järve linn,K225,Kohtla-Järve linn,K225__Vana-Ahtme__1,Vana-Ahtme,25,2,40,FALSE,NA,NA,NA,9,45,FALSE
K225,Kohtla-Järve linn,K225,Kohtla-Järve linn,K225__Betooni__1,Betooni,23,2,41,FALSE,NA,NA,NA,11,38,FALSE
K225,Kohtla-Järve linn,K225,Kohtla-Järve linn,K225__Kanarbiku__1,Kanarbiku,23,2,42,FALSE,NA,NA,NA,11,39,FALSE
K225,Kohtla-Järve linn,K225,Kohtla-Järve linn,K225__Katse__1,Katse,23,1,43,FALSE,NA,NA,NA,12,33,FALSE
K225,Kohtla-Järve linn,K225,Kohtla-Järve linn,K225__Kelluka__1,Kelluka,23,2,44,FALSE,NA,NA,NA,11,40,FALSE
K225,Kohtla-Järve linn,K225,Kohtla-Järve linn,K225__Sompa kaevandus__1,Sompa kaevandus,23,2,45,FALSE,NA,NA,NA,11,41,FALSE
K225,Kohtla-Järve linn,K225,Kohtla-Järve linn,K225__Võrgu__1,Võrgu,23,2,46,FALSE,NA,NA,NA,11,42,FALSE
K225,Kohtla-Järve linn,K225,Kohtla-Järve linn,K225__Maleva__1,Maleva,21,1,47,FALSE,NA,NA,NA,NA,NA,NA
K225,Kohtla-Järve linn,K225,Kohtla-Järve linn,K225__Oru kauplus__1,Oru kauplus,19,1,48,FALSE,NA,NA,NA,NA,NA,NA
K225,Kohtla-Järve linn,K225,Kohtla-Järve linn,K225__Ritsika__1,Ritsika,19,1,49,FALSE,NA,NA,NA,7,46,FALSE
K225,Kohtla-Järve linn,K225,Kohtla-Järve linn,K225__Sõnajala__1,Sõnajala,19,1,50,FALSE,NA,NA,NA,7,47,FALSE
K225,Kohtla-Järve linn,K225,Kohtla-Järve linn,K225__Ilmajaam__1,Ilmajaam,18,1,51,FALSE,NA,NA,NA,2,49,FALSE
K225,Kohtla-Järve linn,K225,Kohtla-Järve linn,K225__Oru__2,Oru,18,1,52,FALSE,NA,NA,NA,NA,NA,NA
K225,Kohtla-Järve linn,K225,Kohtla-Järve linn,K225__Oru klubi__1,Oru klubi,13,1,53,FALSE,NA,NA,NA,NA,NA,NA
K225,Kohtla-Järve linn,K225,Kohtla-Järve linn,K225__Sõpruskivi__1,Sõpruskivi,12,1,54,FALSE,NA,NA,NA,12,36,FALSE
K225,Kohtla-Järve linn,K225,Kohtla-Järve linn,K225__Veski__1,Veski,8,1,55,FALSE,NA,NA,NA,NA,NA,NA
K225,Kohtla-Järve linn,K225,Kohtla-Järve linn,K225__Oru__1,Oru,6,2,56,FALSE,NA,NA,NA,3,48,FALSE
K225,Kohtla-Järve linn,K225,Kohtla-Järve linn,K225__Viru Keemia Grupp__1,Viru Keemia Grupp,5,1,57,FALSE,NA,NA,NA,NA,NA,NA
K225,Kohtla-Järve linn,K225,Kohtla-Järve linn,K225__Biopuhastus__1,Biopuhastus,2,1,58,FALSE,NA,NA,NA,1,51,FALSE
K225,Kohtla-Järve linn,K225,Kohtla-Järve linn,K225__Elektrijaam__1,Elektrijaam,2,1,59,FALSE,NA,NA,NA,1,52,FALSE
K225,Kohtla-Järve linn,K225,Kohtla-Järve linn,K225__Freen__1,Freen,2,1,60,FALSE,NA,NA,NA,1,53,FALSE
K225,Kohtla-Järve linn,K225,Kohtla-Järve linn,K225__Kohtla-Järve bussijaam__1,Kohtla-Järve bussijaam,2,1,61,FALSE,NA,NA,NA,NA,NA,NA
K225,Kohtla-Järve linn,K225,Kohtla-Järve linn,K225__Tööstuspark__1,Tööstuspark,2,1,62,FALSE,NA,NA,NA,1,54,FALSE
K226,Kohtla-Nõmme alev,K225,Kohtla-Järve linn,K226__Kooli__1,Kooli,32,2,1,TRUE,16,1,TRUE,NA,NA,NA
K226,Kohtla-Nõmme alev,K225,Kohtla-Järve linn,K226__Tähe__1,Tähe,32,2,2,FALSE,16,2,FALSE,NA,NA,NA
K226,Kohtla-Nõmme alev,K225,Kohtla-Järve linn,K226__Jaama__1,Jaama,24,2,3,FALSE,12,3,FALSE,NA,NA,NA
K226,Kohtla-Nõmme alev,K225,Kohtla-Järve linn,K226__Kaevanduspark__1,Kaevanduspark,24,1,4,FALSE,12,4,FALSE,NA,NA,NA
K226,Kohtla-Nõmme alev,K225,Kohtla-Järve linn,K226__Klubi__1,Klubi,8,2,5,FALSE,4,5,FALSE,NA,NA,NA
K226,Kohtla-Nõmme alev,K225,Kohtla-Järve linn,K226__Kohtla-Nõmme jaam__1,Kohtla-Nõmme jaam,8,1,6,FALSE,4,6,FALSE,NA,NA,NA
K226,Kohtla-Nõmme alev,K225,Kohtla-Järve linn,K226__Kohtla-Nõmme__1,Kohtla-Nõmme,6,2,7,FALSE,3,7,FALSE,NA,NA,NA
K227,Koigi,K458,Paide linn,K227__Koigi__1,Koigi,22,2,1,TRUE,11,1,TRUE,NA,NA,NA
K227,Koigi,K458,Paide linn,K227__Koigi kool__1,Koigi kool,11,2,2,FALSE,8,2,FALSE,NA,NA,NA
K227,Koigi,K458,Paide linn,K227__Prandi__1,Prandi,11,1,3,FALSE,5,3,FALSE,NA,NA,NA
K227,Koigi,K458,Paide linn,K227__Huuksi__1,Huuksi,5,2,4,FALSE,3,4,FALSE,NA,NA,NA
K227,Koigi,K458,Paide linn,K227__Huuksi metskond__1,Huuksi metskond,5,2,5,FALSE,3,5,FALSE,NA,NA,NA
K227,Koigi,K458,Paide linn,K227__Tamsi__1,Tamsi,5,2,6,FALSE,3,6,FALSE,NA,NA,NA
K228,Koikküla,K740,Valga linn,K228__Koikküla__1,Koikküla,8,2,1,TRUE,4,1,TRUE,NA,NA,NA
K228,Koikküla,K740,Valga linn,K228__Lepa__1,Lepa,8,2,2,FALSE,4,2,FALSE,NA,NA,NA
K228,Koikküla,K740,Valga linn,K228__Ruusa__1,Ruusa,8,2,3,FALSE,4,4,FALSE,NA,NA,NA
K228,Koikküla,K740,Valga linn,K228__Pügeri__1,Pügeri,4,1,4,FALSE,4,3,FALSE,NA,NA,NA
K229,Kokora,K674,Tartu linn,K229__Kokora__1,Kokora,8,2,1,TRUE,4,1,TRUE,NA,NA,NA
K229,Kokora,K674,Tartu linn,K229__Tõruvere__1,Tõruvere,6,2,2,FALSE,4,3,FALSE,NA,NA,NA
K229,Kokora,K674,Tartu linn,K229__Välja__1,Välja,5,2,3,FALSE,3,4,FALSE,NA,NA,NA
K229,Kokora,K674,Tartu linn,K229__Kokora rist__1,Kokora rist,4,1,4,FALSE,4,2,FALSE,NA,NA,NA
K229,Kokora,K674,Tartu linn,K229__Mäike__1,Mäike,4,2,5,FALSE,2,6,FALSE,NA,NA,NA
K229,Kokora,K674,Tartu linn,K229__Mustjärve__1,Mustjärve,3,2,6,FALSE,2,5,FALSE,NA,NA,NA
K229,Kokora,K674,Tartu linn,K229__Savastvere__1,Savastvere,3,2,7,FALSE,2,7,FALSE,NA,NA,NA
K229,Kokora,K674,Tartu linn,K229__Koidumetsa__1,Koidumetsa,1,1,8,FALSE,1,8,FALSE,NA,NA,NA
K230,Koksvere,K663,Tallinn,K230__Võhma rist__1,Võhma rist,27,2,1,TRUE,6,1,TRUE,NA,NA,NA
K230,Koksvere,K663,Tallinn,K230__Koksvere__1,Koksvere,17,2,2,FALSE,NA,NA,NA,NA,NA,NA
K230,Koksvere,K663,Tallinn,K230__Soomevere__1,Soomevere,17,2,3,FALSE,NA,NA,NA,NA,NA,NA
K230,Koksvere,K663,Tallinn,K230__Uduallika__1,Uduallika,10,1,4,FALSE,NA,NA,NA,NA,NA,NA
K231,Kolga,K663,Tallinn,K231__Ulliallika__1,Ulliallika,41,2,1,TRUE,19,1,TRUE,NA,NA,NA
K231,Kolga,K663,Tallinn,K231__Kolga__1,Kolga,27,2,2,FALSE,13,2,FALSE,NA,NA,NA
K231,Kolga,K663,Tallinn,K231__Männiku-Kõrtsi__1,Männiku-Kõrtsi,11,1,3,FALSE,NA,NA,NA,NA,NA,NA
K231,Kolga,K663,Tallinn,K231__Viru raba__1,Viru raba,8,1,4,FALSE,NA,NA,NA,NA,NA,NA
K232,Kolga-Jaani,K789,Viljandi linn,K232__Kolga-Jaani__1,Kolga-Jaani,15,1,1,TRUE,7,1,TRUE,NA,NA,NA
K232,Kolga-Jaani,K789,Viljandi linn,K232__Adra__1,Adra,8,2,2,FALSE,2,19,FALSE,NA,NA,NA
K232,Kolga-Jaani,K789,Viljandi linn,K232__Ahjupera__1,Ahjupera,8,2,3,FALSE,2,20,FALSE,NA,NA,NA
K232,Kolga-Jaani,K789,Viljandi linn,K232__Ennu__1,Ennu,8,2,4,FALSE,5,2,FALSE,NA,NA,NA
K232,Kolga-Jaani,K789,Viljandi linn,K232__Järtsaare__1,Järtsaare,8,2,5,FALSE,5,3,FALSE,NA,NA,NA
K232,Kolga-Jaani,K789,Viljandi linn,K232__Kooli__1,Kooli,8,2,6,FALSE,5,4,FALSE,NA,NA,NA
K232,Kolga-Jaani,K789,Viljandi linn,K232__Liivasaare__1,Liivasaare,8,2,7,FALSE,2,22,FALSE,NA,NA,NA
K232,Kolga-Jaani,K789,Viljandi linn,K232__Süsivere__1,Süsivere,8,2,8,FALSE,2,26,FALSE,NA,NA,NA
K232,Kolga-Jaani,K789,Viljandi linn,K232__Türsa__1,Türsa,8,2,9,FALSE,5,11,FALSE,NA,NA,NA
K232,Kolga-Jaani,K789,Viljandi linn,K232__Vaiatu__1,Vaiatu,8,2,10,FALSE,5,12,FALSE,NA,NA,NA
K232,Kolga-Jaani,K789,Viljandi linn,K232__Vissuvere__1,Vissuvere,8,2,11,FALSE,5,13,FALSE,NA,NA,NA
K232,Kolga-Jaani,K789,Viljandi linn,K232__Lutsu__1,Lutsu,7,2,12,FALSE,5,5,FALSE,NA,NA,NA
K232,Kolga-Jaani,K789,Viljandi linn,K232__Oorgu__1,Oorgu,7,2,13,FALSE,5,6,FALSE,NA,NA,NA
K232,Kolga-Jaani,K789,Viljandi linn,K232__Parika__1,Parika,7,2,14,FALSE,5,7,FALSE,NA,NA,NA
K232,Kolga-Jaani,K789,Viljandi linn,K232__Raba__1,Raba,7,2,15,FALSE,5,8,FALSE,NA,NA,NA
K232,Kolga-Jaani,K789,Viljandi linn,K232__Tangu__1,Tangu,7,2,16,FALSE,5,9,FALSE,NA,NA,NA
K232,Kolga-Jaani,K789,Viljandi linn,K232__Tässi__1,Tässi,7,2,17,FALSE,5,10,FALSE,NA,NA,NA
K232,Kolga-Jaani,K789,Viljandi linn,K232__Kalmistu__1,Kalmistu,4,2,18,FALSE,2,21,FALSE,NA,NA,NA
K232,Kolga-Jaani,K789,Viljandi linn,K232__Mustamäe__1,Mustamäe,4,2,19,FALSE,2,23,FALSE,NA,NA,NA
K232,Kolga-Jaani,K789,Viljandi linn,K232__Päovere__1,Päovere,4,2,20,FALSE,2,24,FALSE,NA,NA,NA
K232,Kolga-Jaani,K789,Viljandi linn,K232__Reinu__1,Reinu,4,2,21,FALSE,2,25,FALSE,NA,NA,NA
K232,Kolga-Jaani,K789,Viljandi linn,K232__Kaasiku__1,Kaasiku,3,2,22,FALSE,3,14,FALSE,NA,NA,NA
K232,Kolga-Jaani,K789,Viljandi linn,K232__Kaavere__1,Kaavere,3,2,23,FALSE,3,15,FALSE,NA,NA,NA
K232,Kolga-Jaani,K789,Viljandi linn,K232__Kaavere tee__1,Kaavere tee,3,2,24,FALSE,3,16,FALSE,NA,NA,NA
K232,Kolga-Jaani,K789,Viljandi linn,K232__Kaubi__1,Kaubi,3,2,25,FALSE,3,17,FALSE,NA,NA,NA
K232,Kolga-Jaani,K789,Viljandi linn,K232__Luhtniidu__1,Luhtniidu,3,2,26,FALSE,3,18,FALSE,NA,NA,NA
K233,Kolgaküla,K663,Tallinn,K233__Kotka__1,Kotka,53,4,1,TRUE,26,1,TRUE,NA,NA,NA
K233,Kolgaküla,K663,Tallinn,K233__Kolgaküla__1,Kolgaküla,41,2,2,FALSE,19,2,FALSE,NA,NA,NA
K233,Kolgaküla,K663,Tallinn,K233__Kolgaküla-Luha__1,Kolgaküla-Luha,41,2,3,FALSE,19,3,FALSE,NA,NA,NA
K233,Kolgaküla,K663,Tallinn,K233__Kõnnu tee__1,Kõnnu tee,41,2,4,FALSE,19,4,FALSE,NA,NA,NA
K233,Kolgaküla,K663,Tallinn,K233__Vanaveski__1,Vanaveski,39,2,5,FALSE,18,5,FALSE,NA,NA,NA
K235,Kolu,K709,Türi linn,K235__Kolu__1,Kolu,6,3,1,TRUE,4,1,TRUE,NA,NA,NA
K235,Kolu,K709,Türi linn,K235__Kolu raudteejaam__1,Kolu raudteejaam,4,2,2,FALSE,3,2,FALSE,NA,NA,NA
K235,Kolu,K709,Türi linn,K235__Kõltsi__1,Kõltsi,4,2,3,FALSE,3,3,FALSE,NA,NA,NA
K235,Kolu,K709,Türi linn,K235__Kaalumaja__1,Kaalumaja,2,1,4,FALSE,2,4,FALSE,NA,NA,NA
K235,Kolu,K709,Türi linn,K235__Karjaküla__1,Karjaküla,2,1,5,FALSE,2,5,FALSE,NA,NA,NA
K235,Kolu,K709,Türi linn,K235__Karjaküla__2,Karjaküla,2,1,6,FALSE,2,6,FALSE,NA,NA,NA
K235,Kolu,K709,Türi linn,K235__Karjaküla rist__1,Karjaküla rist,2,1,7,FALSE,2,7,FALSE,NA,NA,NA
K235,Kolu,K709,Türi linn,K235__Punakivi__1,Punakivi,2,1,8,FALSE,2,8,FALSE,NA,NA,NA
K236,Koluvere,K663,Tallinn,K236__Koluvere__1,Koluvere,18,4,1,TRUE,2,1,TRUE,NA,NA,NA
K236,Koluvere,K663,Tallinn,K236__Ollimäe__1,Ollimäe,4,2,2,FALSE,NA,NA,NA,NA,NA,NA
K236,Koluvere,K663,Tallinn,K236__Vaikna__1,Vaikna,4,2,3,FALSE,NA,NA,NA,NA,NA,NA
K237,Konguta,K674,Tartu linn,K237__Suure-Konguta__1,Suure-Konguta,15,2,1,TRUE,7,1,TRUE,NA,NA,NA
K237,Konguta,K674,Tartu linn,K237__Väike-Konguta__1,Väike-Konguta,12,2,2,FALSE,5,3,FALSE,NA,NA,NA
K237,Konguta,K674,Tartu linn,K237__Käoking__1,Käoking,10,2,3,FALSE,5,2,FALSE,NA,NA,NA
K237,Konguta,K674,Tartu linn,K237__Majala__1,Majala,3,2,4,FALSE,1,5,FALSE,NA,NA,NA
K237,Konguta,K674,Tartu linn,K237__Saksjaagu__1,Saksjaagu,3,2,5,FALSE,1,6,FALSE,NA,NA,NA
K237,Konguta,K674,Tartu linn,K237__Kurelaane__1,Kurelaane,1,1,6,FALSE,1,4,FALSE,NA,NA,NA
K238,Konuvere,K663,Tallinn,K238__Konuvere__1,Konuvere,12,2,1,TRUE,2,1,TRUE,NA,NA,NA
K239,Koogi,K674,Tartu linn,K239__Koogi__1,Koogi,7,2,1,TRUE,1,1,TRUE,NA,NA,NA
K239,Koogi,K674,Tartu linn,K239__Kooli__1,Kooli,7,2,2,FALSE,1,2,FALSE,NA,NA,NA
K239,Koogi,K674,Tartu linn,K239__Kõduküla__1,Kõduküla,7,2,3,FALSE,1,3,FALSE,NA,NA,NA
K239,Koogi,K674,Tartu linn,K239__Kõnnujõe__1,Kõnnujõe,5,2,4,FALSE,1,4,FALSE,NA,NA,NA
K239,Koogi,K674,Tartu linn,K239__Veske__1,Veske,5,2,5,FALSE,1,5,FALSE,NA,NA,NA
K239,Koogi,K674,Tartu linn,K239__Sortsimäe__1,Sortsimäe,2,2,6,FALSE,NA,NA,NA,NA,NA,NA
K239,Koogi,K674,Tartu linn,K239__Truubi__1,Truubi,2,2,7,FALSE,NA,NA,NA,NA,NA,NA
K240,Koogu,K545,Rakvere linn,K240__Kalvi teerist__1,Kalvi teerist,6,2,1,TRUE,3,1,TRUE,NA,NA,NA
K241,Koonga,K531,Pärnu linn,K241__Koonga__1,Koonga,16,1,1,TRUE,6,1,TRUE,NA,NA,NA
K241,Koonga,K531,Pärnu linn,K241__Karuba__1,Karuba,11,2,2,FALSE,5,2,FALSE,NA,NA,NA
K241,Koonga,K531,Pärnu linn,K241__Koonga kool__1,Koonga kool,10,2,3,FALSE,4,3,FALSE,NA,NA,NA
K241,Koonga,K531,Pärnu linn,K241__Pikavere tee__1,Pikavere tee,8,2,4,FALSE,3,4,FALSE,NA,NA,NA
K241,Koonga,K531,Pärnu linn,K241__Topi__1,Topi,4,2,5,FALSE,2,5,FALSE,NA,NA,NA
K241,Koonga,K531,Pärnu linn,K241__Kaubi__1,Kaubi,3,2,6,FALSE,1,6,FALSE,NA,NA,NA
K241,Koonga,K531,Pärnu linn,K241__Kiisamaa__1,Kiisamaa,3,2,7,FALSE,1,7,FALSE,NA,NA,NA
K242,Kooraste,K674,Tartu linn,K242__Kooraste__1,Kooraste,2,1,1,TRUE,NA,NA,NA,NA,NA,NA
K242,Kooraste,K674,Tartu linn,K242__Kooraste side__1,Kooraste side,2,1,2,FALSE,NA,NA,NA,NA,NA,NA
K242,Kooraste,K674,Tartu linn,K242__Kurvitsa__1,Kurvitsa,2,1,3,FALSE,NA,NA,NA,NA,NA,NA
K242,Kooraste,K674,Tartu linn,K242__Liivakalda__1,Liivakalda,2,1,4,FALSE,NA,NA,NA,NA,NA,NA
K242,Kooraste,K674,Tartu linn,K242__Pühajõe__1,Pühajõe,2,1,5,FALSE,NA,NA,NA,NA,NA,NA
K242,Kooraste,K674,Tartu linn,K242__Rebaste__1,Rebaste,2,1,6,FALSE,NA,NA,NA,NA,NA,NA
K242,Kooraste,K674,Tartu linn,K242__Rebaste rist__1,Rebaste rist,2,1,7,FALSE,NA,NA,NA,NA,NA,NA
K242,Kooraste,K674,Tartu linn,K242__Sillaotsa__1,Sillaotsa,2,2,8,FALSE,NA,NA,NA,NA,NA,NA
K242,Kooraste,K674,Tartu linn,K242__Uiakatsi__1,Uiakatsi,2,1,9,FALSE,NA,NA,NA,NA,NA,NA
K243,Koosa,K674,Tartu linn,K243__Koosa__1,Koosa,35,1,1,TRUE,18,1,TRUE,NA,NA,NA
K243,Koosa,K674,Tartu linn,K243__Johansoni__1,Johansoni,27,2,2,FALSE,13,2,FALSE,NA,NA,NA
K243,Koosa,K674,Tartu linn,K243__Meoma__1,Meoma,27,2,3,FALSE,13,3,FALSE,NA,NA,NA
K243,Koosa,K674,Tartu linn,K243__Parve__1,Parve,18,2,4,FALSE,9,5,FALSE,NA,NA,NA
K243,Koosa,K674,Tartu linn,K243__Kogre__1,Kogre,11,2,5,FALSE,5,6,FALSE,NA,NA,NA
K243,Koosa,K674,Tartu linn,K243__Koosalaane__1,Koosalaane,11,2,6,FALSE,5,7,FALSE,NA,NA,NA
K243,Koosa,K674,Tartu linn,K243__Kõnnu__1,Kõnnu,11,2,7,FALSE,5,8,FALSE,NA,NA,NA
K243,Koosa,K674,Tartu linn,K243__Põldmäe__1,Põldmäe,11,2,8,FALSE,5,10,FALSE,NA,NA,NA
K243,Koosa,K674,Tartu linn,K243__Vanaussaia__1,Vanaussaia,11,2,9,FALSE,5,11,FALSE,NA,NA,NA
K243,Koosa,K674,Tartu linn,K243__Metsakivi__1,Metsakivi,9,1,10,FALSE,9,4,FALSE,NA,NA,NA
K243,Koosa,K674,Tartu linn,K243__Tähemaa kauplus__1,Tähemaa kauplus,8,2,11,FALSE,4,13,FALSE,NA,NA,NA
K243,Koosa,K674,Tartu linn,K243__Tähemaa kool__1,Tähemaa kool,8,2,12,FALSE,4,14,FALSE,NA,NA,NA
K243,Koosa,K674,Tartu linn,K243__Tähemaa side__1,Tähemaa side,8,2,13,FALSE,4,15,FALSE,NA,NA,NA
K243,Koosa,K674,Tartu linn,K243__Kivistiku__1,Kivistiku,7,2,14,FALSE,4,12,FALSE,NA,NA,NA
K243,Koosa,K674,Tartu linn,K243__Veldi__1,Veldi,7,2,15,FALSE,4,16,FALSE,NA,NA,NA
K243,Koosa,K674,Tartu linn,K243__Viru__1,Viru,7,2,16,FALSE,4,18,FALSE,NA,NA,NA
K243,Koosa,K674,Tartu linn,K243__Laanemetsa__1,Laanemetsa,6,2,17,FALSE,3,19,FALSE,NA,NA,NA
K243,Koosa,K674,Tartu linn,K243__Londi__1,Londi,6,2,18,FALSE,3,20,FALSE,NA,NA,NA
K243,Koosa,K674,Tartu linn,K243__Puusepa__1,Puusepa,6,2,19,FALSE,5,9,FALSE,NA,NA,NA
K243,Koosa,K674,Tartu linn,K243__Põdra tee__1,Põdra tee,6,2,20,FALSE,3,23,FALSE,NA,NA,NA
K243,Koosa,K674,Tartu linn,K243__Viira kõrts__1,Viira kõrts,5,2,21,FALSE,4,17,FALSE,NA,NA,NA
K243,Koosa,K674,Tartu linn,K243__Metsakivi küla__1,Metsakivi küla,4,2,22,FALSE,3,22,FALSE,NA,NA,NA
K243,Koosa,K674,Tartu linn,K243__Maideoja__1,Maideoja,3,2,23,FALSE,3,21,FALSE,NA,NA,NA
K243,Koosa,K674,Tartu linn,K243__Puusepa rist__1,Puusepa rist,3,1,24,FALSE,NA,NA,NA,NA,NA,NA
K244,Kootsi,K789,Viljandi linn,K244__Kootsi__1,Kootsi,4,2,1,TRUE,1,1,TRUE,NA,NA,NA
K244,Kootsi,K789,Viljandi linn,K244__Vanaõue__1,Vanaõue,4,2,2,FALSE,1,2,FALSE,NA,NA,NA
K244,Kootsi,K789,Viljandi linn,K244__Vihiküla__1,Vihiküla,4,2,3,FALSE,1,3,FALSE,NA,NA,NA
K244,Kootsi,K789,Viljandi linn,K244__Nõmmitsa__1,Nõmmitsa,2,2,4,FALSE,NA,NA,NA,NA,NA,NA
K244,Kootsi,K789,Viljandi linn,K244__Pikkmetsa__1,Pikkmetsa,2,2,5,FALSE,NA,NA,NA,NA,NA,NA
K245,Kose,K663,Tallinn,K245__Kose 2__1,Kose 2,57,1,1,TRUE,25,1,TRUE,NA,NA,NA
K245,Kose,K663,Tallinn,K245__Kuivajõe 1__1,Kuivajõe 1,37,1,2,FALSE,NA,NA,NA,NA,NA,NA
K245,Kose,K663,Tallinn,K245__Kuivajõe 5__1,Kuivajõe 5,26,1,3,FALSE,13,4,FALSE,NA,NA,NA
K245,Kose,K663,Tallinn,K245__Kuivajõe 6__1,Kuivajõe 6,26,1,4,FALSE,13,5,FALSE,NA,NA,NA
K245,Kose,K663,Tallinn,K245__Kuivajõe 3__1,Kuivajõe 3,25,1,5,FALSE,25,2,FALSE,NA,NA,NA
K245,Kose,K663,Tallinn,K245__Kuivajõe 7__1,Kuivajõe 7,25,1,6,FALSE,25,3,FALSE,NA,NA,NA
K245,Kose,K663,Tallinn,K245__Kose 1__1,Kose 1,14,1,7,FALSE,NA,NA,NA,NA,NA,NA
K245,Kose,K663,Tallinn,K245__Kose kalmistu__1,Kose kalmistu,14,2,8,FALSE,NA,NA,NA,NA,NA,NA
K245,Kose,K663,Tallinn,K245__Maanteeääre__1,Maanteeääre,14,2,9,FALSE,6,7,FALSE,NA,NA,NA
K245,Kose,K663,Tallinn,K245__Raveliku__1,Raveliku,14,2,10,FALSE,6,8,FALSE,NA,NA,NA
K245,Kose,K663,Tallinn,K245__Sanatooriumi__1,Sanatooriumi,14,2,11,FALSE,7,6,FALSE,NA,NA,NA
K245,Kose,K663,Tallinn,K245__Sõmeru__1,Sõmeru,14,2,12,FALSE,6,9,FALSE,NA,NA,NA
K245,Kose,K663,Tallinn,K245__Kuivajõe 4__1,Kuivajõe 4,13,1,13,FALSE,NA,NA,NA,NA,NA,NA
K245,Kose,K663,Tallinn,K245__Kose-Risti 3__1,Kose-Risti 3,7,1,14,FALSE,NA,NA,NA,NA,NA,NA
K245,Kose,K663,Tallinn,K245__Kose-Risti 4__1,Kose-Risti 4,7,1,15,FALSE,NA,NA,NA,NA,NA,NA
K245,Kose,K663,Tallinn,K245__Ravila tee__1,Ravila tee,7,1,16,FALSE,NA,NA,NA,NA,NA,NA
K245,Kose,K663,Tallinn,K245__Ahisilla__1,Ahisilla,6,2,17,FALSE,NA,NA,NA,NA,NA,NA
K245,Kose,K663,Tallinn,K245__Lendermaa__1,Lendermaa,6,2,18,FALSE,NA,NA,NA,NA,NA,NA
K245,Kose,K663,Tallinn,K245__Palvere tee__1,Palvere tee,6,2,19,FALSE,NA,NA,NA,NA,NA,NA
K245,Kose,K663,Tallinn,K245__Pikavere tee__1,Pikavere tee,6,2,20,FALSE,NA,NA,NA,NA,NA,NA
K245,Kose,K663,Tallinn,K245__Viskla__1,Viskla,6,2,21,FALSE,NA,NA,NA,NA,NA,NA
K245,Kose,K663,Tallinn,K245__Kose algkool__1,Kose algkool,2,1,22,FALSE,NA,NA,NA,NA,NA,NA
K245,Kose,K663,Tallinn,K245__Kose gümnaasium__1,Kose gümnaasium,2,1,23,FALSE,NA,NA,NA,NA,NA,NA
K246,Kose,K118,Jõhvi linn,K246__Iidla__1,Iidla,82,1,1,TRUE,82,1,TRUE,NA,NA,NA
K246,Kose,K118,Jõhvi linn,K246__Aia tee__1,Aia tee,14,2,2,FALSE,7,2,FALSE,NA,NA,NA
K246,Kose,K118,Jõhvi linn,K246__Kose__1,Kose,14,2,3,FALSE,7,3,FALSE,NA,NA,NA
K246,Kose,K118,Jõhvi linn,K246__Põllu__1,Põllu,14,2,4,FALSE,7,4,FALSE,NA,NA,NA
K247,Kose,K813,Võru linn,K247__Kose__1,Kose,53,2,1,TRUE,46,1,TRUE,NA,NA,NA
K247,Kose,K813,Võru linn,K247__Aiandi__1,Aiandi,40,2,2,FALSE,34,2,FALSE,NA,NA,NA
K247,Kose,K813,Võru linn,K247__Valgjärve__1,Valgjärve,40,2,3,FALSE,34,3,FALSE,NA,NA,NA
K247,Kose,K813,Võru linn,K247__Lohu__1,Lohu,38,2,4,FALSE,33,4,FALSE,NA,NA,NA
K247,Kose,K813,Võru linn,K247__Kirepi__1,Kirepi,30,1,5,FALSE,30,5,FALSE,NA,NA,NA
K247,Kose,K813,Võru linn,K247__Holsta__1,Holsta,17,2,6,FALSE,13,8,FALSE,NA,NA,NA
K247,Kose,K813,Võru linn,K247__Räpo__1,Räpo,17,2,7,FALSE,13,9,FALSE,NA,NA,NA
K247,Kose,K813,Võru linn,K247__Tootsi__1,Tootsi,17,2,8,FALSE,13,10,FALSE,NA,NA,NA
K247,Kose,K813,Võru linn,K247__Sika__1,Sika,15,2,9,FALSE,15,6,FALSE,NA,NA,NA
K247,Kose,K813,Võru linn,K247__Tulba__1,Tulba,15,2,10,FALSE,15,7,FALSE,NA,NA,NA
K247,Kose,K813,Võru linn,K247__Mõksi__1,Mõksi,10,2,11,FALSE,9,11,FALSE,NA,NA,NA
K247,Kose,K813,Võru linn,K247__Holopi__1,Holopi,6,2,12,FALSE,5,12,FALSE,NA,NA,NA
K247,Kose,K813,Võru linn,K247__Palometsa__1,Palometsa,6,2,13,FALSE,5,13,FALSE,NA,NA,NA
K247,Kose,K813,Võru linn,K247__Utra__1,Utra,6,2,14,FALSE,5,14,FALSE,NA,NA,NA
K247,Kose,K813,Võru linn,K247__Veskisalu__1,Veskisalu,4,1,15,FALSE,3,15,FALSE,NA,NA,NA
K247,Kose,K813,Võru linn,K247__Havve__1,Havve,2,2,16,FALSE,2,16,FALSE,NA,NA,NA
K247,Kose,K813,Võru linn,K247__Kolepi__1,Kolepi,2,2,17,FALSE,2,17,FALSE,NA,NA,NA
K247,Kose,K813,Võru linn,K247__Luiga__1,Luiga,2,2,18,FALSE,2,18,FALSE,NA,NA,NA
K247,Kose,K813,Võru linn,K247__Mõisamäe__1,Mõisamäe,2,2,19,FALSE,2,19,FALSE,NA,NA,NA
K247,Kose,K813,Võru linn,K247__Palometsa põik__1,Palometsa põik,1,1,20,FALSE,1,20,FALSE,NA,NA,NA
K247,Kose,K813,Võru linn,K247__Veskioru__1,Veskioru,1,1,21,FALSE,1,21,FALSE,NA,NA,NA
K248,Kose-Uuemõisa,K663,Tallinn,K248__Tindimäe__1,Tindimäe,39,2,1,TRUE,19,2,FALSE,NA,NA,NA
K248,Kose-Uuemõisa,K663,Tallinn,K248__Saula__1,Saula,29,2,2,FALSE,14,5,FALSE,NA,NA,NA
K248,Kose-Uuemõisa,K663,Tallinn,K248__Kose-Uuemõisa__1,Kose-Uuemõisa,26,1,3,FALSE,13,6,FALSE,NA,NA,NA
K248,Kose-Uuemõisa,K663,Tallinn,K248__Krei__1,Krei,26,2,4,FALSE,13,7,FALSE,NA,NA,NA
K248,Kose-Uuemõisa,K663,Tallinn,K248__Kurena 2__1,Kurena 2,20,1,5,FALSE,NA,NA,NA,NA,NA,NA
K248,Kose-Uuemõisa,K663,Tallinn,K248__Kurena 1__1,Kurena 1,19,1,6,FALSE,19,1,TRUE,NA,NA,NA
K248,Kose-Uuemõisa,K663,Tallinn,K248__Kolu 1__1,Kolu 1,15,1,7,FALSE,NA,NA,NA,NA,NA,NA
K248,Kose-Uuemõisa,K663,Tallinn,K248__Tindimäe parkla__1,Tindimäe parkla,15,1,8,FALSE,15,3,FALSE,NA,NA,NA
K248,Kose-Uuemõisa,K663,Tallinn,K248__Kolu 4__1,Kolu 4,14,1,9,FALSE,14,4,FALSE,NA,NA,NA
K248,Kose-Uuemõisa,K663,Tallinn,K248__Kolu 2__1,Kolu 2,5,1,10,FALSE,NA,NA,NA,NA,NA,NA
K248,Kose-Uuemõisa,K663,Tallinn,K248__Kolu 3__1,Kolu 3,5,1,11,FALSE,4,8,FALSE,NA,NA,NA
K249,Kostivere,K663,Tallinn,K249__Kostivere__1,Kostivere,37,2,1,TRUE,19,1,TRUE,NA,NA,NA
K249,Kostivere,K663,Tallinn,K249__Teeristi__1,Teeristi,37,2,2,FALSE,19,2,FALSE,NA,NA,NA
K249,Kostivere,K663,Tallinn,K249__Parasmäe__1,Parasmäe,9,2,3,FALSE,5,3,FALSE,NA,NA,NA
K249,Kostivere,K663,Tallinn,K249__Kostivere tee__1,Kostivere tee,2,1,4,FALSE,2,4,FALSE,NA,NA,NA
K249,Kostivere,K663,Tallinn,K249__Vandjala__1,Vandjala,2,1,5,FALSE,2,5,FALSE,NA,NA,NA
K250,Kotinuka,K118,Jõhvi linn,K250__Jõhvi äripark__1,Jõhvi äripark,2,1,1,TRUE,2,1,TRUE,NA,NA,NA
K251,Krabi,K813,Võru linn,K251__Kalda__1,Kalda,6,2,1,TRUE,5,1,TRUE,NA,NA,NA
K251,Krabi,K813,Võru linn,K251__Krabi__1,Krabi,6,4,2,FALSE,5,2,FALSE,NA,NA,NA
K251,Krabi,K813,Võru linn,K251__Tikutaja__1,Tikutaja,6,2,3,FALSE,5,3,FALSE,NA,NA,NA
K251,Krabi,K813,Võru linn,K251__Pähni__1,Pähni,4,2,4,FALSE,4,4,FALSE,NA,NA,NA
K251,Krabi,K813,Võru linn,K251__Alska__1,Alska,2,2,5,FALSE,1,5,FALSE,NA,NA,NA
K251,Krabi,K813,Võru linn,K251__Hintsiko__1,Hintsiko,2,2,6,FALSE,1,6,FALSE,NA,NA,NA
K251,Krabi,K813,Võru linn,K251__Lüütsepa__1,Lüütsepa,2,1,7,FALSE,1,7,FALSE,NA,NA,NA
K251,Krabi,K813,Võru linn,K251__Lüütsepa tee__1,Lüütsepa tee,2,2,8,FALSE,1,8,FALSE,NA,NA,NA
K251,Krabi,K813,Võru linn,K251__Palu__1,Palu,2,2,9,FALSE,1,9,FALSE,NA,NA,NA
K251,Krabi,K813,Võru linn,K251__Seveli__1,Seveli,2,2,10,FALSE,1,10,FALSE,NA,NA,NA
K252,Krootuse,K674,Tartu linn,K252__Krootuse__1,Krootuse,9,1,1,TRUE,NA,NA,NA,NA,NA,NA
K252,Krootuse,K674,Tartu linn,K252__Hilba__1,Hilba,8,2,2,FALSE,NA,NA,NA,NA,NA,NA
K252,Krootuse,K674,Tartu linn,K252__Piigaste__1,Piigaste,7,2,3,FALSE,NA,NA,NA,NA,NA,NA
K252,Krootuse,K674,Tartu linn,K252__Mäe__1,Mäe,5,2,4,FALSE,NA,NA,NA,NA,NA,NA
K252,Krootuse,K674,Tartu linn,K252__Piigaste põik__1,Piigaste põik,2,1,5,FALSE,NA,NA,NA,NA,NA,NA
K253,Kudina,K674,Tartu linn,K253__Kudina__1,Kudina,3,2,1,TRUE,NA,NA,NA,NA,NA,NA
K253,Kudina,K674,Tartu linn,K253__Maardla tee__1,Maardla tee,3,2,2,FALSE,NA,NA,NA,NA,NA,NA
K253,Kudina,K674,Tartu linn,K253__Rahivere__1,Rahivere,3,2,3,FALSE,NA,NA,NA,NA,NA,NA
K253,Kudina,K674,Tartu linn,K253__Virtsa__1,Virtsa,3,2,4,FALSE,NA,NA,NA,NA,NA,NA
K254,Kudjape,K270,Kuressaare linn,K254__Sinilille__1,Sinilille,37,2,1,TRUE,37,1,TRUE,NA,NA,NA
K254,Kudjape,K270,Kuressaare linn,K254__Kudjape__1,Kudjape,30,2,2,FALSE,30,2,FALSE,NA,NA,NA
K254,Kudjape,K270,Kuressaare linn,K254__Lille__1,Lille,26,2,3,FALSE,26,3,FALSE,NA,NA,NA
K254,Kudjape,K270,Kuressaare linn,K254__Auriga__1,Auriga,13,1,4,FALSE,13,4,FALSE,NA,NA,NA
K254,Kudjape,K270,Kuressaare linn,K254__Mereranna__1,Mereranna,11,2,5,FALSE,11,5,FALSE,NA,NA,NA
K254,Kudjape,K270,Kuressaare linn,K254__Muratsi__1,Muratsi,11,1,6,FALSE,11,6,FALSE,NA,NA,NA
K254,Kudjape,K270,Kuressaare linn,K254__Kalmistu (Kudjape)__1,Kalmistu (Kudjape),9,1,7,FALSE,9,7,FALSE,NA,NA,NA
K254,Kudjape,K270,Kuressaare linn,K254__Pähklimetsa__1,Pähklimetsa,9,1,8,FALSE,9,8,FALSE,NA,NA,NA
K255,Kudruküla,K422,Narva linn,K255__Marja__1,Marja,54,2,1,TRUE,37,1,TRUE,NA,NA,NA
K255,Kudruküla,K422,Narva linn,K255__Pihlaka__1,Pihlaka,54,3,2,FALSE,37,2,FALSE,NA,NA,NA
K255,Kudruküla,K422,Narva linn,K255__Riigiküla__1,Riigiküla,54,2,3,FALSE,37,3,FALSE,NA,NA,NA
K255,Kudruküla,K422,Narva linn,K255__Aiaotsa__1,Aiaotsa,46,2,4,FALSE,29,4,FALSE,NA,NA,NA
K255,Kudruküla,K422,Narva linn,K255__Kudruküla__1,Kudruküla,46,2,5,FALSE,29,5,FALSE,NA,NA,NA
K255,Kudruküla,K422,Narva linn,K255__Leekova__1,Leekova,11,2,6,FALSE,11,6,FALSE,NA,NA,NA
K256,Kuigatsi,K740,Valga linn,K256__Mägiste__1,Mägiste,11,2,1,TRUE,6,1,TRUE,NA,NA,NA
K256,Kuigatsi,K740,Valga linn,K256__Pringi__1,Pringi,11,2,2,FALSE,6,2,FALSE,NA,NA,NA
K256,Kuigatsi,K740,Valga linn,K256__Ädu__1,Ädu,11,2,3,FALSE,6,3,FALSE,NA,NA,NA
K256,Kuigatsi,K740,Valga linn,K256__Palu__1,Palu,9,2,4,FALSE,5,5,FALSE,NA,NA,NA
K256,Kuigatsi,K740,Valga linn,K256__Pikaantsu__1,Pikaantsu,9,2,5,FALSE,5,6,FALSE,NA,NA,NA
K256,Kuigatsi,K740,Valga linn,K256__Mägiste__2,Mägiste,8,2,6,FALSE,4,7,FALSE,NA,NA,NA
K256,Kuigatsi,K740,Valga linn,K256__Kuigatsi__1,Kuigatsi,7,2,7,FALSE,5,4,FALSE,NA,NA,NA
K256,Kuigatsi,K740,Valga linn,K256__Vana-Jaanimäe__1,Vana-Jaanimäe,7,2,8,FALSE,4,8,FALSE,NA,NA,NA
K256,Kuigatsi,K740,Valga linn,K256__Kuigatsi teerist__1,Kuigatsi teerist,6,2,9,FALSE,3,9,FALSE,NA,NA,NA
K256,Kuigatsi,K740,Valga linn,K256__Siimu__1,Siimu,2,1,10,FALSE,1,11,FALSE,NA,NA,NA
K256,Kuigatsi,K740,Valga linn,K256__Kase__1,Kase,1,1,11,FALSE,1,10,FALSE,NA,NA,NA
K257,Kuijõe,K663,Tallinn,K257__Kuijõe__1,Kuijõe,6,2,1,TRUE,NA,NA,NA,NA,NA,NA
K257,Kuijõe,K663,Tallinn,K257__Kuijõe tee__1,Kuijõe tee,6,4,2,FALSE,NA,NA,NA,NA,NA,NA
K257,Kuijõe,K663,Tallinn,K257__Paju__1,Paju,6,2,3,FALSE,NA,NA,NA,NA,NA,NA
K257,Kuijõe,K663,Tallinn,K257__Peduste__1,Peduste,6,2,4,FALSE,NA,NA,NA,NA,NA,NA
K258,Kuima-Tännassilma,K523,Põlva linn,K258__Perämõtsa__1,Perämõtsa,11,2,1,TRUE,8,1,TRUE,NA,NA,NA
K258,Kuima-Tännassilma,K523,Põlva linn,K258__Juudakäpa__1,Juudakäpa,9,2,2,FALSE,7,2,FALSE,NA,NA,NA
K258,Kuima-Tännassilma,K523,Põlva linn,K258__Kiriku__1,Kiriku,9,2,3,FALSE,7,3,FALSE,NA,NA,NA
K258,Kuima-Tännassilma,K523,Põlva linn,K258__Kähri küla__1,Kähri küla,9,2,4,FALSE,7,4,FALSE,NA,NA,NA
K258,Kuima-Tännassilma,K523,Põlva linn,K258__Laane__1,Laane,9,2,5,FALSE,7,5,FALSE,NA,NA,NA
K258,Kuima-Tännassilma,K523,Põlva linn,K258__Tännassilma__1,Tännassilma,9,2,6,FALSE,7,6,FALSE,NA,NA,NA
K258,Kuima-Tännassilma,K523,Põlva linn,K258__Puskaru__1,Puskaru,7,2,7,FALSE,5,8,FALSE,NA,NA,NA
K258,Kuima-Tännassilma,K523,Põlva linn,K258__Puskaru põik__1,Puskaru põik,7,2,8,FALSE,6,7,FALSE,NA,NA,NA
K258,Kuima-Tännassilma,K523,Põlva linn,K258__Kiuma küla__1,Kiuma küla,2,1,9,FALSE,2,9,FALSE,NA,NA,NA
K259,Kuimetsa,K663,Tallinn,K259__Kuimetsa rahvamaja__1,Kuimetsa rahvamaja,23,1,1,TRUE,NA,NA,NA,NA,NA,NA
K259,Kuimetsa,K663,Tallinn,K259__Küüni__1,Küüni,12,2,2,FALSE,NA,NA,NA,NA,NA,NA
K259,Kuimetsa,K663,Tallinn,K259__Lagevainu__1,Lagevainu,12,1,3,FALSE,NA,NA,NA,NA,NA,NA
K259,Kuimetsa,K663,Tallinn,K259__Rõõsapõllu__1,Rõõsapõllu,12,2,4,FALSE,NA,NA,NA,NA,NA,NA
K259,Kuimetsa,K663,Tallinn,K259__Urke__1,Urke,12,2,5,FALSE,NA,NA,NA,NA,NA,NA
K259,Kuimetsa,K663,Tallinn,K259__Vanakõrtsu__1,Vanakõrtsu,12,2,6,FALSE,NA,NA,NA,NA,NA,NA
K259,Kuimetsa,K663,Tallinn,K259__Vaopere__1,Vaopere,12,2,7,FALSE,NA,NA,NA,NA,NA,NA
K259,Kuimetsa,K663,Tallinn,K259__Kuimetsa__1,Kuimetsa,11,2,8,FALSE,NA,NA,NA,NA,NA,NA
K260,Kukruse,K118,Jõhvi linn,K260__Kukruse__1,Kukruse,131,2,1,TRUE,74,1,TRUE,NA,NA,NA
K260,Kukruse,K118,Jõhvi linn,K260__Ilvese__1,Ilvese,128,2,2,FALSE,71,2,FALSE,NA,NA,NA
K260,Kukruse,K118,Jõhvi linn,K260__Kukruse mõis__1,Kukruse mõis,49,2,3,FALSE,33,3,FALSE,NA,NA,NA
K260,Kukruse,K118,Jõhvi linn,K260__Täkumetsa__1,Täkumetsa,49,2,4,FALSE,33,4,FALSE,NA,NA,NA
K261,Kuldre,K674,Tartu linn,K261__Kuldre rist__1,Kuldre rist,17,2,1,TRUE,2,4,FALSE,NA,NA,NA
K261,Kuldre,K674,Tartu linn,K261__Kuldre__1,Kuldre,10,2,2,FALSE,2,3,FALSE,NA,NA,NA
K261,Kuldre,K674,Tartu linn,K261__Kassi__1,Kassi,7,3,3,FALSE,2,1,TRUE,NA,NA,NA
K261,Kuldre,K674,Tartu linn,K261__Nõude__1,Nõude,6,2,4,FALSE,NA,NA,NA,NA,NA,NA
K261,Kuldre,K674,Tartu linn,K261__Kassilaane__1,Kassilaane,4,2,5,FALSE,2,2,FALSE,NA,NA,NA
K261,Kuldre,K674,Tartu linn,K261__Restu__1,Restu,3,2,6,FALSE,NA,NA,NA,NA,NA,NA
K261,Kuldre,K674,Tartu linn,K261__Madise__1,Madise,1,1,7,FALSE,NA,NA,NA,NA,NA,NA
K262,Kullamaa,K663,Tallinn,K262__Kullamaa__1,Kullamaa,19,2,1,TRUE,3,1,TRUE,NA,NA,NA
K262,Kullamaa,K663,Tallinn,K262__Kullamaa kool__1,Kullamaa kool,12,1,2,FALSE,NA,NA,NA,NA,NA,NA
K262,Kullamaa,K663,Tallinn,K262__Sillamõisa__1,Sillamõisa,2,2,3,FALSE,NA,NA,NA,NA,NA,NA
K264,Kunda linn,K663,Tallinn,K264__Ojaküla__1,Ojaküla,27,2,1,TRUE,NA,NA,NA,NA,NA,NA
K264,Kunda linn,K663,Tallinn,K264__Kunda-Aru__1,Kunda-Aru,13,1,2,FALSE,NA,NA,NA,NA,NA,NA
K264,Kunda linn,K663,Tallinn,K264__Tigapõllu__1,Tigapõllu,4,2,3,FALSE,1,1,TRUE,NA,NA,NA
K264,Kunda linn,K663,Tallinn,K264__Vahtramäe__1,Vahtramäe,4,2,4,FALSE,1,2,FALSE,NA,NA,NA
K264,Kunda linn,K663,Tallinn,K264__Kaliküla__1,Kaliküla,2,2,5,FALSE,NA,NA,NA,NA,NA,NA
K264,Kunda linn,K663,Tallinn,K264__Selja__1,Selja,2,1,6,FALSE,NA,NA,NA,NA,NA,NA
K264,Kunda linn,K663,Tallinn,K264__Selja kool__1,Selja kool,2,2,7,FALSE,NA,NA,NA,NA,NA,NA
K265,Kunda,K545,Rakvere linn,K265__Kunda pargi__1,Kunda pargi,37,2,1,TRUE,14,3,FALSE,NA,NA,NA
K265,Kunda,K545,Rakvere linn,K265__Alajaama__1,Alajaama,31,2,2,FALSE,14,1,TRUE,NA,NA,NA
K265,Kunda,K545,Rakvere linn,K265__Selja tee__1,Selja tee,31,2,3,FALSE,14,4,FALSE,NA,NA,NA
K265,Kunda,K545,Rakvere linn,K265__Kunda__1,Kunda,21,2,4,FALSE,14,2,FALSE,NA,NA,NA
K265,Kunda,K545,Rakvere linn,K265__Kasemäe__1,Kasemäe,20,1,5,FALSE,NA,NA,NA,NA,NA,NA
K265,Kunda,K545,Rakvere linn,K265__Kooli__1,Kooli,20,2,6,FALSE,NA,NA,NA,NA,NA,NA
K266,Kungla,K674,Tartu linn,K266__Vaiatu__1,Vaiatu,22,2,1,TRUE,2,1,TRUE,NA,NA,NA
K266,Kungla,K674,Tartu linn,K266__Mälaja__1,Mälaja,6,2,2,FALSE,NA,NA,NA,NA,NA,NA
K266,Kungla,K674,Tartu linn,K266__Rääbise__1,Rääbise,6,2,3,FALSE,NA,NA,NA,NA,NA,NA
K266,Kungla,K674,Tartu linn,K266__Täpsi__1,Täpsi,6,2,4,FALSE,NA,NA,NA,NA,NA,NA
K266,Kungla,K674,Tartu linn,K266__Tõikvere__1,Tõikvere,6,2,5,FALSE,NA,NA,NA,NA,NA,NA
K267,Kuremaa,K115,Jõgeva linn,K267__Kuremaa__1,Kuremaa,22,1,1,TRUE,14,1,TRUE,NA,NA,NA
K267,Kuremaa,K115,Jõgeva linn,K267__Mooritsa__1,Mooritsa,22,4,2,FALSE,14,2,FALSE,NA,NA,NA
K267,Kuremaa,K115,Jõgeva linn,K267__Soomevere__1,Soomevere,7,2,3,FALSE,5,3,FALSE,NA,NA,NA
K267,Kuremaa,K115,Jõgeva linn,K267__Altküla__1,Altküla,6,2,4,FALSE,4,4,FALSE,NA,NA,NA
K267,Kuremaa,K115,Jõgeva linn,K267__Kaude__1,Kaude,6,2,5,FALSE,4,5,FALSE,NA,NA,NA
K267,Kuremaa,K115,Jõgeva linn,K267__Remmelga__1,Remmelga,6,2,6,FALSE,4,6,FALSE,NA,NA,NA
K267,Kuremaa,K115,Jõgeva linn,K267__Kivijärve__1,Kivijärve,5,2,7,FALSE,3,7,FALSE,NA,NA,NA
K267,Kuremaa,K115,Jõgeva linn,K267__Meksi__1,Meksi,5,2,8,FALSE,3,8,FALSE,NA,NA,NA
K267,Kuremaa,K115,Jõgeva linn,K267__Saksamaa__1,Saksamaa,5,2,9,FALSE,3,9,FALSE,NA,NA,NA
K267,Kuremaa,K115,Jõgeva linn,K267__Kuremaa lasteaed__1,Kuremaa lasteaed,1,1,10,FALSE,1,10,FALSE,NA,NA,NA
K267,Kuremaa,K115,Jõgeva linn,K267__Lemuvere__1,Lemuvere,1,1,11,FALSE,1,11,FALSE,NA,NA,NA
K267,Kuremaa,K115,Jõgeva linn,K267__Toominga__1,Toominga,1,1,12,FALSE,1,12,FALSE,NA,NA,NA
K268,Kuremäe,K118,Jõhvi linn,K268__Kivendi__1,Kivendi,14,2,1,TRUE,7,1,TRUE,NA,NA,NA
K268,Kuremäe,K118,Jõhvi linn,K268__Kloostri__1,Kloostri,14,2,2,FALSE,7,2,FALSE,NA,NA,NA
K268,Kuremäe,K118,Jõhvi linn,K268__Kuremäe__1,Kuremäe,14,2,3,FALSE,7,3,FALSE,NA,NA,NA
K269,Kurenurme,K813,Võru linn,K269__Haidaku__1,Haidaku,6,2,1,TRUE,3,1,TRUE,NA,NA,NA
K269,Kurenurme,K813,Võru linn,K269__Kurenurme__1,Kurenurme,6,2,2,FALSE,3,2,FALSE,NA,NA,NA
K269,Kurenurme,K813,Võru linn,K269__Liiva__1,Liiva,6,2,3,FALSE,3,3,FALSE,NA,NA,NA
K269,Kurenurme,K813,Võru linn,K269__Pritsi__1,Pritsi,6,2,4,FALSE,3,4,FALSE,NA,NA,NA
K270,Kuressaare linn,K270,Kuressaare linn,K270__KURESSAARE__1,KURESSAARE,97,1,1,TRUE,NA,NA,NA,67,1,TRUE
K270,Kuressaare linn,K270,Kuressaare linn,K270__Raudtee__1,Raudtee,73,2,2,FALSE,NA,NA,NA,44,2,FALSE
K270,Kuressaare linn,K270,Kuressaare linn,K270__Säästu__1,Säästu,72,2,3,FALSE,NA,NA,NA,40,4,FALSE
K270,Kuressaare linn,K270,Kuressaare linn,K270__Tooma__1,Tooma,51,2,4,FALSE,NA,NA,NA,34,5,FALSE
K270,Kuressaare linn,K270,Kuressaare linn,K270__Keskväljak__1,Keskväljak,49,1,5,FALSE,NA,NA,NA,40,3,FALSE
K270,Kuressaare linn,K270,Kuressaare linn,K270__Kingu__1,Kingu,48,2,6,FALSE,NA,NA,NA,29,6,FALSE
K270,Kuressaare linn,K270,Kuressaare linn,K270__Pargi__1,Pargi,47,2,7,FALSE,NA,NA,NA,22,10,FALSE
K270,Kuressaare linn,K270,Kuressaare linn,K270__Roonimäe__1,Roonimäe,43,2,8,FALSE,NA,NA,NA,24,7,FALSE
K270,Kuressaare linn,K270,Kuressaare linn,K270__Tuulte Roos__1,Tuulte Roos,41,1,9,FALSE,NA,NA,NA,22,13,FALSE
K270,Kuressaare linn,K270,Kuressaare linn,K270__Abaja__1,Abaja,40,2,10,FALSE,NA,NA,NA,22,9,FALSE
K270,Kuressaare linn,K270,Kuressaare linn,K270__Ruubi__1,Ruubi,40,2,11,FALSE,NA,NA,NA,23,8,FALSE
K270,Kuressaare linn,K270,Kuressaare linn,K270__Smuuli__1,Smuuli,40,2,12,FALSE,NA,NA,NA,22,12,FALSE
K270,Kuressaare linn,K270,Kuressaare linn,K270__Kesklinn__1,Kesklinn,38,1,13,FALSE,NA,NA,NA,11,20,FALSE
K270,Kuressaare linn,K270,Kuressaare linn,K270__Põduste__1,Põduste,37,2,14,FALSE,NA,NA,NA,22,11,FALSE
K270,Kuressaare linn,K270,Kuressaare linn,K270__Nooruse__1,Nooruse,31,2,15,FALSE,NA,NA,NA,17,15,FALSE
K270,Kuressaare linn,K270,Kuressaare linn,K270__Arhiivi__1,Arhiivi,30,2,16,FALSE,NA,NA,NA,16,16,FALSE
K270,Kuressaare linn,K270,Kuressaare linn,K270__Marientali__1,Marientali,30,2,17,FALSE,NA,NA,NA,16,18,FALSE
K270,Kuressaare linn,K270,Kuressaare linn,K270__Suuremõisa__1,Suuremõisa,27,2,18,FALSE,NA,NA,NA,12,19,FALSE
K270,Kuressaare linn,K270,Kuressaare linn,K270__Haigla__1,Haigla,24,2,19,FALSE,NA,NA,NA,10,25,FALSE
K270,Kuressaare linn,K270,Kuressaare linn,K270__Bussijaam__1,Bussijaam,23,2,20,FALSE,NA,NA,NA,19,14,FALSE
K270,Kuressaare linn,K270,Kuressaare linn,K270__Koja__1,Koja,23,2,21,FALSE,NA,NA,NA,11,21,FALSE
K270,Kuressaare linn,K270,Kuressaare linn,K270__Slupi__1,Slupi,22,2,22,FALSE,NA,NA,NA,11,22,FALSE
K270,Kuressaare linn,K270,Kuressaare linn,K270__Roomassaare__1,Roomassaare,20,2,23,FALSE,NA,NA,NA,1,40,FALSE
K270,Kuressaare linn,K270,Kuressaare linn,K270__Bussipargi__1,Bussipargi,19,2,24,FALSE,NA,NA,NA,16,17,FALSE
K270,Kuressaare linn,K270,Kuressaare linn,K270__Kauba__1,Kauba,19,2,25,FALSE,NA,NA,NA,10,26,FALSE
K270,Kuressaare linn,K270,Kuressaare linn,K270__Päevakeskus__1,Päevakeskus,18,2,26,FALSE,NA,NA,NA,9,32,FALSE
K270,Kuressaare linn,K270,Kuressaare linn,K270__Mooni__1,Mooni,15,1,27,FALSE,NA,NA,NA,1,38,FALSE
K270,Kuressaare linn,K270,Kuressaare linn,K270__Niidu__1,Niidu,15,1,28,FALSE,NA,NA,NA,1,39,FALSE
K270,Kuressaare linn,K270,Kuressaare linn,K270__Vahtra__1,Vahtra,13,1,29,FALSE,NA,NA,NA,NA,NA,NA
K270,Kuressaare linn,K270,Kuressaare linn,K270__Kivi__1,Kivi,12,2,30,FALSE,NA,NA,NA,1,36,FALSE
K270,Kuressaare linn,K270,Kuressaare linn,K270__Kungla__1,Kungla,11,1,31,FALSE,NA,NA,NA,NA,NA,NA
K270,Kuressaare linn,K270,Kuressaare linn,K270__Suur-Sadama__1,Suur-Sadama,11,1,32,FALSE,NA,NA,NA,10,29,FALSE
K270,Kuressaare linn,K270,Kuressaare linn,K270__Suuresilla__1,Suuresilla,11,2,33,FALSE,NA,NA,NA,11,23,FALSE
K270,Kuressaare linn,K270,Kuressaare linn,K270__Suuresilla ringi__1,Suuresilla ringi,11,2,34,FALSE,NA,NA,NA,11,24,FALSE
K270,Kuressaare linn,K270,Kuressaare linn,K270__Tori__1,Tori,11,1,35,FALSE,NA,NA,NA,10,30,FALSE
K270,Kuressaare linn,K270,Kuressaare linn,K270__Vallikraavi__1,Vallikraavi,11,1,36,FALSE,NA,NA,NA,NA,NA,NA
K270,Kuressaare linn,K270,Kuressaare linn,K270__Piimatööstus__1,Piimatööstus,10,2,37,FALSE,NA,NA,NA,10,27,FALSE
K270,Kuressaare linn,K270,Kuressaare linn,K270__Ringtee ärikeskus__1,Ringtee ärikeskus,10,1,38,FALSE,NA,NA,NA,10,28,FALSE
K270,Kuressaare linn,K270,Kuressaare linn,K270__Kadaka__1,Kadaka,9,2,39,FALSE,NA,NA,NA,9,31,FALSE
K270,Kuressaare linn,K270,Kuressaare linn,K270__Kullimäe__1,Kullimäe,9,2,40,FALSE,NA,NA,NA,NA,NA,NA
K270,Kuressaare linn,K270,Kuressaare linn,K270__Lennujaam__1,Lennujaam,9,1,41,FALSE,NA,NA,NA,1,37,FALSE
K270,Kuressaare linn,K270,Kuressaare linn,K270__Lihatööstus__1,Lihatööstus,9,1,42,FALSE,NA,NA,NA,NA,NA,NA
K270,Kuressaare linn,K270,Kuressaare linn,K270__Tehnika__1,Tehnika,9,2,43,FALSE,NA,NA,NA,9,33,FALSE
K270,Kuressaare linn,K270,Kuressaare linn,K270__Aia__1,Aia,8,2,44,FALSE,NA,NA,NA,2,34,FALSE
K270,Kuressaare linn,K270,Kuressaare linn,K270__Kevade__1,Kevade,8,1,45,FALSE,NA,NA,NA,NA,NA,NA
K270,Kuressaare linn,K270,Kuressaare linn,K270__Liiva__1,Liiva,8,1,46,FALSE,NA,NA,NA,NA,NA,NA
K270,Kuressaare linn,K270,Kuressaare linn,K270__Merevärava__1,Merevärava,8,1,47,FALSE,NA,NA,NA,NA,NA,NA
K270,Kuressaare linn,K270,Kuressaare linn,K270__Roomassaare sadam__1,Roomassaare sadam,4,1,48,FALSE,NA,NA,NA,2,35,FALSE
K271,Kurtna,K118,Jõhvi linn,K271__Kurtna__1,Kurtna,14,2,1,TRUE,7,1,TRUE,NA,NA,NA
K271,Kurtna,K118,Jõhvi linn,K271__Paiste__1,Paiste,14,2,2,FALSE,7,2,FALSE,NA,NA,NA
K272,Kuusalu,K663,Tallinn,K272__Kuusalu keskus__1,Kuusalu keskus,49,3,1,TRUE,25,1,TRUE,NA,NA,NA
K272,Kuusalu,K663,Tallinn,K272__Rihumägi__1,Rihumägi,44,2,2,FALSE,20,3,FALSE,NA,NA,NA
K272,Kuusalu,K663,Tallinn,K272__Kapa__1,Kapa,36,2,3,FALSE,23,2,FALSE,NA,NA,NA
K272,Kuusalu,K663,Tallinn,K272__Kuusalu küla__1,Kuusalu küla,34,1,4,FALSE,10,5,FALSE,NA,NA,NA
K272,Kuusalu,K663,Tallinn,K272__Käli__1,Käli,23,2,5,FALSE,10,6,FALSE,NA,NA,NA
K272,Kuusalu,K663,Tallinn,K272__Kupu__1,Kupu,22,2,6,FALSE,12,4,FALSE,NA,NA,NA
K272,Kuusalu,K663,Tallinn,K272__Sõitme__1,Sõitme,19,2,7,FALSE,8,9,FALSE,NA,NA,NA
K272,Kuusalu,K663,Tallinn,K272__Kuusalu tee__1,Kuusalu tee,8,1,8,FALSE,8,7,FALSE,NA,NA,NA
K272,Kuusalu,K663,Tallinn,K272__Leesi teerist__1,Leesi teerist,8,1,9,FALSE,8,8,FALSE,NA,NA,NA
K272,Kuusalu,K663,Tallinn,K272__Kuusalu rahvamaja__1,Kuusalu rahvamaja,7,1,10,FALSE,4,10,FALSE,NA,NA,NA
K272,Kuusalu,K663,Tallinn,K272__Kuusalu tee__2,Kuusalu tee,7,1,11,FALSE,NA,NA,NA,NA,NA,NA
K272,Kuusalu,K663,Tallinn,K272__Kalda__1,Kalda,4,2,12,FALSE,2,12,FALSE,NA,NA,NA
K272,Kuusalu,K663,Tallinn,K272__Kuusalu kool__1,Kuusalu kool,4,1,13,FALSE,3,11,FALSE,NA,NA,NA
K272,Kuusalu,K663,Tallinn,K272__Raja__1,Raja,4,2,14,FALSE,2,13,FALSE,NA,NA,NA
K273,Kuusiku,K554,Rapla,K273__Iira__1,Iira,26,2,1,TRUE,15,1,TRUE,NA,NA,NA
K273,Kuusiku,K554,Rapla,K273__Kuusiku__1,Kuusiku,26,2,2,FALSE,15,2,FALSE,NA,NA,NA
K273,Kuusiku,K554,Rapla,K273__Altveski__1,Altveski,24,2,3,FALSE,14,3,FALSE,NA,NA,NA
K273,Kuusiku,K554,Rapla,K273__Parila__1,Parila,24,2,4,FALSE,14,4,FALSE,NA,NA,NA
K273,Kuusiku,K554,Rapla,K273__Sireli__1,Sireli,2,1,5,FALSE,2,5,FALSE,NA,NA,NA
K275,Kuutsi,K813,Võru linn,K275__Kuutsi__1,Kuutsi,4,2,1,TRUE,2,1,TRUE,NA,NA,NA
K275,Kuutsi,K813,Võru linn,K275__Mehka__1,Mehka,3,2,2,FALSE,1,4,FALSE,NA,NA,NA
K275,Kuutsi,K813,Võru linn,K275__Tiitsa__1,Tiitsa,3,2,3,FALSE,1,5,FALSE,NA,NA,NA
K275,Kuutsi,K813,Võru linn,K275__Karisöödi__1,Karisöödi,2,1,4,FALSE,1,2,FALSE,NA,NA,NA
K275,Kuutsi,K813,Võru linn,K275__Kase__1,Kase,2,2,5,FALSE,1,3,FALSE,NA,NA,NA
K276,Kõima,K531,Pärnu linn,K276__Tammaru__1,Tammaru,8,3,1,TRUE,3,1,TRUE,NA,NA,NA
K276,Kõima,K531,Pärnu linn,K276__Ura__1,Ura,8,2,2,FALSE,3,2,FALSE,NA,NA,NA
K276,Kõima,K531,Pärnu linn,K276__Maalinna__1,Maalinna,4,2,3,FALSE,1,3,FALSE,NA,NA,NA
K278,Kõljala,K270,Kuressaare linn,K278__Masa__1,Masa,20,2,1,TRUE,12,1,TRUE,NA,NA,NA
K278,Kõljala,K270,Kuressaare linn,K278__Pihtla-Kõnnu__1,Pihtla-Kõnnu,19,2,2,FALSE,11,2,FALSE,NA,NA,NA
K278,Kõljala,K270,Kuressaare linn,K278__Reo__1,Reo,19,2,3,FALSE,11,3,FALSE,NA,NA,NA
K278,Kõljala,K270,Kuressaare linn,K278__Kõljala tee__1,Kõljala tee,14,2,4,FALSE,10,4,FALSE,NA,NA,NA
K278,Kõljala,K270,Kuressaare linn,K278__Reeküla tee__1,Reeküla tee,14,2,5,FALSE,10,5,FALSE,NA,NA,NA
K278,Kõljala,K270,Kuressaare linn,K278__Sagariste__1,Sagariste,14,2,6,FALSE,10,6,FALSE,NA,NA,NA
K278,Kõljala,K270,Kuressaare linn,K278__Kaali__1,Kaali,13,2,7,FALSE,8,7,FALSE,NA,NA,NA
K278,Kõljala,K270,Kuressaare linn,K278__Kõljala__1,Kõljala,13,2,8,FALSE,8,8,FALSE,NA,NA,NA
K278,Kõljala,K270,Kuressaare linn,K278__Kõljala talli__1,Kõljala talli,13,2,9,FALSE,8,9,FALSE,NA,NA,NA
K278,Kõljala,K270,Kuressaare linn,K278__Kollamäe__1,Kollamäe,11,1,10,FALSE,3,18,FALSE,NA,NA,NA
K278,Kõljala,K270,Kuressaare linn,K278__Kangruselja II__1,Kangruselja II,10,2,11,FALSE,6,10,FALSE,NA,NA,NA
K278,Kõljala,K270,Kuressaare linn,K278__Kangruselja I__1,Kangruselja I,9,2,12,FALSE,5,15,FALSE,NA,NA,NA
K278,Kõljala,K270,Kuressaare linn,K278__Nardlase__1,Nardlase,9,2,13,FALSE,5,16,FALSE,NA,NA,NA
K278,Kõljala,K270,Kuressaare linn,K278__Salmi__1,Salmi,9,2,14,FALSE,5,17,FALSE,NA,NA,NA
K278,Kõljala,K270,Kuressaare linn,K278__Liiva-Putla__1,Liiva-Putla,7,2,15,FALSE,6,11,FALSE,NA,NA,NA
K278,Kõljala,K270,Kuressaare linn,K278__Mustla__1,Mustla,7,2,16,FALSE,6,12,FALSE,NA,NA,NA
K278,Kõljala,K270,Kuressaare linn,K278__Putla__1,Putla,7,2,17,FALSE,6,13,FALSE,NA,NA,NA
K278,Kõljala,K270,Kuressaare linn,K278__Saue-Putla__1,Saue-Putla,7,2,18,FALSE,6,14,FALSE,NA,NA,NA
K278,Kõljala,K270,Kuressaare linn,K278__Kaali teerist__1,Kaali teerist,1,1,19,FALSE,1,19,FALSE,NA,NA,NA
K279,Kõmsi,K663,Tallinn,K279__Karuse kalmistu__1,Karuse kalmistu,19,2,1,TRUE,NA,NA,NA,NA,NA,NA
K279,Kõmsi,K663,Tallinn,K279__Kõmsi__1,Kõmsi,19,2,2,FALSE,3,1,TRUE,NA,NA,NA
K279,Kõmsi,K663,Tallinn,K279__Koti__1,Koti,17,2,3,FALSE,2,2,FALSE,NA,NA,NA
K279,Kõmsi,K663,Tallinn,K279__Hanila__1,Hanila,13,2,4,FALSE,NA,NA,NA,NA,NA,NA
K279,Kõmsi,K663,Tallinn,K279__Ridase__1,Ridase,13,2,5,FALSE,NA,NA,NA,NA,NA,NA
K279,Kõmsi,K663,Tallinn,K279__Sillukse__1,Sillukse,13,2,6,FALSE,NA,NA,NA,NA,NA,NA
K279,Kõmsi,K663,Tallinn,K279__Karuse__1,Karuse,10,2,7,FALSE,NA,NA,NA,NA,NA,NA
K279,Kõmsi,K663,Tallinn,K279__Kotiristi__1,Kotiristi,10,2,8,FALSE,NA,NA,NA,NA,NA,NA
K279,Kõmsi,K663,Tallinn,K279__Kõmsi kool__1,Kõmsi kool,3,2,9,FALSE,NA,NA,NA,NA,NA,NA
K279,Kõmsi,K663,Tallinn,K279__Massu__1,Massu,3,2,10,FALSE,NA,NA,NA,NA,NA,NA
K279,Kõmsi,K663,Tallinn,K279__Uue-Virtsu__1,Uue-Virtsu,3,2,11,FALSE,NA,NA,NA,NA,NA,NA
K279,Kõmsi,K663,Tallinn,K279__Kõera__1,Kõera,2,2,12,FALSE,NA,NA,NA,NA,NA,NA
K279,Kõmsi,K663,Tallinn,K279__Mäense__1,Mäense,2,2,13,FALSE,NA,NA,NA,NA,NA,NA
K279,Kõmsi,K663,Tallinn,K279__Mõisaküla__1,Mõisaküla,2,2,14,FALSE,NA,NA,NA,NA,NA,NA
K279,Kõmsi,K663,Tallinn,K279__Ridaseristi__1,Ridaseristi,2,2,15,FALSE,NA,NA,NA,NA,NA,NA
K279,Kõmsi,K663,Tallinn,K279__Salevere__1,Salevere,2,2,16,FALSE,NA,NA,NA,NA,NA,NA
K279,Kõmsi,K663,Tallinn,K279__Voose__1,Voose,2,2,17,FALSE,NA,NA,NA,NA,NA,NA
K280,Kõnnu,K663,Tallinn,K280__Viru raba__1,Viru raba,18,1,1,TRUE,16,1,TRUE,NA,NA,NA
K280,Kõnnu,K663,Tallinn,K280__Kõnnu__1,Kõnnu,12,2,2,FALSE,5,2,FALSE,NA,NA,NA
K280,Kõnnu,K663,Tallinn,K280__Viru raba__2,Viru raba,7,1,3,FALSE,NA,NA,NA,NA,NA,NA
K281,Kõo,K521,Põltsamaa linn,K281__Arussaare__1,Arussaare,17,2,1,TRUE,6,1,TRUE,NA,NA,NA
K281,Kõo,K521,Põltsamaa linn,K281__Kõo__1,Kõo,16,2,2,FALSE,6,2,FALSE,NA,NA,NA
K281,Kõo,K521,Põltsamaa linn,K281__Kirivere kool__1,Kirivere kool,14,1,3,FALSE,5,4,FALSE,NA,NA,NA
K281,Kõo,K521,Põltsamaa linn,K281__Uduallika__1,Uduallika,10,1,4,FALSE,6,3,FALSE,NA,NA,NA
K281,Kõo,K521,Põltsamaa linn,K281__Kõo tee__1,Kõo tee,9,2,5,FALSE,3,5,FALSE,NA,NA,NA
K281,Kõo,K521,Põltsamaa linn,K281__Pilistvere hooldekodu__1,Pilistvere hooldekodu,9,2,6,FALSE,3,7,FALSE,NA,NA,NA
K281,Kõo,K521,Põltsamaa linn,K281__Loopre__1,Loopre,6,2,7,FALSE,3,6,FALSE,NA,NA,NA
K282,Kõpu,K292,Kärdla linn,K282__Kõpu__1,Kõpu,8,2,1,TRUE,4,1,TRUE,NA,NA,NA
K282,Kõpu,K292,Kärdla linn,K282__Märjakaasiku__1,Märjakaasiku,8,2,2,FALSE,4,2,FALSE,NA,NA,NA
K282,Kõpu,K292,Kärdla linn,K282__Pärnaku__1,Pärnaku,8,2,3,FALSE,4,3,FALSE,NA,NA,NA
K282,Kõpu,K292,Kärdla linn,K282__Anumägi__1,Anumägi,7,2,4,FALSE,3,5,FALSE,NA,NA,NA
K282,Kõpu,K292,Kärdla linn,K282__Kõpu kool__1,Kõpu kool,7,2,5,FALSE,3,9,FALSE,NA,NA,NA
K282,Kõpu,K292,Kärdla linn,K282__Kalana__1,Kalana,6,2,6,FALSE,3,6,FALSE,NA,NA,NA
K282,Kõpu,K292,Kärdla linn,K282__Kaleste__1,Kaleste,6,2,7,FALSE,3,7,FALSE,NA,NA,NA
K282,Kõpu,K292,Kärdla linn,K282__Kiduspe__1,Kiduspe,6,2,8,FALSE,3,8,FALSE,NA,NA,NA
K282,Kõpu,K292,Kärdla linn,K282__Metsavahi__1,Metsavahi,6,2,9,FALSE,3,10,FALSE,NA,NA,NA
K282,Kõpu,K292,Kärdla linn,K282__Männi__1,Männi,6,2,10,FALSE,3,11,FALSE,NA,NA,NA
K282,Kõpu,K292,Kärdla linn,K282__Nimetu__1,Nimetu,6,2,11,FALSE,3,12,FALSE,NA,NA,NA
K282,Kõpu,K292,Kärdla linn,K282__Salumetsa__1,Salumetsa,6,2,12,FALSE,3,13,FALSE,NA,NA,NA
K282,Kõpu,K292,Kärdla linn,K282__Suurepsi__1,Suurepsi,6,2,13,FALSE,3,14,FALSE,NA,NA,NA
K282,Kõpu,K292,Kärdla linn,K282__Suureranna küla__1,Suureranna küla,6,1,14,FALSE,3,15,FALSE,NA,NA,NA
K282,Kõpu,K292,Kärdla linn,K282__Suureranna tee__1,Suureranna tee,6,2,15,FALSE,3,16,FALSE,NA,NA,NA
K282,Kõpu,K292,Kärdla linn,K282__Ülendi__1,Ülendi,6,2,16,FALSE,3,17,FALSE,NA,NA,NA
K282,Kõpu,K292,Kärdla linn,K282__Viita__1,Viita,4,1,17,FALSE,4,4,FALSE,NA,NA,NA
K283,Kõpu,K789,Viljandi linn,K283__Kõpu__1,Kõpu,18,2,1,TRUE,9,1,TRUE,NA,NA,NA
K283,Kõpu,K789,Viljandi linn,K283__Kõssa__1,Kõssa,6,2,2,FALSE,3,2,FALSE,NA,NA,NA
K283,Kõpu,K789,Viljandi linn,K283__Surnuaia__1,Surnuaia,6,2,3,FALSE,3,3,FALSE,NA,NA,NA
K283,Kõpu,K789,Viljandi linn,K283__Allikoja__1,Allikoja,4,2,4,FALSE,2,4,FALSE,NA,NA,NA
K283,Kõpu,K789,Viljandi linn,K283__Anni__1,Anni,4,2,5,FALSE,2,5,FALSE,NA,NA,NA
K283,Kõpu,K789,Viljandi linn,K283__Iia__1,Iia,4,1,6,FALSE,2,6,FALSE,NA,NA,NA
K283,Kõpu,K789,Viljandi linn,K283__Kaevandiku__1,Kaevandiku,4,2,7,FALSE,2,7,FALSE,NA,NA,NA
K283,Kõpu,K789,Viljandi linn,K283__Saareküla__1,Saareküla,4,2,8,FALSE,2,8,FALSE,NA,NA,NA
K283,Kõpu,K789,Viljandi linn,K283__Sarja__1,Sarja,4,2,9,FALSE,2,9,FALSE,NA,NA,NA
K283,Kõpu,K789,Viljandi linn,K283__Tässa__1,Tässa,4,2,10,FALSE,2,10,FALSE,NA,NA,NA
K283,Kõpu,K789,Viljandi linn,K283__Uia__1,Uia,4,2,11,FALSE,2,11,FALSE,NA,NA,NA
K283,Kõpu,K789,Viljandi linn,K283__Vanaveski__1,Vanaveski,4,2,12,FALSE,2,12,FALSE,NA,NA,NA
K284,Kõrgessaare,K292,Kärdla linn,K284__Kõrgessaare__1,Kõrgessaare,11,4,1,TRUE,6,1,TRUE,NA,NA,NA
K284,Kõrgessaare,K292,Kärdla linn,K284__Viskoosa__1,Viskoosa,11,2,2,FALSE,6,2,FALSE,NA,NA,NA
K285,Kõrkvere,K270,Kuressaare linn,K285__Kanissaare__1,Kanissaare,2,2,1,TRUE,NA,NA,NA,NA,NA,NA
K285,Kõrkvere,K270,Kuressaare linn,K285__Keskvere__1,Keskvere,2,2,2,FALSE,NA,NA,NA,NA,NA,NA
K285,Kõrkvere,K270,Kuressaare linn,K285__Kõrkvere__1,Kõrkvere,2,1,3,FALSE,NA,NA,NA,NA,NA,NA
K285,Kõrkvere,K270,Kuressaare linn,K285__Kanissaare(tellimisel)__1,Kanissaare(tellimisel),1,2,4,FALSE,NA,NA,NA,NA,NA,NA
K285,Kõrkvere,K270,Kuressaare linn,K285__Keskvere(tellimisel)__1,Keskvere(tellimisel),1,2,5,FALSE,NA,NA,NA,NA,NA,NA
K285,Kõrkvere,K270,Kuressaare linn,K285__Kõrkvere(tellimisel)__1,Kõrkvere(tellimisel),1,1,6,FALSE,NA,NA,NA,NA,NA,NA
K285,Kõrkvere,K270,Kuressaare linn,K285__Muraja(tellimisel)__1,Muraja(tellimisel),1,1,7,FALSE,NA,NA,NA,NA,NA,NA
K286,Kõrveküla,K674,Tartu linn,K286__Kõrveküla__1,Kõrveküla,87,2,1,TRUE,47,1,TRUE,NA,NA,NA
K286,Kõrveküla,K674,Tartu linn,K286__Kaupmehe__1,Kaupmehe,78,2,2,FALSE,42,3,FALSE,NA,NA,NA
K286,Kõrveküla,K674,Tartu linn,K286__Pärna__1,Pärna,78,2,3,FALSE,42,4,FALSE,NA,NA,NA
K286,Kõrveküla,K674,Tartu linn,K286__ERM__1,ERM,69,2,4,FALSE,35,5,FALSE,NA,NA,NA
K286,Kõrveküla,K674,Tartu linn,K286__Erminurme__1,Erminurme,69,2,5,FALSE,35,6,FALSE,NA,NA,NA
K286,Kõrveküla,K674,Tartu linn,K286__Nõlvakaare__1,Nõlvakaare,69,2,6,FALSE,35,7,FALSE,NA,NA,NA
K286,Kõrveküla,K674,Tartu linn,K286__Raadiraja__1,Raadiraja,69,2,7,FALSE,35,8,FALSE,NA,NA,NA
K286,Kõrveküla,K674,Tartu linn,K286__Kõrveküla kool__1,Kõrveküla kool,53,2,8,FALSE,47,2,FALSE,NA,NA,NA
K286,Kõrveküla,K674,Tartu linn,K286__Härma__1,Härma,42,2,9,FALSE,20,10,FALSE,NA,NA,NA
K286,Kõrveküla,K674,Tartu linn,K286__Sopaku__1,Sopaku,42,2,10,FALSE,22,9,FALSE,NA,NA,NA
K286,Kõrveküla,K674,Tartu linn,K286__Aovere__1,Aovere,35,2,11,FALSE,17,11,FALSE,NA,NA,NA
K286,Kõrveküla,K674,Tartu linn,K286__Järveääre__1,Järveääre,34,1,12,FALSE,NA,NA,NA,NA,NA,NA
K286,Kõrveküla,K674,Tartu linn,K286__Lubjaveski__1,Lubjaveski,29,2,13,FALSE,15,12,FALSE,NA,NA,NA
K286,Kõrveküla,K674,Tartu linn,K286__Väägvere__1,Väägvere,29,2,14,FALSE,15,13,FALSE,NA,NA,NA
K286,Kõrveküla,K674,Tartu linn,K286__Mõisavärava__1,Mõisavärava,20,1,15,FALSE,6,17,FALSE,NA,NA,NA
K286,Kõrveküla,K674,Tartu linn,K286__Arens__1,Arens,16,2,16,FALSE,12,14,FALSE,NA,NA,NA
K286,Kõrveküla,K674,Tartu linn,K286__Lombi__1,Lombi,16,2,17,FALSE,12,15,FALSE,NA,NA,NA
K286,Kõrveküla,K674,Tartu linn,K286__Pikamäe__1,Pikamäe,16,2,18,FALSE,12,16,FALSE,NA,NA,NA
K286,Kõrveküla,K674,Tartu linn,K286__Vesneri__1,Vesneri,9,2,19,FALSE,4,19,FALSE,NA,NA,NA
K286,Kõrveküla,K674,Tartu linn,K286__Metsavahi__1,Metsavahi,7,2,20,FALSE,3,21,FALSE,NA,NA,NA
K286,Kõrveküla,K674,Tartu linn,K286__Möllatsi__1,Möllatsi,7,2,21,FALSE,3,22,FALSE,NA,NA,NA
K286,Kõrveküla,K674,Tartu linn,K286__Haava__1,Haava,6,1,22,FALSE,1,25,FALSE,NA,NA,NA
K286,Kõrveküla,K674,Tartu linn,K286__Haava__2,Haava,5,1,23,FALSE,5,18,FALSE,NA,NA,NA
K286,Kõrveküla,K674,Tartu linn,K286__Kilgi tee__1,Kilgi tee,5,2,24,FALSE,3,20,FALSE,NA,NA,NA
K286,Kõrveküla,K674,Tartu linn,K286__Rätsepa__1,Rätsepa,3,1,25,FALSE,2,24,FALSE,NA,NA,NA
K286,Kõrveküla,K674,Tartu linn,K286__Vesneri keskus__1,Vesneri keskus,3,1,26,FALSE,1,26,FALSE,NA,NA,NA
K286,Kõrveküla,K674,Tartu linn,K286__Kopli__1,Kopli,2,2,27,FALSE,2,23,FALSE,NA,NA,NA
K289,Kädva,K663,Tallinn,K289__Asunduse__1,Asunduse,6,2,1,TRUE,NA,NA,NA,NA,NA,NA
K289,Kädva,K663,Tallinn,K289__Kädva__1,Kädva,6,2,2,FALSE,NA,NA,NA,NA,NA,NA
K289,Kädva,K663,Tallinn,K289__Vahastu tee__1,Vahastu tee,6,2,3,FALSE,NA,NA,NA,NA,NA,NA
K290,Käina,K292,Kärdla linn,K290__Käina__1,Käina,30,2,1,TRUE,12,1,TRUE,NA,NA,NA
K290,Käina,K292,Kärdla linn,K290__Tuuletorni__1,Tuuletorni,30,2,2,FALSE,12,2,FALSE,NA,NA,NA
K290,Käina,K292,Kärdla linn,K290__Käina kool__1,Käina kool,25,2,3,FALSE,11,3,FALSE,NA,NA,NA
K290,Käina,K292,Kärdla linn,K290__Kalmistu__1,Kalmistu,20,2,4,FALSE,6,9,FALSE,NA,NA,NA
K290,Käina,K292,Kärdla linn,K290__Selja__1,Selja,20,4,5,FALSE,6,11,FALSE,NA,NA,NA
K290,Käina,K292,Kärdla linn,K290__Luguse__1,Luguse,16,2,6,FALSE,5,15,FALSE,NA,NA,NA
K290,Käina,K292,Kärdla linn,K290__Allika__1,Allika,15,2,7,FALSE,9,4,FALSE,NA,NA,NA
K290,Käina,K292,Kärdla linn,K290__Ristivälja tee__1,Ristivälja tee,15,2,8,FALSE,9,5,FALSE,NA,NA,NA
K290,Käina,K292,Kärdla linn,K290__Aru__1,Aru,13,2,9,FALSE,5,13,FALSE,NA,NA,NA
K290,Käina,K292,Kärdla linn,K290__Kleemu tee__1,Kleemu tee,13,2,10,FALSE,5,14,FALSE,NA,NA,NA
K290,Käina,K292,Kärdla linn,K290__Putkaste__1,Putkaste,13,2,11,FALSE,7,6,FALSE,NA,NA,NA
K290,Käina,K292,Kärdla linn,K290__Utu__1,Utu,13,2,12,FALSE,5,16,FALSE,NA,NA,NA
K290,Käina,K292,Kärdla linn,K290__Vaemla__1,Vaemla,13,2,13,FALSE,7,7,FALSE,NA,NA,NA
K290,Käina,K292,Kärdla linn,K290__Jõeküla__1,Jõeküla,9,2,14,FALSE,6,8,FALSE,NA,NA,NA
K290,Käina,K292,Kärdla linn,K290__Niidi__1,Niidi,9,2,15,FALSE,6,10,FALSE,NA,NA,NA
K290,Käina,K292,Kärdla linn,K290__Õunaku__1,Õunaku,9,2,16,FALSE,6,12,FALSE,NA,NA,NA
K290,Käina,K292,Kärdla linn,K290__Kaigutsi__1,Kaigutsi,6,2,17,FALSE,1,17,FALSE,NA,NA,NA
K290,Käina,K292,Kärdla linn,K290__Kaigutsi II__1,Kaigutsi II,6,2,18,FALSE,1,18,FALSE,NA,NA,NA
K290,Käina,K292,Kärdla linn,K290__Rebasselja__1,Rebasselja,6,2,19,FALSE,1,19,FALSE,NA,NA,NA
K290,Käina,K292,Kärdla linn,K290__Puulaid__1,Puulaid,3,2,20,FALSE,NA,NA,NA,NA,NA,NA
K290,Käina,K292,Kärdla linn,K290__Kolga__1,Kolga,1,1,21,FALSE,NA,NA,NA,NA,NA,NA
K290,Käina,K292,Kärdla linn,K290__Moka__1,Moka,1,1,22,FALSE,NA,NA,NA,NA,NA,NA
K290,Käina,K292,Kärdla linn,K290__Mäeltse__1,Mäeltse,1,1,23,FALSE,NA,NA,NA,NA,NA,NA
K290,Käina,K292,Kärdla linn,K290__Nõmme__1,Nõmme,1,1,24,FALSE,NA,NA,NA,NA,NA,NA
K291,Käravete,K663,Tallinn,K291__Käravete__1,Käravete,14,2,1,TRUE,NA,NA,NA,NA,NA,NA
K291,Käravete,K663,Tallinn,K291__Mõisa__1,Mõisa,10,2,2,FALSE,NA,NA,NA,NA,NA,NA
K291,Käravete,K663,Tallinn,K291__Kukevere__1,Kukevere,2,2,3,FALSE,NA,NA,NA,NA,NA,NA
K291,Käravete,K663,Tallinn,K291__Lehtse tee__1,Lehtse tee,2,2,4,FALSE,NA,NA,NA,NA,NA,NA
K292,Kärdla linn,K292,Kärdla linn,K292__Kärdla bussijaam__1,Kärdla bussijaam,38,2,1,TRUE,NA,NA,NA,24,1,TRUE
K292,Kärdla linn,K292,Kärdla linn,K292__Kärdla keskväljak__1,Kärdla keskväljak,38,2,2,FALSE,NA,NA,NA,24,2,FALSE
K292,Kärdla linn,K292,Kärdla linn,K292__Alato__1,Alato,15,2,3,FALSE,NA,NA,NA,8,4,FALSE
K292,Kärdla linn,K292,Kärdla linn,K292__Padu__1,Padu,14,2,4,FALSE,NA,NA,NA,10,3,FALSE
K292,Kärdla linn,K292,Kärdla linn,K292__Aia__1,Aia,11,2,5,FALSE,NA,NA,NA,6,5,FALSE
K292,Kärdla linn,K292,Kärdla linn,K292__Spordikeskus__1,Spordikeskus,6,1,6,FALSE,NA,NA,NA,3,6,FALSE
K293,Kärevere,K674,Tartu linn,K293__Joosti__1,Joosti,15,2,1,TRUE,7,1,TRUE,NA,NA,NA
K293,Kärevere,K674,Tartu linn,K293__Koosa tee__1,Koosa tee,15,2,2,FALSE,7,2,FALSE,NA,NA,NA
K293,Kärevere,K674,Tartu linn,K293__Kärevere__1,Kärevere,14,2,3,FALSE,7,3,FALSE,NA,NA,NA
K293,Kärevere,K674,Tartu linn,K293__Aruvälja__1,Aruvälja,8,1,4,FALSE,NA,NA,NA,NA,NA,NA
K293,Kärevere,K674,Tartu linn,K293__Kämara__1,Kämara,3,2,5,FALSE,2,4,FALSE,NA,NA,NA
K293,Kärevere,K674,Tartu linn,K293__Kärevere kool__1,Kärevere kool,2,2,6,FALSE,1,5,FALSE,NA,NA,NA
K293,Kärevere,K674,Tartu linn,K293__Ojari__1,Ojari,1,1,7,FALSE,NA,NA,NA,NA,NA,NA
K294,Kärkna,K674,Tartu linn,K294__Kärkna__1,Kärkna,10,2,1,TRUE,9,1,TRUE,NA,NA,NA
K294,Kärkna,K674,Tartu linn,K294__Lammiku__1,Lammiku,9,2,2,FALSE,8,2,FALSE,NA,NA,NA
K294,Kärkna,K674,Tartu linn,K294__Tülba__1,Tülba,9,2,3,FALSE,8,6,FALSE,NA,NA,NA
K294,Kärkna,K674,Tartu linn,K294__Muuge tee__1,Muuge tee,8,2,4,FALSE,8,3,FALSE,NA,NA,NA
K294,Kärkna,K674,Tartu linn,K294__Seljamaa__1,Seljamaa,8,2,5,FALSE,8,4,FALSE,NA,NA,NA
K294,Kärkna,K674,Tartu linn,K294__Sojamaa__1,Sojamaa,8,2,6,FALSE,8,5,FALSE,NA,NA,NA
K294,Kärkna,K674,Tartu linn,K294__Kruusa__1,Kruusa,6,2,7,FALSE,5,7,FALSE,NA,NA,NA
K294,Kärkna,K674,Tartu linn,K294__Nõela tee__1,Nõela tee,6,2,8,FALSE,5,9,FALSE,NA,NA,NA
K294,Kärkna,K674,Tartu linn,K294__Õvi__1,Õvi,6,2,9,FALSE,5,10,FALSE,NA,NA,NA
K294,Kärkna,K674,Tartu linn,K294__Kärkna__2,Kärkna,5,1,10,FALSE,5,8,FALSE,NA,NA,NA
K294,Kärkna,K674,Tartu linn,K294__Kassi__1,Kassi,3,2,11,FALSE,2,12,FALSE,NA,NA,NA
K294,Kärkna,K674,Tartu linn,K294__Kõlluste__1,Kõlluste,3,1,12,FALSE,3,11,FALSE,NA,NA,NA
K295,Kärla,K270,Kuressaare linn,K295__Oriküla teerist__1,Oriküla teerist,15,2,1,TRUE,10,1,TRUE,NA,NA,NA
K295,Kärla,K270,Kuressaare linn,K295__Hooldekodu__1,Hooldekodu,12,2,2,FALSE,8,2,FALSE,NA,NA,NA
K295,Kärla,K270,Kuressaare linn,K295__Kärla__1,Kärla,12,1,3,FALSE,8,3,FALSE,NA,NA,NA
K295,Kärla,K270,Kuressaare linn,K295__Sõmera__1,Sõmera,12,2,4,FALSE,8,4,FALSE,NA,NA,NA
K295,Kärla,K270,Kuressaare linn,K295__Veski__1,Veski,12,2,5,FALSE,8,5,FALSE,NA,NA,NA
K295,Kärla,K270,Kuressaare linn,K295__Kiriku (Kärla)__1,Kiriku (Kärla),9,2,6,FALSE,7,6,FALSE,NA,NA,NA
K295,Kärla,K270,Kuressaare linn,K295__Kuuse__1,Kuuse,9,2,7,FALSE,7,7,FALSE,NA,NA,NA
K295,Kärla,K270,Kuressaare linn,K295__Kärla teerist__1,Kärla teerist,9,2,8,FALSE,7,8,FALSE,NA,NA,NA
K295,Kärla,K270,Kuressaare linn,K295__Kirikuküla__1,Kirikuküla,4,2,9,FALSE,2,9,FALSE,NA,NA,NA
K295,Kärla,K270,Kuressaare linn,K295__Kämpingu__1,Kämpingu,4,2,10,FALSE,2,11,FALSE,NA,NA,NA
K295,Kärla,K270,Kuressaare linn,K295__Paiküla__1,Paiküla,4,2,11,FALSE,2,12,FALSE,NA,NA,NA
K295,Kärla,K270,Kuressaare linn,K295__Kogula 2__1,Kogula 2,2,2,12,FALSE,2,10,FALSE,NA,NA,NA
K296,Kärstna,K789,Viljandi linn,K296__Järve tee__1,Järve tee,6,2,1,TRUE,2,2,FALSE,NA,NA,NA
K296,Kärstna,K789,Viljandi linn,K296__Põrga__1,Põrga,6,2,2,FALSE,2,11,FALSE,NA,NA,NA
K296,Kärstna,K789,Viljandi linn,K296__Kärstna__1,Kärstna,5,2,3,FALSE,2,8,FALSE,NA,NA,NA
K296,Kärstna,K789,Viljandi linn,K296__Anikatsi__1,Anikatsi,4,2,4,FALSE,2,1,TRUE,NA,NA,NA
K296,Kärstna,K789,Viljandi linn,K296__Jürimatsi__1,Jürimatsi,4,2,5,FALSE,2,3,FALSE,NA,NA,NA
K296,Kärstna,K789,Viljandi linn,K296__Kabelimäe__1,Kabelimäe,4,2,6,FALSE,2,4,FALSE,NA,NA,NA
K296,Kärstna,K789,Viljandi linn,K296__Karuli__1,Karuli,4,2,7,FALSE,2,5,FALSE,NA,NA,NA
K296,Kärstna,K789,Viljandi linn,K296__Kuivati__1,Kuivati,4,2,8,FALSE,2,6,FALSE,NA,NA,NA
K296,Kärstna,K789,Viljandi linn,K296__Kullese__1,Kullese,4,2,9,FALSE,2,7,FALSE,NA,NA,NA
K296,Kärstna,K789,Viljandi linn,K296__Mõisa__1,Mõisa,4,2,10,FALSE,2,9,FALSE,NA,NA,NA
K296,Kärstna,K789,Viljandi linn,K296__Pahuvere__1,Pahuvere,4,2,11,FALSE,2,10,FALSE,NA,NA,NA
K296,Kärstna,K789,Viljandi linn,K296__Suurekivi__1,Suurekivi,4,2,12,FALSE,2,12,FALSE,NA,NA,NA
K296,Kärstna,K789,Viljandi linn,K296__Raassilla tee__1,Raassilla tee,2,2,13,FALSE,1,13,FALSE,NA,NA,NA
K297,Käru,K663,Tallinn,K297__Karaski__1,Karaski,4,2,1,TRUE,NA,NA,NA,NA,NA,NA
K297,Käru,K663,Tallinn,K297__Käru__1,Käru,4,2,2,FALSE,NA,NA,NA,NA,NA,NA
K297,Käru,K663,Tallinn,K297__Peetsu__1,Peetsu,4,2,3,FALSE,NA,NA,NA,NA,NA,NA
K297,Käru,K663,Tallinn,K297__Töökoda__1,Töökoda,4,2,4,FALSE,NA,NA,NA,NA,NA,NA
K298,Käru,K663,Tallinn,K298__Käru__1,Käru,16,2,1,TRUE,8,1,TRUE,NA,NA,NA
K298,Käru,K663,Tallinn,K298__Käru tee__1,Käru tee,6,2,2,FALSE,NA,NA,NA,NA,NA,NA
K298,Käru,K663,Tallinn,K298__Käru__2,Käru,4,1,3,FALSE,NA,NA,NA,NA,NA,NA
K298,Käru,K663,Tallinn,K298__Lungu__1,Lungu,4,2,4,FALSE,NA,NA,NA,NA,NA,NA
K299,Käsmu,K663,Tallinn,K299__Käsmu__1,Käsmu,12,2,1,TRUE,3,1,TRUE,NA,NA,NA
K299,Käsmu,K663,Tallinn,K299__Käsmu järv__1,Käsmu järv,10,2,2,FALSE,1,2,FALSE,NA,NA,NA
K300,Käsukonna,K458,Paide linn,K300__Hermani__1,Hermani,10,2,1,TRUE,7,1,TRUE,NA,NA,NA
K300,Käsukonna,K458,Paide linn,K300__Käsukonnaristi__1,Käsukonnaristi,9,2,2,FALSE,6,2,FALSE,NA,NA,NA
K300,Käsukonna,K458,Paide linn,K300__Risti__1,Risti,3,2,3,FALSE,2,3,FALSE,NA,NA,NA
K300,Käsukonna,K458,Paide linn,K300__Käsukonna__1,Käsukonna,2,1,4,FALSE,1,4,FALSE,NA,NA,NA
K300,Käsukonna,K458,Paide linn,K300__Laimetsa__1,Laimetsa,2,1,5,FALSE,1,5,FALSE,NA,NA,NA
K300,Käsukonna,K458,Paide linn,K300__Metsa__1,Metsa,2,1,6,FALSE,1,6,FALSE,NA,NA,NA
K300,Käsukonna,K458,Paide linn,K300__Ojaküla__1,Ojaküla,2,1,7,FALSE,1,7,FALSE,NA,NA,NA
K300,Käsukonna,K458,Paide linn,K300__Tammeküla__1,Tammeküla,2,1,8,FALSE,1,8,FALSE,NA,NA,NA
K300,Käsukonna,K458,Paide linn,K300__Kikevere__1,Kikevere,1,1,9,FALSE,NA,NA,NA,NA,NA,NA
K301,Kääpa,K674,Tartu linn,K301__Saareküla__1,Saareküla,16,4,1,TRUE,4,1,TRUE,NA,NA,NA
K301,Kääpa,K674,Tartu linn,K301__Kääpa lasteaed__1,Kääpa lasteaed,13,2,2,FALSE,3,2,FALSE,NA,NA,NA
K301,Kääpa,K674,Tartu linn,K301__Kose tee__1,Kose tee,11,4,3,FALSE,2,5,FALSE,NA,NA,NA
K301,Kääpa,K674,Tartu linn,K301__Ruskavere__1,Ruskavere,10,3,4,FALSE,2,8,FALSE,NA,NA,NA
K301,Kääpa,K674,Tartu linn,K301__Vahimetsa tee__1,Vahimetsa tee,9,2,5,FALSE,3,3,FALSE,NA,NA,NA
K301,Kääpa,K674,Tartu linn,K301__Runga__1,Runga,7,2,6,FALSE,2,7,FALSE,NA,NA,NA
K301,Kääpa,K674,Tartu linn,K301__Kääpa__1,Kääpa,5,2,7,FALSE,2,6,FALSE,NA,NA,NA
K301,Kääpa,K674,Tartu linn,K301__Viru__1,Viru,5,2,8,FALSE,1,9,FALSE,NA,NA,NA
K301,Kääpa,K674,Tartu linn,K301__Kama__1,Kama,4,2,9,FALSE,2,4,FALSE,NA,NA,NA
K301,Kääpa,K674,Tartu linn,K301__Koseveski__1,Koseveski,2,2,10,FALSE,NA,NA,NA,NA,NA,NA
K302,Kääpa,K813,Võru linn,K302__Kääpa kool__1,Kääpa kool,28,1,1,TRUE,17,1,TRUE,NA,NA,NA
K302,Kääpa,K813,Võru linn,K302__Puusepa__1,Puusepa,28,2,2,FALSE,17,2,FALSE,NA,NA,NA
K302,Kääpa,K813,Võru linn,K302__Kääpa__1,Kääpa,13,2,3,FALSE,7,3,FALSE,NA,NA,NA
K302,Kääpa,K813,Võru linn,K302__Listaku__1,Listaku,9,2,4,FALSE,4,4,FALSE,NA,NA,NA
K302,Kääpa,K813,Võru linn,K302__Punsaku__1,Punsaku,5,2,5,FALSE,4,5,FALSE,NA,NA,NA
K303,Külitse,K674,Tartu linn,K303__Külitse__1,Külitse,73,2,1,TRUE,45,1,TRUE,NA,NA,NA
K303,Külitse,K674,Tartu linn,K303__Lemmatsi__1,Lemmatsi,62,2,2,FALSE,41,2,FALSE,NA,NA,NA
K303,Külitse,K674,Tartu linn,K303__Näki__1,Näki,62,2,3,FALSE,41,3,FALSE,NA,NA,NA
K303,Külitse,K674,Tartu linn,K303__Kose__1,Kose,57,2,4,FALSE,35,4,FALSE,NA,NA,NA
K303,Külitse,K674,Tartu linn,K303__Hobunurme__1,Hobunurme,11,2,5,FALSE,10,5,FALSE,NA,NA,NA
K303,Külitse,K674,Tartu linn,K303__Kullerkupu__1,Kullerkupu,11,2,6,FALSE,10,6,FALSE,NA,NA,NA
K303,Külitse,K674,Tartu linn,K303__Külitse järve__1,Külitse järve,11,2,7,FALSE,10,7,FALSE,NA,NA,NA
K303,Külitse,K674,Tartu linn,K303__Arroli__1,Arroli,9,2,8,FALSE,9,8,FALSE,NA,NA,NA
K303,Külitse,K674,Tartu linn,K303__Avaste__1,Avaste,9,2,9,FALSE,9,9,FALSE,NA,NA,NA
K303,Külitse,K674,Tartu linn,K303__Ropka__1,Ropka,8,2,10,FALSE,4,15,FALSE,NA,NA,NA
K303,Külitse,K674,Tartu linn,K303__Saariku__1,Saariku,8,1,11,FALSE,8,10,FALSE,NA,NA,NA
K303,Külitse,K674,Tartu linn,K303__Haagejärve__1,Haagejärve,7,1,12,FALSE,7,11,FALSE,NA,NA,NA
K303,Külitse,K674,Tartu linn,K303__Juuristiku__1,Juuristiku,6,2,13,FALSE,5,12,FALSE,NA,NA,NA
K303,Külitse,K674,Tartu linn,K303__Järveotsa__1,Järveotsa,6,2,14,FALSE,5,13,FALSE,NA,NA,NA
K303,Külitse,K674,Tartu linn,K303__Söödi__1,Söödi,6,2,15,FALSE,5,14,FALSE,NA,NA,NA
K303,Külitse,K674,Tartu linn,K303__Külavahe__1,Külavahe,4,2,16,FALSE,3,16,FALSE,NA,NA,NA
K304,Kündja,K813,Võru linn,K304__Kõo__1,Kõo,2,2,1,TRUE,2,1,TRUE,NA,NA,NA
K304,Kündja,K813,Võru linn,K304__Kõo-Kunno__1,Kõo-Kunno,2,2,2,FALSE,2,2,FALSE,NA,NA,NA
K304,Kündja,K813,Võru linn,K304__Kündja__1,Kündja,2,2,3,FALSE,2,3,FALSE,NA,NA,NA
K304,Kündja,K813,Võru linn,K304__Pari__1,Pari,2,1,4,FALSE,1,5,FALSE,NA,NA,NA
K304,Kündja,K813,Võru linn,K304__Petruse__1,Petruse,2,2,5,FALSE,2,4,FALSE,NA,NA,NA
K305,Küti,K545,Rakvere linn,K305__Kulina__1,Kulina,19,3,1,TRUE,12,1,TRUE,NA,NA,NA
K305,Küti,K545,Rakvere linn,K305__Lähtse tee__1,Lähtse tee,19,2,2,FALSE,12,2,FALSE,NA,NA,NA
K305,Küti,K545,Rakvere linn,K305__Küti__1,Küti,18,2,3,FALSE,11,3,FALSE,NA,NA,NA
K305,Küti,K545,Rakvere linn,K305__Aruküla__1,Aruküla,3,2,4,FALSE,2,4,FALSE,NA,NA,NA
K305,Küti,K545,Rakvere linn,K305__Mähka__1,Mähka,3,2,5,FALSE,2,5,FALSE,NA,NA,NA
K305,Küti,K545,Rakvere linn,K305__Rünga tee__1,Rünga tee,2,2,6,FALSE,1,6,FALSE,NA,NA,NA
K305,Küti,K545,Rakvere linn,K305__Uusaru__1,Uusaru,1,1,7,FALSE,1,7,FALSE,NA,NA,NA
K306,Kütimäe,K521,Põltsamaa linn,K306__Kütimäe__1,Kütimäe,11,2,1,TRUE,6,1,TRUE,NA,NA,NA
K306,Kütimäe,K521,Põltsamaa linn,K306__Kõrkküla__1,Kõrkküla,7,2,2,FALSE,2,3,FALSE,NA,NA,NA
K306,Kütimäe,K521,Põltsamaa linn,K306__Kulla__1,Kulla,3,2,3,FALSE,3,2,FALSE,NA,NA,NA
K307,Laagna,K422,Narva linn,K307__Laagna__1,Laagna,49,2,1,TRUE,25,1,TRUE,NA,NA,NA
K307,Laagna,K422,Narva linn,K307__Puhkova__1,Puhkova,38,2,2,FALSE,19,2,FALSE,NA,NA,NA
K307,Laagna,K422,Narva linn,K307__Hiiemetsa__1,Hiiemetsa,37,2,3,FALSE,18,3,FALSE,NA,NA,NA
K307,Laagna,K422,Narva linn,K307__Veski__1,Veski,37,2,4,FALSE,18,4,FALSE,NA,NA,NA
K308,Laagri,K663,Tallinn,K308__Nõlvaku__1,Nõlvaku,273,2,1,TRUE,165,1,TRUE,NA,NA,NA
K308,Laagri,K663,Tallinn,K308__Laagri alevik__1,Laagri alevik,164,3,2,FALSE,120,2,FALSE,NA,NA,NA
K308,Laagri,K663,Tallinn,K308__Urda__1,Urda,113,1,3,FALSE,39,6,FALSE,NA,NA,NA
K308,Laagri,K663,Tallinn,K308__Urda__2,Urda,102,2,4,FALSE,52,4,FALSE,NA,NA,NA
K308,Laagri,K663,Tallinn,K308__Rahnu__1,Rahnu,101,2,5,FALSE,87,3,FALSE,NA,NA,NA
K308,Laagri,K663,Tallinn,K308__Turbasambla__1,Turbasambla,72,1,6,FALSE,42,5,FALSE,NA,NA,NA
K308,Laagri,K663,Tallinn,K308__Metsa__1,Metsa,20,2,7,FALSE,6,11,FALSE,NA,NA,NA
K308,Laagri,K663,Tallinn,K308__Tuulemurru__1,Tuulemurru,20,2,8,FALSE,6,14,FALSE,NA,NA,NA
K308,Laagri,K663,Tallinn,K308__Urda jaam__1,Urda jaam,20,1,9,FALSE,6,15,FALSE,NA,NA,NA
K308,Laagri,K663,Tallinn,K308__Kuuse__1,Kuuse,14,1,10,FALSE,6,10,FALSE,NA,NA,NA
K308,Laagri,K663,Tallinn,K308__Koidu__1,Koidu,12,1,11,FALSE,6,9,FALSE,NA,NA,NA
K308,Laagri,K663,Tallinn,K308__Tammetalu__1,Tammetalu,12,2,12,FALSE,6,13,FALSE,NA,NA,NA
K308,Laagri,K663,Tallinn,K308__Sillaku__1,Sillaku,9,2,13,FALSE,7,8,FALSE,NA,NA,NA
K308,Laagri,K663,Tallinn,K308__Kauri__1,Kauri,8,1,14,FALSE,NA,NA,NA,NA,NA,NA
K308,Laagri,K663,Tallinn,K308__Kotka lasteaed__1,Kotka lasteaed,8,1,15,FALSE,NA,NA,NA,NA,NA,NA
K308,Laagri,K663,Tallinn,K308__Käokeele__1,Käokeele,8,1,16,FALSE,NA,NA,NA,NA,NA,NA
K308,Laagri,K663,Tallinn,K308__Lumekannikese__1,Lumekannikese,8,1,17,FALSE,NA,NA,NA,NA,NA,NA
K308,Laagri,K663,Tallinn,K308__Möldre kool__1,Möldre kool,8,1,18,FALSE,NA,NA,NA,NA,NA,NA
K308,Laagri,K663,Tallinn,K308__Redise__1,Redise,8,1,19,FALSE,NA,NA,NA,NA,NA,NA
K308,Laagri,K663,Tallinn,K308__Vanasilla__1,Vanasilla,8,1,20,FALSE,8,7,FALSE,NA,NA,NA
K308,Laagri,K663,Tallinn,K308__Väriheina__1,Väriheina,8,1,21,FALSE,NA,NA,NA,NA,NA,NA
K308,Laagri,K663,Tallinn,K308__Saunapunkt__1,Saunapunkt,6,1,22,FALSE,6,12,FALSE,NA,NA,NA
K308,Laagri,K663,Tallinn,K308__Tammemäe__1,Tammemäe,6,1,23,FALSE,NA,NA,NA,NA,NA,NA
K309,Laanemetsa,K740,Valga linn,K309__Laanemetsa__1,Laanemetsa,8,2,1,TRUE,4,1,TRUE,NA,NA,NA
K309,Laanemetsa,K740,Valga linn,K309__Laanemetsa kauplus__1,Laanemetsa kauplus,8,2,2,FALSE,4,2,FALSE,NA,NA,NA
K309,Laanemetsa,K740,Valga linn,K309__Räime__1,Räime,8,2,3,FALSE,4,3,FALSE,NA,NA,NA
K309,Laanemetsa,K740,Valga linn,K309__Taheva__1,Taheva,8,2,4,FALSE,4,4,FALSE,NA,NA,NA
K309,Laanemetsa,K740,Valga linn,K309__Pügeri__1,Pügeri,4,1,5,FALSE,NA,NA,NA,NA,NA,NA
K310,Laatre,K740,Valga linn,K310__Antsla teerist__1,Antsla teerist,22,2,1,TRUE,12,1,TRUE,NA,NA,NA
K310,Laatre,K740,Valga linn,K310__Laatre__1,Laatre,19,2,2,FALSE,9,3,FALSE,NA,NA,NA
K310,Laatre,K740,Valga linn,K310__Kuiksilla__1,Kuiksilla,16,2,3,FALSE,9,2,FALSE,NA,NA,NA
K310,Laatre,K740,Valga linn,K310__Iigaste tee__1,Iigaste tee,6,2,4,FALSE,3,4,FALSE,NA,NA,NA
K310,Laatre,K740,Valga linn,K310__Laatre keskus__1,Laatre keskus,6,2,5,FALSE,3,5,FALSE,NA,NA,NA
K310,Laatre,K740,Valga linn,K310__Suurekõrtsi__1,Suurekõrtsi,6,2,6,FALSE,3,6,FALSE,NA,NA,NA
K310,Laatre,K740,Valga linn,K310__Vilaski__1,Vilaski,6,2,7,FALSE,3,7,FALSE,NA,NA,NA
K311,Laekannu,K663,Tallinn,K311__Lepiksaare__1,Lepiksaare,9,2,1,TRUE,NA,NA,NA,NA,NA,NA
K312,Laekvere,K663,Tallinn,K312__Laekvere__1,Laekvere,12,2,1,TRUE,NA,NA,NA,NA,NA,NA
K312,Laekvere,K663,Tallinn,K312__Moora__1,Moora,5,2,2,FALSE,NA,NA,NA,NA,NA,NA
K312,Laekvere,K663,Tallinn,K312__Padu__1,Padu,5,2,3,FALSE,NA,NA,NA,NA,NA,NA
K312,Laekvere,K663,Tallinn,K312__Sirevere__1,Sirevere,5,2,4,FALSE,NA,NA,NA,NA,NA,NA
K312,Laekvere,K663,Tallinn,K312__Kellavere tee__1,Kellavere tee,4,2,5,FALSE,NA,NA,NA,NA,NA,NA
K312,Laekvere,K663,Tallinn,K312__Rahkla__1,Rahkla,4,2,6,FALSE,NA,NA,NA,NA,NA,NA
K312,Laekvere,K663,Tallinn,K312__Rohu__1,Rohu,4,2,7,FALSE,NA,NA,NA,NA,NA,NA
K312,Laekvere,K663,Tallinn,K312__Vassivere__1,Vassivere,4,2,8,FALSE,NA,NA,NA,NA,NA,NA
K312,Laekvere,K663,Tallinn,K312__Kissa__1,Kissa,3,1,9,FALSE,NA,NA,NA,NA,NA,NA
K312,Laekvere,K663,Tallinn,K312__Väljaotsa__1,Väljaotsa,3,2,10,FALSE,NA,NA,NA,NA,NA,NA
K312,Laekvere,K663,Tallinn,K312__Rahkla-Aru__1,Rahkla-Aru,2,2,11,FALSE,NA,NA,NA,NA,NA,NA
K313,Laeva,K674,Tartu linn,K313__Laeva__1,Laeva,18,2,1,TRUE,7,2,FALSE,NA,NA,NA
K313,Laeva,K674,Tartu linn,K313__Laeva metskonna__1,Laeva metskonna,15,2,2,FALSE,7,3,FALSE,NA,NA,NA
K313,Laeva,K674,Tartu linn,K313__Rootsi__1,Rootsi,15,2,3,FALSE,7,4,FALSE,NA,NA,NA
K313,Laeva,K674,Tartu linn,K313__Matto__1,Matto,13,2,4,FALSE,6,5,FALSE,NA,NA,NA
K313,Laeva,K674,Tartu linn,K313__Siniküla__1,Siniküla,13,2,5,FALSE,6,6,FALSE,NA,NA,NA
K313,Laeva,K674,Tartu linn,K313__Aruvälja__1,Aruvälja,7,1,6,FALSE,7,1,TRUE,NA,NA,NA
K313,Laeva,K674,Tartu linn,K313__Jõeääre__1,Jõeääre,5,2,7,FALSE,1,7,FALSE,NA,NA,NA
K313,Laeva,K674,Tartu linn,K313__Mäemaa__1,Mäemaa,5,2,8,FALSE,1,8,FALSE,NA,NA,NA
K313,Laeva,K674,Tartu linn,K313__Väänikvere__1,Väänikvere,5,2,9,FALSE,1,9,FALSE,NA,NA,NA
K314,Lagedi,K663,Tallinn,K314__Lagedi kool__1,Lagedi kool,40,1,1,TRUE,33,1,TRUE,NA,NA,NA
K314,Lagedi,K663,Tallinn,K314__Lohu__1,Lohu,40,2,2,FALSE,33,2,FALSE,NA,NA,NA
K314,Lagedi,K663,Tallinn,K314__Lagedi__2,Lagedi,30,2,3,FALSE,15,7,FALSE,NA,NA,NA
K314,Lagedi,K663,Tallinn,K314__Lagedi__1,Lagedi,26,2,4,FALSE,26,3,FALSE,NA,NA,NA
K314,Lagedi,K663,Tallinn,K314__Lennuradari__1,Lennuradari,26,2,5,FALSE,26,4,FALSE,NA,NA,NA
K314,Lagedi,K663,Tallinn,K314__Raadiojaama tee__1,Raadiojaama tee,26,2,6,FALSE,26,5,FALSE,NA,NA,NA
K314,Lagedi,K663,Tallinn,K314__Ülejõe__1,Ülejõe,26,2,7,FALSE,26,6,FALSE,NA,NA,NA
K314,Lagedi,K663,Tallinn,K314__Arestimaja__1,Arestimaja,20,2,8,FALSE,11,8,FALSE,NA,NA,NA
K314,Lagedi,K663,Tallinn,K314__Vangla__1,Vangla,20,2,9,FALSE,11,9,FALSE,NA,NA,NA
K314,Lagedi,K663,Tallinn,K314__Külma__1,Külma,6,2,10,FALSE,3,10,FALSE,NA,NA,NA
K314,Lagedi,K663,Tallinn,K314__Lagedi haigla__1,Lagedi haigla,6,2,11,FALSE,3,11,FALSE,NA,NA,NA
K314,Lagedi,K663,Tallinn,K314__Lagedi kauplus__1,Lagedi kauplus,6,2,12,FALSE,3,12,FALSE,NA,NA,NA
K315,Laheda,K523,Põlva linn,K315__Sika teerist__1,Sika teerist,16,4,1,TRUE,11,1,TRUE,NA,NA,NA
K315,Laheda,K523,Põlva linn,K315__Kööbi__1,Kööbi,13,2,2,FALSE,9,2,FALSE,NA,NA,NA
K315,Laheda,K523,Põlva linn,K315__Luhtsi__1,Luhtsi,13,2,3,FALSE,9,3,FALSE,NA,NA,NA
K315,Laheda,K523,Põlva linn,K315__Joosu__1,Joosu,12,4,4,FALSE,8,4,FALSE,NA,NA,NA
K315,Laheda,K523,Põlva linn,K315__Leega__1,Leega,11,4,5,FALSE,7,7,FALSE,NA,NA,NA
K315,Laheda,K523,Põlva linn,K315__Lemmiku__1,Lemmiku,11,2,6,FALSE,8,5,FALSE,NA,NA,NA
K315,Laheda,K523,Põlva linn,K315__Tilsi__1,Tilsi,11,2,7,FALSE,7,8,FALSE,NA,NA,NA
K315,Laheda,K523,Põlva linn,K315__Vana-Koiola__1,Vana-Koiola,11,2,8,FALSE,8,6,FALSE,NA,NA,NA
K315,Laheda,K523,Põlva linn,K315__Ridali__1,Ridali,10,3,9,FALSE,6,10,FALSE,NA,NA,NA
K315,Laheda,K523,Põlva linn,K315__Luiga__1,Luiga,9,2,10,FALSE,6,9,FALSE,NA,NA,NA
K315,Laheda,K523,Põlva linn,K315__Tsolgo tee__1,Tsolgo tee,9,2,11,FALSE,5,12,FALSE,NA,NA,NA
K315,Laheda,K523,Põlva linn,K315__Mustajõe tee__1,Mustajõe tee,8,2,12,FALSE,5,11,FALSE,NA,NA,NA
K315,Laheda,K523,Põlva linn,K315__Laheda__1,Laheda,5,2,13,FALSE,4,13,FALSE,NA,NA,NA
K315,Laheda,K523,Põlva linn,K315__Mustioro__1,Mustioro,5,2,14,FALSE,4,14,FALSE,NA,NA,NA
K315,Laheda,K523,Põlva linn,K315__Pragi__1,Pragi,5,2,15,FALSE,4,15,FALSE,NA,NA,NA
K315,Laheda,K523,Põlva linn,K315__Suurküla__1,Suurküla,5,2,16,FALSE,4,16,FALSE,NA,NA,NA
K315,Laheda,K523,Põlva linn,K315__Mustajõe__1,Mustajõe,4,2,17,FALSE,2,18,FALSE,NA,NA,NA
K315,Laheda,K523,Põlva linn,K315__Joosu karjäär__1,Joosu karjäär,3,2,18,FALSE,1,21,FALSE,NA,NA,NA
K315,Laheda,K523,Põlva linn,K315__Koskoja__1,Koskoja,3,2,19,FALSE,1,23,FALSE,NA,NA,NA
K315,Laheda,K523,Põlva linn,K315__Lahe__1,Lahe,3,2,20,FALSE,3,17,FALSE,NA,NA,NA
K315,Laheda,K523,Põlva linn,K315__Naruski__1,Naruski,3,2,21,FALSE,1,24,FALSE,NA,NA,NA
K315,Laheda,K523,Põlva linn,K315__Viinakoja__1,Viinakoja,3,2,22,FALSE,1,25,FALSE,NA,NA,NA
K315,Laheda,K523,Põlva linn,K315__Särgoja__1,Särgoja,2,2,23,FALSE,2,19,FALSE,NA,NA,NA
K315,Laheda,K523,Põlva linn,K315__Vardja__1,Vardja,2,2,24,FALSE,2,20,FALSE,NA,NA,NA
K315,Laheda,K523,Põlva linn,K315__Kivestu__1,Kivestu,1,1,25,FALSE,1,22,FALSE,NA,NA,NA
K316,Laheküla,K270,Kuressaare linn,K316__Kellamäe__1,Kellamäe,24,1,1,TRUE,24,1,TRUE,NA,NA,NA
K316,Laheküla,K270,Kuressaare linn,K316__Kellamäe__2,Kellamäe,14,1,2,FALSE,8,8,FALSE,NA,NA,NA
K316,Laheküla,K270,Kuressaare linn,K316__Raudteetammi__1,Raudteetammi,14,2,3,FALSE,11,5,FALSE,NA,NA,NA
K316,Laheküla,K270,Kuressaare linn,K316__Unimäe__1,Unimäe,14,2,4,FALSE,11,6,FALSE,NA,NA,NA
K316,Laheküla,K270,Kuressaare linn,K316__Bauhof__1,Bauhof,11,1,5,FALSE,11,2,FALSE,NA,NA,NA
K316,Laheküla,K270,Kuressaare linn,K316__Kiviraie__1,Kiviraie,11,1,6,FALSE,11,3,FALSE,NA,NA,NA
K316,Laheküla,K270,Kuressaare linn,K316__Laheküla__1,Laheküla,11,1,7,FALSE,11,4,FALSE,NA,NA,NA
K316,Laheküla,K270,Kuressaare linn,K316__Sikassaare__1,Sikassaare,9,1,8,FALSE,9,7,FALSE,NA,NA,NA
K317,Laiksaare,K531,Pärnu linn,K317__Laiksaare side__1,Laiksaare side,5,2,1,TRUE,2,2,FALSE,NA,NA,NA
K317,Laiksaare,K531,Pärnu linn,K317__Välgu__1,Välgu,5,2,2,FALSE,3,1,TRUE,NA,NA,NA
K317,Laiksaare,K531,Pärnu linn,K317__Laiksaare kauplus__1,Laiksaare kauplus,3,1,3,FALSE,1,4,FALSE,NA,NA,NA
K317,Laiksaare,K531,Pärnu linn,K317__Pihke__1,Pihke,3,1,4,FALSE,1,5,FALSE,NA,NA,NA
K317,Laiksaare,K531,Pärnu linn,K317__Aruste__1,Aruste,2,2,5,FALSE,1,3,FALSE,NA,NA,NA
K317,Laiksaare,K531,Pärnu linn,K317__Possa__1,Possa,2,2,6,FALSE,1,6,FALSE,NA,NA,NA
K317,Laiksaare,K531,Pärnu linn,K317__Vangu__1,Vangu,2,2,7,FALSE,1,7,FALSE,NA,NA,NA
K318,Laimjala-Kahtla,K270,Kuressaare linn,K318__Asva__1,Asva,13,2,1,TRUE,6,1,TRUE,NA,NA,NA
K318,Laimjala-Kahtla,K270,Kuressaare linn,K318__Kahtla__1,Kahtla,13,2,2,FALSE,6,2,FALSE,NA,NA,NA
K318,Laimjala-Kahtla,K270,Kuressaare linn,K318__Laimjala__1,Laimjala,13,2,3,FALSE,6,4,FALSE,NA,NA,NA
K318,Laimjala-Kahtla,K270,Kuressaare linn,K318__Kõiguste__1,Kõiguste,12,2,4,FALSE,6,3,FALSE,NA,NA,NA
K319,Laitse-Ruila,K663,Tallinn,K319__Kibuna__2,Kibuna,32,2,1,TRUE,16,1,TRUE,NA,NA,NA
K319,Laitse-Ruila,K663,Tallinn,K319__Laitse__1,Laitse,32,2,2,FALSE,16,2,FALSE,NA,NA,NA
K319,Laitse-Ruila,K663,Tallinn,K319__Laitse tee__1,Laitse tee,21,2,3,FALSE,7,6,FALSE,NA,NA,NA
K319,Laitse-Ruila,K663,Tallinn,K319__Kasekännu__1,Kasekännu,20,2,4,FALSE,7,4,FALSE,NA,NA,NA
K319,Laitse-Ruila,K663,Tallinn,K319__Kääbastemägi__1,Kääbastemägi,20,3,5,FALSE,7,5,FALSE,NA,NA,NA
K319,Laitse-Ruila,K663,Tallinn,K319__Muusika__1,Muusika,20,2,6,FALSE,7,8,FALSE,NA,NA,NA
K319,Laitse-Ruila,K663,Tallinn,K319__Ruila kool__1,Ruila kool,20,1,7,FALSE,7,9,FALSE,NA,NA,NA
K319,Laitse-Ruila,K663,Tallinn,K319__Sinilille__1,Sinilille,20,2,8,FALSE,7,10,FALSE,NA,NA,NA
K319,Laitse-Ruila,K663,Tallinn,K319__Ruila tee__1,Ruila tee,16,2,9,FALSE,3,13,FALSE,NA,NA,NA
K319,Laitse-Ruila,K663,Tallinn,K319__Allika__1,Allika,14,2,10,FALSE,7,3,FALSE,NA,NA,NA
K319,Laitse-Ruila,K663,Tallinn,K319__Liiva__1,Liiva,14,2,11,FALSE,7,7,FALSE,NA,NA,NA
K319,Laitse-Ruila,K663,Tallinn,K319__Allikmäe__1,Allikmäe,12,2,12,FALSE,4,11,FALSE,NA,NA,NA
K319,Laitse-Ruila,K663,Tallinn,K319__Rallipargi__1,Rallipargi,11,2,13,FALSE,3,12,FALSE,NA,NA,NA
K319,Laitse-Ruila,K663,Tallinn,K319__Kibuna__1,Kibuna,9,2,14,FALSE,NA,NA,NA,NA,NA,NA
K319,Laitse-Ruila,K663,Tallinn,K319__Luige__1,Luige,9,2,15,FALSE,NA,NA,NA,NA,NA,NA
K319,Laitse-Ruila,K663,Tallinn,K319__Nuudi tee__1,Nuudi tee,9,2,16,FALSE,NA,NA,NA,NA,NA,NA
K319,Laitse-Ruila,K663,Tallinn,K319__Pardi tee__1,Pardi tee,9,2,17,FALSE,NA,NA,NA,NA,NA,NA
K319,Laitse-Ruila,K663,Tallinn,K319__Anniko tee__1,Anniko tee,6,2,18,FALSE,NA,NA,NA,NA,NA,NA
K319,Laitse-Ruila,K663,Tallinn,K319__Laitse loss__1,Laitse loss,6,2,19,FALSE,NA,NA,NA,NA,NA,NA
K319,Laitse-Ruila,K663,Tallinn,K319__Laitse seltsimaja__1,Laitse seltsimaja,6,2,20,FALSE,NA,NA,NA,NA,NA,NA
K319,Laitse-Ruila,K663,Tallinn,K319__Oru__1,Oru,6,2,21,FALSE,NA,NA,NA,NA,NA,NA
K319,Laitse-Ruila,K663,Tallinn,K319__Vainu__1,Vainu,6,2,22,FALSE,NA,NA,NA,NA,NA,NA
K319,Laitse-Ruila,K663,Tallinn,K319__Munalaskme tee__1,Munalaskme tee,3,1,23,FALSE,NA,NA,NA,NA,NA,NA
K319,Laitse-Ruila,K663,Tallinn,K319__Suurenõmme__1,Suurenõmme,1,1,24,FALSE,NA,NA,NA,NA,NA,NA
K320,Laiuse,K115,Jõgeva linn,K320__Mäealuse__1,Mäealuse,20,2,1,TRUE,12,1,TRUE,NA,NA,NA
K320,Laiuse,K115,Jõgeva linn,K320__Sootaga__1,Sootaga,20,1,2,FALSE,12,2,FALSE,NA,NA,NA
K320,Laiuse,K115,Jõgeva linn,K320__Laiuse__1,Laiuse,19,2,3,FALSE,11,3,FALSE,NA,NA,NA
K320,Laiuse,K115,Jõgeva linn,K320__Mõisaküla__1,Mõisaküla,18,2,4,FALSE,9,4,FALSE,NA,NA,NA
K320,Laiuse,K115,Jõgeva linn,K320__Palupere__1,Palupere,18,2,5,FALSE,9,5,FALSE,NA,NA,NA
K320,Laiuse,K115,Jõgeva linn,K320__Alavere__1,Alavere,3,2,6,FALSE,3,6,FALSE,NA,NA,NA
K320,Laiuse,K115,Jõgeva linn,K320__Metskonna__1,Metskonna,3,2,7,FALSE,3,7,FALSE,NA,NA,NA
K320,Laiuse,K115,Jõgeva linn,K320__Vilina__1,Vilina,3,1,8,FALSE,2,8,FALSE,NA,NA,NA
K320,Laiuse,K115,Jõgeva linn,K320__Laiuse kalmistu__1,Laiuse kalmistu,1,1,9,FALSE,1,9,FALSE,NA,NA,NA
K321,Lasila,K545,Rakvere linn,K321__Levala__1,Levala,23,3,1,TRUE,13,1,TRUE,NA,NA,NA
K321,Lasila,K545,Rakvere linn,K321__Umbaia__1,Umbaia,18,2,2,FALSE,11,2,FALSE,NA,NA,NA
K321,Lasila,K545,Rakvere linn,K321__Tõnni__1,Tõnni,16,2,3,FALSE,9,3,FALSE,NA,NA,NA
K321,Lasila,K545,Rakvere linn,K321__Karunga__1,Karunga,2,1,4,FALSE,NA,NA,NA,NA,NA,NA
K321,Lasila,K545,Rakvere linn,K321__Lasila__1,Lasila,2,1,5,FALSE,NA,NA,NA,NA,NA,NA
K321,Lasila,K545,Rakvere linn,K321__Raja__1,Raja,2,1,6,FALSE,NA,NA,NA,NA,NA,NA
K321,Lasila,K545,Rakvere linn,K321__Järni__1,Järni,1,1,7,FALSE,NA,NA,NA,NA,NA,NA
K321,Lasila,K545,Rakvere linn,K321__Lasila kool__1,Lasila kool,1,1,8,FALSE,NA,NA,NA,NA,NA,NA
K321,Lasila,K545,Rakvere linn,K321__Roopliku__1,Roopliku,1,1,9,FALSE,1,4,FALSE,NA,NA,NA
K321,Lasila,K545,Rakvere linn,K321__Tamna__1,Tamna,1,1,10,FALSE,1,5,FALSE,NA,NA,NA
K322,Lasva,K813,Võru linn,K322__Lasva__1,Lasva,18,2,1,TRUE,12,1,TRUE,NA,NA,NA
K322,Lasva,K813,Võru linn,K322__Lasva kauplus__1,Lasva kauplus,18,2,2,FALSE,12,2,FALSE,NA,NA,NA
K322,Lasva,K813,Võru linn,K322__Otsa__1,Otsa,16,2,3,FALSE,10,3,FALSE,NA,NA,NA
K322,Lasva,K813,Võru linn,K322__Liivamäe__1,Liivamäe,15,2,4,FALSE,9,6,FALSE,NA,NA,NA
K322,Lasva,K813,Võru linn,K322__Pässa__1,Pässa,15,2,5,FALSE,10,4,FALSE,NA,NA,NA
K322,Lasva,K813,Võru linn,K322__Voki-Tamme__1,Voki-Tamme,15,2,6,FALSE,10,5,FALSE,NA,NA,NA
K322,Lasva,K813,Võru linn,K322__Husari__1,Husari,4,2,7,FALSE,4,7,FALSE,NA,NA,NA
K322,Lasva,K813,Võru linn,K322__Kühmamäe__1,Kühmamäe,4,2,8,FALSE,4,8,FALSE,NA,NA,NA
K322,Lasva,K813,Võru linn,K322__Pikakannu__1,Pikakannu,4,2,9,FALSE,4,9,FALSE,NA,NA,NA
K322,Lasva,K813,Võru linn,K322__Pindi__1,Pindi,4,1,10,FALSE,4,10,FALSE,NA,NA,NA
K322,Lasva,K813,Võru linn,K322__Pindi__2,Pindi,4,1,11,FALSE,NA,NA,NA,NA,NA,NA
K322,Lasva,K813,Võru linn,K322__Tammsaare__1,Tammsaare,4,2,12,FALSE,4,11,FALSE,NA,NA,NA
K322,Lasva,K813,Võru linn,K322__Kõrgessaare__1,Kõrgessaare,3,2,13,FALSE,3,12,FALSE,NA,NA,NA
K322,Lasva,K813,Võru linn,K322__Madala__1,Madala,3,2,14,FALSE,3,13,FALSE,NA,NA,NA
K322,Lasva,K813,Võru linn,K322__Nõnova__1,Nõnova,3,2,15,FALSE,3,14,FALSE,NA,NA,NA
K322,Lasva,K813,Võru linn,K322__Sillaotsa__1,Sillaotsa,1,1,16,FALSE,NA,NA,NA,NA,NA,NA
K323,Lauka,K292,Kärdla linn,K323__Pihlamägi__1,Pihlamägi,11,2,1,TRUE,6,2,FALSE,NA,NA,NA
K323,Lauka,K292,Kärdla linn,K323__Reigi__1,Reigi,11,2,2,FALSE,6,4,FALSE,NA,NA,NA
K323,Lauka,K292,Kärdla linn,K323__Rootsi__1,Rootsi,11,2,3,FALSE,6,5,FALSE,NA,NA,NA
K323,Lauka,K292,Kärdla linn,K323__Lauka__1,Lauka,10,1,4,FALSE,6,1,TRUE,NA,NA,NA
K323,Lauka,K292,Kärdla linn,K323__Särglepa__1,Särglepa,10,2,5,FALSE,6,6,FALSE,NA,NA,NA
K323,Lauka,K292,Kärdla linn,K323__Posti__1,Posti,6,1,6,FALSE,6,3,FALSE,NA,NA,NA
K324,Laukna,K663,Tallinn,K324__Laukna__1,Laukna,10,2,1,TRUE,NA,NA,NA,NA,NA,NA
K324,Laukna,K663,Tallinn,K324__Aima__1,Aima,8,2,2,FALSE,NA,NA,NA,NA,NA,NA
K324,Laukna,K663,Tallinn,K324__Laisilla__1,Laisilla,8,2,3,FALSE,NA,NA,NA,NA,NA,NA
K324,Laukna,K663,Tallinn,K324__Vaikna__1,Vaikna,8,2,4,FALSE,NA,NA,NA,NA,NA,NA
K325,Laulasmaa,K663,Tallinn,K325__Laulasmaa__1,Laulasmaa,55,2,1,TRUE,21,1,TRUE,NA,NA,NA
K325,Laulasmaa,K663,Tallinn,K325__Tornimäe__1,Tornimäe,55,2,2,FALSE,21,2,FALSE,NA,NA,NA
K325,Laulasmaa,K663,Tallinn,K325__Kõltsu mõis__1,Kõltsu mõis,41,2,3,FALSE,14,3,FALSE,NA,NA,NA
K325,Laulasmaa,K663,Tallinn,K325__Laulasmaa kool__1,Laulasmaa kool,41,2,4,FALSE,14,4,FALSE,NA,NA,NA
K325,Laulasmaa,K663,Tallinn,K325__Arvo Pärdi keskus__1,Arvo Pärdi keskus,30,2,5,FALSE,7,5,FALSE,NA,NA,NA
K325,Laulasmaa,K663,Tallinn,K325__Heliküla__1,Heliküla,30,2,6,FALSE,7,6,FALSE,NA,NA,NA
K325,Laulasmaa,K663,Tallinn,K325__Lohusalu__1,Lohusalu,30,2,7,FALSE,7,7,FALSE,NA,NA,NA
K325,Laulasmaa,K663,Tallinn,K325__Lohusalu sadam__1,Lohusalu sadam,30,1,8,FALSE,7,8,FALSE,NA,NA,NA
K325,Laulasmaa,K663,Tallinn,K325__Pansionaat__1,Pansionaat,30,2,9,FALSE,7,9,FALSE,NA,NA,NA
K325,Laulasmaa,K663,Tallinn,K325__Lohusalu tee__1,Lohusalu tee,23,1,10,FALSE,NA,NA,NA,NA,NA,NA
K325,Laulasmaa,K663,Tallinn,K325__Käesalu__1,Käesalu,15,2,11,FALSE,NA,NA,NA,NA,NA,NA
K326,Laupa,K709,Türi linn,K326__Laupa__1,Laupa,12,2,1,TRUE,8,1,TRUE,NA,NA,NA
K326,Laupa,K709,Türi linn,K326__Parasi__1,Parasi,12,2,2,FALSE,7,2,FALSE,NA,NA,NA
K326,Laupa,K709,Türi linn,K326__Jändja__1,Jändja,6,2,3,FALSE,4,3,FALSE,NA,NA,NA
K326,Laupa,K709,Türi linn,K326__Laupa kool__1,Laupa kool,6,1,4,FALSE,3,4,FALSE,NA,NA,NA
K326,Laupa,K709,Türi linn,K326__Rae__1,Rae,6,2,5,FALSE,2,11,FALSE,NA,NA,NA
K326,Laupa,K709,Türi linn,K326__Aruküla__1,Aruküla,4,2,6,FALSE,2,5,FALSE,NA,NA,NA
K326,Laupa,K709,Türi linn,K326__Jaani__1,Jaani,4,2,7,FALSE,2,6,FALSE,NA,NA,NA
K326,Laupa,K709,Türi linn,K326__Kaarnasoo__1,Kaarnasoo,4,2,8,FALSE,2,7,FALSE,NA,NA,NA
K326,Laupa,K709,Türi linn,K326__Kruusimäe__1,Kruusimäe,4,2,9,FALSE,2,8,FALSE,NA,NA,NA
K326,Laupa,K709,Türi linn,K326__Põikva__1,Põikva,4,2,10,FALSE,2,10,FALSE,NA,NA,NA
K326,Laupa,K709,Türi linn,K326__Püti__1,Püti,3,2,11,FALSE,1,12,FALSE,NA,NA,NA
K326,Laupa,K709,Türi linn,K326__Teele__1,Teele,3,2,12,FALSE,1,14,FALSE,NA,NA,NA
K326,Laupa,K709,Türi linn,K326__Pleksneri__1,Pleksneri,2,1,13,FALSE,2,9,FALSE,NA,NA,NA
K326,Laupa,K709,Türi linn,K326__Soomeniidu__1,Soomeniidu,2,2,14,FALSE,1,13,FALSE,NA,NA,NA
K326,Laupa,K709,Türi linn,K326__Töökoda__1,Töökoda,1,1,15,FALSE,1,15,FALSE,NA,NA,NA
K327,Lavassaare alev,K531,Pärnu linn,K327__Lavassaare__1,Lavassaare,20,1,1,TRUE,10,1,TRUE,NA,NA,NA
K327,Lavassaare alev,K531,Pärnu linn,K327__Raudtee__1,Raudtee,20,2,2,FALSE,10,2,FALSE,NA,NA,NA
K327,Lavassaare alev,K531,Pärnu linn,K327__Raudteemuuseum__1,Raudteemuuseum,14,1,3,FALSE,7,3,FALSE,NA,NA,NA
K328,Leebiku,K789,Viljandi linn,K328__Männiku__1,Männiku,10,2,1,TRUE,NA,NA,NA,NA,NA,NA
K328,Leebiku,K789,Viljandi linn,K328__Kungi__1,Kungi,5,2,2,FALSE,NA,NA,NA,NA,NA,NA
K328,Leebiku,K789,Viljandi linn,K328__Leebiku__1,Leebiku,5,2,3,FALSE,NA,NA,NA,NA,NA,NA
K328,Leebiku,K789,Viljandi linn,K328__Mihkli__1,Mihkli,5,2,4,FALSE,NA,NA,NA,NA,NA,NA
K328,Leebiku,K789,Viljandi linn,K328__Oru__1,Oru,5,2,5,FALSE,NA,NA,NA,NA,NA,NA
K328,Leebiku,K789,Viljandi linn,K328__Aedniku__1,Aedniku,2,1,6,FALSE,NA,NA,NA,NA,NA,NA
K329,Leevaku,K523,Põlva linn,K329__Leevaku__1,Leevaku,37,2,1,TRUE,13,1,TRUE,NA,NA,NA
K329,Leevaku,K523,Põlva linn,K329__Toolamaa__1,Toolamaa,34,2,2,FALSE,12,2,FALSE,NA,NA,NA
K329,Leevaku,K523,Põlva linn,K329__Härghanna__1,Härghanna,21,3,3,FALSE,10,3,FALSE,NA,NA,NA
K329,Leevaku,K523,Põlva linn,K329__Leevaku keskus__1,Leevaku keskus,21,2,4,FALSE,10,4,FALSE,NA,NA,NA
K329,Leevaku,K523,Põlva linn,K329__Vana-Leevaku__1,Vana-Leevaku,21,2,5,FALSE,10,5,FALSE,NA,NA,NA
K329,Leevaku,K523,Põlva linn,K329__Määrastu__1,Määrastu,15,2,6,FALSE,3,7,FALSE,NA,NA,NA
K329,Leevaku,K523,Põlva linn,K329__Vastsemõisa__1,Vastsemõisa,15,2,7,FALSE,3,8,FALSE,NA,NA,NA
K329,Leevaku,K523,Põlva linn,K329__Koidu__1,Koidu,3,1,8,FALSE,3,6,FALSE,NA,NA,NA
K329,Leevaku,K523,Põlva linn,K329__Järveotsa__1,Järveotsa,1,1,9,FALSE,NA,NA,NA,NA,NA,NA
K329,Leevaku,K523,Põlva linn,K329__Kirikukingu__1,Kirikukingu,1,1,10,FALSE,NA,NA,NA,NA,NA,NA
K329,Leevaku,K523,Põlva linn,K329__Saareküla__1,Saareküla,1,1,11,FALSE,NA,NA,NA,NA,NA,NA
K329,Leevaku,K523,Põlva linn,K329__Saareküla tee__1,Saareküla tee,1,1,12,FALSE,NA,NA,NA,NA,NA,NA
K330,Leevi,K523,Põlva linn,K330__Leevi__1,Leevi,13,2,1,TRUE,3,1,TRUE,NA,NA,NA
K330,Leevi,K523,Põlva linn,K330__Panga__1,Panga,11,2,2,FALSE,2,2,FALSE,NA,NA,NA
K330,Leevi,K523,Põlva linn,K330__Koolma__1,Koolma,8,2,3,FALSE,1,3,FALSE,NA,NA,NA
K330,Leevi,K523,Põlva linn,K330__Koolmajärve__1,Koolmajärve,3,2,4,FALSE,1,4,FALSE,NA,NA,NA
K330,Leevi,K523,Põlva linn,K330__Timo__1,Timo,3,2,5,FALSE,1,6,FALSE,NA,NA,NA
K330,Leevi,K523,Põlva linn,K330__Vastse-Koiola__1,Vastse-Koiola,3,2,6,FALSE,1,7,FALSE,NA,NA,NA
K330,Leevi,K523,Põlva linn,K330__Kunksilla__1,Kunksilla,1,1,7,FALSE,1,5,FALSE,NA,NA,NA
K331,Lehola,K663,Tallinn,K331__Kulna__1,Kulna,48,2,1,TRUE,20,3,FALSE,NA,NA,NA
K331,Lehola,K663,Tallinn,K331__Lehola__1,Lehola,48,2,2,FALSE,20,4,FALSE,NA,NA,NA
K331,Lehola,K663,Tallinn,K331__Luuri__1,Luuri,48,2,3,FALSE,20,5,FALSE,NA,NA,NA
K331,Lehola,K663,Tallinn,K331__Maeru__1,Maeru,48,2,4,FALSE,20,6,FALSE,NA,NA,NA
K331,Lehola,K663,Tallinn,K331__Pusuvälja__1,Pusuvälja,48,2,5,FALSE,20,7,FALSE,NA,NA,NA
K331,Lehola,K663,Tallinn,K331__Viigardi__1,Viigardi,48,2,6,FALSE,20,8,FALSE,NA,NA,NA
K331,Lehola,K663,Tallinn,K331__Illuka__1,Illuka,45,2,7,FALSE,22,1,TRUE,NA,NA,NA
K331,Lehola,K663,Tallinn,K331__Niitvälja__1,Niitvälja,43,2,8,FALSE,22,2,FALSE,NA,NA,NA
K331,Lehola,K663,Tallinn,K331__Kulna__2,Kulna,32,2,9,FALSE,16,9,FALSE,NA,NA,NA
K331,Lehola,K663,Tallinn,K331__Niitvälja tee__1,Niitvälja tee,22,1,10,FALSE,NA,NA,NA,NA,NA,NA
K332,Lehtse,K663,Tallinn,K332__Lehtse__1,Lehtse,26,3,1,TRUE,8,1,TRUE,NA,NA,NA
K332,Lehtse,K663,Tallinn,K332__Jootme__1,Jootme,20,4,2,FALSE,NA,NA,NA,NA,NA,NA
K332,Lehtse,K663,Tallinn,K332__Härjamäe__1,Härjamäe,10,2,3,FALSE,NA,NA,NA,NA,NA,NA
K332,Lehtse,K663,Tallinn,K332__Kivisilla__1,Kivisilla,10,2,4,FALSE,NA,NA,NA,NA,NA,NA
K332,Lehtse,K663,Tallinn,K332__Koeru tee__1,Koeru tee,10,2,5,FALSE,NA,NA,NA,NA,NA,NA
K332,Lehtse,K663,Tallinn,K332__Lehtse kool__1,Lehtse kool,10,2,6,FALSE,NA,NA,NA,NA,NA,NA
K332,Lehtse,K663,Tallinn,K332__Palvemaja__1,Palvemaja,10,2,7,FALSE,NA,NA,NA,NA,NA,NA
K332,Lehtse,K663,Tallinn,K332__Pälli__1,Pälli,10,2,8,FALSE,NA,NA,NA,NA,NA,NA
K332,Lehtse,K663,Tallinn,K332__Põriki teerist__1,Põriki teerist,10,2,9,FALSE,NA,NA,NA,NA,NA,NA
K332,Lehtse,K663,Tallinn,K332__Räsna__1,Räsna,10,2,10,FALSE,NA,NA,NA,NA,NA,NA
K332,Lehtse,K663,Tallinn,K332__Tapa küla__1,Tapa küla,10,1,11,FALSE,NA,NA,NA,NA,NA,NA
K333,Leie,K789,Viljandi linn,K333__Leie__1,Leie,29,2,1,TRUE,16,1,TRUE,NA,NA,NA
K333,Leie,K789,Viljandi linn,K333__Oiu__1,Oiu,22,2,2,FALSE,14,2,FALSE,NA,NA,NA
K333,Leie,K789,Viljandi linn,K333__Ulge__1,Ulge,15,2,3,FALSE,9,3,FALSE,NA,NA,NA
K333,Leie,K789,Viljandi linn,K333__Vaibla__1,Vaibla,12,2,4,FALSE,6,4,FALSE,NA,NA,NA
K333,Leie,K789,Viljandi linn,K333__Jõesuu__1,Jõesuu,10,2,5,FALSE,5,5,FALSE,NA,NA,NA
K333,Leie,K789,Viljandi linn,K333__Pihlaka__1,Pihlaka,7,1,6,FALSE,5,6,FALSE,NA,NA,NA
K333,Leie,K789,Viljandi linn,K333__Meleski rist__1,Meleski rist,6,2,7,FALSE,4,7,FALSE,NA,NA,NA
K333,Leie,K789,Viljandi linn,K333__Meleski__1,Meleski,4,2,8,FALSE,2,12,FALSE,NA,NA,NA
K333,Leie,K789,Viljandi linn,K333__Mändide__1,Mändide,4,2,9,FALSE,2,13,FALSE,NA,NA,NA
K333,Leie,K789,Viljandi linn,K333__Odiste__1,Odiste,4,2,10,FALSE,2,14,FALSE,NA,NA,NA
K333,Leie,K789,Viljandi linn,K333__Palandi__1,Palandi,4,2,11,FALSE,2,16,FALSE,NA,NA,NA
K333,Leie,K789,Viljandi linn,K333__Piirioja__1,Piirioja,4,2,12,FALSE,2,17,FALSE,NA,NA,NA
K333,Leie,K789,Viljandi linn,K333__Rõika__1,Rõika,4,2,13,FALSE,2,18,FALSE,NA,NA,NA
K333,Leie,K789,Viljandi linn,K333__Siimu__1,Siimu,4,2,14,FALSE,2,19,FALSE,NA,NA,NA
K333,Leie,K789,Viljandi linn,K333__Andi tee__1,Andi tee,3,2,15,FALSE,3,8,FALSE,NA,NA,NA
K333,Leie,K789,Viljandi linn,K333__Lorupi__1,Lorupi,3,2,16,FALSE,3,9,FALSE,NA,NA,NA
K333,Leie,K789,Viljandi linn,K333__Majaka__1,Majaka,3,2,17,FALSE,3,10,FALSE,NA,NA,NA
K333,Leie,K789,Viljandi linn,K333__Otiküla__1,Otiküla,3,2,18,FALSE,3,11,FALSE,NA,NA,NA
K333,Leie,K789,Viljandi linn,K333__Pajumäe__1,Pajumäe,2,1,19,FALSE,2,15,FALSE,NA,NA,NA
K333,Leie,K789,Viljandi linn,K333__Vaibla tee__1,Vaibla tee,2,1,20,FALSE,NA,NA,NA,NA,NA,NA
K334,Leisi,K270,Kuressaare linn,K334__Leisi__1,Leisi,11,2,1,TRUE,8,1,TRUE,NA,NA,NA
K334,Leisi,K270,Kuressaare linn,K334__Leisi kool__1,Leisi kool,10,1,2,FALSE,7,2,FALSE,NA,NA,NA
K334,Leisi,K270,Kuressaare linn,K334__Leisi vallamaja__1,Leisi vallamaja,10,1,3,FALSE,7,3,FALSE,NA,NA,NA
K334,Leisi,K270,Kuressaare linn,K334__Veske__1,Veske,10,2,4,FALSE,7,4,FALSE,NA,NA,NA
K334,Leisi,K270,Kuressaare linn,K334__Oitme__1,Oitme,4,2,5,FALSE,4,5,FALSE,NA,NA,NA
K334,Leisi,K270,Kuressaare linn,K334__Roobaka__1,Roobaka,4,2,6,FALSE,4,6,FALSE,NA,NA,NA
K334,Leisi,K270,Kuressaare linn,K334__Triigi__1,Triigi,4,2,7,FALSE,4,7,FALSE,NA,NA,NA
K334,Leisi,K270,Kuressaare linn,K334__Triigi sadam (tellim-l)__1,Triigi sadam (tellim-l),4,1,8,FALSE,3,9,FALSE,NA,NA,NA
K334,Leisi,K270,Kuressaare linn,K334__Tööstuse__1,Tööstuse,4,2,9,FALSE,4,8,FALSE,NA,NA,NA
K334,Leisi,K270,Kuressaare linn,K334__Parasmetsa__1,Parasmetsa,3,2,10,FALSE,1,16,FALSE,NA,NA,NA
K334,Leisi,K270,Kuressaare linn,K334__Võlupe teerist__1,Võlupe teerist,3,2,11,FALSE,3,10,FALSE,NA,NA,NA
K334,Leisi,K270,Kuressaare linn,K334__Jõiste__1,Jõiste,2,2,12,FALSE,2,11,FALSE,NA,NA,NA
K334,Leisi,K270,Kuressaare linn,K334__Mujaste__1,Mujaste,2,2,13,FALSE,2,12,FALSE,NA,NA,NA
K334,Leisi,K270,Kuressaare linn,K334__Triigi rand(tellim-l)__1,Triigi rand(tellim-l),2,1,14,FALSE,2,13,FALSE,NA,NA,NA
K334,Leisi,K270,Kuressaare linn,K334__Triigi(tellimisel)__1,Triigi(tellimisel),2,2,15,FALSE,1,18,FALSE,NA,NA,NA
K334,Leisi,K270,Kuressaare linn,K334__Võlupe__1,Võlupe,2,2,16,FALSE,2,14,FALSE,NA,NA,NA
K334,Leisi,K270,Kuressaare linn,K334__Paaste__1,Paaste,1,1,17,FALSE,1,15,FALSE,NA,NA,NA
K334,Leisi,K270,Kuressaare linn,K334__Triigi sadam__1,Triigi sadam,1,1,18,FALSE,1,17,FALSE,NA,NA,NA
K335,Lelle,K663,Tallinn,K335__Lelle__1,Lelle,31,3,1,TRUE,8,1,TRUE,NA,NA,NA
K335,Lelle,K663,Tallinn,K335__Lelle tee__1,Lelle tee,18,3,2,FALSE,NA,NA,NA,NA,NA,NA
K335,Lelle,K663,Tallinn,K335__Lalli__1,Lalli,6,2,3,FALSE,NA,NA,NA,NA,NA,NA
K335,Lelle,K663,Tallinn,K335__Paluküla__1,Paluküla,6,2,4,FALSE,NA,NA,NA,NA,NA,NA
K335,Lelle,K663,Tallinn,K335__Põllu__1,Põllu,4,2,5,FALSE,NA,NA,NA,NA,NA,NA
K335,Lelle,K663,Tallinn,K335__Vesiveski__1,Vesiveski,4,2,6,FALSE,NA,NA,NA,NA,NA,NA
K336,Lepassaare,K813,Võru linn,K336__Lepassaare__1,Lepassaare,13,1,1,TRUE,6,2,FALSE,NA,NA,NA
K336,Lepassaare,K813,Võru linn,K336__Jantra tee__1,Jantra tee,10,4,2,FALSE,6,1,TRUE,NA,NA,NA
K336,Lepassaare,K813,Võru linn,K336__Suuremetsa__1,Suuremetsa,10,2,3,FALSE,3,4,FALSE,NA,NA,NA
K336,Lepassaare,K813,Võru linn,K336__Saetamme__1,Saetamme,7,2,4,FALSE,5,3,FALSE,NA,NA,NA
K336,Lepassaare,K813,Võru linn,K336__Jäägeri__1,Jäägeri,4,2,5,FALSE,1,7,FALSE,NA,NA,NA
K336,Lepassaare,K813,Võru linn,K336__Urgardi__1,Urgardi,4,2,6,FALSE,2,6,FALSE,NA,NA,NA
K336,Lepassaare,K813,Võru linn,K336__Jantra__1,Jantra,2,2,7,FALSE,2,5,FALSE,NA,NA,NA
K337,Lepna,K545,Rakvere linn,K337__Tabani__1,Tabani,10,1,1,TRUE,2,1,TRUE,NA,NA,NA
K337,Lepna,K545,Rakvere linn,K337__Annemäe__1,Annemäe,2,2,2,FALSE,1,2,FALSE,NA,NA,NA
K337,Lepna,K545,Rakvere linn,K337__Lepna__1,Lepna,2,2,3,FALSE,1,3,FALSE,NA,NA,NA
K337,Lepna,K545,Rakvere linn,K337__Mädapea__1,Mädapea,2,2,4,FALSE,1,4,FALSE,NA,NA,NA
K337,Lepna,K545,Rakvere linn,K337__Ridaka__1,Ridaka,2,2,5,FALSE,1,5,FALSE,NA,NA,NA
K337,Lepna,K545,Rakvere linn,K337__Soosalu__1,Soosalu,2,2,6,FALSE,1,6,FALSE,NA,NA,NA
K337,Lepna,K545,Rakvere linn,K337__Taaravainu__1,Taaravainu,2,2,7,FALSE,1,7,FALSE,NA,NA,NA
K337,Lepna,K545,Rakvere linn,K337__Tammiku__1,Tammiku,2,2,8,FALSE,1,8,FALSE,NA,NA,NA
K338,Libatse,K531,Pärnu linn,K338__Libatse__1,Libatse,16,2,1,TRUE,8,1,TRUE,NA,NA,NA
K338,Libatse,K531,Pärnu linn,K338__Langerma__1,Langerma,10,2,2,FALSE,5,2,FALSE,NA,NA,NA
K338,Libatse,K531,Pärnu linn,K338__Libatse pood__1,Libatse pood,8,2,3,FALSE,4,3,FALSE,NA,NA,NA
K338,Libatse,K531,Pärnu linn,K338__Vildenau__1,Vildenau,8,2,4,FALSE,4,4,FALSE,NA,NA,NA
K338,Libatse,K531,Pärnu linn,K338__Aasa__1,Aasa,3,2,5,FALSE,2,5,FALSE,NA,NA,NA
K338,Libatse,K531,Pärnu linn,K338__Altküla tee__1,Altküla tee,3,2,6,FALSE,2,6,FALSE,NA,NA,NA
K338,Libatse,K531,Pärnu linn,K338__Arase__1,Arase,3,2,7,FALSE,2,7,FALSE,NA,NA,NA
K338,Libatse,K531,Pärnu linn,K338__Kaelase__1,Kaelase,3,2,8,FALSE,2,8,FALSE,NA,NA,NA
K338,Libatse,K531,Pärnu linn,K338__Rogenese__1,Rogenese,3,1,9,FALSE,2,9,FALSE,NA,NA,NA
K338,Libatse,K531,Pärnu linn,K338__Lehtmetsa__1,Lehtmetsa,1,1,10,FALSE,1,10,FALSE,NA,NA,NA
K339,Lihula linn,K663,Tallinn,K339__Jõe__1,Jõe,21,2,1,TRUE,NA,NA,NA,NA,NA,NA
K339,Lihula linn,K663,Tallinn,K339__Hälvati__1,Hälvati,17,2,2,FALSE,NA,NA,NA,NA,NA,NA
K339,Lihula linn,K663,Tallinn,K339__Piiri__1,Piiri,12,2,3,FALSE,NA,NA,NA,NA,NA,NA
K339,Lihula linn,K663,Tallinn,K339__Riisa__1,Riisa,12,2,4,FALSE,NA,NA,NA,NA,NA,NA
K339,Lihula linn,K663,Tallinn,K339__Penijõe__1,Penijõe,3,2,5,FALSE,NA,NA,NA,NA,NA,NA
K339,Lihula linn,K663,Tallinn,K339__Alaküla__1,Alaküla,1,1,6,FALSE,NA,NA,NA,NA,NA,NA
K339,Lihula linn,K663,Tallinn,K339__Pätiküla__1,Pätiküla,1,1,7,FALSE,NA,NA,NA,NA,NA,NA
K340,Lihula,K663,Tallinn,K340__Lihula__1,Lihula,48,2,1,TRUE,3,1,TRUE,NA,NA,NA
K340,Lihula,K663,Tallinn,K340__Tööstuse__1,Tööstuse,29,2,2,FALSE,NA,NA,NA,NA,NA,NA
K341,Liiva,K270,Kuressaare linn,K341__Liiva__1,Liiva,21,2,1,TRUE,11,1,TRUE,NA,NA,NA
K341,Liiva,K270,Kuressaare linn,K341__Nautse__1,Nautse,14,2,2,FALSE,8,2,FALSE,NA,NA,NA
K341,Liiva,K270,Kuressaare linn,K341__Piiri__1,Piiri,13,2,3,FALSE,7,3,FALSE,NA,NA,NA
K341,Liiva,K270,Kuressaare linn,K341__Soonda__1,Soonda,11,2,4,FALSE,6,4,FALSE,NA,NA,NA
K341,Liiva,K270,Kuressaare linn,K341__Kallaste__1,Kallaste,3,2,5,FALSE,2,5,FALSE,NA,NA,NA
K341,Liiva,K270,Kuressaare linn,K341__Kallaste-Aru__1,Kallaste-Aru,3,2,6,FALSE,2,6,FALSE,NA,NA,NA
K341,Liiva,K270,Kuressaare linn,K341__Külasema__1,Külasema,3,2,7,FALSE,2,7,FALSE,NA,NA,NA
K341,Liiva,K270,Kuressaare linn,K341__Mõisaküla__1,Mõisaküla,3,2,8,FALSE,2,8,FALSE,NA,NA,NA
K341,Liiva,K270,Kuressaare linn,K341__Nõmmküla__1,Nõmmküla,3,2,9,FALSE,2,9,FALSE,NA,NA,NA
K341,Liiva,K270,Kuressaare linn,K341__Paenase__1,Paenase,3,2,10,FALSE,2,10,FALSE,NA,NA,NA
K341,Liiva,K270,Kuressaare linn,K341__Tamse__1,Tamse,3,2,11,FALSE,2,11,FALSE,NA,NA,NA
K341,Liiva,K270,Kuressaare linn,K341__Viira__1,Viira,3,2,12,FALSE,2,12,FALSE,NA,NA,NA
K341,Liiva,K270,Kuressaare linn,K341__Igaküla__1,Igaküla,2,2,13,FALSE,1,13,FALSE,NA,NA,NA
K341,Liiva,K270,Kuressaare linn,K341__Koguva__1,Koguva,2,1,14,FALSE,1,14,FALSE,NA,NA,NA
K341,Liiva,K270,Kuressaare linn,K341__Mäla__1,Mäla,2,2,15,FALSE,1,15,FALSE,NA,NA,NA
K341,Liiva,K270,Kuressaare linn,K341__Pädaste__1,Pädaste,2,2,16,FALSE,1,16,FALSE,NA,NA,NA
K341,Liiva,K270,Kuressaare linn,K341__Rootsivere__1,Rootsivere,2,2,17,FALSE,1,17,FALSE,NA,NA,NA
K341,Liiva,K270,Kuressaare linn,K341__Rässa teerist__1,Rässa teerist,2,2,18,FALSE,1,18,FALSE,NA,NA,NA
K341,Liiva,K270,Kuressaare linn,K341__Simiste__1,Simiste,2,2,19,FALSE,1,19,FALSE,NA,NA,NA
K342,Liivi,K663,Tallinn,K342__Jõgisoo__1,Jõgisoo,6,2,1,TRUE,NA,NA,NA,NA,NA,NA
K342,Liivi,K663,Tallinn,K342__Kiidika__1,Kiidika,6,2,2,FALSE,NA,NA,NA,NA,NA,NA
K342,Liivi,K663,Tallinn,K342__Liivi__1,Liivi,6,2,3,FALSE,NA,NA,NA,NA,NA,NA
K342,Liivi,K663,Tallinn,K342__Sordi__1,Sordi,6,2,4,FALSE,NA,NA,NA,NA,NA,NA
K343,Lilli,K789,Viljandi linn,K343__Lilli__1,Lilli,6,1,1,TRUE,2,1,TRUE,NA,NA,NA
K343,Lilli,K789,Viljandi linn,K343__Metskonna__1,Metskonna,6,2,2,FALSE,2,2,FALSE,NA,NA,NA
K343,Lilli,K789,Viljandi linn,K343__Toosi__1,Toosi,6,2,3,FALSE,2,4,FALSE,NA,NA,NA
K343,Lilli,K789,Viljandi linn,K343__Piiri__1,Piiri,4,2,4,FALSE,2,3,FALSE,NA,NA,NA
K343,Lilli,K789,Viljandi linn,K343__Villemi__1,Villemi,4,2,5,FALSE,2,5,FALSE,NA,NA,NA
K344,Lindi,K531,Pärnu linn,K344__Kõima__1,Kõima,25,2,1,TRUE,12,1,TRUE,NA,NA,NA
K344,Lindi,K531,Pärnu linn,K344__Lindi__1,Lindi,25,2,2,FALSE,12,2,FALSE,NA,NA,NA
K344,Lindi,K531,Pärnu linn,K344__Lindi vana kool__1,Lindi vana kool,25,2,3,FALSE,12,3,FALSE,NA,NA,NA
K344,Lindi,K531,Pärnu linn,K344__Kirsimäe__1,Kirsimäe,17,2,4,FALSE,8,4,FALSE,NA,NA,NA
K344,Lindi,K531,Pärnu linn,K344__Kotimäe__1,Kotimäe,17,2,5,FALSE,8,5,FALSE,NA,NA,NA
K344,Lindi,K531,Pärnu linn,K344__Liu__1,Liu,17,3,6,FALSE,8,6,FALSE,NA,NA,NA
K344,Lindi,K531,Pärnu linn,K344__Liu sadam__1,Liu sadam,17,2,7,FALSE,8,7,FALSE,NA,NA,NA
K344,Lindi,K531,Pärnu linn,K344__Ojako__1,Ojako,17,2,8,FALSE,8,8,FALSE,NA,NA,NA
K344,Lindi,K531,Pärnu linn,K344__Tiido__1,Tiido,17,2,9,FALSE,8,9,FALSE,NA,NA,NA
K344,Lindi,K531,Pärnu linn,K344__Audruranna__1,Audruranna,16,2,10,FALSE,7,10,FALSE,NA,NA,NA
K344,Lindi,K531,Pärnu linn,K344__Matsivälja__1,Matsivälja,16,2,11,FALSE,7,11,FALSE,NA,NA,NA
K344,Lindi,K531,Pärnu linn,K344__Pulliveski__1,Pulliveski,16,2,12,FALSE,7,12,FALSE,NA,NA,NA
K344,Lindi,K531,Pärnu linn,K344__Suuresilla__1,Suuresilla,13,1,13,FALSE,NA,NA,NA,NA,NA,NA
K344,Lindi,K531,Pärnu linn,K344__Kiigemäe__1,Kiigemäe,12,2,14,FALSE,6,13,FALSE,NA,NA,NA
K344,Lindi,K531,Pärnu linn,K344__Lindi meierei__1,Lindi meierei,9,2,15,FALSE,5,14,FALSE,NA,NA,NA
K344,Lindi,K531,Pärnu linn,K344__Marksa__1,Marksa,3,2,16,FALSE,1,15,FALSE,NA,NA,NA
K345,Linnaküla,K740,Valga linn,K345__Linna küla__1,Linna küla,23,3,1,TRUE,6,1,TRUE,NA,NA,NA
K345,Linnaküla,K740,Valga linn,K345__Linna keskus__1,Linna keskus,7,1,2,FALSE,1,2,FALSE,NA,NA,NA
K346,Linnamäe,K061,Haapsalu linn,K346__Rannaküla__1,Rannaküla,54,2,1,TRUE,27,1,TRUE,NA,NA,NA
K346,Linnamäe,K061,Haapsalu linn,K346__Linnamäe__1,Linnamäe,22,4,2,FALSE,11,3,FALSE,NA,NA,NA
K346,Linnamäe,K061,Haapsalu linn,K346__Räägu__1,Räägu,18,2,3,FALSE,9,4,FALSE,NA,NA,NA
K346,Linnamäe,K061,Haapsalu linn,K346__Saunja__1,Saunja,18,2,4,FALSE,9,5,FALSE,NA,NA,NA
K346,Linnamäe,K061,Haapsalu linn,K346__Lihatööstuse__1,Lihatööstuse,12,1,5,FALSE,6,6,FALSE,NA,NA,NA
K346,Linnamäe,K061,Haapsalu linn,K346__Oru kool__1,Oru kool,12,2,6,FALSE,6,7,FALSE,NA,NA,NA
K346,Linnamäe,K061,Haapsalu linn,K346__Laikmaa tee__1,Laikmaa tee,11,1,7,FALSE,11,2,FALSE,NA,NA,NA
K346,Linnamäe,K061,Haapsalu linn,K346__Ingküla__1,Ingküla,8,2,8,FALSE,4,8,FALSE,NA,NA,NA
K346,Linnamäe,K061,Haapsalu linn,K346__Kündamägi__1,Kündamägi,8,2,9,FALSE,4,9,FALSE,NA,NA,NA
K346,Linnamäe,K061,Haapsalu linn,K346__Salajõe__1,Salajõe,8,2,10,FALSE,4,10,FALSE,NA,NA,NA
K346,Linnamäe,K061,Haapsalu linn,K346__Uugla__1,Uugla,4,2,11,FALSE,2,11,FALSE,NA,NA,NA
K347,Linnamäe,K813,Võru linn,K347__Linnamäe__1,Linnamäe,8,2,1,TRUE,6,1,TRUE,NA,NA,NA
K347,Linnamäe,K813,Võru linn,K347__Linnamäe mõisa__1,Linnamäe mõisa,8,2,2,FALSE,6,2,FALSE,NA,NA,NA
K347,Linnamäe,K813,Võru linn,K347__Lõõdla__1,Lõõdla,8,2,3,FALSE,6,3,FALSE,NA,NA,NA
K347,Linnamäe,K813,Võru linn,K347__Tinnipalu__1,Tinnipalu,8,2,4,FALSE,6,4,FALSE,NA,NA,NA
K347,Linnamäe,K813,Võru linn,K347__Utita__1,Utita,8,2,5,FALSE,6,5,FALSE,NA,NA,NA
K348,Linte,K674,Tartu linn,K348__Hiirepalu__1,Hiirepalu,5,2,1,TRUE,1,1,TRUE,NA,NA,NA
K348,Linte,K674,Tartu linn,K348__Kalsa__1,Kalsa,5,2,2,FALSE,1,2,FALSE,NA,NA,NA
K348,Linte,K674,Tartu linn,K348__Naha__1,Naha,5,2,3,FALSE,1,5,FALSE,NA,NA,NA
K348,Linte,K674,Tartu linn,K348__Saarepera__1,Saarepera,5,2,4,FALSE,1,7,FALSE,NA,NA,NA
K348,Linte,K674,Tartu linn,K348__Tammistu__1,Tammistu,5,3,5,FALSE,1,8,FALSE,NA,NA,NA
K348,Linte,K674,Tartu linn,K348__Linte__1,Linte,4,2,6,FALSE,1,3,FALSE,NA,NA,NA
K348,Linte,K674,Tartu linn,K348__Raadama__1,Raadama,3,2,7,FALSE,1,6,FALSE,NA,NA,NA
K348,Linte,K674,Tartu linn,K348__Tooste__1,Tooste,3,2,8,FALSE,NA,NA,NA,NA,NA,NA
K348,Linte,K674,Tartu linn,K348__Tootsi__1,Tootsi,3,2,9,FALSE,1,9,FALSE,NA,NA,NA
K348,Linte,K674,Tartu linn,K348__Luhamäe__1,Luhamäe,2,2,10,FALSE,1,4,FALSE,NA,NA,NA
K348,Linte,K674,Tartu linn,K348__Hütimäe__1,Hütimäe,1,1,11,FALSE,NA,NA,NA,NA,NA,NA
K348,Linte,K674,Tartu linn,K348__Jaanisilla__1,Jaanisilla,1,1,12,FALSE,NA,NA,NA,NA,NA,NA
K348,Linte,K674,Tartu linn,K348__Keldrimäe__1,Keldrimäe,1,1,13,FALSE,NA,NA,NA,NA,NA,NA
K348,Linte,K674,Tartu linn,K348__Kureküla__1,Kureküla,1,1,14,FALSE,NA,NA,NA,NA,NA,NA
K348,Linte,K674,Tartu linn,K348__Kõnnu__1,Kõnnu,1,1,15,FALSE,NA,NA,NA,NA,NA,NA
K348,Linte,K674,Tartu linn,K348__Kõnnu sigala__1,Kõnnu sigala,1,1,16,FALSE,NA,NA,NA,NA,NA,NA
K348,Linte,K674,Tartu linn,K348__Liiva__1,Liiva,1,1,17,FALSE,NA,NA,NA,NA,NA,NA
K348,Linte,K674,Tartu linn,K348__Meelva__1,Meelva,1,1,18,FALSE,NA,NA,NA,NA,NA,NA
K348,Linte,K674,Tartu linn,K348__Mägiotsa__1,Mägiotsa,1,1,19,FALSE,NA,NA,NA,NA,NA,NA
K348,Linte,K674,Tartu linn,K348__Silminitsa__1,Silminitsa,1,1,20,FALSE,NA,NA,NA,NA,NA,NA
K349,Lipa,K663,Tallinn,K349__Lipa__1,Lipa,8,1,1,TRUE,NA,NA,NA,NA,NA,NA
K349,Lipa,K663,Tallinn,K349__Punakivi__1,Punakivi,8,2,2,FALSE,NA,NA,NA,NA,NA,NA
K349,Lipa,K663,Tallinn,K349__Keo__1,Keo,5,2,3,FALSE,NA,NA,NA,NA,NA,NA
K349,Lipa,K663,Tallinn,K349__Lipa tee__1,Lipa tee,5,2,4,FALSE,NA,NA,NA,NA,NA,NA
K349,Lipa,K663,Tallinn,K349__Tõnumaa__1,Tõnumaa,5,2,5,FALSE,NA,NA,NA,NA,NA,NA
K349,Lipa,K663,Tallinn,K349__Villema tee__1,Villema tee,5,2,6,FALSE,NA,NA,NA,NA,NA,NA
K349,Lipa,K663,Tallinn,K349__Kaaritsa__1,Kaaritsa,1,1,7,FALSE,NA,NA,NA,NA,NA,NA
K350,Lodja,K531,Pärnu linn,K350__Lodja__1,Lodja,19,2,1,TRUE,10,1,TRUE,NA,NA,NA
K350,Lodja,K531,Pärnu linn,K350__Surtsi__1,Surtsi,17,2,2,FALSE,9,2,FALSE,NA,NA,NA
K350,Lodja,K531,Pärnu linn,K350__Kanarbiku__1,Kanarbiku,2,2,3,FALSE,1,3,FALSE,NA,NA,NA
K350,Lodja,K531,Pärnu linn,K350__Kilingi-Nõmme ringtee__1,Kilingi-Nõmme ringtee,2,2,4,FALSE,1,4,FALSE,NA,NA,NA
K350,Lodja,K531,Pärnu linn,K350__Põldmaa__1,Põldmaa,2,2,5,FALSE,1,5,FALSE,NA,NA,NA
K351,Lohkva,K674,Tartu linn,K351__Puupilli__1,Puupilli,75,2,1,TRUE,75,1,TRUE,NA,NA,NA
K351,Lohkva,K674,Tartu linn,K351__Soojuse tee__1,Soojuse tee,64,2,2,FALSE,64,2,FALSE,NA,NA,NA
K351,Lohkva,K674,Tartu linn,K351__Uus-Veeriku__1,Uus-Veeriku,64,2,3,FALSE,64,3,FALSE,NA,NA,NA
K351,Lohkva,K674,Tartu linn,K351__Aiandi tee__1,Aiandi tee,44,2,4,FALSE,33,6,FALSE,NA,NA,NA
K351,Lohkva,K674,Tartu linn,K351__Lohkva__1,Lohkva,44,2,5,FALSE,33,7,FALSE,NA,NA,NA
K351,Lohkva,K674,Tartu linn,K351__Akvarelli__1,Akvarelli,40,1,6,FALSE,40,4,FALSE,NA,NA,NA
K351,Lohkva,K674,Tartu linn,K351__Lao__1,Lao,38,1,7,FALSE,38,5,FALSE,NA,NA,NA
K351,Lohkva,K674,Tartu linn,K351__Jalaka__1,Jalaka,34,2,8,FALSE,23,10,FALSE,NA,NA,NA
K351,Lohkva,K674,Tartu linn,K351__Põvvatu__1,Põvvatu,34,2,9,FALSE,23,11,FALSE,NA,NA,NA
K351,Lohkva,K674,Tartu linn,K351__Lohkva katlamaja__1,Lohkva katlamaja,33,1,10,FALSE,33,8,FALSE,NA,NA,NA
K351,Lohkva,K674,Tartu linn,K351__Lohkva Katlamaja__1,Lohkva Katlamaja,31,1,11,FALSE,31,9,FALSE,NA,NA,NA
K351,Lohkva,K674,Tartu linn,K351__Vanamõisa__1,Vanamõisa,12,1,12,FALSE,6,16,FALSE,NA,NA,NA
K351,Lohkva,K674,Tartu linn,K351__Haaslava tee__1,Haaslava tee,11,2,13,FALSE,8,12,FALSE,NA,NA,NA
K351,Lohkva,K674,Tartu linn,K351__Kabina__1,Kabina,11,2,14,FALSE,8,13,FALSE,NA,NA,NA
K351,Lohkva,K674,Tartu linn,K351__Kabina tee__1,Kabina tee,11,2,15,FALSE,8,14,FALSE,NA,NA,NA
K351,Lohkva,K674,Tartu linn,K351__Veibri__1,Veibri,11,2,16,FALSE,8,15,FALSE,NA,NA,NA
K351,Lohkva,K674,Tartu linn,K351__Lennu tee__1,Lennu tee,4,2,17,FALSE,3,17,FALSE,NA,NA,NA
K351,Lohkva,K674,Tartu linn,K351__Sahkapuu__1,Sahkapuu,4,2,18,FALSE,3,18,FALSE,NA,NA,NA
K351,Lohkva,K674,Tartu linn,K351__Salu tee__1,Salu tee,2,1,19,FALSE,1,19,FALSE,NA,NA,NA
K352,Lohusuu,K663,Tallinn,K352__Lohusuu__1,Lohusuu,12,2,1,TRUE,NA,NA,NA,NA,NA,NA
K352,Lohusuu,K663,Tallinn,K352__Venemetsa__1,Venemetsa,6,2,2,FALSE,NA,NA,NA,NA,NA,NA
K352,Lohusuu,K663,Tallinn,K352__Lagedi__1,Lagedi,4,2,3,FALSE,NA,NA,NA,NA,NA,NA
K352,Lohusuu,K663,Tallinn,K352__Lohusuu keskus__1,Lohusuu keskus,4,2,4,FALSE,NA,NA,NA,NA,NA,NA
K352,Lohusuu,K663,Tallinn,K352__Lohusuu kool__1,Lohusuu kool,4,2,5,FALSE,NA,NA,NA,NA,NA,NA
K352,Lohusuu,K663,Tallinn,K352__Raadna__1,Raadna,4,2,6,FALSE,NA,NA,NA,NA,NA,NA
K352,Lohusuu,K663,Tallinn,K352__Separa__1,Separa,4,2,7,FALSE,NA,NA,NA,NA,NA,NA
K353,Loksa linn,K663,Tallinn,K353__Loksa__1,Loksa,53,2,1,TRUE,26,1,TRUE,NA,NA,NA
K353,Loksa linn,K663,Tallinn,K353__Lõuna__1,Lõuna,51,2,2,FALSE,25,2,FALSE,NA,NA,NA
K353,Loksa linn,K663,Tallinn,K353__Ravikeskus__1,Ravikeskus,11,2,3,FALSE,2,3,FALSE,NA,NA,NA
K353,Loksa linn,K663,Tallinn,K353__Laevaremonditehas__1,Laevaremonditehas,8,2,4,FALSE,NA,NA,NA,NA,NA,NA
K353,Loksa linn,K663,Tallinn,K353__Loksa-Nõmme__1,Loksa-Nõmme,2,2,5,FALSE,1,4,FALSE,NA,NA,NA
K354,Loo,K663,Tallinn,K354__Pirita jõgi__1,Pirita jõgi,137,1,1,TRUE,2,19,FALSE,NA,NA,NA
K354,Loo,K663,Tallinn,K354__Loo__1,Loo,80,1,2,FALSE,52,1,TRUE,NA,NA,NA
K354,Loo,K663,Tallinn,K354__Loo tee__1,Loo tee,75,2,3,FALSE,49,2,FALSE,NA,NA,NA
K354,Loo,K663,Tallinn,K354__Kogre__1,Kogre,56,2,4,FALSE,29,4,FALSE,NA,NA,NA
K354,Loo,K663,Tallinn,K354__Liivamäe__1,Liivamäe,56,2,5,FALSE,29,5,FALSE,NA,NA,NA
K354,Loo,K663,Tallinn,K354__Loovälja tee__1,Loovälja tee,56,2,6,FALSE,29,6,FALSE,NA,NA,NA
K354,Loo,K663,Tallinn,K354__Vibeliku__1,Vibeliku,56,2,7,FALSE,29,7,FALSE,NA,NA,NA
K354,Loo,K663,Tallinn,K354__Lagedi mõis__1,Lagedi mõis,50,3,8,FALSE,38,3,FALSE,NA,NA,NA
K354,Loo,K663,Tallinn,K354__Maardu mõis__1,Maardu mõis,40,2,9,FALSE,20,8,FALSE,NA,NA,NA
K354,Loo,K663,Tallinn,K354__Saha__1,Saha,40,2,10,FALSE,20,9,FALSE,NA,NA,NA
K354,Loo,K663,Tallinn,K354__Veski põik__1,Veski põik,35,2,11,FALSE,17,10,FALSE,NA,NA,NA
K354,Loo,K663,Tallinn,K354__Uuesauna__1,Uuesauna,27,2,12,FALSE,14,11,FALSE,NA,NA,NA
K354,Loo,K663,Tallinn,K354__Vanasauna tee__1,Vanasauna tee,27,2,13,FALSE,14,12,FALSE,NA,NA,NA
K354,Loo,K663,Tallinn,K354__Kanala__1,Kanala,13,2,14,FALSE,6,13,FALSE,NA,NA,NA
K354,Loo,K663,Tallinn,K354__Saha kabel__1,Saha kabel,13,2,15,FALSE,6,14,FALSE,NA,NA,NA
K354,Loo,K663,Tallinn,K354__Kaunissaare tee__1,Kaunissaare tee,5,2,16,FALSE,3,15,FALSE,NA,NA,NA
K354,Loo,K663,Tallinn,K354__Ridva__1,Ridva,5,2,17,FALSE,3,16,FALSE,NA,NA,NA
K354,Loo,K663,Tallinn,K354__Lõunakarjääri__1,Lõunakarjääri,2,1,18,FALSE,2,17,FALSE,NA,NA,NA
K354,Loo,K663,Tallinn,K354__Maardumõisa tee__1,Maardumõisa tee,2,1,19,FALSE,2,18,FALSE,NA,NA,NA
K355,Loobu-Viitna,K663,Tallinn,K355__Viitna__1,Viitna,18,2,1,TRUE,2,5,FALSE,NA,NA,NA
K355,Loobu-Viitna,K663,Tallinn,K355__Tapa teerist__1,Tapa teerist,14,2,2,FALSE,3,2,FALSE,NA,NA,NA
K355,Loobu-Viitna,K663,Tallinn,K355__Läsna__1,Läsna,13,2,3,FALSE,4,1,TRUE,NA,NA,NA
K355,Loobu-Viitna,K663,Tallinn,K355__Rõmeda__1,Rõmeda,12,2,4,FALSE,2,3,FALSE,NA,NA,NA
K355,Loobu-Viitna,K663,Tallinn,K355__Läsna bussiterminal__1,Läsna bussiterminal,6,1,5,FALSE,NA,NA,NA,NA,NA,NA
K355,Loobu-Viitna,K663,Tallinn,K355__Turba__1,Turba,6,2,6,FALSE,2,4,FALSE,NA,NA,NA
K356,Loona-Kuusnõmme,K270,Kuressaare linn,K356__Liiva__1,Liiva,8,2,1,TRUE,4,1,TRUE,NA,NA,NA
K356,Loona-Kuusnõmme,K270,Kuressaare linn,K356__Loona__1,Loona,6,1,2,FALSE,3,3,FALSE,NA,NA,NA
K356,Loona-Kuusnõmme,K270,Kuressaare linn,K356__Viidu__1,Viidu,5,2,3,FALSE,4,2,FALSE,NA,NA,NA
K357,Loosi,K813,Võru linn,K357__Kõrgesilla__1,Kõrgesilla,6,2,1,TRUE,4,1,TRUE,NA,NA,NA
K357,Loosi,K813,Võru linn,K357__Lindora__1,Lindora,6,2,2,FALSE,4,2,FALSE,NA,NA,NA
K357,Loosi,K813,Võru linn,K357__Tabina__1,Tabina,6,2,3,FALSE,4,3,FALSE,NA,NA,NA
K357,Loosi,K813,Võru linn,K357__Loosi__1,Loosi,3,2,4,FALSE,2,4,FALSE,NA,NA,NA
K357,Loosi,K813,Võru linn,K357__Loosi kool__1,Loosi kool,3,2,5,FALSE,2,5,FALSE,NA,NA,NA
K357,Loosi,K813,Võru linn,K357__Loosi mõis__1,Loosi mõis,3,1,6,FALSE,2,6,FALSE,NA,NA,NA
K357,Loosi,K813,Võru linn,K357__Tahma__1,Tahma,3,2,7,FALSE,2,7,FALSE,NA,NA,NA
K357,Loosi,K813,Võru linn,K357__Mäe-Kõoküla__1,Mäe-Kõoküla,1,1,8,FALSE,1,8,FALSE,NA,NA,NA
K357,Loosi,K813,Võru linn,K357__Peraniidu__1,Peraniidu,1,1,9,FALSE,1,9,FALSE,NA,NA,NA
K357,Loosi,K813,Võru linn,K357__Sute__1,Sute,1,2,10,FALSE,1,10,FALSE,NA,NA,NA
K358,Luhamaa,K813,Võru linn,K358__Leimani__1,Leimani,9,2,1,TRUE,6,1,TRUE,NA,NA,NA
K358,Luhamaa,K813,Võru linn,K358__Luhamaa__1,Luhamaa,9,2,2,FALSE,6,2,FALSE,NA,NA,NA
K358,Luhamaa,K813,Võru linn,K358__Põrstõ__1,Põrstõ,7,2,3,FALSE,4,3,FALSE,NA,NA,NA
K358,Luhamaa,K813,Võru linn,K358__Luhamaa piiripunkt__1,Luhamaa piiripunkt,3,1,4,FALSE,2,4,FALSE,NA,NA,NA
K359,Luidja,K292,Kärdla linn,K359__Jõeranna__1,Jõeranna,11,2,1,TRUE,6,1,TRUE,NA,NA,NA
K359,Luidja,K292,Kärdla linn,K359__Luidja__1,Luidja,11,2,2,FALSE,6,2,FALSE,NA,NA,NA
K359,Luidja,K292,Kärdla linn,K359__Paope__1,Paope,11,2,3,FALSE,6,3,FALSE,NA,NA,NA
K359,Luidja,K292,Kärdla linn,K359__Rooli__1,Rooli,11,2,4,FALSE,6,4,FALSE,NA,NA,NA
K359,Luidja,K292,Kärdla linn,K359__Puski tee__1,Puski tee,8,2,5,FALSE,4,5,FALSE,NA,NA,NA
K359,Luidja,K292,Kärdla linn,K359__Villamaa__1,Villamaa,8,2,6,FALSE,4,6,FALSE,NA,NA,NA
K359,Luidja,K292,Kärdla linn,K359__Viita__1,Viita,4,1,7,FALSE,NA,NA,NA,NA,NA,NA
K360,Luige,K663,Tallinn,K360__Kangru__1,Kangru,97,3,1,TRUE,49,1,TRUE,NA,NA,NA
K360,Luige,K663,Tallinn,K360__Luige__1,Luige,78,2,2,FALSE,40,2,FALSE,NA,NA,NA
K360,Luige,K663,Tallinn,K360__Mareti__1,Mareti,78,2,3,FALSE,40,3,FALSE,NA,NA,NA
K360,Luige,K663,Tallinn,K360__Tammejärve__1,Tammejärve,78,2,4,FALSE,40,4,FALSE,NA,NA,NA
K360,Luige,K663,Tallinn,K360__Ringtee__1,Ringtee,57,2,5,FALSE,29,5,FALSE,NA,NA,NA
K360,Luige,K663,Tallinn,K360__Metsavahi__1,Metsavahi,19,2,6,FALSE,9,6,FALSE,NA,NA,NA
K361,Luke,K674,Tartu linn,K361__Luke__1,Luke,10,2,1,TRUE,4,1,TRUE,NA,NA,NA
K361,Luke,K674,Tartu linn,K361__Rundsu__1,Rundsu,9,2,2,FALSE,4,2,FALSE,NA,NA,NA
K361,Luke,K674,Tartu linn,K361__Viinamärdi__1,Viinamärdi,7,2,3,FALSE,3,3,FALSE,NA,NA,NA
K361,Luke,K674,Tartu linn,K361__Luke mõisa__1,Luke mõisa,6,2,4,FALSE,2,4,FALSE,NA,NA,NA
K362,Lustivere,K521,Põltsamaa linn,K362__Sulustvere__1,Sulustvere,19,2,1,TRUE,10,4,FALSE,NA,NA,NA
K362,Lustivere,K521,Põltsamaa linn,K362__Kaavere__1,Kaavere,18,2,2,FALSE,9,5,FALSE,NA,NA,NA
K362,Lustivere,K521,Põltsamaa linn,K362__Kaliküla__1,Kaliküla,17,3,3,FALSE,12,1,TRUE,NA,NA,NA
K362,Lustivere,K521,Põltsamaa linn,K362__Kaavere õpilaste__1,Kaavere õpilaste,16,2,4,FALSE,8,8,FALSE,NA,NA,NA
K362,Lustivere,K521,Põltsamaa linn,K362__Lustivere__1,Lustivere,16,4,5,FALSE,10,2,FALSE,NA,NA,NA
K362,Lustivere,K521,Põltsamaa linn,K362__Neanurme__1,Neanurme,15,2,6,FALSE,9,7,FALSE,NA,NA,NA
K362,Lustivere,K521,Põltsamaa linn,K362__Laanesaare__1,Laanesaare,14,2,7,FALSE,9,6,FALSE,NA,NA,NA
K362,Lustivere,K521,Põltsamaa linn,K362__Nõmme__1,Nõmme,14,2,8,FALSE,10,3,FALSE,NA,NA,NA
K362,Lustivere,K521,Põltsamaa linn,K362__Kanavere__1,Kanavere,11,2,9,FALSE,6,9,FALSE,NA,NA,NA
K362,Lustivere,K521,Põltsamaa linn,K362__Kruusakünka__1,Kruusakünka,6,2,10,FALSE,5,10,FALSE,NA,NA,NA
K362,Lustivere,K521,Põltsamaa linn,K362__Metskonna__1,Metskonna,4,1,11,FALSE,NA,NA,NA,NA,NA,NA
K362,Lustivere,K521,Põltsamaa linn,K362__Umbusi tee__1,Umbusi tee,3,1,12,FALSE,3,11,FALSE,NA,NA,NA
K362,Lustivere,K521,Põltsamaa linn,K362__Lustivere kultuurimaja__1,Lustivere kultuurimaja,2,1,13,FALSE,2,12,FALSE,NA,NA,NA
K362,Lustivere,K521,Põltsamaa linn,K362__Laari__1,Laari,1,1,14,FALSE,1,13,FALSE,NA,NA,NA
K362,Lustivere,K521,Põltsamaa linn,K362__Tuulja__1,Tuulja,1,1,15,FALSE,1,14,FALSE,NA,NA,NA
K363,Luua,K674,Tartu linn,K363__Luua__1,Luua,10,2,1,TRUE,2,1,TRUE,NA,NA,NA
K363,Luua,K674,Tartu linn,K363__Metsavahe__1,Metsavahe,10,2,2,FALSE,2,2,FALSE,NA,NA,NA
K363,Luua,K674,Tartu linn,K363__Metsavahi__1,Metsavahi,10,2,3,FALSE,2,3,FALSE,NA,NA,NA
K363,Luua,K674,Tartu linn,K363__Raadivere__1,Raadivere,10,2,4,FALSE,2,4,FALSE,NA,NA,NA
K363,Luua,K674,Tartu linn,K363__Sääsküla__1,Sääsküla,10,2,5,FALSE,2,5,FALSE,NA,NA,NA
K363,Luua,K674,Tartu linn,K363__Kuivati__1,Kuivati,4,2,6,FALSE,NA,NA,NA,NA,NA,NA
K363,Luua,K674,Tartu linn,K363__Lauda__1,Lauda,4,2,7,FALSE,NA,NA,NA,NA,NA,NA
K363,Luua,K674,Tartu linn,K363__Pimedate__1,Pimedate,4,2,8,FALSE,NA,NA,NA,NA,NA,NA
K364,Luunja,K674,Tartu linn,K364__Keldri__1,Keldri,34,2,1,TRUE,25,1,TRUE,NA,NA,NA
K364,Luunja,K674,Tartu linn,K364__Luunja kool__1,Luunja kool,34,2,2,FALSE,25,2,FALSE,NA,NA,NA
K364,Luunja,K674,Tartu linn,K364__Luunja__1,Luunja,27,2,3,FALSE,13,5,FALSE,NA,NA,NA
K364,Luunja,K674,Tartu linn,K364__Papli__1,Papli,24,2,4,FALSE,18,3,FALSE,NA,NA,NA
K364,Luunja,K674,Tartu linn,K364__Vanamõisa__1,Vanamõisa,15,1,5,FALSE,15,4,FALSE,NA,NA,NA
K364,Luunja,K674,Tartu linn,K364__Peruoja__1,Peruoja,12,2,6,FALSE,6,6,FALSE,NA,NA,NA
K364,Luunja,K674,Tartu linn,K364__Aravuste__1,Aravuste,9,2,7,FALSE,4,11,FALSE,NA,NA,NA
K364,Luunja,K674,Tartu linn,K364__Kalda__1,Kalda,6,2,8,FALSE,5,7,FALSE,NA,NA,NA
K364,Luunja,K674,Tartu linn,K364__Rätsepa__1,Rätsepa,6,1,9,FALSE,2,20,FALSE,NA,NA,NA
K364,Luunja,K674,Tartu linn,K364__Sirgu__1,Sirgu,6,2,10,FALSE,5,8,FALSE,NA,NA,NA
K364,Luunja,K674,Tartu linn,K364__Sääsekõrva__1,Sääsekõrva,6,2,11,FALSE,5,9,FALSE,NA,NA,NA
K364,Luunja,K674,Tartu linn,K364__Võngi__1,Võngi,6,2,12,FALSE,5,10,FALSE,NA,NA,NA
K364,Luunja,K674,Tartu linn,K364__Joora__1,Joora,5,2,13,FALSE,4,12,FALSE,NA,NA,NA
K364,Luunja,K674,Tartu linn,K364__Oja__1,Oja,5,2,14,FALSE,4,13,FALSE,NA,NA,NA
K364,Luunja,K674,Tartu linn,K364__Pilka__1,Pilka,5,2,15,FALSE,3,17,FALSE,NA,NA,NA
K364,Luunja,K674,Tartu linn,K364__Reinu__1,Reinu,5,2,16,FALSE,4,14,FALSE,NA,NA,NA
K364,Luunja,K674,Tartu linn,K364__Kähri__1,Kähri,4,2,17,FALSE,3,15,FALSE,NA,NA,NA
K364,Luunja,K674,Tartu linn,K364__Rõõmu tee__1,Rõõmu tee,4,2,18,FALSE,3,18,FALSE,NA,NA,NA
K364,Luunja,K674,Tartu linn,K364__Supsi__1,Supsi,4,2,19,FALSE,3,19,FALSE,NA,NA,NA
K364,Luunja,K674,Tartu linn,K364__Oomäe__1,Oomäe,3,1,20,FALSE,3,16,FALSE,NA,NA,NA
K364,Luunja,K674,Tartu linn,K364__Saba__1,Saba,3,2,21,FALSE,2,21,FALSE,NA,NA,NA
K364,Luunja,K674,Tartu linn,K364__Sepa__1,Sepa,3,2,22,FALSE,2,22,FALSE,NA,NA,NA
K364,Luunja,K674,Tartu linn,K364__Sääsküla__1,Sääsküla,3,2,23,FALSE,2,23,FALSE,NA,NA,NA
K365,Luutsniku,K813,Võru linn,K365__Luutsniku__1,Luutsniku,4,2,1,TRUE,3,1,TRUE,NA,NA,NA
K365,Luutsniku,K813,Võru linn,K365__Luutsniku side__1,Luutsniku side,4,2,2,FALSE,3,2,FALSE,NA,NA,NA
K365,Luutsniku,K813,Võru linn,K365__Palli__1,Palli,3,2,3,FALSE,2,3,FALSE,NA,NA,NA
K365,Luutsniku,K813,Võru linn,K365__Siksali__1,Siksali,3,2,4,FALSE,2,4,FALSE,NA,NA,NA
K366,Lõpe,K531,Pärnu linn,K366__Kalli__1,Kalli,23,3,1,TRUE,10,1,TRUE,NA,NA,NA
K366,Lõpe,K531,Pärnu linn,K366__Karjamaa__1,Karjamaa,20,2,2,FALSE,10,2,FALSE,NA,NA,NA
K366,Lõpe,K531,Pärnu linn,K366__Matse__1,Matse,15,2,3,FALSE,6,3,FALSE,NA,NA,NA
K366,Lõpe,K531,Pärnu linn,K366__Virtsu tee__1,Virtsu tee,15,2,4,FALSE,6,4,FALSE,NA,NA,NA
K366,Lõpe,K531,Pärnu linn,K366__Värava__1,Värava,15,2,5,FALSE,6,5,FALSE,NA,NA,NA
K366,Lõpe,K531,Pärnu linn,K366__Lõpe__1,Lõpe,13,2,6,FALSE,5,6,FALSE,NA,NA,NA
K366,Lõpe,K531,Pärnu linn,K366__Paimvere__1,Paimvere,13,2,7,FALSE,5,7,FALSE,NA,NA,NA
K366,Lõpe,K531,Pärnu linn,K366__Värssama__1,Värssama,13,2,8,FALSE,5,8,FALSE,NA,NA,NA
K366,Lõpe,K531,Pärnu linn,K366__Peantse__1,Peantse,4,2,9,FALSE,2,9,FALSE,NA,NA,NA
K367,Lõve,K740,Valga linn,K367__Lõve__1,Lõve,5,2,1,TRUE,NA,NA,NA,NA,NA,NA
K367,Lõve,K740,Valga linn,K367__Tehvandi__1,Tehvandi,5,2,2,FALSE,NA,NA,NA,NA,NA,NA
K367,Lõve,K740,Valga linn,K367__Pori__1,Pori,3,2,3,FALSE,NA,NA,NA,NA,NA,NA
K367,Lõve,K740,Valga linn,K367__Rudina__1,Rudina,2,2,4,FALSE,NA,NA,NA,NA,NA,NA
K367,Lõve,K740,Valga linn,K367__Rähni__1,Rähni,2,2,5,FALSE,NA,NA,NA,NA,NA,NA
K368,Lõõla,K663,Tallinn,K368__Lõõla__1,Lõõla,8,2,1,TRUE,NA,NA,NA,NA,NA,NA
K368,Lõõla,K663,Tallinn,K368__Pearna__1,Pearna,8,1,2,FALSE,NA,NA,NA,NA,NA,NA
K368,Lõõla,K663,Tallinn,K368__Vissuvere__1,Vissuvere,8,2,3,FALSE,NA,NA,NA,NA,NA,NA
K368,Lõõla,K663,Tallinn,K368__Arusaare__1,Arusaare,4,2,4,FALSE,NA,NA,NA,NA,NA,NA
K369,Lähte,K674,Tartu linn,K369__Lähte__1,Lähte,37,2,1,TRUE,25,1,TRUE,NA,NA,NA
K369,Lähte,K674,Tartu linn,K369__Palalinna__1,Palalinna,26,2,2,FALSE,17,4,FALSE,NA,NA,NA
K369,Lähte,K674,Tartu linn,K369__Kungla__1,Kungla,24,2,3,FALSE,18,2,FALSE,NA,NA,NA
K369,Lähte,K674,Tartu linn,K369__Erala__1,Erala,22,2,4,FALSE,17,3,FALSE,NA,NA,NA
K369,Lähte,K674,Tartu linn,K369__Kärkna tee__1,Kärkna tee,16,1,5,FALSE,11,8,FALSE,NA,NA,NA
K369,Lähte,K674,Tartu linn,K369__Vasula__1,Vasula,16,2,6,FALSE,12,5,FALSE,NA,NA,NA
K369,Lähte,K674,Tartu linn,K369__Vasula aed__1,Vasula aed,16,2,7,FALSE,12,6,FALSE,NA,NA,NA
K369,Lähte,K674,Tartu linn,K369__Vasula küla__1,Vasula küla,16,2,8,FALSE,12,7,FALSE,NA,NA,NA
K369,Lähte,K674,Tartu linn,K369__Kastli__1,Kastli,8,2,9,FALSE,8,9,FALSE,NA,NA,NA
K369,Lähte,K674,Tartu linn,K369__Ääremetsa tee__1,Ääremetsa tee,8,2,10,FALSE,8,10,FALSE,NA,NA,NA
K369,Lähte,K674,Tartu linn,K369__Sootaga mõis__1,Sootaga mõis,6,2,11,FALSE,3,16,FALSE,NA,NA,NA
K369,Lähte,K674,Tartu linn,K369__Õunaaia__1,Õunaaia,6,2,12,FALSE,5,13,FALSE,NA,NA,NA
K369,Lähte,K674,Tartu linn,K369__Kase__1,Kase,5,2,13,FALSE,5,11,FALSE,NA,NA,NA
K369,Lähte,K674,Tartu linn,K369__Kõlluste__1,Kõlluste,5,1,14,FALSE,5,12,FALSE,NA,NA,NA
K369,Lähte,K674,Tartu linn,K369__Makari__1,Makari,5,2,15,FALSE,2,17,FALSE,NA,NA,NA
K369,Lähte,K674,Tartu linn,K369__Sootaga__1,Sootaga,5,2,16,FALSE,2,18,FALSE,NA,NA,NA
K369,Lähte,K674,Tartu linn,K369__Vahtrapuu tee__1,Vahtrapuu tee,5,2,17,FALSE,4,14,FALSE,NA,NA,NA
K369,Lähte,K674,Tartu linn,K369__Vasula tee__1,Vasula tee,5,2,18,FALSE,4,15,FALSE,NA,NA,NA
K369,Lähte,K674,Tartu linn,K369__Kärkna__1,Kärkna,4,1,19,FALSE,NA,NA,NA,NA,NA,NA
K370,Lähtru,K663,Tallinn,K370__Suure-Lähtru__1,Suure-Lähtru,9,2,1,TRUE,NA,NA,NA,NA,NA,NA
K370,Lähtru,K663,Tallinn,K370__Kokre__1,Kokre,6,2,2,FALSE,NA,NA,NA,NA,NA,NA
K370,Lähtru,K663,Tallinn,K370__Ohtla__1,Ohtla,6,2,3,FALSE,NA,NA,NA,NA,NA,NA
K370,Lähtru,K663,Tallinn,K370__Kaasiku__1,Kaasiku,3,2,4,FALSE,NA,NA,NA,NA,NA,NA
K370,Lähtru,K663,Tallinn,K370__Kirna__1,Kirna,3,2,5,FALSE,NA,NA,NA,NA,NA,NA
K370,Lähtru,K663,Tallinn,K370__Uusküla__1,Uusküla,3,2,6,FALSE,NA,NA,NA,NA,NA,NA
K370,Lähtru,K663,Tallinn,K370__Väike-Lähtru__1,Väike-Lähtru,3,2,7,FALSE,NA,NA,NA,NA,NA,NA
K371,Lüganuse,K213,Kiviõli linn,K371__Lüganuse__1,Lüganuse,36,3,1,TRUE,18,1,TRUE,NA,NA,NA
K371,Lüganuse,K213,Kiviõli linn,K371__Kiviõli teerist__1,Kiviõli teerist,34,3,2,FALSE,15,3,FALSE,NA,NA,NA
K371,Lüganuse,K213,Kiviõli linn,K371__Kalmeistri__1,Kalmeistri,31,2,3,FALSE,15,2,FALSE,NA,NA,NA
K371,Lüganuse,K213,Kiviõli linn,K371__Mustmätta__1,Mustmätta,31,2,4,FALSE,15,4,FALSE,NA,NA,NA
K371,Lüganuse,K213,Kiviõli linn,K371__Irvala__1,Irvala,10,1,5,FALSE,10,5,FALSE,NA,NA,NA
K371,Lüganuse,K213,Kiviõli linn,K371__Lüganuse tagaküla__1,Lüganuse tagaküla,5,2,6,FALSE,2,6,FALSE,NA,NA,NA
K372,Lüllemäe,K740,Valga linn,K372__Karula rist__1,Karula rist,7,2,1,TRUE,4,2,FALSE,NA,NA,NA
K372,Lüllemäe,K740,Valga linn,K372__Kassi__1,Kassi,7,2,2,FALSE,4,3,FALSE,NA,NA,NA
K372,Lüllemäe,K740,Valga linn,K372__Leetuse__1,Leetuse,7,2,3,FALSE,4,4,FALSE,NA,NA,NA
K372,Lüllemäe,K740,Valga linn,K372__Lüllemäe__1,Lüllemäe,7,1,4,FALSE,4,5,FALSE,NA,NA,NA
K372,Lüllemäe,K740,Valga linn,K372__Pikkjärve__1,Pikkjärve,7,2,5,FALSE,4,6,FALSE,NA,NA,NA
K372,Lüllemäe,K740,Valga linn,K372__Karula__1,Karula,6,2,6,FALSE,4,1,TRUE,NA,NA,NA
K372,Lüllemäe,K740,Valga linn,K372__Kirbu__1,Kirbu,5,2,7,FALSE,3,7,FALSE,NA,NA,NA
K372,Lüllemäe,K740,Valga linn,K372__Purika__1,Purika,5,2,8,FALSE,3,8,FALSE,NA,NA,NA
K372,Lüllemäe,K740,Valga linn,K372__Väheru__1,Väheru,5,2,9,FALSE,3,9,FALSE,NA,NA,NA
K372,Lüllemäe,K740,Valga linn,K372__Palumatsi__1,Palumatsi,3,2,10,FALSE,2,16,FALSE,NA,NA,NA
K372,Lüllemäe,K740,Valga linn,K372__Valtina__1,Valtina,3,2,11,FALSE,2,18,FALSE,NA,NA,NA
K372,Lüllemäe,K740,Valga linn,K372__Karkküla__1,Karkküla,2,2,12,FALSE,2,10,FALSE,NA,NA,NA
K372,Lüllemäe,K740,Valga linn,K372__Kikati__1,Kikati,2,2,13,FALSE,1,20,FALSE,NA,NA,NA
K372,Lüllemäe,K740,Valga linn,K372__Kolski__1,Kolski,2,2,14,FALSE,2,11,FALSE,NA,NA,NA
K372,Lüllemäe,K740,Valga linn,K372__Koobassaare__1,Koobassaare,2,2,15,FALSE,2,12,FALSE,NA,NA,NA
K372,Lüllemäe,K740,Valga linn,K372__Lustimõisa__1,Lustimõisa,2,2,16,FALSE,1,22,FALSE,NA,NA,NA
K372,Lüllemäe,K740,Valga linn,K372__Madsa__1,Madsa,2,2,17,FALSE,2,13,FALSE,NA,NA,NA
K372,Lüllemäe,K740,Valga linn,K372__Metsoja__1,Metsoja,2,2,18,FALSE,2,14,FALSE,NA,NA,NA
K372,Lüllemäe,K740,Valga linn,K372__Mägiste__1,Mägiste,2,2,19,FALSE,2,15,FALSE,NA,NA,NA
K372,Lüllemäe,K740,Valga linn,K372__Rebasemõisa__1,Rebasemõisa,2,1,20,FALSE,2,17,FALSE,NA,NA,NA
K372,Lüllemäe,K740,Valga linn,K372__Hundi__1,Hundi,1,1,21,FALSE,1,19,FALSE,NA,NA,NA
K372,Lüllemäe,K740,Valga linn,K372__Laane__1,Laane,1,1,22,FALSE,1,21,FALSE,NA,NA,NA
K373,Lümanda,K270,Kuressaare linn,K373__Lümanda__1,Lümanda,15,2,1,TRUE,8,1,TRUE,NA,NA,NA
K373,Lümanda,K270,Kuressaare linn,K373__Varpe__1,Varpe,10,2,2,FALSE,4,8,FALSE,NA,NA,NA
K373,Lümanda,K270,Kuressaare linn,K373__Mõisaküla__1,Mõisaküla,8,2,3,FALSE,4,4,FALSE,NA,NA,NA
K373,Lümanda,K270,Kuressaare linn,K373__Kipi__1,Kipi,7,2,4,FALSE,4,2,FALSE,NA,NA,NA
K373,Lümanda,K270,Kuressaare linn,K373__Koovi__1,Koovi,7,2,5,FALSE,4,3,FALSE,NA,NA,NA
K373,Lümanda,K270,Kuressaare linn,K373__Pälli__1,Pälli,7,2,6,FALSE,4,5,FALSE,NA,NA,NA
K373,Lümanda,K270,Kuressaare linn,K373__Põllu__1,Põllu,5,2,7,FALSE,4,6,FALSE,NA,NA,NA
K373,Lümanda,K270,Kuressaare linn,K373__Sui teerist__1,Sui teerist,5,2,8,FALSE,4,7,FALSE,NA,NA,NA
K373,Lümanda,K270,Kuressaare linn,K373__Jõgela__1,Jõgela,3,2,9,FALSE,NA,NA,NA,NA,NA,NA
K373,Lümanda,K270,Kuressaare linn,K373__Metsapere__1,Metsapere,3,2,10,FALSE,NA,NA,NA,NA,NA,NA
K373,Lümanda,K270,Kuressaare linn,K373__Pilguse__1,Pilguse,3,2,11,FALSE,NA,NA,NA,NA,NA,NA
K374,Maardu linn,K663,Tallinn,K374__Kallavere kauplus__1,Kallavere kauplus,313,2,1,TRUE,158,2,FALSE,NA,NA,NA
K374,Maardu linn,K663,Tallinn,K374__Haigla__1,Haigla,233,3,2,FALSE,118,4,FALSE,NA,NA,NA
K374,Maardu linn,K663,Tallinn,K374__Ringi__1,Ringi,232,2,3,FALSE,118,5,FALSE,NA,NA,NA
K374,Maardu linn,K663,Tallinn,K374__Muuga aedlinn__1,Muuga aedlinn,204,3,4,FALSE,109,6,FALSE,NA,NA,NA
K374,Maardu linn,K663,Tallinn,K374__Fosforiidi__1,Fosforiidi,193,2,5,FALSE,98,7,FALSE,NA,NA,NA
K374,Maardu linn,K663,Tallinn,K374__Kombinaadi__1,Kombinaadi,193,2,6,FALSE,98,8,FALSE,NA,NA,NA
K374,Maardu linn,K663,Tallinn,K374__Kroodi__1,Kroodi,193,2,7,FALSE,98,9,FALSE,NA,NA,NA
K374,Maardu linn,K663,Tallinn,K374__Kööba__1,Kööba,193,2,8,FALSE,98,10,FALSE,NA,NA,NA
K374,Maardu linn,K663,Tallinn,K374__Maardu kalmistu__1,Maardu kalmistu,193,2,9,FALSE,98,11,FALSE,NA,NA,NA
K374,Maardu linn,K663,Tallinn,K374__Kallavere__1,Kallavere,158,1,10,FALSE,158,1,TRUE,NA,NA,NA
K374,Maardu linn,K663,Tallinn,K374__Orumetsa__1,Orumetsa,158,2,11,FALSE,158,3,FALSE,NA,NA,NA
K374,Maardu linn,K663,Tallinn,K374__Üleoru__1,Üleoru,157,2,12,FALSE,98,12,FALSE,NA,NA,NA
K374,Maardu linn,K663,Tallinn,K374__Kallavere__2,Kallavere,155,1,13,FALSE,NA,NA,NA,NA,NA,NA
K374,Maardu linn,K663,Tallinn,K374__Mäeotsa__1,Mäeotsa,155,1,14,FALSE,NA,NA,NA,NA,NA,NA
K374,Maardu linn,K663,Tallinn,K374__Nurga__1,Nurga,155,1,15,FALSE,NA,NA,NA,NA,NA,NA
K374,Maardu linn,K663,Tallinn,K374__Kabelikivi__1,Kabelikivi,149,3,16,FALSE,94,14,FALSE,NA,NA,NA
K374,Maardu linn,K663,Tallinn,K374__Õunapuu puiestee__1,Õunapuu puiestee,132,2,17,FALSE,66,16,FALSE,NA,NA,NA
K374,Maardu linn,K663,Tallinn,K374__Pirnipuu puiestee__1,Pirnipuu puiestee,126,2,18,FALSE,97,13,FALSE,NA,NA,NA
K374,Maardu linn,K663,Tallinn,K374__Kardheina tee__1,Kardheina tee,125,2,19,FALSE,82,15,FALSE,NA,NA,NA
K374,Maardu linn,K663,Tallinn,K374__Maardu veehoidla__1,Maardu veehoidla,95,2,20,FALSE,40,25,FALSE,NA,NA,NA
K374,Maardu linn,K663,Tallinn,K374__Uus-Muuga__1,Uus-Muuga,95,2,21,FALSE,40,26,FALSE,NA,NA,NA
K374,Maardu linn,K663,Tallinn,K374__Koplimäe__1,Koplimäe,91,2,22,FALSE,47,19,FALSE,NA,NA,NA
K374,Maardu linn,K663,Tallinn,K374__Kärmu__1,Kärmu,91,2,23,FALSE,47,20,FALSE,NA,NA,NA
K374,Maardu linn,K663,Tallinn,K374__Madikse__1,Madikse,91,2,24,FALSE,47,21,FALSE,NA,NA,NA
K374,Maardu linn,K663,Tallinn,K374__Pähklimäe__1,Pähklimäe,91,2,25,FALSE,47,22,FALSE,NA,NA,NA
K374,Maardu linn,K663,Tallinn,K374__Vasar__1,Vasar,91,2,26,FALSE,47,23,FALSE,NA,NA,NA
K374,Maardu linn,K663,Tallinn,K374__Kroodi oja__1,Kroodi oja,81,2,27,FALSE,40,24,FALSE,NA,NA,NA
K374,Maardu linn,K663,Tallinn,K374__Hiireherne tee__1,Hiireherne tee,78,2,28,FALSE,12,29,FALSE,NA,NA,NA
K374,Maardu linn,K663,Tallinn,K374__Kirsipuu puiestee__1,Kirsipuu puiestee,78,2,29,FALSE,12,30,FALSE,NA,NA,NA
K374,Maardu linn,K663,Tallinn,K374__Iru elektrijaam__1,Iru elektrijaam,77,2,30,FALSE,53,17,FALSE,NA,NA,NA
K374,Maardu linn,K663,Tallinn,K374__Iru küla__1,Iru küla,77,2,31,FALSE,53,18,FALSE,NA,NA,NA
K374,Maardu linn,K663,Tallinn,K374__Muuga sadam__1,Muuga sadam,69,1,32,FALSE,27,28,FALSE,NA,NA,NA
K374,Maardu linn,K663,Tallinn,K374__Maardu järv__1,Maardu järv,31,2,33,FALSE,29,27,FALSE,NA,NA,NA
K374,Maardu linn,K663,Tallinn,K374__Maardu mõisa tee__1,Maardu mõisa tee,5,1,34,FALSE,5,31,FALSE,NA,NA,NA
K375,Maaritsa,K674,Tartu linn,K375__Maaritsa__1,Maaritsa,18,2,1,TRUE,7,1,TRUE,NA,NA,NA
K375,Maaritsa,K674,Tartu linn,K375__Vissi__1,Vissi,12,4,2,FALSE,6,2,FALSE,NA,NA,NA
K375,Maaritsa,K674,Tartu linn,K375__Sahkri__1,Sahkri,10,2,3,FALSE,3,5,FALSE,NA,NA,NA
K375,Maaritsa,K674,Tartu linn,K375__Pedaku__1,Pedaku,6,2,4,FALSE,3,3,FALSE,NA,NA,NA
K375,Maaritsa,K674,Tartu linn,K375__Puntuse__1,Puntuse,5,2,5,FALSE,3,4,FALSE,NA,NA,NA
K376,Maarja,K674,Tartu linn,K376__Pataste__1,Pataste,18,2,1,TRUE,8,2,FALSE,NA,NA,NA
K376,Maarja,K674,Tartu linn,K376__Maarja-Magdaleena__1,Maarja-Magdaleena,17,1,2,FALSE,8,1,TRUE,NA,NA,NA
K376,Maarja,K674,Tartu linn,K376__Peebu__1,Peebu,16,2,3,FALSE,8,3,FALSE,NA,NA,NA
K376,Maarja,K674,Tartu linn,K376__Töökoda__1,Töökoda,14,2,4,FALSE,7,4,FALSE,NA,NA,NA
K376,Maarja,K674,Tartu linn,K376__Uhmardu__1,Uhmardu,10,2,5,FALSE,5,5,FALSE,NA,NA,NA
K376,Maarja,K674,Tartu linn,K376__Vana-Särje__1,Vana-Särje,10,2,6,FALSE,5,6,FALSE,NA,NA,NA
K376,Maarja,K674,Tartu linn,K376__Rillo__1,Rillo,6,2,7,FALSE,2,11,FALSE,NA,NA,NA
K376,Maarja,K674,Tartu linn,K376__Sopi__1,Sopi,6,2,8,FALSE,3,9,FALSE,NA,NA,NA
K376,Maarja,K674,Tartu linn,K376__Kaitsemõisa__1,Kaitsemõisa,4,2,9,FALSE,3,7,FALSE,NA,NA,NA
K376,Maarja,K674,Tartu linn,K376__Kannu__1,Kannu,4,2,10,FALSE,3,8,FALSE,NA,NA,NA
K376,Maarja,K674,Tartu linn,K376__Jõusaotsa__1,Jõusaotsa,2,1,11,FALSE,2,10,FALSE,NA,NA,NA
K376,Maarja,K674,Tartu linn,K376__Särje__1,Särje,2,1,12,FALSE,1,14,FALSE,NA,NA,NA
K376,Maarja,K674,Tartu linn,K376__Tindimurru__1,Tindimurru,2,1,13,FALSE,1,15,FALSE,NA,NA,NA
K376,Maarja,K674,Tartu linn,K376__Varese__1,Varese,2,1,14,FALSE,2,12,FALSE,NA,NA,NA
K376,Maarja,K674,Tartu linn,K376__Maarja-Magdaleena kool__1,Maarja-Magdaleena kool,1,1,15,FALSE,1,13,FALSE,NA,NA,NA
K377,Maasi,K270,Kuressaare linn,K377__Maasi__1,Maasi,4,2,1,TRUE,2,1,TRUE,NA,NA,NA
K377,Maasi,K270,Kuressaare linn,K377__Orinõmme__1,Orinõmme,4,2,2,FALSE,2,2,FALSE,NA,NA,NA
K377,Maasi,K270,Kuressaare linn,K377__Raja-Mere__1,Raja-Mere,4,2,3,FALSE,2,3,FALSE,NA,NA,NA
K377,Maasi,K270,Kuressaare linn,K377__Sülla__1,Sülla,1,1,4,FALSE,1,4,FALSE,NA,NA,NA
K378,Madise,K663,Tallinn,K378__Jõesuu__1,Jõesuu,9,2,1,TRUE,1,2,FALSE,NA,NA,NA
K378,Madise,K663,Tallinn,K378__Madise__1,Madise,9,2,2,FALSE,1,5,FALSE,NA,NA,NA
K378,Madise,K663,Tallinn,K378__Jahukundru__1,Jahukundru,5,2,3,FALSE,1,1,TRUE,NA,NA,NA
K378,Madise,K663,Tallinn,K378__Hobuse__1,Hobuse,4,2,4,FALSE,NA,NA,NA,NA,NA,NA
K378,Madise,K663,Tallinn,K378__Liisküla__1,Liisküla,4,2,5,FALSE,1,4,FALSE,NA,NA,NA
K378,Madise,K663,Tallinn,K378__Tammi__1,Tammi,4,2,6,FALSE,NA,NA,NA,NA,NA,NA
K378,Madise,K663,Tallinn,K378__Vanatoa__1,Vanatoa,4,2,7,FALSE,NA,NA,NA,NA,NA,NA
K378,Madise,K663,Tallinn,K378__Karilepa__1,Karilepa,2,2,8,FALSE,1,3,FALSE,NA,NA,NA
K378,Madise,K663,Tallinn,K378__Veti__1,Veti,2,1,9,FALSE,NA,NA,NA,NA,NA,NA
K378,Madise,K663,Tallinn,K378__Suurküla__1,Suurküla,1,1,10,FALSE,NA,NA,NA,NA,NA,NA
K380,Maidla-Savala,K213,Kiviõli linn,K380__Maidla__1,Maidla,18,2,1,TRUE,12,1,TRUE,NA,NA,NA
K380,Maidla-Savala,K213,Kiviõli linn,K380__Savala__1,Savala,18,1,2,FALSE,12,2,FALSE,NA,NA,NA
K380,Maidla-Savala,K213,Kiviõli linn,K380__Vana-Sillaotsa__1,Vana-Sillaotsa,14,1,3,FALSE,8,3,FALSE,NA,NA,NA
K380,Maidla-Savala,K213,Kiviõli linn,K380__Aruvälja__1,Aruvälja,9,2,4,FALSE,5,4,FALSE,NA,NA,NA
K380,Maidla-Savala,K213,Kiviõli linn,K380__Kulja__1,Kulja,9,2,5,FALSE,5,5,FALSE,NA,NA,NA
K380,Maidla-Savala,K213,Kiviõli linn,K380__Soonurme__1,Soonurme,9,1,6,FALSE,5,6,FALSE,NA,NA,NA
K380,Maidla-Savala,K213,Kiviõli linn,K380__Aruvälja__2,Aruvälja,4,2,7,FALSE,2,7,FALSE,NA,NA,NA
K381,Malla,K545,Rakvere linn,K381__Kutsala__1,Kutsala,8,2,1,TRUE,NA,NA,NA,NA,NA,NA
K381,Malla,K545,Rakvere linn,K381__Malla tee__1,Malla tee,8,2,2,FALSE,NA,NA,NA,NA,NA,NA
K382,Malvaste,K292,Kärdla linn,K382__Malvaste tee__1,Malvaste tee,11,2,1,TRUE,6,1,TRUE,NA,NA,NA
K382,Malvaste,K292,Kärdla linn,K382__Risti__1,Risti,11,2,2,FALSE,6,2,FALSE,NA,NA,NA
K382,Malvaste,K292,Kärdla linn,K382__Kidaste__1,Kidaste,8,2,3,FALSE,4,3,FALSE,NA,NA,NA
K382,Malvaste,K292,Kärdla linn,K382__Posti__1,Posti,6,1,4,FALSE,1,9,FALSE,NA,NA,NA
K382,Malvaste,K292,Kärdla linn,K382__Malvaste__1,Malvaste,3,1,5,FALSE,1,7,FALSE,NA,NA,NA
K382,Malvaste,K292,Kärdla linn,K382__Mudaste__1,Mudaste,2,2,6,FALSE,1,8,FALSE,NA,NA,NA
K382,Malvaste,K292,Kärdla linn,K382__Kidaste__2,Kidaste,1,1,7,FALSE,1,4,FALSE,NA,NA,NA
K382,Malvaste,K292,Kärdla linn,K382__Koidma tee__1,Koidma tee,1,1,8,FALSE,1,5,FALSE,NA,NA,NA
K382,Malvaste,K292,Kärdla linn,K382__Laasiniidu__1,Laasiniidu,1,1,9,FALSE,1,6,FALSE,NA,NA,NA
K383,Mammaste,K523,Põlva linn,K383__Mammaste__1,Mammaste,19,2,1,TRUE,9,1,TRUE,NA,NA,NA
K383,Mammaste,K523,Põlva linn,K383__Taevaskoja tee__1,Taevaskoja tee,19,2,2,FALSE,9,4,FALSE,NA,NA,NA
K383,Mammaste,K523,Põlva linn,K383__Puntarumäe__1,Puntarumäe,18,2,3,FALSE,9,2,FALSE,NA,NA,NA
K383,Mammaste,K523,Põlva linn,K383__Ringtee__1,Ringtee,9,1,4,FALSE,9,3,FALSE,NA,NA,NA
K384,Manija,K531,Pärnu linn,K384__Manilaiu sadam__1,Manilaiu sadam,8,1,1,TRUE,NA,NA,NA,NA,NA,NA
K385,Martna,K663,Tallinn,K385__Ehmja__1,Ehmja,10,2,1,TRUE,NA,NA,NA,NA,NA,NA
K385,Martna,K663,Tallinn,K385__Maalse__1,Maalse,10,2,2,FALSE,NA,NA,NA,NA,NA,NA
K385,Martna,K663,Tallinn,K385__Martna__1,Martna,10,1,3,FALSE,NA,NA,NA,NA,NA,NA
K385,Martna,K663,Tallinn,K385__Niinja tee__1,Niinja tee,8,2,4,FALSE,NA,NA,NA,NA,NA,NA
K386,Massiaru,K531,Pärnu linn,K386__Laiksaare__1,Laiksaare,11,3,1,TRUE,6,1,TRUE,NA,NA,NA
K386,Massiaru,K531,Pärnu linn,K386__Metsavahi__1,Metsavahi,9,2,2,FALSE,5,2,FALSE,NA,NA,NA
K386,Massiaru,K531,Pärnu linn,K386__Rebase__1,Rebase,9,2,3,FALSE,5,3,FALSE,NA,NA,NA
K386,Massiaru,K531,Pärnu linn,K386__Aruoja__1,Aruoja,6,2,4,FALSE,3,4,FALSE,NA,NA,NA
K386,Massiaru,K531,Pärnu linn,K386__Innuste__1,Innuste,6,2,5,FALSE,3,5,FALSE,NA,NA,NA
K386,Massiaru,K531,Pärnu linn,K386__Kalmeoja__1,Kalmeoja,6,2,6,FALSE,3,6,FALSE,NA,NA,NA
K386,Massiaru,K531,Pärnu linn,K386__Koidiku__1,Koidiku,6,2,7,FALSE,3,7,FALSE,NA,NA,NA
K386,Massiaru,K531,Pärnu linn,K386__Käära__1,Käära,6,2,8,FALSE,3,8,FALSE,NA,NA,NA
K386,Massiaru,K531,Pärnu linn,K386__Massiaru__1,Massiaru,6,2,9,FALSE,3,9,FALSE,NA,NA,NA
K386,Massiaru,K531,Pärnu linn,K386__Merilaane__1,Merilaane,6,2,10,FALSE,3,10,FALSE,NA,NA,NA
K386,Massiaru,K531,Pärnu linn,K386__Nepste__1,Nepste,6,2,11,FALSE,3,11,FALSE,NA,NA,NA
K386,Massiaru,K531,Pärnu linn,K386__Sooba__1,Sooba,6,2,12,FALSE,3,12,FALSE,NA,NA,NA
K386,Massiaru,K531,Pärnu linn,K386__Urissaare__1,Urissaare,6,2,13,FALSE,3,13,FALSE,NA,NA,NA
K386,Massiaru,K531,Pärnu linn,K386__Uue-Langi__1,Uue-Langi,6,2,14,FALSE,3,14,FALSE,NA,NA,NA
K387,Matsalu,K663,Tallinn,K387__Keemu__1,Keemu,2,1,1,TRUE,NA,NA,NA,NA,NA,NA
K387,Matsalu,K663,Tallinn,K387__Matsalu__1,Matsalu,2,2,2,FALSE,NA,NA,NA,NA,NA,NA
K387,Matsalu,K663,Tallinn,K387__Meelva__1,Meelva,2,3,3,FALSE,NA,NA,NA,NA,NA,NA
K387,Matsalu,K663,Tallinn,K387__Metsküla__1,Metsküla,2,2,4,FALSE,NA,NA,NA,NA,NA,NA
K387,Matsalu,K663,Tallinn,K387__Metsküla kool__1,Metsküla kool,2,2,5,FALSE,NA,NA,NA,NA,NA,NA
K387,Matsalu,K663,Tallinn,K387__Saastna__1,Saastna,2,1,6,FALSE,NA,NA,NA,NA,NA,NA
K388,Matsuri,K674,Tartu linn,K388__Koidula__2,Koidula,16,2,1,TRUE,1,3,FALSE,NA,NA,NA
K388,Matsuri,K674,Tartu linn,K388__Kesk-Nedsaja__1,Kesk-Nedsaja,13,2,2,FALSE,1,2,FALSE,NA,NA,NA
K388,Matsuri,K674,Tartu linn,K388__Koidula jaam__1,Koidula jaam,13,2,3,FALSE,1,4,FALSE,NA,NA,NA
K388,Matsuri,K674,Tartu linn,K388__Nedsaja__1,Nedsaja,13,2,4,FALSE,1,6,FALSE,NA,NA,NA
K388,Matsuri,K674,Tartu linn,K388__Matsuri__1,Matsuri,12,2,5,FALSE,1,5,FALSE,NA,NA,NA
K388,Matsuri,K674,Tartu linn,K388__Pilleri__1,Pilleri,11,2,6,FALSE,1,7,FALSE,NA,NA,NA
K388,Matsuri,K674,Tartu linn,K388__Koidula piiripunkt__1,Koidula piiripunkt,9,1,7,FALSE,NA,NA,NA,NA,NA,NA
K388,Matsuri,K674,Tartu linn,K388__Kolodavitsa__1,Kolodavitsa,8,2,8,FALSE,NA,NA,NA,NA,NA,NA
K388,Matsuri,K674,Tartu linn,K388__Koidula__1,Koidula,4,2,9,FALSE,2,1,TRUE,NA,NA,NA
K388,Matsuri,K674,Tartu linn,K388__Vaartsi__1,Vaartsi,1,1,10,FALSE,NA,NA,NA,NA,NA,NA
K389,Meeksi,K674,Tartu linn,K389__Latika__1,Latika,11,2,1,TRUE,4,4,FALSE,NA,NA,NA
K389,Meeksi,K674,Tartu linn,K389__Mehikoorma__1,Mehikoorma,11,1,2,FALSE,4,5,FALSE,NA,NA,NA
K389,Meeksi,K674,Tartu linn,K389__Veski__1,Veski,10,4,3,FALSE,4,8,FALSE,NA,NA,NA
K389,Meeksi,K674,Tartu linn,K389__Konsamäe__1,Konsamäe,8,2,4,FALSE,4,3,FALSE,NA,NA,NA
K389,Meeksi,K674,Tartu linn,K389__Aravu__1,Aravu,7,2,5,FALSE,4,1,TRUE,NA,NA,NA
K389,Meeksi,K674,Tartu linn,K389__Kliimaski__1,Kliimaski,7,2,6,FALSE,4,2,FALSE,NA,NA,NA
K389,Meeksi,K674,Tartu linn,K389__Sikakurmu__1,Sikakurmu,7,4,7,FALSE,4,6,FALSE,NA,NA,NA
K389,Meeksi,K674,Tartu linn,K389__Uulika__1,Uulika,7,2,8,FALSE,4,7,FALSE,NA,NA,NA
K389,Meeksi,K674,Tartu linn,K389__Jõepera__1,Jõepera,5,2,9,FALSE,3,9,FALSE,NA,NA,NA
K389,Meeksi,K674,Tartu linn,K389__Mandli__1,Mandli,5,2,10,FALSE,3,10,FALSE,NA,NA,NA
K389,Meeksi,K674,Tartu linn,K389__Meeksi__1,Meeksi,5,2,11,FALSE,1,19,FALSE,NA,NA,NA
K389,Meeksi,K674,Tartu linn,K389__Pihuste__1,Pihuste,5,2,12,FALSE,3,11,FALSE,NA,NA,NA
K389,Meeksi,K674,Tartu linn,K389__Piiroja__1,Piiroja,5,2,13,FALSE,3,12,FALSE,NA,NA,NA
K389,Meeksi,K674,Tartu linn,K389__Järve__1,Järve,4,2,14,FALSE,2,13,FALSE,NA,NA,NA
K389,Meeksi,K674,Tartu linn,K389__Kero__1,Kero,4,2,15,FALSE,2,14,FALSE,NA,NA,NA
K389,Meeksi,K674,Tartu linn,K389__Parapalu__1,Parapalu,4,3,16,FALSE,2,16,FALSE,NA,NA,NA
K389,Meeksi,K674,Tartu linn,K389__Sikapalu__1,Sikapalu,4,2,17,FALSE,2,17,FALSE,NA,NA,NA
K389,Meeksi,K674,Tartu linn,K389__Laaksaare__1,Laaksaare,3,2,18,FALSE,2,15,FALSE,NA,NA,NA
K389,Meeksi,K674,Tartu linn,K389__Laaksaare sadam__1,Laaksaare sadam,2,1,19,FALSE,1,18,FALSE,NA,NA,NA
K389,Meeksi,K674,Tartu linn,K389__Aravu rahvamaja__1,Aravu rahvamaja,1,1,20,FALSE,NA,NA,NA,NA,NA,NA
K390,Meerapalu,K674,Tartu linn,K390__Arusoo__1,Arusoo,3,1,1,TRUE,2,1,TRUE,NA,NA,NA
K390,Meerapalu,K674,Tartu linn,K390__Meerapalu__1,Meerapalu,3,2,2,FALSE,2,2,FALSE,NA,NA,NA
K390,Meerapalu,K674,Tartu linn,K390__Möldri__1,Möldri,3,2,3,FALSE,2,3,FALSE,NA,NA,NA
K390,Meerapalu,K674,Tartu linn,K390__Saksa__1,Saksa,3,2,4,FALSE,2,4,FALSE,NA,NA,NA
K391,Meeri,K674,Tartu linn,K391__Meeri tee__1,Meeri tee,60,2,1,TRUE,33,1,TRUE,NA,NA,NA
K391,Meeri,K674,Tartu linn,K391__Vastse-Nõo__1,Vastse-Nõo,46,2,2,FALSE,28,2,FALSE,NA,NA,NA
K391,Meeri,K674,Tartu linn,K391__Alla__1,Alla,7,2,3,FALSE,6,3,FALSE,NA,NA,NA
K391,Meeri,K674,Tartu linn,K391__Meeri__1,Meeri,7,2,4,FALSE,6,4,FALSE,NA,NA,NA
K391,Meeri,K674,Tartu linn,K391__Meeri pargi__1,Meeri pargi,7,2,5,FALSE,6,5,FALSE,NA,NA,NA
K391,Meeri,K674,Tartu linn,K391__Kõrtsi__1,Kõrtsi,5,2,6,FALSE,4,6,FALSE,NA,NA,NA
K391,Meeri,K674,Tartu linn,K391__Tabuli__1,Tabuli,5,1,7,FALSE,4,7,FALSE,NA,NA,NA
K391,Meeri,K674,Tartu linn,K391__Valli__1,Valli,5,2,8,FALSE,4,8,FALSE,NA,NA,NA
K391,Meeri,K674,Tartu linn,K391__Keeri__1,Keeri,4,2,9,FALSE,3,9,FALSE,NA,NA,NA
K391,Meeri,K674,Tartu linn,K391__Sirge__1,Sirge,2,2,10,FALSE,2,10,FALSE,NA,NA,NA
K392,Melliste,K674,Tartu linn,K392__Melliste__1,Melliste,32,2,1,TRUE,16,1,TRUE,NA,NA,NA
K392,Melliste,K674,Tartu linn,K392__Miku__1,Miku,26,2,2,FALSE,13,2,FALSE,NA,NA,NA
K392,Melliste,K674,Tartu linn,K392__Sasi__1,Sasi,22,2,3,FALSE,11,3,FALSE,NA,NA,NA
K392,Melliste,K674,Tartu linn,K392__Kisla__1,Kisla,11,2,4,FALSE,5,4,FALSE,NA,NA,NA
K392,Melliste,K674,Tartu linn,K392__Arutee__1,Arutee,3,2,5,FALSE,2,5,FALSE,NA,NA,NA
K392,Melliste,K674,Tartu linn,K392__Miinamõisa__1,Miinamõisa,3,2,6,FALSE,2,6,FALSE,NA,NA,NA
K392,Melliste,K674,Tartu linn,K392__Mäletjärve__1,Mäletjärve,3,2,7,FALSE,2,7,FALSE,NA,NA,NA
K392,Melliste,K674,Tartu linn,K392__Pokajärve__1,Pokajärve,3,2,8,FALSE,2,8,FALSE,NA,NA,NA
K392,Melliste,K674,Tartu linn,K392__Tigase__1,Tigase,3,2,9,FALSE,2,9,FALSE,NA,NA,NA
K392,Melliste,K674,Tartu linn,K392__Melliste kool__1,Melliste kool,2,1,10,FALSE,NA,NA,NA,NA,NA,NA
K392,Melliste,K674,Tartu linn,K392__Tigasenuka__1,Tigasenuka,1,1,11,FALSE,NA,NA,NA,NA,NA,NA
K393,Meremäe,K813,Võru linn,K393__Kasakova__1,Kasakova,11,2,1,TRUE,7,2,FALSE,NA,NA,NA
K393,Meremäe,K813,Võru linn,K393__Meremäe__1,Meremäe,11,2,2,FALSE,7,3,FALSE,NA,NA,NA
K393,Meremäe,K813,Võru linn,K393__Tobrova__1,Tobrova,11,3,3,FALSE,7,4,FALSE,NA,NA,NA
K393,Meremäe,K813,Võru linn,K393__Lepä__1,Lepä,10,2,4,FALSE,6,5,FALSE,NA,NA,NA
K393,Meremäe,K813,Võru linn,K393__Viro__1,Viro,10,2,5,FALSE,6,6,FALSE,NA,NA,NA
K393,Meremäe,K813,Võru linn,K393__Kalatsova__1,Kalatsova,8,2,6,FALSE,7,1,TRUE,NA,NA,NA
K393,Meremäe,K813,Võru linn,K393__Kitsõ__1,Kitsõ,5,2,7,FALSE,4,7,FALSE,NA,NA,NA
K393,Meremäe,K813,Võru linn,K393__Serga teerist__1,Serga teerist,5,2,8,FALSE,4,11,FALSE,NA,NA,NA
K393,Meremäe,K813,Võru linn,K393__Uusvada__1,Uusvada,5,2,9,FALSE,4,12,FALSE,NA,NA,NA
K393,Meremäe,K813,Võru linn,K393__Kuksina__1,Kuksina,4,2,10,FALSE,4,8,FALSE,NA,NA,NA
K393,Meremäe,K813,Võru linn,K393__Miikse__1,Miikse,4,2,11,FALSE,4,9,FALSE,NA,NA,NA
K393,Meremäe,K813,Võru linn,K393__Miikse külaplats__1,Miikse külaplats,4,2,12,FALSE,4,10,FALSE,NA,NA,NA
K393,Meremäe,K813,Võru linn,K393__Meremäe kool__1,Meremäe kool,2,1,13,FALSE,2,13,FALSE,NA,NA,NA
K393,Meremäe,K813,Võru linn,K393__Vinski__1,Vinski,2,1,14,FALSE,2,14,FALSE,NA,NA,NA
K394,Metsküla,K270,Kuressaare linn,K394__Asuka__1,Asuka,3,2,1,TRUE,3,1,TRUE,NA,NA,NA
K394,Metsküla,K270,Kuressaare linn,K394__Asuka teerist__1,Asuka teerist,3,2,2,FALSE,3,2,FALSE,NA,NA,NA
K394,Metsküla,K270,Kuressaare linn,K394__Haagi__1,Haagi,3,2,3,FALSE,1,5,FALSE,NA,NA,NA
K394,Metsküla,K270,Kuressaare linn,K394__Karjalasma__1,Karjalasma,3,2,4,FALSE,3,3,FALSE,NA,NA,NA
K394,Metsküla,K270,Kuressaare linn,K394__Laugu teerist__1,Laugu teerist,3,2,5,FALSE,1,6,FALSE,NA,NA,NA
K394,Metsküla,K270,Kuressaare linn,K394__Murika__1,Murika,3,2,6,FALSE,1,10,FALSE,NA,NA,NA
K394,Metsküla,K270,Kuressaare linn,K394__Männiku__1,Männiku,3,2,7,FALSE,3,4,FALSE,NA,NA,NA
K394,Metsküla,K270,Kuressaare linn,K394__Pammana__1,Pammana,3,2,8,FALSE,1,11,FALSE,NA,NA,NA
K394,Metsküla,K270,Kuressaare linn,K394__Ränga__1,Ränga,3,2,9,FALSE,1,12,FALSE,NA,NA,NA
K394,Metsküla,K270,Kuressaare linn,K394__Saatme__1,Saatme,3,2,10,FALSE,1,13,FALSE,NA,NA,NA
K394,Metsküla,K270,Kuressaare linn,K394__Soela__1,Soela,3,2,11,FALSE,1,14,FALSE,NA,NA,NA
K394,Metsküla,K270,Kuressaare linn,K394__Talli__1,Talli,3,2,12,FALSE,1,15,FALSE,NA,NA,NA
K394,Metsküla,K270,Kuressaare linn,K394__Metsküla__1,Metsküla,2,2,13,FALSE,1,7,FALSE,NA,NA,NA
K394,Metsküla,K270,Kuressaare linn,K394__Metsküla 1__1,Metsküla 1,2,1,14,FALSE,1,8,FALSE,NA,NA,NA
K394,Metsküla,K270,Kuressaare linn,K394__Haagi teerist__1,Haagi teerist,1,1,15,FALSE,NA,NA,NA,NA,NA,NA
K394,Metsküla,K270,Kuressaare linn,K394__Metsküla kalmistu__1,Metsküla kalmistu,1,2,16,FALSE,1,9,FALSE,NA,NA,NA
K394,Metsküla,K270,Kuressaare linn,K394__Tilga__1,Tilga,1,2,17,FALSE,1,16,FALSE,NA,NA,NA
K395,Mihkli,K531,Pärnu linn,K395__Mihkli__1,Mihkli,7,2,1,TRUE,2,1,TRUE,NA,NA,NA
K395,Mihkli,K531,Pärnu linn,K395__Piisu__1,Piisu,3,2,2,FALSE,1,2,FALSE,NA,NA,NA
K396,Miiaste,K523,Põlva linn,K396__Miiaste__1,Miiaste,18,3,1,TRUE,10,1,TRUE,NA,NA,NA
K396,Miiaste,K523,Põlva linn,K396__Nooritsmetsa__1,Nooritsmetsa,4,2,2,FALSE,3,2,FALSE,NA,NA,NA
K396,Miiaste,K523,Põlva linn,K396__Rõka__1,Rõka,3,2,3,FALSE,2,4,FALSE,NA,NA,NA
K396,Miiaste,K523,Põlva linn,K396__Koka__1,Koka,2,2,4,FALSE,2,3,FALSE,NA,NA,NA
K396,Miiaste,K523,Põlva linn,K396__Nooritsmetsa__2,Nooritsmetsa,1,1,5,FALSE,NA,NA,NA,NA,NA,NA
K397,Mikitamäe,K674,Tartu linn,K397__Laossina__1,Laossina,24,2,1,TRUE,5,2,FALSE,NA,NA,NA
K397,Mikitamäe,K674,Tartu linn,K397__Mikitamäe__1,Mikitamäe,24,2,2,FALSE,5,3,FALSE,NA,NA,NA
K397,Mikitamäe,K674,Tartu linn,K397__Karisilla__1,Karisilla,23,2,3,FALSE,5,1,TRUE,NA,NA,NA
K397,Mikitamäe,K674,Tartu linn,K397__Tibu__1,Tibu,21,2,4,FALSE,4,4,FALSE,NA,NA,NA
K397,Mikitamäe,K674,Tartu linn,K397__Tirbi__1,Tirbi,11,1,5,FALSE,NA,NA,NA,NA,NA,NA
K397,Mikitamäe,K674,Tartu linn,K397__Niitsiku__1,Niitsiku,8,2,6,FALSE,NA,NA,NA,NA,NA,NA
K397,Mikitamäe,K674,Tartu linn,K397__Liivi__1,Liivi,6,2,7,FALSE,NA,NA,NA,NA,NA,NA
K397,Mikitamäe,K674,Tartu linn,K397__Plotina__1,Plotina,6,2,8,FALSE,NA,NA,NA,NA,NA,NA
K397,Mikitamäe,K674,Tartu linn,K397__Raabi__1,Raabi,6,2,9,FALSE,NA,NA,NA,NA,NA,NA
K397,Mikitamäe,K674,Tartu linn,K397__Sikamäe__1,Sikamäe,6,2,10,FALSE,NA,NA,NA,NA,NA,NA
K397,Mikitamäe,K674,Tartu linn,K397__Kito__1,Kito,5,2,11,FALSE,NA,NA,NA,NA,NA,NA
K397,Mikitamäe,K674,Tartu linn,K397__Selise__1,Selise,5,2,12,FALSE,NA,NA,NA,NA,NA,NA
K397,Mikitamäe,K674,Tartu linn,K397__Järvepää__1,Järvepää,4,2,13,FALSE,NA,NA,NA,NA,NA,NA
K397,Mikitamäe,K674,Tartu linn,K397__Kahkva__1,Kahkva,4,2,14,FALSE,NA,NA,NA,NA,NA,NA
K397,Mikitamäe,K674,Tartu linn,K397__Kesknurme__1,Kesknurme,3,2,15,FALSE,NA,NA,NA,NA,NA,NA
K397,Mikitamäe,K674,Tartu linn,K397__Mikitamäe kool__1,Mikitamäe kool,3,2,16,FALSE,NA,NA,NA,NA,NA,NA
K397,Mikitamäe,K674,Tartu linn,K397__Mõisapargi__1,Mõisapargi,2,2,17,FALSE,NA,NA,NA,NA,NA,NA
K397,Mikitamäe,K674,Tartu linn,K397__Puugnitsa__1,Puugnitsa,2,2,18,FALSE,NA,NA,NA,NA,NA,NA
K397,Mikitamäe,K674,Tartu linn,K397__Tammesalu__1,Tammesalu,2,1,19,FALSE,NA,NA,NA,NA,NA,NA
K397,Mikitamäe,K674,Tartu linn,K397__Usinitsa__1,Usinitsa,2,2,20,FALSE,NA,NA,NA,NA,NA,NA
K397,Mikitamäe,K674,Tartu linn,K397__Karisilla põik__1,Karisilla põik,1,2,21,FALSE,NA,NA,NA,NA,NA,NA
K398,Misso,K813,Võru linn,K398__Misso__1,Misso,13,2,1,TRUE,9,1,TRUE,NA,NA,NA
K398,Misso,K813,Võru linn,K398__Kõrtsi__1,Kõrtsi,10,2,2,FALSE,7,2,FALSE,NA,NA,NA
K398,Misso,K813,Võru linn,K398__Kõrtsi nõude__1,Kõrtsi nõude,10,2,3,FALSE,7,3,FALSE,NA,NA,NA
K398,Misso,K813,Võru linn,K398__Missokülä__1,Missokülä,10,2,4,FALSE,7,4,FALSE,NA,NA,NA
K398,Misso,K813,Võru linn,K398__Käbli__1,Käbli,6,2,5,FALSE,4,5,FALSE,NA,NA,NA
K398,Misso,K813,Võru linn,K398__Oravasaare__1,Oravasaare,3,1,6,FALSE,2,8,FALSE,NA,NA,NA
K398,Misso,K813,Võru linn,K398__Oravasaare__2,Oravasaare,3,1,7,FALSE,2,9,FALSE,NA,NA,NA
K398,Misso,K813,Võru linn,K398__Hino__1,Hino,2,2,8,FALSE,2,6,FALSE,NA,NA,NA
K398,Misso,K813,Võru linn,K398__Kurõ__1,Kurõ,2,2,9,FALSE,2,7,FALSE,NA,NA,NA
K398,Misso,K813,Võru linn,K398__Rammuka__1,Rammuka,2,1,10,FALSE,2,10,FALSE,NA,NA,NA
K399,Mooste,K674,Tartu linn,K399__Mooste__1,Mooste,24,2,1,TRUE,7,1,TRUE,NA,NA,NA
K399,Mooste,K674,Tartu linn,K399__Mõisa__1,Mõisa,6,2,2,FALSE,NA,NA,NA,NA,NA,NA
K399,Mooste,K674,Tartu linn,K399__Kooskora__1,Kooskora,4,1,3,FALSE,NA,NA,NA,NA,NA,NA
K399,Mooste,K674,Tartu linn,K399__Laho__1,Laho,4,2,4,FALSE,NA,NA,NA,NA,NA,NA
K399,Mooste,K674,Tartu linn,K399__Terepi__1,Terepi,4,2,5,FALSE,NA,NA,NA,NA,NA,NA
K399,Mooste,K674,Tartu linn,K399__Nisumäe__1,Nisumäe,2,1,6,FALSE,NA,NA,NA,NA,NA,NA
K399,Mooste,K674,Tartu linn,K399__Rasina park__1,Rasina park,2,2,7,FALSE,NA,NA,NA,NA,NA,NA
K399,Mooste,K674,Tartu linn,K399__Viisli__1,Viisli,2,1,8,FALSE,NA,NA,NA,NA,NA,NA
K400,Mustjala,K270,Kuressaare linn,K400__Mustjala__1,Mustjala,6,2,1,TRUE,5,1,TRUE,NA,NA,NA
K400,Mustjala,K270,Kuressaare linn,K400__Nuudinõmme__1,Nuudinõmme,5,2,2,FALSE,4,2,FALSE,NA,NA,NA
K400,Mustjala,K270,Kuressaare linn,K400__Silla__1,Silla,5,2,3,FALSE,4,3,FALSE,NA,NA,NA
K400,Mustjala,K270,Kuressaare linn,K400__Vanakubja__1,Vanakubja,3,2,4,FALSE,2,6,FALSE,NA,NA,NA
K400,Mustjala,K270,Kuressaare linn,K400__Küdema__1,Küdema,2,2,5,FALSE,2,4,FALSE,NA,NA,NA
K400,Mustjala,K270,Kuressaare linn,K400__Sõõru__1,Sõõru,2,1,6,FALSE,1,7,FALSE,NA,NA,NA
K400,Mustjala,K270,Kuressaare linn,K400__Tirtsi__1,Tirtsi,2,2,7,FALSE,2,5,FALSE,NA,NA,NA
K401,Mustla,K663,Tallinn,K401__Matsimäe__1,Matsimäe,6,2,1,TRUE,NA,NA,NA,NA,NA,NA
K401,Mustla,K663,Tallinn,K401__Mustla__1,Mustla,6,2,2,FALSE,NA,NA,NA,NA,NA,NA
K401,Mustla,K663,Tallinn,K401__Mustla-Nõmme__1,Mustla-Nõmme,6,2,3,FALSE,NA,NA,NA,NA,NA,NA
K402,Mustla,K789,Viljandi linn,K402__Mustla__1,Mustla,28,1,1,TRUE,14,1,TRUE,NA,NA,NA
K402,Mustla,K789,Viljandi linn,K402__Linsi__1,Linsi,21,2,2,FALSE,10,3,FALSE,NA,NA,NA
K402,Mustla,K789,Viljandi linn,K402__Lusika__1,Lusika,21,2,3,FALSE,10,4,FALSE,NA,NA,NA
K402,Mustla,K789,Viljandi linn,K402__Raassilla__1,Raassilla,21,2,4,FALSE,10,5,FALSE,NA,NA,NA
K402,Mustla,K789,Viljandi linn,K402__Simmihärma__1,Simmihärma,21,2,5,FALSE,10,6,FALSE,NA,NA,NA
K402,Mustla,K789,Viljandi linn,K402__Sulevi__1,Sulevi,21,2,6,FALSE,10,7,FALSE,NA,NA,NA
K402,Mustla,K789,Viljandi linn,K402__Vabriku__1,Vabriku,20,2,7,FALSE,11,2,FALSE,NA,NA,NA
K402,Mustla,K789,Viljandi linn,K402__Tarvastu__1,Tarvastu,15,2,8,FALSE,8,8,FALSE,NA,NA,NA
K402,Mustla,K789,Viljandi linn,K402__Liiva__1,Liiva,13,2,9,FALSE,7,10,FALSE,NA,NA,NA
K402,Mustla,K789,Viljandi linn,K402__Ambulatooriumi__1,Ambulatooriumi,11,1,10,FALSE,5,11,FALSE,NA,NA,NA
K402,Mustla,K789,Viljandi linn,K402__Ambulatooriumi__2,Ambulatooriumi,10,1,11,FALSE,7,9,FALSE,NA,NA,NA
K402,Mustla,K789,Viljandi linn,K402__Kaarlimõisa__1,Kaarlimõisa,5,2,12,FALSE,3,12,FALSE,NA,NA,NA
K402,Mustla,K789,Viljandi linn,K402__Kingu__1,Kingu,5,2,13,FALSE,3,13,FALSE,NA,NA,NA
K402,Mustla,K789,Viljandi linn,K402__Mirka__1,Mirka,5,2,14,FALSE,3,14,FALSE,NA,NA,NA
K402,Mustla,K789,Viljandi linn,K402__Muku__1,Muku,5,2,15,FALSE,3,15,FALSE,NA,NA,NA
K402,Mustla,K789,Viljandi linn,K402__Vahtramäe__1,Vahtramäe,5,2,16,FALSE,3,16,FALSE,NA,NA,NA
K402,Mustla,K789,Viljandi linn,K402__Villa__1,Villa,5,2,17,FALSE,3,17,FALSE,NA,NA,NA
K402,Mustla,K789,Viljandi linn,K402__Matu__1,Matu,2,2,18,FALSE,1,18,FALSE,NA,NA,NA
K402,Mustla,K789,Viljandi linn,K402__Miku-Peetri__1,Miku-Peetri,2,2,19,FALSE,1,19,FALSE,NA,NA,NA
K402,Mustla,K789,Viljandi linn,K402__Mustlase__1,Mustlase,2,2,20,FALSE,1,20,FALSE,NA,NA,NA
K402,Mustla,K789,Viljandi linn,K402__Mõru__1,Mõru,2,2,21,FALSE,1,21,FALSE,NA,NA,NA
K402,Mustla,K789,Viljandi linn,K402__Nahkle__1,Nahkle,2,2,22,FALSE,1,22,FALSE,NA,NA,NA
K402,Mustla,K789,Viljandi linn,K402__Nuki__1,Nuki,2,2,23,FALSE,1,23,FALSE,NA,NA,NA
K402,Mustla,K789,Viljandi linn,K402__Roti__1,Roti,2,2,24,FALSE,1,24,FALSE,NA,NA,NA
K402,Mustla,K789,Viljandi linn,K402__Ööbiku__1,Ööbiku,2,2,25,FALSE,1,25,FALSE,NA,NA,NA
K403,Mustvee linn,K663,Tallinn,K403__Mustvee__1,Mustvee,56,1,1,TRUE,NA,NA,NA,NA,NA,NA
K403,Mustvee linn,K663,Tallinn,K403__Kiriku__1,Kiriku,25,2,2,FALSE,NA,NA,NA,NA,NA,NA
K403,Mustvee linn,K663,Tallinn,K403__Marat__1,Marat,19,2,3,FALSE,NA,NA,NA,NA,NA,NA
K403,Mustvee linn,K663,Tallinn,K403__Ilmajaama__1,Ilmajaama,6,2,4,FALSE,NA,NA,NA,NA,NA,NA
K403,Mustvee linn,K663,Tallinn,K403__Järve__1,Järve,6,1,5,FALSE,NA,NA,NA,NA,NA,NA
K404,Muuga,K663,Tallinn,K404__Muuga__1,Muuga,61,1,1,TRUE,31,1,TRUE,NA,NA,NA
K405,Muuga,K663,Tallinn,K405__Muuga__1,Muuga,12,2,1,TRUE,NA,NA,NA,NA,NA,NA
K405,Muuga,K663,Tallinn,K405__Paasvere__1,Paasvere,12,2,2,FALSE,NA,NA,NA,NA,NA,NA
K405,Muuga,K663,Tallinn,K405__Edivere__1,Edivere,10,2,3,FALSE,NA,NA,NA,NA,NA,NA
K405,Muuga,K663,Tallinn,K405__Joodiku__1,Joodiku,10,2,4,FALSE,NA,NA,NA,NA,NA,NA
K405,Muuga,K663,Tallinn,K405__Metsavahi__1,Metsavahi,10,2,5,FALSE,NA,NA,NA,NA,NA,NA
K406,Mõisaküla,K789,Viljandi linn,K406__Mõisaküla__1,Mõisaküla,22,1,1,TRUE,8,1,TRUE,NA,NA,NA
K406,Mõisaküla,K789,Viljandi linn,K406__Tsombe__1,Tsombe,14,1,2,FALSE,2,2,FALSE,NA,NA,NA
K407,Mõisaküla,K531,Pärnu linn,K407__Anelema__1,Anelema,9,2,1,TRUE,4,1,TRUE,NA,NA,NA
K407,Mõisaküla,K531,Pärnu linn,K407__Karjääri__1,Karjääri,9,2,2,FALSE,4,2,FALSE,NA,NA,NA
K407,Mõisaküla,K531,Pärnu linn,K407__Kõnela__1,Kõnela,9,2,3,FALSE,4,3,FALSE,NA,NA,NA
K407,Mõisaküla,K531,Pärnu linn,K407__Lehu__1,Lehu,9,2,4,FALSE,4,4,FALSE,NA,NA,NA
K407,Mõisaküla,K531,Pärnu linn,K407__Lembitu__1,Lembitu,9,2,5,FALSE,4,5,FALSE,NA,NA,NA
K407,Mõisaküla,K531,Pärnu linn,K407__Mõisaküla__1,Mõisaküla,9,2,6,FALSE,4,6,FALSE,NA,NA,NA
K408,Mõisaküla linn,K789,Viljandi linn,K408__Mõisaküla teerist__1,Mõisaküla teerist,24,4,1,TRUE,8,3,FALSE,NA,NA,NA
K408,Mõisaküla linn,K789,Viljandi linn,K408__Laatre teerist__1,Laatre teerist,20,2,2,FALSE,8,1,TRUE,NA,NA,NA
K408,Mõisaküla linn,K789,Viljandi linn,K408__Lasari__1,Lasari,18,2,3,FALSE,8,2,FALSE,NA,NA,NA
K408,Mõisaküla linn,K789,Viljandi linn,K408__Peraküla__1,Peraküla,2,2,4,FALSE,NA,NA,NA,NA,NA,NA
K408,Mõisaküla linn,K789,Viljandi linn,K408__Kamara__1,Kamara,1,1,5,FALSE,NA,NA,NA,NA,NA,NA
K409,Mõniste,K813,Võru linn,K409__Mõniste__1,Mõniste,12,2,1,TRUE,6,1,TRUE,NA,NA,NA
K409,Mõniste,K813,Võru linn,K409__Parmupalu__1,Parmupalu,11,2,2,FALSE,6,2,FALSE,NA,NA,NA
K409,Mõniste,K813,Võru linn,K409__Kalda__1,Kalda,7,1,3,FALSE,2,3,FALSE,NA,NA,NA
K409,Mõniste,K813,Võru linn,K409__Vastse-Roosa__1,Vastse-Roosa,5,2,4,FALSE,2,4,FALSE,NA,NA,NA
K409,Mõniste,K813,Võru linn,K409__Hüti__1,Hüti,4,2,5,FALSE,1,5,FALSE,NA,NA,NA
K409,Mõniste,K813,Võru linn,K409__Tundu__1,Tundu,4,2,6,FALSE,1,6,FALSE,NA,NA,NA
K410,Mäetaguse,K118,Jõhvi linn,K410__Koltsina__1,Koltsina,37,4,1,TRUE,20,1,TRUE,NA,NA,NA
K410,Mäetaguse,K118,Jõhvi linn,K410__Mäetaguse__1,Mäetaguse,15,2,2,FALSE,9,2,FALSE,NA,NA,NA
K410,Mäetaguse,K118,Jõhvi linn,K410__Aunapuu__1,Aunapuu,14,2,3,FALSE,7,6,FALSE,NA,NA,NA
K410,Mäetaguse,K118,Jõhvi linn,K410__Uhe__1,Uhe,14,2,4,FALSE,7,7,FALSE,NA,NA,NA
K410,Mäetaguse,K118,Jõhvi linn,K410__Arvila__1,Arvila,13,2,5,FALSE,8,3,FALSE,NA,NA,NA
K410,Mäetaguse,K118,Jõhvi linn,K410__Mäetaguse küla__1,Mäetaguse küla,13,2,6,FALSE,8,4,FALSE,NA,NA,NA
K410,Mäetaguse,K118,Jõhvi linn,K410__Vainomäe__1,Vainomäe,13,2,7,FALSE,8,5,FALSE,NA,NA,NA
K411,Mäksa,K674,Tartu linn,K411__Järvepera__1,Järvepera,9,2,1,TRUE,7,1,TRUE,NA,NA,NA
K411,Mäksa,K674,Tartu linn,K411__Mäksa__1,Mäksa,9,2,2,FALSE,7,2,FALSE,NA,NA,NA
K411,Mäksa,K674,Tartu linn,K411__Sarakuste__1,Sarakuste,9,2,3,FALSE,7,4,FALSE,NA,NA,NA
K411,Mäksa,K674,Tartu linn,K411__Tõlgu__1,Tõlgu,9,2,4,FALSE,7,5,FALSE,NA,NA,NA
K411,Mäksa,K674,Tartu linn,K411__Parveotsa__1,Parveotsa,8,2,5,FALSE,7,3,FALSE,NA,NA,NA
K411,Mäksa,K674,Tartu linn,K411__Veskimäe__1,Veskimäe,8,2,6,FALSE,7,6,FALSE,NA,NA,NA
K412,Männamaa,K292,Kärdla linn,K412__Aadma__1,Aadma,6,2,1,TRUE,1,1,TRUE,NA,NA,NA
K412,Männamaa,K292,Kärdla linn,K412__Lelu teerist__1,Lelu teerist,6,2,2,FALSE,1,3,FALSE,NA,NA,NA
K412,Männamaa,K292,Kärdla linn,K412__Männamaa__1,Männamaa,6,2,3,FALSE,1,5,FALSE,NA,NA,NA
K412,Männamaa,K292,Kärdla linn,K412__Suurekaevu__1,Suurekaevu,6,3,4,FALSE,1,6,FALSE,NA,NA,NA
K412,Männamaa,K292,Kärdla linn,K412__Ühtri__1,Ühtri,6,2,5,FALSE,1,8,FALSE,NA,NA,NA
K412,Männamaa,K292,Kärdla linn,K412__Lelu__1,Lelu,5,2,6,FALSE,1,2,FALSE,NA,NA,NA
K412,Männamaa,K292,Kärdla linn,K412__Tatermaa__1,Tatermaa,5,2,7,FALSE,1,7,FALSE,NA,NA,NA
K412,Männamaa,K292,Kärdla linn,K412__Ligema__1,Ligema,4,2,8,FALSE,1,4,FALSE,NA,NA,NA
K412,Männamaa,K292,Kärdla linn,K412__Leluselja__1,Leluselja,3,1,9,FALSE,NA,NA,NA,NA,NA,NA
K413,Männiku,K663,Tallinn,K413__Männiku jaam__1,Männiku jaam,56,2,1,TRUE,28,2,FALSE,NA,NA,NA
K413,Männiku,K663,Tallinn,K413__Saku__1,Saku,34,2,2,FALSE,17,3,FALSE,NA,NA,NA
K413,Männiku,K663,Tallinn,K413__Karjääri__1,Karjääri,28,1,3,FALSE,28,1,TRUE,NA,NA,NA
K413,Männiku,K663,Tallinn,K413__Männiku__1,Männiku,23,2,4,FALSE,11,4,FALSE,NA,NA,NA
K414,Mäo,K458,Paide linn,K414__Kivila__1,Kivila,63,2,1,TRUE,36,2,FALSE,NA,NA,NA
K414,Mäo,K458,Paide linn,K414__Mäo 3 (Paide suund)__1,Mäo 3 (Paide suund),40,1,2,FALSE,40,1,TRUE,NA,NA,NA
K414,Mäo,K458,Paide linn,K414__Sillaotsa__1,Sillaotsa,37,1,3,FALSE,10,3,FALSE,NA,NA,NA
K414,Mäo,K458,Paide linn,K414__Mäo 4 (Tartu suund)__1,Mäo 4 (Tartu suund),18,1,4,FALSE,4,4,FALSE,NA,NA,NA
K414,Mäo,K458,Paide linn,K414__Mäo 2 (Rakvere suund)__1,Mäo 2 (Rakvere suund),13,1,5,FALSE,2,7,FALSE,NA,NA,NA
K414,Mäo,K458,Paide linn,K414__Mäo 1 (Tallinna suund)__1,Mäo 1 (Tallinna suund),5,1,6,FALSE,1,8,FALSE,NA,NA,NA
K414,Mäo,K458,Paide linn,K414__Mäo keskus__1,Mäo keskus,5,1,7,FALSE,3,5,FALSE,NA,NA,NA
K414,Mäo,K458,Paide linn,K414__Ristmiku__1,Ristmiku,3,1,8,FALSE,3,6,FALSE,NA,NA,NA
K415,Märja,K674,Tartu linn,K415__Eerika__1,Eerika,143,3,1,TRUE,130,1,TRUE,NA,NA,NA
K415,Märja,K674,Tartu linn,K415__Märja__1,Märja,102,2,2,FALSE,59,2,FALSE,NA,NA,NA
K415,Märja,K674,Tartu linn,K415__Õssu__1,Õssu,65,2,3,FALSE,32,3,FALSE,NA,NA,NA
K415,Märja,K674,Tartu linn,K415__Ranna__1,Ranna,12,1,4,FALSE,6,6,FALSE,NA,NA,NA
K415,Märja,K674,Tartu linn,K415__Kandiküla__1,Kandiküla,11,2,5,FALSE,9,4,FALSE,NA,NA,NA
K415,Märja,K674,Tartu linn,K415__Paju__1,Paju,11,2,6,FALSE,9,5,FALSE,NA,NA,NA
K416,Märjamaa alev,K663,Tallinn,K416__Orgita ristmik__1,Orgita ristmik,35,2,1,TRUE,14,1,TRUE,NA,NA,NA
K416,Märjamaa alev,K663,Tallinn,K416__Orgita__1,Orgita,34,2,2,FALSE,7,3,FALSE,NA,NA,NA
K416,Märjamaa alev,K663,Tallinn,K416__Ringuta__1,Ringuta,18,2,3,FALSE,NA,NA,NA,NA,NA,NA
K416,Märjamaa alev,K663,Tallinn,K416__Vaimõisa__1,Vaimõisa,16,2,4,FALSE,8,2,FALSE,NA,NA,NA
K416,Märjamaa alev,K663,Tallinn,K416__Paeküla__1,Paeküla,14,2,5,FALSE,1,7,FALSE,NA,NA,NA
K416,Märjamaa alev,K663,Tallinn,K416__Postijaama__1,Postijaama,14,2,6,FALSE,1,8,FALSE,NA,NA,NA
K416,Märjamaa alev,K663,Tallinn,K416__Metsavahi__1,Metsavahi,12,2,7,FALSE,NA,NA,NA,NA,NA,NA
K416,Märjamaa alev,K663,Tallinn,K416__Kuuda__1,Kuuda,8,2,8,FALSE,1,6,FALSE,NA,NA,NA
K416,Märjamaa alev,K663,Tallinn,K416__Teenuse tee__1,Teenuse tee,8,2,9,FALSE,1,9,FALSE,NA,NA,NA
K416,Märjamaa alev,K663,Tallinn,K416__Tolli__1,Tolli,8,2,10,FALSE,1,10,FALSE,NA,NA,NA
K416,Märjamaa alev,K663,Tallinn,K416__Tolli tee__1,Tolli tee,8,2,11,FALSE,1,11,FALSE,NA,NA,NA
K416,Märjamaa alev,K663,Tallinn,K416__Kaguvere__1,Kaguvere,6,2,12,FALSE,NA,NA,NA,NA,NA,NA
K416,Märjamaa alev,K663,Tallinn,K416__Kangermaa__1,Kangermaa,6,2,13,FALSE,3,4,FALSE,NA,NA,NA
K416,Märjamaa alev,K663,Tallinn,K416__Konnaveski__1,Konnaveski,6,2,14,FALSE,3,5,FALSE,NA,NA,NA
K417,Märjamaa,K663,Tallinn,K417__Märjamaa__1,Märjamaa,64,1,1,TRUE,7,1,TRUE,NA,NA,NA
K417,Märjamaa,K663,Tallinn,K417__Lemmiku__1,Lemmiku,52,1,2,FALSE,3,3,FALSE,NA,NA,NA
K417,Märjamaa,K663,Tallinn,K417__Kirikuvärava__1,Kirikuvärava,50,2,3,FALSE,4,2,FALSE,NA,NA,NA
K417,Märjamaa,K663,Tallinn,K417__Jaama__1,Jaama,12,2,4,FALSE,1,4,FALSE,NA,NA,NA
K418,Mündi,K458,Paide linn,K418__Kriilevälja__1,Kriilevälja,4,2,1,TRUE,4,1,TRUE,NA,NA,NA
K418,Mündi,K458,Paide linn,K418__Mündi__1,Mündi,4,2,2,FALSE,4,2,FALSE,NA,NA,NA
K418,Mündi,K458,Paide linn,K418__Mündi töökoda__1,Mündi töökoda,4,2,3,FALSE,4,3,FALSE,NA,NA,NA
K418,Mündi,K458,Paide linn,K418__Rabaristi__1,Rabaristi,4,2,4,FALSE,4,4,FALSE,NA,NA,NA
K418,Mündi,K458,Paide linn,K418__Seinapalu__1,Seinapalu,4,2,5,FALSE,4,5,FALSE,NA,NA,NA
K419,Müüsleri,K663,Tallinn,K419__Köisi__1,Köisi,12,3,1,TRUE,NA,NA,NA,NA,NA,NA
K419,Müüsleri,K663,Tallinn,K419__Müüsleri__1,Müüsleri,12,2,2,FALSE,NA,NA,NA,NA,NA,NA
K419,Müüsleri,K663,Tallinn,K419__Tammiku tee__1,Tammiku tee,10,2,3,FALSE,NA,NA,NA,NA,NA,NA
K419,Müüsleri,K663,Tallinn,K419__Tuuleveski__1,Tuuleveski,10,2,4,FALSE,NA,NA,NA,NA,NA,NA
K419,Müüsleri,K663,Tallinn,K419__Liblikamäe__1,Liblikamäe,4,2,5,FALSE,NA,NA,NA,NA,NA,NA
K420,Nabala,K663,Tallinn,K420__Nabala__1,Nabala,43,2,1,TRUE,22,1,TRUE,NA,NA,NA
K420,Nabala,K663,Tallinn,K420__Paali__1,Paali,43,2,2,FALSE,22,2,FALSE,NA,NA,NA
K420,Nabala,K663,Tallinn,K420__Paekna__1,Paekna,37,2,3,FALSE,19,3,FALSE,NA,NA,NA
K420,Nabala,K663,Tallinn,K420__Piissoo__1,Piissoo,37,2,4,FALSE,19,4,FALSE,NA,NA,NA
K420,Nabala,K663,Tallinn,K420__Arusta__1,Arusta,6,2,5,FALSE,3,5,FALSE,NA,NA,NA
K420,Nabala,K663,Tallinn,K420__Nõmmiku__1,Nõmmiku,6,2,6,FALSE,3,6,FALSE,NA,NA,NA
K420,Nabala,K663,Tallinn,K420__Siberi__1,Siberi,6,2,7,FALSE,3,7,FALSE,NA,NA,NA
K420,Nabala,K663,Tallinn,K420__Sookaera__1,Sookaera,6,1,8,FALSE,3,8,FALSE,NA,NA,NA
K420,Nabala,K663,Tallinn,K420__Sõmeru küla__1,Sõmeru küla,6,1,9,FALSE,3,9,FALSE,NA,NA,NA
K420,Nabala,K663,Tallinn,K420__Toominga__1,Toominga,6,2,10,FALSE,3,10,FALSE,NA,NA,NA
K422,Narva linn,K422,Narva linn,K422__Peetri plats__1,Peetri plats,214,2,1,TRUE,NA,NA,NA,77,1,TRUE
K422,Narva linn,K422,Narva linn,K422__Tempo__1,Tempo,207,2,2,FALSE,NA,NA,NA,65,2,FALSE
K422,Narva linn,K422,Narva linn,K422__Energia__1,Energia,175,2,3,FALSE,NA,NA,NA,52,4,FALSE
K422,Narva linn,K422,Narva linn,K422__Jaam__1,Jaam,140,2,4,FALSE,NA,NA,NA,25,16,FALSE
K422,Narva linn,K422,Narva linn,K422__Rugodiv__1,Rugodiv,140,2,5,FALSE,NA,NA,NA,25,18,FALSE
K422,Narva linn,K422,Narva linn,K422__KK Geneva__2,KK Geneva,136,1,6,FALSE,NA,NA,NA,3,51,FALSE
K422,Narva linn,K422,Narva linn,K422__Jäähall__1,Jäähall,132,2,7,FALSE,NA,NA,NA,28,12,FALSE
K422,Narva linn,K422,Narva linn,K422__Koorikool__1,Koorikool,132,2,8,FALSE,NA,NA,NA,28,13,FALSE
K422,Narva linn,K422,Narva linn,K422__Paemurru__1,Paemurru,132,2,9,FALSE,NA,NA,NA,28,14,FALSE
K422,Narva linn,K422,Narva linn,K422__Uusküla__1,Uusküla,132,2,10,FALSE,NA,NA,NA,28,15,FALSE
K422,Narva linn,K422,Narva linn,K422__Kangelaste 34__1,Kangelaste 34,130,2,11,FALSE,NA,NA,NA,17,22,FALSE
K422,Narva linn,K422,Narva linn,K422__KK Geneva__1,KK Geneva,126,1,12,FALSE,NA,NA,NA,49,5,FALSE
K422,Narva linn,K422,Narva linn,K422__Rahu 18__1,Rahu 18,120,2,13,FALSE,NA,NA,NA,17,24,FALSE
K422,Narva linn,K422,Narva linn,K422__Rahu 32__1,Rahu 32,120,2,14,FALSE,NA,NA,NA,17,25,FALSE
K422,Narva linn,K422,Narva linn,K422__Narva__1,Narva,115,4,15,FALSE,NA,NA,NA,55,3,FALSE
K422,Narva linn,K422,Narva linn,K422__Kalda__1,Kalda,113,1,16,FALSE,NA,NA,NA,25,17,FALSE
K422,Narva linn,K422,Narva linn,K422__Kangelaste 14__1,Kangelaste 14,106,2,17,FALSE,NA,NA,NA,17,21,FALSE
K422,Narva linn,K422,Narva linn,K422__Sepa__1,Sepa,101,3,18,FALSE,NA,NA,NA,32,11,FALSE
K422,Narva linn,K422,Narva linn,K422__Kangelaste 44__1,Kangelaste 44,97,1,19,FALSE,NA,NA,NA,3,52,FALSE
K422,Narva linn,K422,Narva linn,K422__Kangelaste maja__1,Kangelaste maja,92,2,20,FALSE,NA,NA,NA,4,47,FALSE
K422,Narva linn,K422,Narva linn,K422__Raudtee__1,Raudtee,92,2,21,FALSE,NA,NA,NA,1,66,FALSE
K422,Narva linn,K422,Narva linn,K422__Tiimani__1,Tiimani,84,2,22,FALSE,NA,NA,NA,3,61,FALSE
K422,Narva linn,K422,Narva linn,K422__Narova__1,Narova,79,2,23,FALSE,NA,NA,NA,3,57,FALSE
K422,Narva linn,K422,Narva linn,K422__Tallinna mnt. 34__1,Tallinna mnt. 34,76,1,24,FALSE,NA,NA,NA,44,6,FALSE
K422,Narva linn,K422,Narva linn,K422__Kerese__1,Kerese,74,2,25,FALSE,NA,NA,NA,3,53,FALSE
K422,Narva linn,K422,Narva linn,K422__Polikliinik__1,Polikliinik,72,2,26,FALSE,NA,NA,NA,18,19,FALSE
K422,Narva linn,K422,Narva linn,K422__Vestervalli__1,Vestervalli,72,2,27,FALSE,NA,NA,NA,18,20,FALSE
K422,Narva linn,K422,Narva linn,K422__Spordikeskus__1,Spordikeskus,66,2,28,FALSE,NA,NA,NA,14,29,FALSE
K422,Narva linn,K422,Narva linn,K422__Võidu__1,Võidu,65,2,29,FALSE,NA,NA,NA,NA,NA,NA
K422,Narva linn,K422,Narva linn,K422__Jõe__1,Jõe,64,2,30,FALSE,NA,NA,NA,32,7,FALSE
K422,Narva linn,K422,Narva linn,K422__Jõesuu__1,Jõesuu,64,2,31,FALSE,NA,NA,NA,32,8,FALSE
K422,Narva linn,K422,Narva linn,K422__Progress suvilad__1,Progress suvilad,64,2,32,FALSE,NA,NA,NA,32,10,FALSE
K422,Narva linn,K422,Narva linn,K422__Haigla__1,Haigla,63,2,33,FALSE,NA,NA,NA,1,65,FALSE
K422,Narva linn,K422,Narva linn,K422__Rakvere__1,Rakvere,62,2,34,FALSE,NA,NA,NA,14,28,FALSE
K422,Narva linn,K422,Narva linn,K422__Kadastiku tiik__1,Kadastiku tiik,61,2,35,FALSE,NA,NA,NA,NA,NA,NA
K422,Narva linn,K422,Narva linn,K422__Kerese 36__1,Kerese 36,61,2,36,FALSE,NA,NA,NA,NA,NA,NA
K422,Narva linn,K422,Narva linn,K422__Kreenholmi manufaktuur__1,Kreenholmi manufaktuur,56,1,37,FALSE,NA,NA,NA,NA,NA,NA
K422,Narva linn,K422,Narva linn,K422__Puškini 23__1,Puškini 23,55,1,38,FALSE,NA,NA,NA,17,23,FALSE
K422,Narva linn,K422,Narva linn,K422__Gerassimovi__1,Gerassimovi,54,1,39,FALSE,NA,NA,NA,NA,NA,NA
K422,Narva linn,K422,Narva linn,K422__Puskini 22__1,Puskini 22,54,1,40,FALSE,NA,NA,NA,NA,NA,NA
K422,Narva linn,K422,Narva linn,K422__Kutseõppekeskus__1,Kutseõppekeskus,52,2,41,FALSE,NA,NA,NA,NA,NA,NA
K422,Narva linn,K422,Narva linn,K422__Kreenholmi keskus__1,Kreenholmi keskus,44,2,42,FALSE,NA,NA,NA,3,54,FALSE
K422,Narva linn,K422,Narva linn,K422__Kreenholmi viadukt__1,Kreenholmi viadukt,44,2,43,FALSE,NA,NA,NA,3,55,FALSE
K422,Narva linn,K422,Narva linn,K422__Pähklimäe__1,Pähklimäe,40,1,44,FALSE,NA,NA,NA,NA,NA,NA
K422,Narva linn,K422,Narva linn,K422__Sendi__1,Sendi,39,1,45,FALSE,NA,NA,NA,3,60,FALSE
K422,Narva linn,K422,Narva linn,K422__Peetri rist__1,Peetri rist,32,1,46,FALSE,NA,NA,NA,NA,NA,NA
K422,Narva linn,K422,Narva linn,K422__Peetri rist__2,Peetri rist,32,1,47,FALSE,NA,NA,NA,32,9,FALSE
K422,Narva linn,K422,Narva linn,K422__Kreenholmi 10__1,Kreenholmi 10,30,2,48,FALSE,NA,NA,NA,NA,NA,NA
K422,Narva linn,K422,Narva linn,K422__Nõudepeatus 1__1,Nõudepeatus 1,30,2,49,FALSE,NA,NA,NA,15,26,FALSE
K422,Narva linn,K422,Narva linn,K422__Nõudepeatus 2__1,Nõudepeatus 2,30,2,50,FALSE,NA,NA,NA,15,27,FALSE
K422,Narva linn,K422,Narva linn,K422__Fama keskus__1,Fama keskus,26,1,51,FALSE,NA,NA,NA,13,30,FALSE
K422,Narva linn,K422,Narva linn,K422__Kulgu__1,Kulgu,26,2,52,FALSE,NA,NA,NA,NA,NA,NA
K422,Narva linn,K422,Narva linn,K422__Pilve__1,Pilve,26,1,53,FALSE,NA,NA,NA,NA,NA,NA
K422,Narva linn,K422,Narva linn,K422__Põhja__1,Põhja,26,1,54,FALSE,NA,NA,NA,NA,NA,NA
K422,Narva linn,K422,Narva linn,K422__Rahu lõpp-peatus__1,Rahu lõpp-peatus,26,1,55,FALSE,NA,NA,NA,NA,NA,NA
K422,Narva linn,K422,Narva linn,K422__Nõudepeatus__1,Nõudepeatus,24,3,56,FALSE,NA,NA,NA,NA,NA,NA
K422,Narva linn,K422,Narva linn,K422__Aquaphor__1,Aquaphor,18,2,57,FALSE,NA,NA,NA,3,48,FALSE
K422,Narva linn,K422,Narva linn,K422__Emlak__1,Emlak,18,2,58,FALSE,NA,NA,NA,3,50,FALSE
K422,Narva linn,K422,Narva linn,K422__Nahavabrik__1,Nahavabrik,18,1,59,FALSE,NA,NA,NA,3,56,FALSE
K422,Narva linn,K422,Narva linn,K422__Nõudepeatus 1__2,Nõudepeatus 1,18,2,60,FALSE,NA,NA,NA,3,58,FALSE
K422,Narva linn,K422,Narva linn,K422__Well__1,Well,18,2,61,FALSE,NA,NA,NA,3,63,FALSE
K422,Narva linn,K422,Narva linn,K422__Aiandusühistu Esimene Metsaaed (Lesnoi)__1,Aiandusühistu Esimene Metsaaed (Lesnoi),17,1,62,FALSE,NA,NA,NA,NA,NA,NA
K422,Narva linn,K422,Narva linn,K422__Aiandusühistu Metsaonnid (Romaška)__1,Aiandusühistu Metsaonnid (Romaška),17,1,63,FALSE,NA,NA,NA,NA,NA,NA
K422,Narva linn,K422,Narva linn,K422__Jugla suvilad__1,Jugla suvilad,12,1,64,FALSE,NA,NA,NA,6,43,FALSE
K422,Narva linn,K422,Narva linn,K422__Kirss suvilad__1,Kirss suvilad,12,2,65,FALSE,NA,NA,NA,12,31,FALSE
K422,Narva linn,K422,Narva linn,K422__Oktoober suvilad__1,Oktoober suvilad,12,2,66,FALSE,NA,NA,NA,12,32,FALSE
K422,Narva linn,K422,Narva linn,K422__Tervis suvilad__1,Tervis suvilad,12,2,67,FALSE,NA,NA,NA,12,33,FALSE
K422,Narva linn,K422,Narva linn,K422__Jantar__1,Jantar,11,1,68,FALSE,NA,NA,NA,6,42,FALSE
K422,Narva linn,K422,Narva linn,K422__Kevad suvilad__1,Kevad suvilad,11,1,69,FALSE,NA,NA,NA,7,37,FALSE
K422,Narva linn,K422,Narva linn,K422__Metsta suvilad__1,Metsta suvilad,11,2,70,FALSE,NA,NA,NA,11,34,FALSE
K422,Narva linn,K422,Narva linn,K422__Viimistlusvabrik__1,Viimistlusvabrik,11,2,71,FALSE,NA,NA,NA,NA,NA,NA
K422,Narva linn,K422,Narva linn,K422__Aiandusühistu Primorski__1,Aiandusühistu Primorski,9,1,72,FALSE,NA,NA,NA,NA,NA,NA
K422,Narva linn,K422,Narva linn,K422__AÜ Primorski__1,AÜ Primorski,9,1,73,FALSE,NA,NA,NA,NA,NA,NA
K422,Narva linn,K422,Narva linn,K422__Narva Bark__1,Narva Bark,9,1,74,FALSE,NA,NA,NA,NA,NA,NA
K422,Narva linn,K422,Narva linn,K422__Peetri rist suunas Siivertsi__1,Peetri rist suunas Siivertsi,9,1,75,FALSE,NA,NA,NA,5,45,FALSE
K422,Narva linn,K422,Narva linn,K422__Siivertsi__1,Siivertsi,9,1,76,FALSE,NA,NA,NA,5,46,FALSE
K422,Narva linn,K422,Narva linn,K422__Elektron suvilad__1,Elektron suvilad,7,1,77,FALSE,NA,NA,NA,7,35,FALSE
K422,Narva linn,K422,Narva linn,K422__Gvozdika suvilad__1,Gvozdika suvilad,7,1,78,FALSE,NA,NA,NA,7,36,FALSE
K422,Narva linn,K422,Narva linn,K422__Nõudepeatus 2__2,Nõudepeatus 2,7,1,79,FALSE,NA,NA,NA,NA,NA,NA
K422,Narva linn,K422,Narva linn,K422__Nõudmisel (Zasmin suvilad)__1,Nõudmisel (Zasmin suvilad),7,2,80,FALSE,NA,NA,NA,7,38,FALSE
K422,Narva linn,K422,Narva linn,K422__Anil suvilad__1,Anil suvilad,6,1,81,FALSE,NA,NA,NA,6,39,FALSE
K422,Narva linn,K422,Narva linn,K422__Bakid__1,Bakid,6,2,82,FALSE,NA,NA,NA,3,49,FALSE
K422,Narva linn,K422,Narva linn,K422__Baltika suvilad__1,Baltika suvilad,6,1,83,FALSE,NA,NA,NA,6,40,FALSE
K422,Narva linn,K422,Narva linn,K422__Ivuška suvilad__1,Ivuška suvilad,6,1,84,FALSE,NA,NA,NA,6,41,FALSE
K422,Narva linn,K422,Narva linn,K422__Nõudepeatus 3__1,Nõudepeatus 3,6,2,85,FALSE,NA,NA,NA,3,59,FALSE
K422,Narva linn,K422,Narva linn,K422__Nõudepeatus 4__1,Nõudepeatus 4,6,2,86,FALSE,NA,NA,NA,6,44,FALSE
K422,Narva linn,K422,Narva linn,K422__Veteranid suvilad__1,Veteranid suvilad,6,2,87,FALSE,NA,NA,NA,3,62,FALSE
K422,Narva linn,K422,Narva linn,K422__Nõudepeatus 1__3,Nõudepeatus 1,5,1,88,FALSE,NA,NA,NA,NA,NA,NA
K422,Narva linn,K422,Narva linn,K422__Hariduse__1,Hariduse,4,2,89,FALSE,NA,NA,NA,NA,NA,NA
K422,Narva linn,K422,Narva linn,K422__Mõisa__1,Mõisa,4,2,90,FALSE,NA,NA,NA,NA,NA,NA
K422,Narva linn,K422,Narva linn,K422__Äkkeküla__1,Äkkeküla,3,1,91,FALSE,NA,NA,NA,2,64,FALSE
K423,Narva-Jõesuu linn,K422,Narva linn,K423__Apteegi__1,Apteegi,44,2,1,TRUE,17,1,TRUE,NA,NA,NA
K423,Narva-Jõesuu linn,K422,Narva linn,K423__Auga__1,Auga,44,2,2,FALSE,17,2,FALSE,NA,NA,NA
K423,Narva-Jõesuu linn,K422,Narva linn,K423__Kajaka__1,Kajaka,44,2,3,FALSE,17,4,FALSE,NA,NA,NA
K423,Narva-Jõesuu linn,K422,Narva linn,K423__Luha__1,Luha,44,2,4,FALSE,17,7,FALSE,NA,NA,NA
K423,Narva-Jõesuu linn,K422,Narva linn,K423__Lydia Koidula__1,Lydia Koidula,44,2,5,FALSE,17,8,FALSE,NA,NA,NA
K423,Narva-Jõesuu linn,K422,Narva linn,K423__Meresuu__1,Meresuu,44,2,6,FALSE,17,9,FALSE,NA,NA,NA
K423,Narva-Jõesuu linn,K422,Narva linn,K423__Männi__1,Männi,44,2,7,FALSE,17,10,FALSE,NA,NA,NA
K423,Narva-Jõesuu linn,K422,Narva linn,K423__Nooruse__1,Nooruse,44,2,8,FALSE,17,11,FALSE,NA,NA,NA
K423,Narva-Jõesuu linn,K422,Narva linn,K423__Toome__1,Toome,44,2,9,FALSE,17,13,FALSE,NA,NA,NA
K423,Narva-Jõesuu linn,K422,Narva linn,K423__Jõesuu kalmistu__1,Jõesuu kalmistu,34,2,10,FALSE,17,3,FALSE,NA,NA,NA
K423,Narva-Jõesuu linn,K422,Narva linn,K423__Kalda__1,Kalda,34,2,11,FALSE,17,5,FALSE,NA,NA,NA
K423,Narva-Jõesuu linn,K422,Narva linn,K423__Linda__1,Linda,34,2,12,FALSE,17,6,FALSE,NA,NA,NA
K423,Narva-Jõesuu linn,K422,Narva linn,K423__Sauna__1,Sauna,34,2,13,FALSE,17,12,FALSE,NA,NA,NA
K423,Narva-Jõesuu linn,K422,Narva linn,K423__Kadaka__1,Kadaka,12,2,14,FALSE,12,14,FALSE,NA,NA,NA
K423,Narva-Jõesuu linn,K422,Narva linn,K423__Viljapea__1,Viljapea,12,2,15,FALSE,12,15,FALSE,NA,NA,NA
K423,Narva-Jõesuu linn,K422,Narva linn,K423__Meriküla__1,Meriküla,10,2,16,FALSE,NA,NA,NA,NA,NA,NA
K423,Narva-Jõesuu linn,K422,Narva linn,K423__Narva-Jõesuu__1,Narva-Jõesuu,10,2,17,FALSE,NA,NA,NA,NA,NA,NA
K424,Nasva-Keskranna,K270,Kuressaare linn,K424__Keskranna__1,Keskranna,15,2,1,TRUE,10,1,TRUE,NA,NA,NA
K424,Nasva-Keskranna,K270,Kuressaare linn,K424__Kämpingu__1,Kämpingu,15,2,2,FALSE,10,2,FALSE,NA,NA,NA
K424,Nasva-Keskranna,K270,Kuressaare linn,K424__Laiaselja__1,Laiaselja,15,2,3,FALSE,10,3,FALSE,NA,NA,NA
K424,Nasva-Keskranna,K270,Kuressaare linn,K424__Laidu__1,Laidu,15,2,4,FALSE,10,4,FALSE,NA,NA,NA
K424,Nasva-Keskranna,K270,Kuressaare linn,K424__Mändjala__1,Mändjala,15,2,5,FALSE,10,5,FALSE,NA,NA,NA
K424,Nasva-Keskranna,K270,Kuressaare linn,K424__Nasva__1,Nasva,15,2,6,FALSE,10,6,FALSE,NA,NA,NA
K424,Nasva-Keskranna,K270,Kuressaare linn,K424__Ranna__1,Ranna,15,2,7,FALSE,10,7,FALSE,NA,NA,NA
K424,Nasva-Keskranna,K270,Kuressaare linn,K424__Välja__1,Välja,15,2,8,FALSE,10,8,FALSE,NA,NA,NA
K424,Nasva-Keskranna,K270,Kuressaare linn,K424__Kaluri(tellimisel)__1,Kaluri(tellimisel),2,2,9,FALSE,2,9,FALSE,NA,NA,NA
K424,Nasva-Keskranna,K270,Kuressaare linn,K424__Laevaehitaja(tellim-l)__1,Laevaehitaja(tellim-l),2,1,10,FALSE,2,10,FALSE,NA,NA,NA
K425,Navi,K813,Võru linn,K425__Väimela tee__1,Väimela tee,37,2,1,TRUE,32,1,TRUE,NA,NA,NA
K425,Navi,K813,Võru linn,K425__Loosu__1,Loosu,34,2,2,FALSE,30,2,FALSE,NA,NA,NA
K425,Navi,K813,Võru linn,K425__Teppo__1,Teppo,34,2,3,FALSE,30,3,FALSE,NA,NA,NA
K425,Navi,K813,Võru linn,K425__Savioru__1,Savioru,29,2,4,FALSE,19,5,FALSE,NA,NA,NA
K425,Navi,K813,Võru linn,K425__Aiandi tee__1,Aiandi tee,24,1,5,FALSE,24,4,FALSE,NA,NA,NA
K425,Navi,K813,Võru linn,K425__Soe kõrts__1,Soe kõrts,20,2,6,FALSE,13,6,FALSE,NA,NA,NA
K425,Navi,K813,Võru linn,K425__Vagula__1,Vagula,20,2,7,FALSE,13,7,FALSE,NA,NA,NA
K425,Navi,K813,Võru linn,K425__Treimägi__1,Treimägi,10,2,8,FALSE,7,8,FALSE,NA,NA,NA
K425,Navi,K813,Võru linn,K425__Navi__1,Navi,8,2,9,FALSE,5,9,FALSE,NA,NA,NA
K425,Navi,K813,Võru linn,K425__Kadaja__1,Kadaja,2,2,10,FALSE,2,10,FALSE,NA,NA,NA
K425,Navi,K813,Võru linn,K425__Navi kauplus__1,Navi kauplus,2,1,11,FALSE,2,11,FALSE,NA,NA,NA
K425,Navi,K813,Võru linn,K425__Soldani__1,Soldani,2,2,12,FALSE,2,12,FALSE,NA,NA,NA
K425,Navi,K813,Võru linn,K425__Tsopa__1,Tsopa,2,2,13,FALSE,2,13,FALSE,NA,NA,NA
K425,Navi,K813,Võru linn,K425__Kalevipoja__1,Kalevipoja,1,1,14,FALSE,1,14,FALSE,NA,NA,NA
K426,Neeme,K663,Tallinn,K426__Neeme__1,Neeme,9,2,1,TRUE,3,2,FALSE,NA,NA,NA
K426,Neeme,K663,Tallinn,K426__Punakivi__1,Punakivi,9,2,2,FALSE,3,3,FALSE,NA,NA,NA
K426,Neeme,K663,Tallinn,K426__Ihasalu__1,Ihasalu,5,1,3,FALSE,1,5,FALSE,NA,NA,NA
K426,Neeme,K663,Tallinn,K426__Ihasalu tee__1,Ihasalu tee,5,1,4,FALSE,3,1,TRUE,NA,NA,NA
K426,Neeme,K663,Tallinn,K426__Kadastiku__1,Kadastiku,5,1,5,FALSE,1,6,FALSE,NA,NA,NA
K426,Neeme,K663,Tallinn,K426__Okka__1,Okka,5,1,6,FALSE,1,7,FALSE,NA,NA,NA
K426,Neeme,K663,Tallinn,K426__Pansionaat__1,Pansionaat,5,1,7,FALSE,1,8,FALSE,NA,NA,NA
K426,Neeme,K663,Tallinn,K426__Pärnasalu__1,Pärnasalu,5,1,8,FALSE,3,4,FALSE,NA,NA,NA
K426,Neeme,K663,Tallinn,K426__Rootsikari__1,Rootsikari,5,1,9,FALSE,1,9,FALSE,NA,NA,NA
K427,Neeruti,K545,Rakvere linn,K427__Polli__1,Polli,36,2,1,TRUE,15,1,TRUE,NA,NA,NA
K427,Neeruti,K545,Rakvere linn,K427__Riistamäe__1,Riistamäe,36,2,2,FALSE,15,2,FALSE,NA,NA,NA
K427,Neeruti,K545,Rakvere linn,K427__Udriku__1,Udriku,36,2,3,FALSE,15,3,FALSE,NA,NA,NA
K427,Neeruti,K545,Rakvere linn,K427__Kiku__1,Kiku,6,2,4,FALSE,NA,NA,NA,NA,NA,NA
K427,Neeruti,K545,Rakvere linn,K427__Pariisi__1,Pariisi,6,2,5,FALSE,NA,NA,NA,NA,NA,NA
K427,Neeruti,K545,Rakvere linn,K427__Salda__1,Salda,6,2,6,FALSE,NA,NA,NA,NA,NA,NA
K427,Neeruti,K545,Rakvere linn,K427__Tõnikse__1,Tõnikse,4,2,7,FALSE,NA,NA,NA,NA,NA,NA
K428,Noodasküla,K813,Võru linn,K428__Kütiorg__1,Kütiorg,3,2,1,TRUE,2,1,TRUE,NA,NA,NA
K428,Noodasküla,K813,Võru linn,K428__Tüütsmäe__1,Tüütsmäe,3,2,2,FALSE,2,2,FALSE,NA,NA,NA
K429,Nursi,K813,Võru linn,K429__Nursi__1,Nursi,12,2,1,TRUE,7,1,TRUE,NA,NA,NA
K429,Nursi,K813,Võru linn,K429__Ahitsa__1,Ahitsa,4,1,2,FALSE,4,2,FALSE,NA,NA,NA
K429,Nursi,K813,Võru linn,K429__Lauri__1,Lauri,1,1,3,FALSE,1,3,FALSE,NA,NA,NA
K430,Nurste,K292,Kärdla linn,K430__Haldi__1,Haldi,12,2,1,TRUE,4,1,TRUE,NA,NA,NA
K430,Nurste,K292,Kärdla linn,K430__Kaderna__1,Kaderna,12,2,2,FALSE,4,2,FALSE,NA,NA,NA
K430,Nurste,K292,Kärdla linn,K430__Leisu__1,Leisu,12,2,3,FALSE,4,3,FALSE,NA,NA,NA
K430,Nurste,K292,Kärdla linn,K430__Mänspäe__1,Mänspäe,12,2,4,FALSE,4,4,FALSE,NA,NA,NA
K430,Nurste,K292,Kärdla linn,K430__Nurste__1,Nurste,12,2,5,FALSE,4,5,FALSE,NA,NA,NA
K430,Nurste,K292,Kärdla linn,K430__Sinima__1,Sinima,12,2,6,FALSE,4,6,FALSE,NA,NA,NA
K430,Nurste,K292,Kärdla linn,K430__Tuuliku__1,Tuuliku,12,2,7,FALSE,4,7,FALSE,NA,NA,NA
K430,Nurste,K292,Kärdla linn,K430__Õngu__1,Õngu,12,2,8,FALSE,4,8,FALSE,NA,NA,NA
K430,Nurste,K292,Kärdla linn,K430__Lassi__1,Lassi,2,1,9,FALSE,NA,NA,NA,NA,NA,NA
K431,Nõgiaru,K674,Tartu linn,K431__Soo__1,Soo,57,2,1,TRUE,35,1,TRUE,NA,NA,NA
K431,Nõgiaru,K674,Tartu linn,K431__Nõo tee__1,Nõo tee,16,2,2,FALSE,14,2,FALSE,NA,NA,NA
K431,Nõgiaru,K674,Tartu linn,K431__Luige__1,Luige,6,2,3,FALSE,4,4,FALSE,NA,NA,NA
K431,Nõgiaru,K674,Tartu linn,K431__Nõgiaru__1,Nõgiaru,6,2,4,FALSE,4,5,FALSE,NA,NA,NA
K431,Nõgiaru,K674,Tartu linn,K431__Koobamäe__1,Koobamäe,5,2,5,FALSE,4,3,FALSE,NA,NA,NA
K431,Nõgiaru,K674,Tartu linn,K431__Nõgiaru keskus__1,Nõgiaru keskus,5,2,6,FALSE,4,6,FALSE,NA,NA,NA
K431,Nõgiaru,K674,Tartu linn,K431__Soonurga__1,Soonurga,4,1,7,FALSE,3,7,FALSE,NA,NA,NA
K431,Nõgiaru,K674,Tartu linn,K431__Nõgiaru tee__1,Nõgiaru tee,3,1,8,FALSE,2,8,FALSE,NA,NA,NA
K431,Nõgiaru,K674,Tartu linn,K431__Solba__1,Solba,3,1,9,FALSE,2,9,FALSE,NA,NA,NA
K432,Nõo,K674,Tartu linn,K432__Nõo__1,Nõo,62,2,1,TRUE,38,1,TRUE,NA,NA,NA
K432,Nõo,K674,Tartu linn,K432__Valgeristi__1,Valgeristi,54,2,2,FALSE,32,4,FALSE,NA,NA,NA
K432,Nõo,K674,Tartu linn,K432__Aiamaa__1,Aiamaa,53,2,3,FALSE,32,2,FALSE,NA,NA,NA
K432,Nõo,K674,Tartu linn,K432__Nõo kool__1,Nõo kool,53,2,4,FALSE,32,3,FALSE,NA,NA,NA
K432,Nõo,K674,Tartu linn,K432__Järiste__1,Järiste,52,2,5,FALSE,31,5,FALSE,NA,NA,NA
K432,Nõo,K674,Tartu linn,K432__Nõo__2,Nõo,8,2,6,FALSE,4,6,FALSE,NA,NA,NA
K432,Nõo,K674,Tartu linn,K432__Tõravere__1,Tõravere,8,2,7,FALSE,4,7,FALSE,NA,NA,NA
K432,Nõo,K674,Tartu linn,K432__Vana-Nõo__1,Vana-Nõo,8,2,8,FALSE,3,9,FALSE,NA,NA,NA
K432,Nõo,K674,Tartu linn,K432__Unipiha__1,Unipiha,4,2,9,FALSE,3,8,FALSE,NA,NA,NA
K432,Nõo,K674,Tartu linn,K432__Karujärve__1,Karujärve,3,2,10,FALSE,NA,NA,NA,NA,NA,NA
K432,Nõo,K674,Tartu linn,K432__Kolde__1,Kolde,3,2,11,FALSE,1,12,FALSE,NA,NA,NA
K432,Nõo,K674,Tartu linn,K432__Kolga__1,Kolga,3,2,12,FALSE,NA,NA,NA,NA,NA,NA
K432,Nõo,K674,Tartu linn,K432__Maarjakase__1,Maarjakase,3,2,13,FALSE,NA,NA,NA,NA,NA,NA
K432,Nõo,K674,Tartu linn,K432__Nõo raudteejaam__1,Nõo raudteejaam,3,2,14,FALSE,2,11,FALSE,NA,NA,NA
K432,Nõo,K674,Tartu linn,K432__Unipiha park__1,Unipiha park,3,2,15,FALSE,NA,NA,NA,NA,NA,NA
K432,Nõo,K674,Tartu linn,K432__Männimäe__1,Männimäe,2,1,16,FALSE,2,10,FALSE,NA,NA,NA
K432,Nõo,K674,Tartu linn,K432__Tepo__1,Tepo,2,1,17,FALSE,1,13,FALSE,NA,NA,NA
K432,Nõo,K674,Tartu linn,K432__Tooma__1,Tooma,2,1,18,FALSE,1,14,FALSE,NA,NA,NA
K432,Nõo,K674,Tartu linn,K432__Voika__1,Voika,1,1,19,FALSE,NA,NA,NA,NA,NA,NA
K433,Nõuni,K674,Tartu linn,K433__Makita__1,Makita,17,2,1,TRUE,10,1,TRUE,NA,NA,NA
K433,Nõuni,K674,Tartu linn,K433__Nõuni__1,Nõuni,17,2,2,FALSE,10,2,FALSE,NA,NA,NA
K433,Nõuni,K674,Tartu linn,K433__Ristimäe__1,Ristimäe,17,2,3,FALSE,10,3,FALSE,NA,NA,NA
K433,Nõuni,K674,Tartu linn,K433__Asula__1,Asula,5,2,4,FALSE,4,4,FALSE,NA,NA,NA
K433,Nõuni,K674,Tartu linn,K433__Kalmemäe__1,Kalmemäe,5,2,5,FALSE,4,5,FALSE,NA,NA,NA
K433,Nõuni,K674,Tartu linn,K433__Päidla__1,Päidla,5,2,6,FALSE,4,6,FALSE,NA,NA,NA
K433,Nõuni,K674,Tartu linn,K433__Ilusa__1,Ilusa,4,1,7,FALSE,3,7,FALSE,NA,NA,NA
K433,Nõuni,K674,Tartu linn,K433__Lutike__1,Lutike,4,2,8,FALSE,3,8,FALSE,NA,NA,NA
K433,Nõuni,K674,Tartu linn,K433__Makita__2,Makita,4,2,9,FALSE,3,9,FALSE,NA,NA,NA
K433,Nõuni,K674,Tartu linn,K433__Sillake__1,Sillake,4,2,10,FALSE,3,10,FALSE,NA,NA,NA
K433,Nõuni,K674,Tartu linn,K433__Neeruti__1,Neeruti,3,2,11,FALSE,2,11,FALSE,NA,NA,NA
K433,Nõuni,K674,Tartu linn,K433__Neeruti lastekodu__1,Neeruti lastekodu,3,2,12,FALSE,2,12,FALSE,NA,NA,NA
K434,Nõva,K674,Tartu linn,K434__Nautrasi__1,Nautrasi,5,2,1,TRUE,1,2,FALSE,NA,NA,NA
K434,Nõva,K674,Tartu linn,K434__Nõva__1,Nõva,4,2,2,FALSE,2,1,TRUE,NA,NA,NA
K434,Nõva,K674,Tartu linn,K434__Sõõru__1,Sõõru,4,2,3,FALSE,1,4,FALSE,NA,NA,NA
K434,Nõva,K674,Tartu linn,K434__Nõva tee__1,Nõva tee,3,1,4,FALSE,1,3,FALSE,NA,NA,NA
K435,Nõva,K663,Tallinn,K435__Nõva__1,Nõva,10,2,1,TRUE,3,2,FALSE,NA,NA,NA
K435,Nõva,K663,Tallinn,K435__Vaisi__1,Vaisi,9,2,2,FALSE,3,3,FALSE,NA,NA,NA
K435,Nõva,K663,Tallinn,K435__Laimi__1,Laimi,8,2,3,FALSE,3,1,TRUE,NA,NA,NA
K435,Nõva,K663,Tallinn,K435__Käbi__1,Käbi,3,2,4,FALSE,NA,NA,NA,NA,NA,NA
K435,Nõva,K663,Tallinn,K435__Nõva rand__1,Nõva rand,3,1,5,FALSE,NA,NA,NA,NA,NA,NA
K435,Nõva,K663,Tallinn,K435__Peraküla__1,Peraküla,2,2,6,FALSE,NA,NA,NA,NA,NA,NA
K435,Nõva,K663,Tallinn,K435__Soosaare__1,Soosaare,2,2,7,FALSE,NA,NA,NA,NA,NA,NA
K435,Nõva,K663,Tallinn,K435__Tusari__1,Tusari,2,2,8,FALSE,NA,NA,NA,NA,NA,NA
K437,Oandu,K213,Kiviõli linn,K437__Mehide__1,Mehide,4,2,1,TRUE,2,1,TRUE,NA,NA,NA
K437,Oandu,K213,Kiviõli linn,K437__Oandu__1,Oandu,4,2,2,FALSE,2,2,FALSE,NA,NA,NA
K437,Oandu,K213,Kiviõli linn,K437__Metsavahi__1,Metsavahi,3,2,3,FALSE,1,3,FALSE,NA,NA,NA
K437,Oandu,K213,Kiviõli linn,K437__Rebu keskus__1,Rebu keskus,3,2,4,FALSE,1,4,FALSE,NA,NA,NA
K437,Oandu,K213,Kiviõli linn,K437__Sauli__1,Sauli,3,2,5,FALSE,1,5,FALSE,NA,NA,NA
K437,Oandu,K213,Kiviõli linn,K437__Soolepi__1,Soolepi,3,2,6,FALSE,1,6,FALSE,NA,NA,NA
K438,Obinitsa,K813,Võru linn,K438__Obinitsa__1,Obinitsa,13,2,1,TRUE,8,1,TRUE,NA,NA,NA
K438,Obinitsa,K813,Võru linn,K438__Rokina__1,Rokina,11,2,2,FALSE,7,2,FALSE,NA,NA,NA
K438,Obinitsa,K813,Võru linn,K438__Antkruva__1,Antkruva,7,2,3,FALSE,5,3,FALSE,NA,NA,NA
K438,Obinitsa,K813,Võru linn,K438__Juusa__1,Juusa,7,2,4,FALSE,5,4,FALSE,NA,NA,NA
K438,Obinitsa,K813,Võru linn,K438__Vasla__1,Vasla,7,2,5,FALSE,5,5,FALSE,NA,NA,NA
K438,Obinitsa,K813,Võru linn,K438__Karamsina__1,Karamsina,6,2,6,FALSE,4,8,FALSE,NA,NA,NA
K438,Obinitsa,K813,Võru linn,K438__Korski__1,Korski,6,2,7,FALSE,4,9,FALSE,NA,NA,NA
K438,Obinitsa,K813,Võru linn,K438__Polovina__1,Polovina,6,2,8,FALSE,4,11,FALSE,NA,NA,NA
K438,Obinitsa,K813,Võru linn,K438__Veski__1,Veski,6,2,9,FALSE,5,6,FALSE,NA,NA,NA
K438,Obinitsa,K813,Võru linn,K438__Võmmorski__1,Võmmorski,6,2,10,FALSE,5,7,FALSE,NA,NA,NA
K438,Obinitsa,K813,Võru linn,K438__Külakeskuse__1,Külakeskuse,5,1,11,FALSE,4,10,FALSE,NA,NA,NA
K438,Obinitsa,K813,Võru linn,K438__Küllätüvä__1,Küllätüvä,4,2,12,FALSE,3,12,FALSE,NA,NA,NA
K438,Obinitsa,K813,Võru linn,K438__Veretinä__1,Veretinä,4,2,13,FALSE,3,13,FALSE,NA,NA,NA
K438,Obinitsa,K813,Võru linn,K438__Kiksova__1,Kiksova,2,2,14,FALSE,NA,NA,NA,NA,NA,NA
K438,Obinitsa,K813,Võru linn,K438__Oroperve__1,Oroperve,2,1,15,FALSE,2,14,FALSE,NA,NA,NA
K439,Oidrema,K531,Pärnu linn,K439__Pangamäe__1,Pangamäe,15,4,1,TRUE,6,1,TRUE,NA,NA,NA
K439,Oidrema,K531,Pärnu linn,K439__Oidremaa__1,Oidremaa,14,1,2,FALSE,5,3,FALSE,NA,NA,NA
K439,Oidrema,K531,Pärnu linn,K439__Karjatse__1,Karjatse,12,2,3,FALSE,5,2,FALSE,NA,NA,NA
K439,Oidrema,K531,Pärnu linn,K439__Sookatse__1,Sookatse,12,2,4,FALSE,5,4,FALSE,NA,NA,NA
K439,Oidrema,K531,Pärnu linn,K439__Soovälja__1,Soovälja,12,2,5,FALSE,5,5,FALSE,NA,NA,NA
K439,Oidrema,K531,Pärnu linn,K439__Tõitse__1,Tõitse,12,2,6,FALSE,5,6,FALSE,NA,NA,NA
K440,Oisu,K663,Tallinn,K440__Oisu__1,Oisu,21,4,1,TRUE,6,1,TRUE,NA,NA,NA
K440,Oisu,K663,Tallinn,K440__Kärevere__1,Kärevere,9,3,2,FALSE,4,2,FALSE,NA,NA,NA
K440,Oisu,K663,Tallinn,K440__Väljaotsa__1,Väljaotsa,9,2,3,FALSE,NA,NA,NA,NA,NA,NA
K440,Oisu,K663,Tallinn,K440__Pütimiku__1,Pütimiku,8,2,4,FALSE,NA,NA,NA,NA,NA,NA
K440,Oisu,K663,Tallinn,K440__Retla__1,Retla,8,2,5,FALSE,NA,NA,NA,NA,NA,NA
K440,Oisu,K663,Tallinn,K440__Rulli tee__1,Rulli tee,7,2,6,FALSE,NA,NA,NA,NA,NA,NA
K440,Oisu,K663,Tallinn,K440__Külakõrtsi__1,Külakõrtsi,1,1,7,FALSE,NA,NA,NA,NA,NA,NA
K440,Oisu,K663,Tallinn,K440__Madise__1,Madise,1,1,8,FALSE,NA,NA,NA,NA,NA,NA
K440,Oisu,K663,Tallinn,K440__Metsaküla__1,Metsaküla,1,1,9,FALSE,NA,NA,NA,NA,NA,NA
K440,Oisu,K663,Tallinn,K440__Retla kool__1,Retla kool,1,1,10,FALSE,NA,NA,NA,NA,NA,NA
K440,Oisu,K663,Tallinn,K440__Äiamaa__1,Äiamaa,1,1,11,FALSE,NA,NA,NA,NA,NA,NA
K441,Olgino,K422,Narva linn,K441__Riigimõisa__1,Riigimõisa,64,2,1,TRUE,47,1,TRUE,NA,NA,NA
K441,Olgino,K422,Narva linn,K441__Tõrvajõe__1,Tõrvajõe,49,2,2,FALSE,30,3,FALSE,NA,NA,NA
K441,Olgino,K422,Narva linn,K441__Lennujaama__1,Lennujaama,43,2,3,FALSE,25,4,FALSE,NA,NA,NA
K441,Olgino,K422,Narva linn,K441__Vanaküla__1,Vanaküla,43,2,4,FALSE,25,5,FALSE,NA,NA,NA
K441,Olgino,K422,Narva linn,K441__Olgina tee__2,Olgina tee,30,1,5,FALSE,30,2,FALSE,NA,NA,NA
K441,Olgino,K422,Narva linn,K441__Olgina__1,Olgina,29,1,6,FALSE,14,6,FALSE,NA,NA,NA
K441,Olgino,K422,Narva linn,K441__Olgina tee__1,Olgina tee,22,1,7,FALSE,3,21,FALSE,NA,NA,NA
K441,Olgino,K422,Narva linn,K441__Haava__1,Haava,14,2,8,FALSE,10,7,FALSE,NA,NA,NA
K441,Olgino,K422,Narva linn,K441__Mesilase__1,Mesilase,14,2,9,FALSE,10,9,FALSE,NA,NA,NA
K441,Olgino,K422,Narva linn,K441__Mõisa__1,Mõisa,14,2,10,FALSE,10,10,FALSE,NA,NA,NA
K441,Olgino,K422,Narva linn,K441__Sarapuu__1,Sarapuu,14,2,11,FALSE,10,11,FALSE,NA,NA,NA
K441,Olgino,K422,Narva linn,K441__Soldina__1,Soldina,14,2,12,FALSE,10,14,FALSE,NA,NA,NA
K441,Olgino,K422,Narva linn,K441__Tulukese__1,Tulukese,14,2,13,FALSE,10,15,FALSE,NA,NA,NA
K441,Olgino,K422,Narva linn,K441__Kaseke suvilad__1,Kaseke suvilad,11,1,14,FALSE,8,17,FALSE,NA,NA,NA
K441,Olgino,K422,Narva linn,K441__Naabri__1,Naabri,11,2,15,FALSE,8,18,FALSE,NA,NA,NA
K441,Olgino,K422,Narva linn,K441__Olgina suvilad__1,Olgina suvilad,11,1,16,FALSE,8,19,FALSE,NA,NA,NA
K441,Olgino,K422,Narva linn,K441__Koidu__1,Koidu,10,2,17,FALSE,10,8,FALSE,NA,NA,NA
K441,Olgino,K422,Narva linn,K441__Sinimetsa__1,Sinimetsa,10,2,18,FALSE,10,12,FALSE,NA,NA,NA
K441,Olgino,K422,Narva linn,K441__Sininõmme__1,Sininõmme,10,2,19,FALSE,10,13,FALSE,NA,NA,NA
K441,Olgino,K422,Narva linn,K441__Voorekalda__1,Voorekalda,10,2,20,FALSE,10,16,FALSE,NA,NA,NA
K441,Olgino,K422,Narva linn,K441__Riigiküla kalmistu__1,Riigiküla kalmistu,5,1,21,FALSE,5,20,FALSE,NA,NA,NA
K442,Ollepa,K663,Tallinn,K442__Ollepa__1,Ollepa,11,3,1,TRUE,4,1,TRUE,NA,NA,NA
K442,Ollepa,K663,Tallinn,K442__Kahala__1,Kahala,6,2,2,FALSE,NA,NA,NA,NA,NA,NA
K442,Ollepa,K663,Tallinn,K442__Ollepa tee__1,Ollepa tee,6,2,3,FALSE,NA,NA,NA,NA,NA,NA
K442,Ollepa,K663,Tallinn,K442__Villevere__1,Villevere,6,1,4,FALSE,NA,NA,NA,NA,NA,NA
K442,Ollepa,K663,Tallinn,K442__Rassi__1,Rassi,2,1,5,FALSE,NA,NA,NA,NA,NA,NA
K443,Olustvere,K789,Viljandi linn,K443__Olustvere__1,Olustvere,34,3,1,TRUE,12,2,FALSE,NA,NA,NA
K443,Olustvere,K789,Viljandi linn,K443__Papioru__1,Papioru,25,2,2,FALSE,9,3,FALSE,NA,NA,NA
K443,Olustvere,K789,Viljandi linn,K443__Mudiste__1,Mudiste,24,2,3,FALSE,12,1,TRUE,NA,NA,NA
K443,Olustvere,K789,Viljandi linn,K443__Olustvere raudteejaam__1,Olustvere raudteejaam,16,2,4,FALSE,3,9,FALSE,NA,NA,NA
K443,Olustvere,K789,Viljandi linn,K443__Putku__1,Putku,16,2,5,FALSE,3,10,FALSE,NA,NA,NA
K443,Olustvere,K789,Viljandi linn,K443__Jaska__1,Jaska,15,2,6,FALSE,7,4,FALSE,NA,NA,NA
K443,Olustvere,K789,Viljandi linn,K443__Kärneri__1,Kärneri,15,2,7,FALSE,7,5,FALSE,NA,NA,NA
K443,Olustvere,K789,Viljandi linn,K443__Pelda tee__1,Pelda tee,15,2,8,FALSE,7,6,FALSE,NA,NA,NA
K443,Olustvere,K789,Viljandi linn,K443__Kallaku__1,Kallaku,9,2,9,FALSE,6,7,FALSE,NA,NA,NA
K443,Olustvere,K789,Viljandi linn,K443__Olustvere__2,Olustvere,8,2,10,FALSE,4,8,FALSE,NA,NA,NA
K443,Olustvere,K789,Viljandi linn,K443__Kuiavere__1,Kuiavere,3,2,11,FALSE,1,11,FALSE,NA,NA,NA
K444,Oonga,K061,Haapsalu linn,K444__Martna teerist__1,Martna teerist,12,2,1,TRUE,6,1,TRUE,NA,NA,NA
K444,Oonga,K061,Haapsalu linn,K444__Oonga__1,Oonga,12,2,2,FALSE,6,2,FALSE,NA,NA,NA
K444,Oonga,K061,Haapsalu linn,K444__Rannamõisa__1,Rannamõisa,12,2,3,FALSE,6,3,FALSE,NA,NA,NA
K445,Oonurme,K663,Tallinn,K445__Mõisaküla__1,Mõisaküla,2,2,1,TRUE,NA,NA,NA,NA,NA,NA
K445,Oonurme,K663,Tallinn,K445__Oonurme__1,Oonurme,2,2,2,FALSE,NA,NA,NA,NA,NA,NA
K445,Oonurme,K663,Tallinn,K445__Pasti__1,Pasti,2,2,3,FALSE,NA,NA,NA,NA,NA,NA
K445,Oonurme,K663,Tallinn,K445__Raja__1,Raja,2,2,4,FALSE,NA,NA,NA,NA,NA,NA
K446,Orava,K813,Võru linn,K446__Orava__1,Orava,17,2,1,TRUE,5,1,TRUE,NA,NA,NA
K446,Orava,K813,Võru linn,K446__Siimsilla__1,Siimsilla,13,2,2,FALSE,4,2,FALSE,NA,NA,NA
K446,Orava,K813,Võru linn,K446__Kliima__1,Kliima,7,2,3,FALSE,3,3,FALSE,NA,NA,NA
K446,Orava,K813,Võru linn,K446__Korgõmõisa__1,Korgõmõisa,7,2,4,FALSE,3,4,FALSE,NA,NA,NA
K446,Orava,K813,Võru linn,K446__Kõliküla__1,Kõliküla,4,2,5,FALSE,2,5,FALSE,NA,NA,NA
K446,Orava,K813,Võru linn,K446__Luuska__1,Luuska,4,2,6,FALSE,2,6,FALSE,NA,NA,NA
K446,Orava,K813,Võru linn,K446__Piusa__1,Piusa,4,2,7,FALSE,2,7,FALSE,NA,NA,NA
K446,Orava,K813,Võru linn,K446__Orava kool__1,Orava kool,1,1,8,FALSE,1,8,FALSE,NA,NA,NA
K447,Orissaare,K270,Kuressaare linn,K447__Orissaare__1,Orissaare,31,2,1,TRUE,14,1,TRUE,NA,NA,NA
K448,Oru,K663,Tallinn,K448__Oru__1,Oru,11,2,1,TRUE,5,6,FALSE,NA,NA,NA
K448,Oru,K663,Tallinn,K448__Kata__1,Kata,10,2,2,FALSE,5,1,TRUE,NA,NA,NA
K448,Oru,K663,Tallinn,K448__Kõrgemäe__1,Kõrgemäe,10,2,3,FALSE,5,2,FALSE,NA,NA,NA
K448,Oru,K663,Tallinn,K448__Metsaküla__1,Metsaküla,10,2,4,FALSE,5,3,FALSE,NA,NA,NA
K448,Oru,K663,Tallinn,K448__Männimäe__1,Männimäe,10,2,5,FALSE,5,4,FALSE,NA,NA,NA
K448,Oru,K663,Tallinn,K448__Nõmme__1,Nõmme,10,2,6,FALSE,5,5,FALSE,NA,NA,NA
K448,Oru,K663,Tallinn,K448__Otiveski__1,Otiveski,10,2,7,FALSE,5,7,FALSE,NA,NA,NA
K448,Oru,K663,Tallinn,K448__Pärtlimäe__1,Pärtlimäe,10,2,8,FALSE,5,8,FALSE,NA,NA,NA
K448,Oru,K663,Tallinn,K448__Sepiku__1,Sepiku,10,2,9,FALSE,4,11,FALSE,NA,NA,NA
K448,Oru,K663,Tallinn,K448__Tuhala__1,Tuhala,10,2,10,FALSE,5,9,FALSE,NA,NA,NA
K448,Oru,K663,Tallinn,K448__Veskitammi__1,Veskitammi,10,2,11,FALSE,5,10,FALSE,NA,NA,NA
K450,Osula,K813,Võru linn,K450__Raiste tee__1,Raiste tee,18,3,1,TRUE,11,1,TRUE,NA,NA,NA
K450,Osula,K813,Võru linn,K450__Alaküla__1,Alaküla,11,2,2,FALSE,8,2,FALSE,NA,NA,NA
K450,Osula,K813,Võru linn,K450__Osula__1,Osula,9,1,3,FALSE,7,3,FALSE,NA,NA,NA
K450,Osula,K813,Võru linn,K450__Heimtali__1,Heimtali,8,2,4,FALSE,4,4,FALSE,NA,NA,NA
K450,Osula,K813,Võru linn,K450__Mustja__1,Mustja,6,2,5,FALSE,3,6,FALSE,NA,NA,NA
K450,Osula,K813,Võru linn,K450__Annemõisa__1,Annemõisa,5,2,6,FALSE,3,5,FALSE,NA,NA,NA
K450,Osula,K813,Võru linn,K450__Osula kool__1,Osula kool,5,1,7,FALSE,3,7,FALSE,NA,NA,NA
K450,Osula,K813,Võru linn,K450__Küti__1,Küti,3,2,8,FALSE,2,8,FALSE,NA,NA,NA
K450,Osula,K813,Võru linn,K450__Heimtali kirik__1,Heimtali kirik,1,1,9,FALSE,NA,NA,NA,NA,NA,NA
K451,Otepää linn,K674,Tartu linn,K451__Alajaama__1,Alajaama,18,2,1,TRUE,11,1,TRUE,NA,NA,NA
K451,Otepää linn,K674,Tartu linn,K451__Kastolatsi__1,Kastolatsi,18,2,2,FALSE,11,2,FALSE,NA,NA,NA
K451,Otepää linn,K674,Tartu linn,K451__Kintsli__1,Kintsli,18,2,3,FALSE,11,3,FALSE,NA,NA,NA
K451,Otepää linn,K674,Tartu linn,K451__Majasoo__1,Majasoo,18,2,4,FALSE,11,4,FALSE,NA,NA,NA
K451,Otepää linn,K674,Tartu linn,K451__Pühajärve__1,Pühajärve,18,2,5,FALSE,4,7,FALSE,NA,NA,NA
K451,Otepää linn,K674,Tartu linn,K451__Raiga__1,Raiga,18,2,6,FALSE,11,5,FALSE,NA,NA,NA
K451,Otepää linn,K674,Tartu linn,K451__Sõjatamme__1,Sõjatamme,18,4,7,FALSE,4,8,FALSE,NA,NA,NA
K451,Otepää linn,K674,Tartu linn,K451__Annimatsi__1,Annimatsi,16,2,8,FALSE,4,6,FALSE,NA,NA,NA
K451,Otepää linn,K674,Tartu linn,K451__Kirikuküla__1,Kirikuküla,7,2,9,FALSE,1,14,FALSE,NA,NA,NA
K451,Otepää linn,K674,Tartu linn,K451__Koolitare__1,Koolitare,7,2,10,FALSE,1,15,FALSE,NA,NA,NA
K451,Otepää linn,K674,Tartu linn,K451__Munamäe__1,Munamäe,7,2,11,FALSE,NA,NA,NA,NA,NA,NA
K451,Otepää linn,K674,Tartu linn,K451__Pedajamäe__1,Pedajamäe,7,2,12,FALSE,1,16,FALSE,NA,NA,NA
K451,Otepää linn,K674,Tartu linn,K451__Rüa__1,Rüa,7,2,13,FALSE,NA,NA,NA,NA,NA,NA
K451,Otepää linn,K674,Tartu linn,K451__Vidrike kool__1,Vidrike kool,7,2,14,FALSE,NA,NA,NA,NA,NA,NA
K451,Otepää linn,K674,Tartu linn,K451__Kannistiku__1,Kannistiku,5,2,15,FALSE,NA,NA,NA,NA,NA,NA
K451,Otepää linn,K674,Tartu linn,K451__Juusa__1,Juusa,4,2,16,FALSE,NA,NA,NA,NA,NA,NA
K451,Otepää linn,K674,Tartu linn,K451__Männiku__1,Männiku,4,2,17,FALSE,NA,NA,NA,NA,NA,NA
K451,Otepää linn,K674,Tartu linn,K451__Pilkuse__1,Pilkuse,4,2,18,FALSE,NA,NA,NA,NA,NA,NA
K451,Otepää linn,K674,Tartu linn,K451__Kaarna__1,Kaarna,3,2,19,FALSE,2,9,FALSE,NA,NA,NA
K451,Otepää linn,K674,Tartu linn,K451__Kolga__1,Kolga,3,1,20,FALSE,NA,NA,NA,NA,NA,NA
K451,Otepää linn,K674,Tartu linn,K451__Looritsa__1,Looritsa,3,2,21,FALSE,NA,NA,NA,NA,NA,NA
K451,Otepää linn,K674,Tartu linn,K451__Luige__1,Luige,3,2,22,FALSE,2,10,FALSE,NA,NA,NA
K451,Otepää linn,K674,Tartu linn,K451__Lüüsjärve__1,Lüüsjärve,3,2,23,FALSE,2,11,FALSE,NA,NA,NA
K451,Otepää linn,K674,Tartu linn,K451__Reinu__1,Reinu,3,2,24,FALSE,2,12,FALSE,NA,NA,NA
K451,Otepää linn,K674,Tartu linn,K451__Vana-Otepää__1,Vana-Otepää,3,2,25,FALSE,2,13,FALSE,NA,NA,NA
K451,Otepää linn,K674,Tartu linn,K451__Pursa__1,Pursa,1,1,26,FALSE,NA,NA,NA,NA,NA,NA
K452,Otepää,K674,Tartu linn,K452__Otepää__1,Otepää,50,1,1,TRUE,14,1,TRUE,NA,NA,NA
K452,Otepää,K674,Tartu linn,K452__Aedlinna__1,Aedlinna,15,2,2,FALSE,4,2,FALSE,NA,NA,NA
K452,Otepää,K674,Tartu linn,K452__Teemeistri__1,Teemeistri,7,2,3,FALSE,1,4,FALSE,NA,NA,NA
K452,Otepää,K674,Tartu linn,K452__Gümnaasiumi__1,Gümnaasiumi,4,1,4,FALSE,1,3,FALSE,NA,NA,NA
K452,Otepää,K674,Tartu linn,K452__Kesk tänav__1,Kesk tänav,3,1,5,FALSE,NA,NA,NA,NA,NA,NA
K452,Otepää,K674,Tartu linn,K452__Tamme__1,Tamme,3,1,6,FALSE,NA,NA,NA,NA,NA,NA
K453,Paadla,K270,Kuressaare linn,K453__Kogula__1,Kogula,15,2,1,TRUE,10,1,TRUE,NA,NA,NA
K453,Paadla,K270,Kuressaare linn,K453__Paadla__1,Paadla,15,2,2,FALSE,10,2,FALSE,NA,NA,NA
K453,Paadla,K270,Kuressaare linn,K453__Tepu__1,Tepu,5,2,3,FALSE,4,3,FALSE,NA,NA,NA
K453,Paadla,K270,Kuressaare linn,K453__Hirmuste__1,Hirmuste,4,1,4,FALSE,3,4,FALSE,NA,NA,NA
K453,Paadla,K270,Kuressaare linn,K453__Kassiku__1,Kassiku,4,2,5,FALSE,3,5,FALSE,NA,NA,NA
K453,Paadla,K270,Kuressaare linn,K453__Käesla__1,Käesla,4,2,6,FALSE,3,6,FALSE,NA,NA,NA
K453,Paadla,K270,Kuressaare linn,K453__Kõrkküla__1,Kõrkküla,4,2,7,FALSE,3,7,FALSE,NA,NA,NA
K453,Paadla,K270,Kuressaare linn,K453__Ulje__1,Ulje,4,2,8,FALSE,3,8,FALSE,NA,NA,NA
K453,Paadla,K270,Kuressaare linn,K453__Illi__1,Illi,2,2,9,FALSE,2,9,FALSE,NA,NA,NA
K454,Paadrema,K531,Pärnu linn,K454__Mõtsu__1,Mõtsu,4,2,1,TRUE,2,1,TRUE,NA,NA,NA
K454,Paadrema,K531,Pärnu linn,K454__Paadremaa__1,Paadremaa,4,2,2,FALSE,2,2,FALSE,NA,NA,NA
K454,Paadrema,K531,Pärnu linn,K454__Paadremaa sild__1,Paadremaa sild,4,2,3,FALSE,2,3,FALSE,NA,NA,NA
K454,Paadrema,K531,Pärnu linn,K454__Töngi sild__1,Töngi sild,4,2,4,FALSE,2,4,FALSE,NA,NA,NA
K454,Paadrema,K531,Pärnu linn,K454__Väänja__1,Väänja,4,2,5,FALSE,2,5,FALSE,NA,NA,NA
K455,Paatsalu,K663,Tallinn,K455__Laine__1,Laine,6,2,1,TRUE,NA,NA,NA,NA,NA,NA
K455,Paatsalu,K663,Tallinn,K455__Paatsalu__1,Paatsalu,6,2,2,FALSE,NA,NA,NA,NA,NA,NA
K455,Paatsalu,K663,Tallinn,K455__Surina__1,Surina,6,2,3,FALSE,NA,NA,NA,NA,NA,NA
K455,Paatsalu,K663,Tallinn,K455__Tamba__1,Tamba,6,2,4,FALSE,NA,NA,NA,NA,NA,NA
K455,Paatsalu,K663,Tallinn,K455__Vapri__1,Vapri,6,2,5,FALSE,NA,NA,NA,NA,NA,NA
K456,Padise,K663,Tallinn,K456__Padise__1,Padise,37,2,1,TRUE,14,1,TRUE,NA,NA,NA
K456,Padise,K663,Tallinn,K456__Määra__1,Määra,31,2,2,FALSE,11,2,FALSE,NA,NA,NA
K456,Padise,K663,Tallinn,K456__Oti__1,Oti,31,2,3,FALSE,11,3,FALSE,NA,NA,NA
K456,Padise,K663,Tallinn,K456__Kasepere__1,Kasepere,21,2,4,FALSE,1,5,FALSE,NA,NA,NA
K456,Padise,K663,Tallinn,K456__Audevälja__1,Audevälja,4,1,5,FALSE,1,4,FALSE,NA,NA,NA
K456,Padise,K663,Tallinn,K456__Määra mägi__1,Määra mägi,4,2,6,FALSE,1,6,FALSE,NA,NA,NA
K456,Padise,K663,Tallinn,K456__Sõela__1,Sõela,4,2,7,FALSE,1,7,FALSE,NA,NA,NA
K456,Padise,K663,Tallinn,K456__Türismaa__1,Türismaa,4,2,8,FALSE,1,8,FALSE,NA,NA,NA
K457,Pagari,K118,Jõhvi linn,K457__Pagari__1,Pagari,29,2,1,TRUE,16,1,TRUE,NA,NA,NA
K457,Pagari,K118,Jõhvi linn,K457__Kalina__1,Kalina,27,2,2,FALSE,15,2,FALSE,NA,NA,NA
K457,Pagari,K118,Jõhvi linn,K457__Jõetaguse__1,Jõetaguse,23,2,3,FALSE,13,3,FALSE,NA,NA,NA
K457,Pagari,K118,Jõhvi linn,K457__Majaka__1,Majaka,23,2,4,FALSE,13,4,FALSE,NA,NA,NA
K458,Paide linn,K458,Paide linn,K458__Kultuurikeskus__1,Kultuurikeskus,99,2,1,TRUE,NA,NA,NA,37,5,FALSE
K458,Paide linn,K458,Paide linn,K458__Paide kutsekool__1,Paide kutsekool,81,2,2,FALSE,NA,NA,NA,47,1,TRUE
K458,Paide linn,K458,Paide linn,K458__Pärnuvälja__1,Pärnuvälja,59,2,3,FALSE,NA,NA,NA,32,6,FALSE
K458,Paide linn,K458,Paide linn,K458__Raudtee__1,Raudtee,59,2,4,FALSE,NA,NA,NA,32,7,FALSE
K458,Paide linn,K458,Paide linn,K458__Vaksali__1,Vaksali,55,2,5,FALSE,NA,NA,NA,32,8,FALSE
K458,Paide linn,K458,Paide linn,K458__Paide bussijaam 6__1,Paide bussijaam 6,54,1,6,FALSE,NA,NA,NA,45,2,FALSE
K458,Paide linn,K458,Paide linn,K458__Keskväljak__1,Keskväljak,50,2,7,FALSE,NA,NA,NA,27,9,FALSE
K458,Paide linn,K458,Paide linn,K458__Kesklinna__1,Kesklinna,44,1,8,FALSE,NA,NA,NA,42,3,FALSE
K458,Paide linn,K458,Paide linn,K458__Sillaotsa__1,Sillaotsa,38,1,9,FALSE,NA,NA,NA,38,4,FALSE
K458,Paide linn,K458,Paide linn,K458__Paide bussijaam 3__1,Paide bussijaam 3,16,1,10,FALSE,NA,NA,NA,NA,NA,NA
K458,Paide linn,K458,Paide linn,K458__Paide bussijaam 2__1,Paide bussijaam 2,12,1,11,FALSE,NA,NA,NA,NA,NA,NA
K458,Paide linn,K458,Paide linn,K458__Paide bussijaam 4__1,Paide bussijaam 4,6,1,12,FALSE,NA,NA,NA,NA,NA,NA
K458,Paide linn,K458,Paide linn,K458__Paide bussijaam 1__1,Paide bussijaam 1,5,1,13,FALSE,NA,NA,NA,NA,NA,NA
K458,Paide linn,K458,Paide linn,K458__Paide bussijaam 5__1,Paide bussijaam 5,5,1,14,FALSE,NA,NA,NA,NA,NA,NA
K458,Paide linn,K458,Paide linn,K458__Paide bussijaam__1,Paide bussijaam,2,1,15,FALSE,NA,NA,NA,2,10,FALSE
K459,Paikuse,K531,Pärnu linn,K459__Kiviaja__1,Kiviaja,181,2,1,TRUE,90,1,TRUE,NA,NA,NA
K459,Paikuse,K531,Pärnu linn,K459__Paikuse alev__1,Paikuse alev,158,2,2,FALSE,75,2,FALSE,NA,NA,NA
K459,Paikuse,K531,Pärnu linn,K459__Paikuse kool__1,Paikuse kool,144,3,3,FALSE,63,3,FALSE,NA,NA,NA
K459,Paikuse,K531,Pärnu linn,K459__Linnuriigi__1,Linnuriigi,111,2,4,FALSE,56,4,FALSE,NA,NA,NA
K459,Paikuse,K531,Pärnu linn,K459__Jõekalda__1,Jõekalda,58,2,5,FALSE,23,5,FALSE,NA,NA,NA
K459,Paikuse,K531,Pärnu linn,K459__Lepa__1,Lepa,58,2,6,FALSE,23,6,FALSE,NA,NA,NA
K459,Paikuse,K531,Pärnu linn,K459__Oru__1,Oru,58,2,7,FALSE,23,7,FALSE,NA,NA,NA
K459,Paikuse,K531,Pärnu linn,K459__Reiu mõis__1,Reiu mõis,58,2,8,FALSE,23,8,FALSE,NA,NA,NA
K459,Paikuse,K531,Pärnu linn,K459__Seeneriigi__1,Seeneriigi,58,2,9,FALSE,23,9,FALSE,NA,NA,NA
K459,Paikuse,K531,Pärnu linn,K459__Valteri__1,Valteri,58,2,10,FALSE,23,10,FALSE,NA,NA,NA
K459,Paikuse,K531,Pärnu linn,K459__Sinioja__1,Sinioja,17,2,11,FALSE,5,11,FALSE,NA,NA,NA
K459,Paikuse,K531,Pärnu linn,K459__Jõemänniku__1,Jõemänniku,12,2,12,FALSE,1,12,FALSE,NA,NA,NA
K459,Paikuse,K531,Pärnu linn,K459__Kuigu__1,Kuigu,12,1,13,FALSE,1,13,FALSE,NA,NA,NA
K459,Paikuse,K531,Pärnu linn,K459__Servaku__1,Servaku,12,2,14,FALSE,1,14,FALSE,NA,NA,NA
K459,Paikuse,K531,Pärnu linn,K459__Uuetoa__1,Uuetoa,12,2,15,FALSE,1,15,FALSE,NA,NA,NA
K459,Paikuse,K531,Pärnu linn,K459__Ülejõe__1,Ülejõe,12,2,16,FALSE,1,16,FALSE,NA,NA,NA
K460,Paistu,K789,Viljandi linn,K460__Loodi-Oru__1,Loodi-Oru,40,2,1,TRUE,20,1,TRUE,NA,NA,NA
K460,Paistu,K789,Viljandi linn,K460__Sultsi__1,Sultsi,40,2,2,FALSE,20,2,FALSE,NA,NA,NA
K460,Paistu,K789,Viljandi linn,K460__Vabatamme__1,Vabatamme,36,2,3,FALSE,18,3,FALSE,NA,NA,NA
K460,Paistu,K789,Viljandi linn,K460__Kahu__1,Kahu,29,2,4,FALSE,13,4,FALSE,NA,NA,NA
K460,Paistu,K789,Viljandi linn,K460__Loodi__1,Loodi,29,2,5,FALSE,13,5,FALSE,NA,NA,NA
K460,Paistu,K789,Viljandi linn,K460__Kondi__1,Kondi,20,1,6,FALSE,NA,NA,NA,NA,NA,NA
K460,Paistu,K789,Viljandi linn,K460__Kaera__1,Kaera,18,2,7,FALSE,9,7,FALSE,NA,NA,NA
K460,Paistu,K789,Viljandi linn,K460__Karjääri__1,Karjääri,18,2,8,FALSE,9,8,FALSE,NA,NA,NA
K460,Paistu,K789,Viljandi linn,K460__Oru__1,Oru,18,2,9,FALSE,9,9,FALSE,NA,NA,NA
K460,Paistu,K789,Viljandi linn,K460__Paistu kool__1,Paistu kool,18,2,10,FALSE,9,10,FALSE,NA,NA,NA
K460,Paistu,K789,Viljandi linn,K460__Ületee__1,Ületee,18,2,11,FALSE,9,11,FALSE,NA,NA,NA
K460,Paistu,K789,Viljandi linn,K460__Hendrikumõisa__1,Hendrikumõisa,11,2,12,FALSE,7,12,FALSE,NA,NA,NA
K460,Paistu,K789,Viljandi linn,K460__Paistu__1,Paistu,11,2,13,FALSE,7,13,FALSE,NA,NA,NA
K460,Paistu,K789,Viljandi linn,K460__Paistu tee__1,Paistu tee,11,2,14,FALSE,7,14,FALSE,NA,NA,NA
K460,Paistu,K789,Viljandi linn,K460__Põrguoru__1,Põrguoru,11,2,15,FALSE,7,15,FALSE,NA,NA,NA
K460,Paistu,K789,Viljandi linn,K460__Ahimäe__1,Ahimäe,9,1,16,FALSE,9,6,FALSE,NA,NA,NA
K460,Paistu,K789,Viljandi linn,K460__Aidu__1,Aidu,7,2,17,FALSE,5,16,FALSE,NA,NA,NA
K460,Paistu,K789,Viljandi linn,K460__Animäe__1,Animäe,4,2,18,FALSE,2,17,FALSE,NA,NA,NA
K460,Paistu,K789,Viljandi linn,K460__Meltsa__1,Meltsa,4,2,19,FALSE,2,18,FALSE,NA,NA,NA
K460,Paistu,K789,Viljandi linn,K460__Ruusaaugu__1,Ruusaaugu,4,2,20,FALSE,2,19,FALSE,NA,NA,NA
K460,Paistu,K789,Viljandi linn,K460__Veskimäe__1,Veskimäe,4,2,21,FALSE,2,20,FALSE,NA,NA,NA
K461,Paju,K740,Valga linn,K461__Kelli__1,Kelli,38,2,1,TRUE,24,1,TRUE,NA,NA,NA
K461,Paju,K740,Valga linn,K461__Jaanikese__1,Jaanikese,30,3,2,FALSE,20,2,FALSE,NA,NA,NA
K461,Paju,K740,Valga linn,K461__Allee__1,Allee,29,2,3,FALSE,15,3,FALSE,NA,NA,NA
K461,Paju,K740,Valga linn,K461__Paju__1,Paju,29,2,4,FALSE,15,4,FALSE,NA,NA,NA
K461,Paju,K740,Valga linn,K461__Metsniku__1,Metsniku,21,2,5,FALSE,11,5,FALSE,NA,NA,NA
K461,Paju,K740,Valga linn,K461__Seene__1,Seene,21,2,6,FALSE,11,6,FALSE,NA,NA,NA
K461,Paju,K740,Valga linn,K461__Taimeaed__1,Taimeaed,21,2,7,FALSE,11,7,FALSE,NA,NA,NA
K461,Paju,K740,Valga linn,K461__Motokeskuse__1,Motokeskuse,9,1,8,FALSE,9,8,FALSE,NA,NA,NA
K461,Paju,K740,Valga linn,K461__Suve__1,Suve,9,1,9,FALSE,9,9,FALSE,NA,NA,NA
K462,Pajusi,K521,Põltsamaa linn,K462__Pajusi__1,Pajusi,14,2,1,TRUE,13,1,TRUE,NA,NA,NA
K462,Pajusi,K521,Põltsamaa linn,K462__Pisisaare__1,Pisisaare,13,2,2,FALSE,13,2,FALSE,NA,NA,NA
K462,Pajusi,K521,Põltsamaa linn,K462__Loopre__1,Loopre,7,2,3,FALSE,6,3,FALSE,NA,NA,NA
K462,Pajusi,K521,Põltsamaa linn,K462__Kase tee__1,Kase tee,6,2,4,FALSE,5,7,FALSE,NA,NA,NA
K462,Pajusi,K521,Põltsamaa linn,K462__Luige__1,Luige,6,2,5,FALSE,6,4,FALSE,NA,NA,NA
K462,Pajusi,K521,Põltsamaa linn,K462__Mällu__1,Mällu,6,2,6,FALSE,6,5,FALSE,NA,NA,NA
K462,Pajusi,K521,Põltsamaa linn,K462__Uuevälja__1,Uuevälja,6,2,7,FALSE,6,6,FALSE,NA,NA,NA
K462,Pajusi,K521,Põltsamaa linn,K462__Vorsti__1,Vorsti,6,2,8,FALSE,5,8,FALSE,NA,NA,NA
K463,Pala,K674,Tartu linn,K463__Pala__1,Pala,12,2,1,TRUE,3,2,FALSE,NA,NA,NA
K463,Pala,K674,Tartu linn,K463__Pala mõis__1,Pala mõis,10,2,2,FALSE,3,3,FALSE,NA,NA,NA
K463,Pala,K674,Tartu linn,K463__Metsanurga__1,Metsanurga,9,2,3,FALSE,3,1,TRUE,NA,NA,NA
K463,Pala,K674,Tartu linn,K463__Assikvere__1,Assikvere,8,2,4,FALSE,2,4,FALSE,NA,NA,NA
K463,Pala,K674,Tartu linn,K463__Rätsepa__1,Rätsepa,7,2,5,FALSE,2,7,FALSE,NA,NA,NA
K463,Pala,K674,Tartu linn,K463__Rõika__1,Rõika,7,2,6,FALSE,2,8,FALSE,NA,NA,NA
K463,Pala,K674,Tartu linn,K463__Salu__1,Salu,7,2,7,FALSE,2,9,FALSE,NA,NA,NA
K463,Pala,K674,Tartu linn,K463__Kuivati__1,Kuivati,5,2,8,FALSE,2,5,FALSE,NA,NA,NA
K463,Pala,K674,Tartu linn,K463__Puukuju__1,Puukuju,5,2,9,FALSE,2,6,FALSE,NA,NA,NA
K463,Pala,K674,Tartu linn,K463__Piiri__1,Piiri,4,1,10,FALSE,NA,NA,NA,NA,NA,NA
K463,Pala,K674,Tartu linn,K463__Nõva tee__1,Nõva tee,2,1,11,FALSE,NA,NA,NA,NA,NA,NA
K463,Pala,K674,Tartu linn,K463__Tagumaa__1,Tagumaa,1,1,12,FALSE,NA,NA,NA,NA,NA,NA
K464,Palade-Hellamaa,K292,Kärdla linn,K464__Antoni__1,Antoni,12,2,1,TRUE,10,1,TRUE,NA,NA,NA
K464,Palade-Hellamaa,K292,Kärdla linn,K464__Hellamaa__1,Hellamaa,12,2,2,FALSE,10,2,FALSE,NA,NA,NA
K464,Palade-Hellamaa,K292,Kärdla linn,K464__Palade__1,Palade,12,2,3,FALSE,10,4,FALSE,NA,NA,NA
K464,Palade-Hellamaa,K292,Kärdla linn,K464__Paluküla__1,Paluküla,12,2,4,FALSE,10,5,FALSE,NA,NA,NA
K464,Palade-Hellamaa,K292,Kärdla linn,K464__Värssu__1,Värssu,12,2,5,FALSE,10,6,FALSE,NA,NA,NA
K464,Palade-Hellamaa,K292,Kärdla linn,K464__Linnumäe__1,Linnumäe,10,1,6,FALSE,10,3,FALSE,NA,NA,NA
K464,Palade-Hellamaa,K292,Kärdla linn,K464__Partsi__1,Partsi,8,2,7,FALSE,8,7,FALSE,NA,NA,NA
K464,Palade-Hellamaa,K292,Kärdla linn,K464__Hellamaa mägi__1,Hellamaa mägi,7,2,8,FALSE,7,8,FALSE,NA,NA,NA
K464,Palade-Hellamaa,K292,Kärdla linn,K464__Kuri__1,Kuri,7,2,9,FALSE,7,9,FALSE,NA,NA,NA
K464,Palade-Hellamaa,K292,Kärdla linn,K464__Kõlunõmme teerist__1,Kõlunõmme teerist,7,2,10,FALSE,7,10,FALSE,NA,NA,NA
K464,Palade-Hellamaa,K292,Kärdla linn,K464__Suuresadama teerist__1,Suuresadama teerist,7,2,11,FALSE,7,11,FALSE,NA,NA,NA
K464,Palade-Hellamaa,K292,Kärdla linn,K464__Sääre__1,Sääre,7,2,12,FALSE,7,12,FALSE,NA,NA,NA
K464,Palade-Hellamaa,K292,Kärdla linn,K464__Lennujaam__1,Lennujaam,2,1,13,FALSE,2,13,FALSE,NA,NA,NA
K464,Palade-Hellamaa,K292,Kärdla linn,K464__Reikama__1,Reikama,2,2,14,FALSE,2,14,FALSE,NA,NA,NA
K464,Palade-Hellamaa,K292,Kärdla linn,K464__Vana vallamaja__1,Vana vallamaja,2,2,15,FALSE,2,15,FALSE,NA,NA,NA
K465,Palamuse,K674,Tartu linn,K465__Palamuse__1,Palamuse,16,3,1,TRUE,2,1,TRUE,NA,NA,NA
K465,Palamuse,K674,Tartu linn,K465__Pällo__1,Pällo,16,2,2,FALSE,2,2,FALSE,NA,NA,NA
K465,Palamuse,K674,Tartu linn,K465__Vanavälja__1,Vanavälja,16,2,3,FALSE,2,3,FALSE,NA,NA,NA
K465,Palamuse,K674,Tartu linn,K465__Änkküla__1,Änkküla,16,2,4,FALSE,2,4,FALSE,NA,NA,NA
K465,Palamuse,K674,Tartu linn,K465__Eerikvere__1,Eerikvere,3,2,5,FALSE,NA,NA,NA,NA,NA,NA
K465,Palamuse,K674,Tartu linn,K465__Palamuse kalmistu__1,Palamuse kalmistu,3,2,6,FALSE,NA,NA,NA,NA,NA,NA
K465,Palamuse,K674,Tartu linn,K465__Süvalepa__1,Süvalepa,3,2,7,FALSE,NA,NA,NA,NA,NA,NA
K465,Palamuse,K674,Tartu linn,K465__Toovere__1,Toovere,3,3,8,FALSE,NA,NA,NA,NA,NA,NA
K465,Palamuse,K674,Tartu linn,K465__Varbevere__1,Varbevere,3,2,9,FALSE,NA,NA,NA,NA,NA,NA
K465,Palamuse,K674,Tartu linn,K465__Väljaotsa__1,Väljaotsa,3,2,10,FALSE,NA,NA,NA,NA,NA,NA
K465,Palamuse,K674,Tartu linn,K465__Kiisa__1,Kiisa,1,1,11,FALSE,NA,NA,NA,NA,NA,NA
K466,Paldiski linn,K663,Tallinn,K466__Lääne__1,Lääne,65,2,1,TRUE,23,2,FALSE,NA,NA,NA
K466,Paldiski linn,K663,Tallinn,K466__Sadama__1,Sadama,62,1,2,FALSE,23,4,FALSE,NA,NA,NA
K466,Paldiski linn,K663,Tallinn,K466__Leetse tee__1,Leetse tee,60,2,3,FALSE,22,5,FALSE,NA,NA,NA
K466,Paldiski linn,K663,Tallinn,K466__Paldiski__1,Paldiski,36,2,4,FALSE,19,6,FALSE,NA,NA,NA
K466,Paldiski linn,K663,Tallinn,K466__Kivi__1,Kivi,33,1,5,FALSE,23,1,TRUE,NA,NA,NA
K466,Paldiski linn,K663,Tallinn,K466__Raudteejaam__1,Raudteejaam,33,1,6,FALSE,23,3,FALSE,NA,NA,NA
K466,Paldiski linn,K663,Tallinn,K466__Rae põik__1,Rae põik,32,1,7,FALSE,NA,NA,NA,NA,NA,NA
K466,Paldiski linn,K663,Tallinn,K466__Rae__1,Rae,31,1,8,FALSE,NA,NA,NA,NA,NA,NA
K466,Paldiski linn,K663,Tallinn,K466__Tööstuse__1,Tööstuse,31,1,9,FALSE,NA,NA,NA,NA,NA,NA
K466,Paldiski linn,K663,Tallinn,K466__Vanaranna tee__1,Vanaranna tee,28,1,10,FALSE,NA,NA,NA,NA,NA,NA
K466,Paldiski linn,K663,Tallinn,K466__Mereääre__1,Mereääre,4,1,11,FALSE,NA,NA,NA,NA,NA,NA
K466,Paldiski linn,K663,Tallinn,K466__Nikolai kirik__1,Nikolai kirik,3,1,12,FALSE,NA,NA,NA,NA,NA,NA
K466,Paldiski linn,K663,Tallinn,K466__Peetri kindlus__1,Peetri kindlus,3,1,13,FALSE,NA,NA,NA,NA,NA,NA
K467,Palivere,K061,Haapsalu linn,K467__Palivere__1,Palivere,36,2,1,TRUE,17,1,TRUE,NA,NA,NA
K467,Palivere,K061,Haapsalu linn,K467__Palivere mõis__1,Palivere mõis,19,2,2,FALSE,10,2,FALSE,NA,NA,NA
K467,Palivere,K061,Haapsalu linn,K467__Lähtru tee__1,Lähtru tee,8,2,3,FALSE,3,3,FALSE,NA,NA,NA
K467,Palivere,K061,Haapsalu linn,K467__Tehase__1,Tehase,3,2,4,FALSE,1,4,FALSE,NA,NA,NA
K468,Palmse,K663,Tallinn,K468__Palmse mõis__1,Palmse mõis,9,2,1,TRUE,NA,NA,NA,NA,NA,NA
K468,Palmse,K663,Tallinn,K468__Oruveski tee__1,Oruveski tee,7,2,2,FALSE,NA,NA,NA,NA,NA,NA
K468,Palmse,K663,Tallinn,K468__Sakussaare__1,Sakussaare,7,2,3,FALSE,NA,NA,NA,NA,NA,NA
K468,Palmse,K663,Tallinn,K468__Võsupere__1,Võsupere,7,2,4,FALSE,NA,NA,NA,NA,NA,NA
K468,Palmse,K663,Tallinn,K468__Võsupere keskus__1,Võsupere keskus,7,2,5,FALSE,NA,NA,NA,NA,NA,NA
K468,Palmse,K663,Tallinn,K468__Muike__1,Muike,5,2,6,FALSE,NA,NA,NA,NA,NA,NA
K468,Palmse,K663,Tallinn,K468__Metsanurga__1,Metsanurga,2,2,7,FALSE,NA,NA,NA,NA,NA,NA
K468,Palmse,K663,Tallinn,K468__Ojaäärse tee__1,Ojaäärse tee,2,2,8,FALSE,NA,NA,NA,NA,NA,NA
K469,Palupera,K674,Tartu linn,K469__Palupera__1,Palupera,8,2,1,TRUE,NA,NA,NA,NA,NA,NA
K469,Palupera,K674,Tartu linn,K469__Palupera__2,Palupera,8,2,2,FALSE,4,1,TRUE,NA,NA,NA
K469,Palupera,K674,Tartu linn,K469__Palupera rist__1,Palupera rist,8,2,3,FALSE,1,4,FALSE,NA,NA,NA
K469,Palupera,K674,Tartu linn,K469__Miti__1,Miti,7,2,4,FALSE,1,2,FALSE,NA,NA,NA
K469,Palupera,K674,Tartu linn,K469__Palu__1,Palu,7,2,5,FALSE,1,3,FALSE,NA,NA,NA
K469,Palupera,K674,Tartu linn,K469__Palupera tee__1,Palupera tee,7,2,6,FALSE,NA,NA,NA,NA,NA,NA
K469,Palupera,K674,Tartu linn,K469__Atra__1,Atra,6,2,7,FALSE,NA,NA,NA,NA,NA,NA
K469,Palupera,K674,Tartu linn,K469__Palupera kool__1,Palupera kool,4,2,8,FALSE,NA,NA,NA,NA,NA,NA
K469,Palupera,K674,Tartu linn,K469__Astuvere__1,Astuvere,3,2,9,FALSE,NA,NA,NA,NA,NA,NA
K471,Pamma,K270,Kuressaare linn,K471__Koiduvälja__1,Koiduvälja,6,2,1,TRUE,4,1,TRUE,NA,NA,NA
K471,Pamma,K270,Kuressaare linn,K471__Luulupe__1,Luulupe,6,2,2,FALSE,4,2,FALSE,NA,NA,NA
K471,Pamma,K270,Kuressaare linn,K471__Nava__1,Nava,6,2,3,FALSE,4,3,FALSE,NA,NA,NA
K471,Pamma,K270,Kuressaare linn,K471__Nõmme__1,Nõmme,6,2,4,FALSE,4,4,FALSE,NA,NA,NA
K471,Pamma,K270,Kuressaare linn,K471__Pamma__1,Pamma,6,2,5,FALSE,4,5,FALSE,NA,NA,NA
K472,Pangodi,K674,Tartu linn,K472__Rõika__1,Rõika,21,2,1,TRUE,12,2,FALSE,NA,NA,NA
K472,Pangodi,K674,Tartu linn,K472__Savi__1,Savi,21,2,2,FALSE,12,3,FALSE,NA,NA,NA
K472,Pangodi,K674,Tartu linn,K472__Kodijärve__1,Kodijärve,20,2,3,FALSE,12,1,TRUE,NA,NA,NA
K472,Pangodi,K674,Tartu linn,K472__Pangodi__1,Pangodi,19,2,4,FALSE,11,4,FALSE,NA,NA,NA
K472,Pangodi,K674,Tartu linn,K472__Pikksaare__1,Pikksaare,18,2,5,FALSE,11,5,FALSE,NA,NA,NA
K472,Pangodi,K674,Tartu linn,K472__Kammeri__1,Kammeri,5,2,6,FALSE,3,6,FALSE,NA,NA,NA
K472,Pangodi,K674,Tartu linn,K472__Kavandu__1,Kavandu,4,2,7,FALSE,2,7,FALSE,NA,NA,NA
K472,Pangodi,K674,Tartu linn,K472__Koidu__1,Koidu,4,2,8,FALSE,2,8,FALSE,NA,NA,NA
K472,Pangodi,K674,Tartu linn,K472__Pangodi järv__1,Pangodi järv,3,1,9,FALSE,2,9,FALSE,NA,NA,NA
K472,Pangodi,K674,Tartu linn,K472__Palumäe__1,Palumäe,1,1,10,FALSE,1,10,FALSE,NA,NA,NA
K472,Pangodi,K674,Tartu linn,K472__Riiviku__1,Riiviku,1,1,11,FALSE,1,11,FALSE,NA,NA,NA
K472,Pangodi,K674,Tartu linn,K472__Sulu__1,Sulu,1,1,12,FALSE,NA,NA,NA,NA,NA,NA
K472,Pangodi,K674,Tartu linn,K472__Väike-Kodijärve__1,Väike-Kodijärve,1,1,13,FALSE,1,12,FALSE,NA,NA,NA
K473,Paralepa,K061,Haapsalu linn,K473__Nelgi__1,Nelgi,31,2,1,TRUE,18,1,TRUE,NA,NA,NA
K473,Paralepa,K061,Haapsalu linn,K473__Jäätmejaam__1,Jäätmejaam,30,2,2,FALSE,17,2,FALSE,NA,NA,NA
K473,Paralepa,K061,Haapsalu linn,K473__Kiltsi__1,Kiltsi,30,2,3,FALSE,17,3,FALSE,NA,NA,NA
K473,Paralepa,K061,Haapsalu linn,K473__Pullapää tee__1,Pullapää tee,30,2,4,FALSE,17,4,FALSE,NA,NA,NA
K473,Paralepa,K061,Haapsalu linn,K473__Raua__1,Raua,30,2,5,FALSE,17,5,FALSE,NA,NA,NA
K473,Paralepa,K061,Haapsalu linn,K473__Uue-Kiltsi__1,Uue-Kiltsi,30,2,6,FALSE,17,6,FALSE,NA,NA,NA
K473,Paralepa,K061,Haapsalu linn,K473__Valgevälja__1,Valgevälja,20,2,7,FALSE,10,8,FALSE,NA,NA,NA
K473,Paralepa,K061,Haapsalu linn,K473__Kiltsi tee__1,Kiltsi tee,12,1,8,FALSE,12,7,FALSE,NA,NA,NA
K473,Paralepa,K061,Haapsalu linn,K473__Valgevälja tee__1,Valgevälja tee,4,2,9,FALSE,4,9,FALSE,NA,NA,NA
K474,Parila,K663,Tallinn,K474__Parila__1,Parila,30,2,1,TRUE,15,1,TRUE,NA,NA,NA
K475,Parila,K061,Haapsalu linn,K475__Kitse__1,Kitse,20,2,1,TRUE,10,1,TRUE,NA,NA,NA
K475,Parila,K061,Haapsalu linn,K475__Parila__1,Parila,20,2,2,FALSE,10,2,FALSE,NA,NA,NA
K475,Parila,K061,Haapsalu linn,K475__Ridala__1,Ridala,20,2,3,FALSE,10,3,FALSE,NA,NA,NA
K475,Parila,K061,Haapsalu linn,K475__Viigardi__1,Viigardi,20,2,4,FALSE,10,4,FALSE,NA,NA,NA
K475,Parila,K061,Haapsalu linn,K475__Haeska teerist__1,Haeska teerist,12,2,5,FALSE,6,5,FALSE,NA,NA,NA
K475,Parila,K061,Haapsalu linn,K475__Vätsemäe__1,Vätsemäe,12,2,6,FALSE,6,6,FALSE,NA,NA,NA
K476,Paunküla,K663,Tallinn,K476__Paunküla__1,Paunküla,14,2,1,TRUE,6,1,TRUE,NA,NA,NA
K476,Paunküla,K663,Tallinn,K476__Rõõsa__1,Rõõsa,14,2,2,FALSE,6,2,FALSE,NA,NA,NA
K476,Paunküla,K663,Tallinn,K476__Veehoidla__1,Veehoidla,14,2,3,FALSE,6,3,FALSE,NA,NA,NA
K476,Paunküla,K663,Tallinn,K476__Paunküla kauplus__1,Paunküla kauplus,2,1,4,FALSE,NA,NA,NA,NA,NA,NA
K477,Peedu,K663,Tallinn,K477__Lehtmetsa__1,Lehtmetsa,4,2,1,TRUE,NA,NA,NA,NA,NA,NA
K477,Peedu,K663,Tallinn,K477__Pearna__1,Pearna,4,2,2,FALSE,NA,NA,NA,NA,NA,NA
K477,Peedu,K663,Tallinn,K477__Peedu__1,Peedu,4,2,3,FALSE,NA,NA,NA,NA,NA,NA
K479,Peeterristi,K422,Narva linn,K479__Peeterristi__1,Peeterristi,52,4,1,TRUE,32,1,TRUE,NA,NA,NA
K479,Peeterristi,K422,Narva linn,K479__Vodava__1,Vodava,49,2,2,FALSE,30,2,FALSE,NA,NA,NA
K479,Peeterristi,K422,Narva linn,K479__Peeterristi suvilad__1,Peeterristi suvilad,13,1,3,FALSE,13,3,FALSE,NA,NA,NA
K479,Peeterristi,K422,Narva linn,K479__Nädala__1,Nädala,11,2,4,FALSE,11,4,FALSE,NA,NA,NA
K479,Peeterristi,K422,Narva linn,K479__Elektron suvilad__1,Elektron suvilad,7,1,5,FALSE,7,5,FALSE,NA,NA,NA
K479,Peeterristi,K422,Narva linn,K479__Anil suvilad__1,Anil suvilad,6,1,6,FALSE,6,6,FALSE,NA,NA,NA
K479,Peeterristi,K422,Narva linn,K479__Riigiküla kalmistu__1,Riigiküla kalmistu,5,1,7,FALSE,5,7,FALSE,NA,NA,NA
K480,Peetri,K663,Tallinn,K480__Mõigu__1,Mõigu,133,1,1,TRUE,67,2,FALSE,NA,NA,NA
K480,Peetri,K663,Tallinn,K480__Annuse__1,Annuse,123,2,2,FALSE,61,3,FALSE,NA,NA,NA
K480,Peetri,K663,Tallinn,K480__Peetri__1,Peetri,123,2,3,FALSE,61,4,FALSE,NA,NA,NA
K480,Peetri,K663,Tallinn,K480__Lehmja__1,Lehmja,105,2,4,FALSE,60,6,FALSE,NA,NA,NA
K480,Peetri,K663,Tallinn,K480__Graniidi__1,Graniidi,101,3,5,FALSE,72,1,TRUE,NA,NA,NA
K480,Peetri,K663,Tallinn,K480__Allika__1,Allika,73,1,6,FALSE,60,5,FALSE,NA,NA,NA
K480,Peetri,K663,Tallinn,K480__Järveküla__1,Järveküla,67,2,7,FALSE,44,7,FALSE,NA,NA,NA
K480,Peetri,K663,Tallinn,K480__Järveküla kool__1,Järveküla kool,67,2,8,FALSE,44,8,FALSE,NA,NA,NA
K480,Peetri,K663,Tallinn,K480__Veski__1,Veski,67,2,9,FALSE,44,9,FALSE,NA,NA,NA
K480,Peetri,K663,Tallinn,K480__Assaku__1,Assaku,62,1,10,FALSE,NA,NA,NA,NA,NA,NA
K480,Peetri,K663,Tallinn,K480__Järvesuu__1,Järvesuu,46,2,11,FALSE,23,12,FALSE,NA,NA,NA
K480,Peetri,K663,Tallinn,K480__Järveveere__1,Järveveere,46,2,12,FALSE,23,13,FALSE,NA,NA,NA
K480,Peetri,K663,Tallinn,K480__Peetri kool__1,Peetri kool,43,2,13,FALSE,32,10,FALSE,NA,NA,NA
K480,Peetri,K663,Tallinn,K480__Uusmaa__1,Uusmaa,43,2,14,FALSE,32,11,FALSE,NA,NA,NA
K480,Peetri,K663,Tallinn,K480__Lehmja kool__1,Lehmja kool,31,2,15,FALSE,15,16,FALSE,NA,NA,NA
K480,Peetri,K663,Tallinn,K480__Jaani__1,Jaani,26,2,16,FALSE,13,17,FALSE,NA,NA,NA
K480,Peetri,K663,Tallinn,K480__Loopera__1,Loopera,26,2,17,FALSE,13,18,FALSE,NA,NA,NA
K480,Peetri,K663,Tallinn,K480__Rae mõis__1,Rae mõis,26,2,18,FALSE,13,19,FALSE,NA,NA,NA
K480,Peetri,K663,Tallinn,K480__Talipihlaka__1,Talipihlaka,26,2,19,FALSE,13,20,FALSE,NA,NA,NA
K480,Peetri,K663,Tallinn,K480__Viadukti__1,Viadukti,26,2,20,FALSE,13,21,FALSE,NA,NA,NA
K480,Peetri,K663,Tallinn,K480__Assaku__2,Assaku,24,2,21,FALSE,12,22,FALSE,NA,NA,NA
K480,Peetri,K663,Tallinn,K480__Hundisepa__1,Hundisepa,24,2,22,FALSE,12,23,FALSE,NA,NA,NA
K480,Peetri,K663,Tallinn,K480__Kindluse__1,Kindluse,22,2,23,FALSE,11,24,FALSE,NA,NA,NA
K480,Peetri,K663,Tallinn,K480__Liiva tee__1,Liiva tee,22,2,24,FALSE,11,26,FALSE,NA,NA,NA
K480,Peetri,K663,Tallinn,K480__Lõo__1,Lõo,22,2,25,FALSE,11,27,FALSE,NA,NA,NA
K480,Peetri,K663,Tallinn,K480__Orava__1,Orava,22,2,26,FALSE,11,28,FALSE,NA,NA,NA
K480,Peetri,K663,Tallinn,K480__Uuesalu__1,Uuesalu,22,1,27,FALSE,11,29,FALSE,NA,NA,NA
K480,Peetri,K663,Tallinn,K480__Krati__1,Krati,21,1,28,FALSE,21,14,FALSE,NA,NA,NA
K480,Peetri,K663,Tallinn,K480__Vägeva__1,Vägeva,21,1,29,FALSE,21,15,FALSE,NA,NA,NA
K480,Peetri,K663,Tallinn,K480__Küti__1,Küti,11,1,30,FALSE,11,25,FALSE,NA,NA,NA
K481,Peetri,K458,Paide linn,K481__Peetri__1,Peetri,12,2,1,TRUE,7,1,TRUE,NA,NA,NA
K481,Peetri,K458,Paide linn,K481__Peetri kool__1,Peetri kool,12,1,2,FALSE,7,2,FALSE,NA,NA,NA
K481,Peetri,K458,Paide linn,K481__Ammuta__1,Ammuta,7,2,3,FALSE,5,3,FALSE,NA,NA,NA
K481,Peetri,K458,Paide linn,K481__Küti__1,Küti,7,2,4,FALSE,5,4,FALSE,NA,NA,NA
K481,Peetri,K458,Paide linn,K481__Netse__1,Netse,7,2,5,FALSE,5,5,FALSE,NA,NA,NA
K481,Peetri,K458,Paide linn,K481__Saare__1,Saare,3,2,6,FALSE,1,7,FALSE,NA,NA,NA
K481,Peetri,K458,Paide linn,K481__Kadaka__1,Kadaka,2,1,7,FALSE,2,6,FALSE,NA,NA,NA
K482,Peipsiääre,K674,Tartu linn,K482__Arstipunkt__1,Arstipunkt,11,2,1,TRUE,5,1,TRUE,NA,NA,NA
K482,Peipsiääre,K674,Tartu linn,K482__Kasepää__1,Kasepää,11,2,2,FALSE,5,2,FALSE,NA,NA,NA
K482,Peipsiääre,K674,Tartu linn,K482__Kolkja__1,Kolkja,11,2,3,FALSE,5,3,FALSE,NA,NA,NA
K482,Peipsiääre,K674,Tartu linn,K482__Peipsiääre__1,Peipsiääre,11,2,4,FALSE,5,4,FALSE,NA,NA,NA
K482,Peipsiääre,K674,Tartu linn,K482__Sofia__1,Sofia,11,2,5,FALSE,5,5,FALSE,NA,NA,NA
K482,Peipsiääre,K674,Tartu linn,K482__Uus-Kasepää__1,Uus-Kasepää,11,2,6,FALSE,5,6,FALSE,NA,NA,NA
K482,Peipsiääre,K674,Tartu linn,K482__Varnja__1,Varnja,11,1,7,FALSE,5,7,FALSE,NA,NA,NA
K484,Peri,K523,Põlva linn,K484__Meemaste__1,Meemaste,21,4,1,TRUE,15,1,TRUE,NA,NA,NA
K484,Peri,K523,Põlva linn,K484__Peri__1,Peri,12,2,2,FALSE,8,2,FALSE,NA,NA,NA
K484,Peri,K523,Põlva linn,K484__Peri-Alaküla__1,Peri-Alaküla,10,2,3,FALSE,6,3,FALSE,NA,NA,NA
K484,Peri,K523,Põlva linn,K484__Peri kool__1,Peri kool,8,2,4,FALSE,5,4,FALSE,NA,NA,NA
K484,Peri,K523,Põlva linn,K484__Tromsi tee__1,Tromsi tee,4,2,5,FALSE,2,5,FALSE,NA,NA,NA
K484,Peri,K523,Põlva linn,K484__Sika__1,Sika,3,2,6,FALSE,1,6,FALSE,NA,NA,NA
K484,Peri,K523,Põlva linn,K484__Teeristi__1,Teeristi,2,1,7,FALSE,1,7,FALSE,NA,NA,NA
K484,Peri,K523,Põlva linn,K484__Tromsi küla__1,Tromsi küla,2,1,8,FALSE,1,8,FALSE,NA,NA,NA
K485,Pidula,K270,Kuressaare linn,K485__Taavi__1,Taavi,6,1,1,TRUE,4,1,TRUE,NA,NA,NA
K485,Pidula,K270,Kuressaare linn,K485__Karujärve__1,Karujärve,4,2,2,FALSE,2,3,FALSE,NA,NA,NA
K485,Pidula,K270,Kuressaare linn,K485__Kuumi teerist__1,Kuumi teerist,4,2,3,FALSE,2,4,FALSE,NA,NA,NA
K485,Pidula,K270,Kuressaare linn,K485__Üru__1,Üru,4,2,4,FALSE,3,2,FALSE,NA,NA,NA
K485,Pidula,K270,Kuressaare linn,K485__Kuremetsa__1,Kuremetsa,3,2,5,FALSE,1,5,FALSE,NA,NA,NA
K485,Pidula,K270,Kuressaare linn,K485__Kõõru__1,Kõõru,3,2,6,FALSE,1,6,FALSE,NA,NA,NA
K485,Pidula,K270,Kuressaare linn,K485__Odalätsi__1,Odalätsi,3,2,7,FALSE,1,7,FALSE,NA,NA,NA
K485,Pidula,K270,Kuressaare linn,K485__Pidula__1,Pidula,3,2,8,FALSE,1,8,FALSE,NA,NA,NA
K485,Pidula,K270,Kuressaare linn,K485__Pidula kalakasvatus__1,Pidula kalakasvatus,3,2,9,FALSE,1,9,FALSE,NA,NA,NA
K486,Pihtla,K270,Kuressaare linn,K486__Ilpla__1,Ilpla,4,2,1,TRUE,4,1,TRUE,NA,NA,NA
K486,Pihtla,K270,Kuressaare linn,K486__Kiritu__1,Kiritu,4,2,2,FALSE,4,2,FALSE,NA,NA,NA
K486,Pihtla,K270,Kuressaare linn,K486__Kuusiku__1,Kuusiku,4,2,3,FALSE,4,3,FALSE,NA,NA,NA
K486,Pihtla,K270,Kuressaare linn,K486__Linnatee__1,Linnatee,4,2,4,FALSE,4,4,FALSE,NA,NA,NA
K486,Pihtla,K270,Kuressaare linn,K486__Mõisa__1,Mõisa,4,2,5,FALSE,4,5,FALSE,NA,NA,NA
K486,Pihtla,K270,Kuressaare linn,K486__Pihtla__1,Pihtla,4,2,6,FALSE,4,6,FALSE,NA,NA,NA
K486,Pihtla,K270,Kuressaare linn,K486__Püha__1,Püha,4,2,7,FALSE,4,7,FALSE,NA,NA,NA
K487,Piibe,K663,Tallinn,K487__Järva__1,Järva,2,2,1,TRUE,NA,NA,NA,NA,NA,NA
K487,Piibe,K663,Tallinn,K487__Kõpsta__1,Kõpsta,2,2,2,FALSE,NA,NA,NA,NA,NA,NA
K487,Piibe,K663,Tallinn,K487__Lahu__1,Lahu,2,2,3,FALSE,NA,NA,NA,NA,NA,NA
K487,Piibe,K663,Tallinn,K487__Piibe__1,Piibe,2,2,4,FALSE,NA,NA,NA,NA,NA,NA
K487,Piibe,K663,Tallinn,K487__Piibe mõis__1,Piibe mõis,2,1,5,FALSE,NA,NA,NA,NA,NA,NA
K489,Piira,K545,Rakvere linn,K489__Piira__1,Piira,49,2,1,TRUE,36,1,TRUE,NA,NA,NA
K489,Piira,K545,Rakvere linn,K489__Karkuse tee__1,Karkuse tee,32,2,2,FALSE,23,2,FALSE,NA,NA,NA
K489,Piira,K545,Rakvere linn,K489__Sõpruse tee__1,Sõpruse tee,32,2,3,FALSE,23,3,FALSE,NA,NA,NA
K489,Piira,K545,Rakvere linn,K489__Rägavere tee__1,Rägavere tee,27,2,4,FALSE,14,5,FALSE,NA,NA,NA
K489,Piira,K545,Rakvere linn,K489__Mullikmäe__1,Mullikmäe,18,2,5,FALSE,14,4,FALSE,NA,NA,NA
K489,Piira,K545,Rakvere linn,K489__Vetiku__1,Vetiku,18,2,6,FALSE,14,6,FALSE,NA,NA,NA
K489,Piira,K545,Rakvere linn,K489__Koorejaam__1,Koorejaam,9,2,7,FALSE,5,7,FALSE,NA,NA,NA
K489,Piira,K545,Rakvere linn,K489__Mõdriku teerist__1,Mõdriku teerist,7,2,8,FALSE,5,8,FALSE,NA,NA,NA
K491,Piirsalu,K663,Tallinn,K491__Metskond__1,Metskond,6,2,1,TRUE,NA,NA,NA,NA,NA,NA
K491,Piirsalu,K663,Tallinn,K491__Nuki__1,Nuki,6,2,2,FALSE,NA,NA,NA,NA,NA,NA
K491,Piirsalu,K663,Tallinn,K491__Piirsalu__1,Piirsalu,6,2,3,FALSE,NA,NA,NA,NA,NA,NA
K492,Piiumetsa,K663,Tallinn,K492__Piiumetsa__1,Piiumetsa,2,1,1,TRUE,NA,NA,NA,NA,NA,NA
K492,Piiumetsa,K663,Tallinn,K492__Piiumetsa mõis__1,Piiumetsa mõis,2,1,2,FALSE,NA,NA,NA,NA,NA,NA
K492,Piiumetsa,K663,Tallinn,K492__Roovere__1,Roovere,2,1,3,FALSE,NA,NA,NA,NA,NA,NA
K492,Piiumetsa,K663,Tallinn,K492__Saviaugu__1,Saviaugu,2,1,4,FALSE,NA,NA,NA,NA,NA,NA
K493,Pikasilla,K674,Tartu linn,K493__Pikasilla__1,Pikasilla,12,2,1,TRUE,3,1,TRUE,NA,NA,NA
K493,Pikasilla,K674,Tartu linn,K493__Kiisa__1,Kiisa,5,2,2,FALSE,NA,NA,NA,NA,NA,NA
K494,Pikavere,K663,Tallinn,K494__Tasuja__1,Tasuja,10,2,1,TRUE,5,1,TRUE,NA,NA,NA
K494,Pikavere,K663,Tallinn,K494__Laasu tee__1,Laasu tee,7,2,2,FALSE,2,6,FALSE,NA,NA,NA
K494,Pikavere,K663,Tallinn,K494__Puidutööstus__1,Puidutööstus,7,2,3,FALSE,2,8,FALSE,NA,NA,NA
K494,Pikavere,K663,Tallinn,K494__Perila__1,Perila,6,2,4,FALSE,3,2,FALSE,NA,NA,NA
K494,Pikavere,K663,Tallinn,K494__Pikavere__1,Pikavere,6,2,5,FALSE,3,3,FALSE,NA,NA,NA
K494,Pikavere,K663,Tallinn,K494__Rätla__1,Rätla,6,2,6,FALSE,3,4,FALSE,NA,NA,NA
K494,Pikavere,K663,Tallinn,K494__Veskimäe__1,Veskimäe,6,2,7,FALSE,3,5,FALSE,NA,NA,NA
K494,Pikavere,K663,Tallinn,K494__Liivaaugu__1,Liivaaugu,4,2,8,FALSE,2,7,FALSE,NA,NA,NA
K495,Pikevere,K663,Tallinn,K495__Ilmandu__1,Ilmandu,8,2,1,TRUE,NA,NA,NA,NA,NA,NA
K495,Pikevere,K663,Tallinn,K495__Pikevere__1,Pikevere,8,2,2,FALSE,NA,NA,NA,NA,NA,NA
K495,Pikevere,K663,Tallinn,K495__Raigu__1,Raigu,8,2,3,FALSE,NA,NA,NA,NA,NA,NA
K495,Pikevere,K663,Tallinn,K495__Varangu__1,Varangu,8,2,4,FALSE,NA,NA,NA,NA,NA,NA
K495,Pikevere,K663,Tallinn,K495__Aavere__1,Aavere,2,1,5,FALSE,NA,NA,NA,NA,NA,NA
K495,Pikevere,K663,Tallinn,K495__Pikevere teerist__1,Pikevere teerist,2,1,6,FALSE,NA,NA,NA,NA,NA,NA
K496,Pilistvere,K663,Tallinn,K496__Pilistvere__1,Pilistvere,9,2,1,TRUE,NA,NA,NA,NA,NA,NA
K496,Pilistvere,K663,Tallinn,K496__Kalmistu__1,Kalmistu,5,1,2,FALSE,NA,NA,NA,NA,NA,NA
K497,Pillapalu,K663,Tallinn,K497__Mustjõe__1,Mustjõe,30,2,1,TRUE,15,1,TRUE,NA,NA,NA
K497,Pillapalu,K663,Tallinn,K497__Pillapalu__1,Pillapalu,2,2,2,FALSE,NA,NA,NA,NA,NA,NA
K497,Pillapalu,K663,Tallinn,K497__Pillapalu kauplus__1,Pillapalu kauplus,2,1,3,FALSE,NA,NA,NA,NA,NA,NA
K497,Pillapalu,K663,Tallinn,K497__Pillapalu küla__1,Pillapalu küla,2,1,4,FALSE,NA,NA,NA,NA,NA,NA
K499,Polli,K789,Viljandi linn,K499__Polli__1,Polli,8,1,1,TRUE,3,1,TRUE,NA,NA,NA
K499,Polli,K789,Viljandi linn,K499__Seedri__1,Seedri,8,2,2,FALSE,3,2,FALSE,NA,NA,NA
K501,Pootsi,K531,Pärnu linn,K501__Kaapre tee__1,Kaapre tee,19,2,1,TRUE,9,1,TRUE,NA,NA,NA
K501,Pootsi,K531,Pärnu linn,K501__Kuusiku__1,Kuusiku,19,2,2,FALSE,9,2,FALSE,NA,NA,NA
K501,Pootsi,K531,Pärnu linn,K501__Pootsi__1,Pootsi,19,2,3,FALSE,9,3,FALSE,NA,NA,NA
K501,Pootsi,K531,Pärnu linn,K501__Kordoni__1,Kordoni,10,2,4,FALSE,5,4,FALSE,NA,NA,NA
K501,Pootsi,K531,Pärnu linn,K501__Munalaiu__1,Munalaiu,10,1,5,FALSE,5,5,FALSE,NA,NA,NA
K501,Pootsi,K531,Pärnu linn,K501__Munalaiu tee__1,Munalaiu tee,10,2,6,FALSE,5,6,FALSE,NA,NA,NA
K501,Pootsi,K531,Pärnu linn,K501__Munalaiu sadam__1,Munalaiu sadam,8,1,7,FALSE,NA,NA,NA,NA,NA,NA
K502,Porkuni,K663,Tallinn,K502__Vistla__1,Vistla,18,2,1,TRUE,NA,NA,NA,NA,NA,NA
K502,Porkuni,K663,Tallinn,K502__Käbikuivati__1,Käbikuivati,11,2,2,FALSE,NA,NA,NA,NA,NA,NA
K502,Porkuni,K663,Tallinn,K502__Porkuni__1,Porkuni,11,2,3,FALSE,NA,NA,NA,NA,NA,NA
K502,Porkuni,K663,Tallinn,K502__Vistla teerist__1,Vistla teerist,11,2,4,FALSE,NA,NA,NA,NA,NA,NA
K502,Porkuni,K663,Tallinn,K502__Porkuni kool__1,Porkuni kool,7,2,5,FALSE,NA,NA,NA,NA,NA,NA
K502,Porkuni,K663,Tallinn,K502__Kruusmanni__1,Kruusmanni,4,1,6,FALSE,NA,NA,NA,NA,NA,NA
K505,Prangli,K674,Tartu linn,K505__Prangli__1,Prangli,2,2,1,TRUE,NA,NA,NA,NA,NA,NA
K505,Prangli,K674,Tartu linn,K505__Sepikoja__1,Sepikoja,2,2,2,FALSE,NA,NA,NA,NA,NA,NA
K505,Prangli,K674,Tartu linn,K505__Jaani__1,Jaani,1,1,3,FALSE,1,1,TRUE,NA,NA,NA
K505,Prangli,K674,Tartu linn,K505__Küka__1,Küka,1,1,4,FALSE,1,2,FALSE,NA,NA,NA
K506,Priipalu,K740,Valga linn,K506__Killinge__1,Killinge,6,2,1,TRUE,3,1,TRUE,NA,NA,NA
K506,Priipalu,K740,Valga linn,K506__Priipalu__1,Priipalu,6,2,2,FALSE,3,2,FALSE,NA,NA,NA
K507,Pringi,K663,Tallinn,K507__Liivaranna__1,Liivaranna,136,2,1,TRUE,24,1,TRUE,NA,NA,NA
K507,Pringi,K663,Tallinn,K507__Ranna__1,Ranna,136,2,2,FALSE,24,3,FALSE,NA,NA,NA
K507,Pringi,K663,Tallinn,K507__Rannarahva__1,Rannarahva,136,2,3,FALSE,24,4,FALSE,NA,NA,NA
K507,Pringi,K663,Tallinn,K507__Suureniidu__1,Suureniidu,136,3,4,FALSE,24,8,FALSE,NA,NA,NA
K507,Pringi,K663,Tallinn,K507__Suurevälja__1,Suurevälja,136,2,5,FALSE,24,9,FALSE,NA,NA,NA
K507,Pringi,K663,Tallinn,K507__Püünsi__1,Püünsi,82,2,6,FALSE,24,2,FALSE,NA,NA,NA
K507,Pringi,K663,Tallinn,K507__Rohuneeme__1,Rohuneeme,82,1,7,FALSE,24,5,FALSE,NA,NA,NA
K507,Pringi,K663,Tallinn,K507__Rohuneeme kauplus__1,Rohuneeme kauplus,82,2,8,FALSE,24,6,FALSE,NA,NA,NA
K507,Pringi,K663,Tallinn,K507__Rohuneeme sadam__1,Rohuneeme sadam,82,2,9,FALSE,24,7,FALSE,NA,NA,NA
K507,Pringi,K663,Tallinn,K507__Tamme__1,Tamme,68,1,10,FALSE,NA,NA,NA,NA,NA,NA
K507,Pringi,K663,Tallinn,K507__Püünsi kool__1,Püünsi kool,54,2,11,FALSE,NA,NA,NA,NA,NA,NA
K507,Pringi,K663,Tallinn,K507__Vardi__1,Vardi,54,2,12,FALSE,NA,NA,NA,NA,NA,NA
K509,Puhja,K674,Tartu linn,K509__Ristimäe__1,Ristimäe,33,2,1,TRUE,17,2,FALSE,NA,NA,NA
K509,Puhja,K674,Tartu linn,K509__Puhja__1,Puhja,31,2,2,FALSE,17,1,TRUE,NA,NA,NA
K509,Puhja,K674,Tartu linn,K509__Mõisanurme__1,Mõisanurme,27,2,3,FALSE,15,3,FALSE,NA,NA,NA
K509,Puhja,K674,Tartu linn,K509__Mäeselja__1,Mäeselja,9,2,4,FALSE,6,4,FALSE,NA,NA,NA
K509,Puhja,K674,Tartu linn,K509__Puhja asula__1,Puhja asula,9,2,5,FALSE,6,5,FALSE,NA,NA,NA
K509,Puhja,K674,Tartu linn,K509__Järvaküla__1,Järvaküla,6,2,6,FALSE,3,7,FALSE,NA,NA,NA
K509,Puhja,K674,Tartu linn,K509__Puhja kool__1,Puhja kool,6,1,7,FALSE,4,6,FALSE,NA,NA,NA
K509,Puhja,K674,Tartu linn,K509__Aruküla__1,Aruküla,4,2,8,FALSE,2,8,FALSE,NA,NA,NA
K509,Puhja,K674,Tartu linn,K509__Poriküla__1,Poriküla,1,1,9,FALSE,NA,NA,NA,NA,NA,NA
K509,Puhja,K674,Tartu linn,K509__Võllinge__1,Võllinge,1,1,10,FALSE,NA,NA,NA,NA,NA,NA
K510,Puhkova,K422,Narva linn,K510__Augametsa__1,Augametsa,12,1,1,TRUE,6,1,TRUE,NA,NA,NA
K510,Puhkova,K422,Narva linn,K510__Merevaigu__1,Merevaigu,12,2,2,FALSE,6,2,FALSE,NA,NA,NA
K510,Puhkova,K422,Narva linn,K510__Baltika suvilad__1,Baltika suvilad,6,1,3,FALSE,4,3,FALSE,NA,NA,NA
K511,Puiatu,K789,Viljandi linn,K511__Kuuse__1,Kuuse,10,2,1,TRUE,5,1,TRUE,NA,NA,NA
K511,Puiatu,K789,Viljandi linn,K511__Puiatu__1,Puiatu,10,2,2,FALSE,5,2,FALSE,NA,NA,NA
K511,Puiatu,K789,Viljandi linn,K511__Puiatu majad__1,Puiatu majad,10,2,3,FALSE,5,3,FALSE,NA,NA,NA
K511,Puiatu,K789,Viljandi linn,K511__Puiatu tee__1,Puiatu tee,10,2,4,FALSE,5,4,FALSE,NA,NA,NA
K511,Puiatu,K789,Viljandi linn,K511__Rihkama__1,Rihkama,10,2,5,FALSE,5,5,FALSE,NA,NA,NA
K511,Puiatu,K789,Viljandi linn,K511__Tamme__1,Tamme,10,4,6,FALSE,5,6,FALSE,NA,NA,NA
K511,Puiatu,K789,Viljandi linn,K511__Erikooli__1,Erikooli,6,2,7,FALSE,2,9,FALSE,NA,NA,NA
K511,Puiatu,K789,Viljandi linn,K511__Kuusevälja__1,Kuusevälja,6,2,8,FALSE,3,7,FALSE,NA,NA,NA
K511,Puiatu,K789,Viljandi linn,K511__Kõpu teerist__1,Kõpu teerist,6,2,9,FALSE,2,10,FALSE,NA,NA,NA
K511,Puiatu,K789,Viljandi linn,K511__Sonni__1,Sonni,6,2,10,FALSE,3,8,FALSE,NA,NA,NA
K511,Puiatu,K789,Viljandi linn,K511__Kungla__1,Kungla,5,2,11,FALSE,1,15,FALSE,NA,NA,NA
K511,Puiatu,K789,Viljandi linn,K511__Nutru__1,Nutru,5,2,12,FALSE,1,16,FALSE,NA,NA,NA
K511,Puiatu,K789,Viljandi linn,K511__Tohvri__1,Tohvri,5,2,13,FALSE,1,17,FALSE,NA,NA,NA
K511,Puiatu,K789,Viljandi linn,K511__Marna__1,Marna,4,2,14,FALSE,2,11,FALSE,NA,NA,NA
K511,Puiatu,K789,Viljandi linn,K511__Ristivälja__1,Ristivälja,4,2,15,FALSE,2,12,FALSE,NA,NA,NA
K511,Puiatu,K789,Viljandi linn,K511__Süteoja__1,Süteoja,4,2,16,FALSE,2,13,FALSE,NA,NA,NA
K511,Puiatu,K789,Viljandi linn,K511__Torimo__1,Torimo,4,2,17,FALSE,2,14,FALSE,NA,NA,NA
K512,Puide,K740,Valga linn,K512__Ristimäe__1,Ristimäe,18,2,1,TRUE,10,1,TRUE,NA,NA,NA
K512,Puide,K740,Valga linn,K512__Käärikmäe__1,Käärikmäe,16,2,2,FALSE,9,2,FALSE,NA,NA,NA
K512,Puide,K740,Valga linn,K512__Liisu__1,Liisu,13,2,3,FALSE,7,3,FALSE,NA,NA,NA
K512,Puide,K740,Valga linn,K512__Alamõisa__1,Alamõisa,5,2,4,FALSE,1,4,FALSE,NA,NA,NA
K512,Puide,K740,Valga linn,K512__Musti__1,Musti,5,2,5,FALSE,1,5,FALSE,NA,NA,NA
K512,Puide,K740,Valga linn,K512__Nilbi__1,Nilbi,1,1,6,FALSE,1,6,FALSE,NA,NA,NA
K513,Puiga-Meegomäe,K813,Võru linn,K513__Haigla__1,Haigla,49,1,1,TRUE,48,1,TRUE,NA,NA,NA
K513,Puiga-Meegomäe,K813,Võru linn,K513__Meegomäe__1,Meegomäe,46,2,2,FALSE,46,2,FALSE,NA,NA,NA
K513,Puiga-Meegomäe,K813,Võru linn,K513__Kasaritsa__1,Kasaritsa,29,2,3,FALSE,28,3,FALSE,NA,NA,NA
K513,Puiga-Meegomäe,K813,Võru linn,K513__Puiga__1,Puiga,29,1,4,FALSE,28,4,FALSE,NA,NA,NA
K513,Puiga-Meegomäe,K813,Võru linn,K513__Metsa__1,Metsa,25,2,5,FALSE,24,5,FALSE,NA,NA,NA
K513,Puiga-Meegomäe,K813,Võru linn,K513__Käätso__1,Käätso,22,2,6,FALSE,14,6,FALSE,NA,NA,NA
K513,Puiga-Meegomäe,K813,Võru linn,K513__Lompka__1,Lompka,12,2,7,FALSE,7,12,FALSE,NA,NA,NA
K513,Puiga-Meegomäe,K813,Võru linn,K513__Jugo__1,Jugo,11,2,8,FALSE,8,8,FALSE,NA,NA,NA
K513,Puiga-Meegomäe,K813,Võru linn,K513__Kose__1,Kose,11,1,9,FALSE,11,7,FALSE,NA,NA,NA
K513,Puiga-Meegomäe,K813,Võru linn,K513__Kusma__1,Kusma,11,2,10,FALSE,8,9,FALSE,NA,NA,NA
K513,Puiga-Meegomäe,K813,Võru linn,K513__Teeääre__1,Teeääre,8,2,11,FALSE,8,10,FALSE,NA,NA,NA
K513,Puiga-Meegomäe,K813,Võru linn,K513__Kooli__1,Kooli,7,2,12,FALSE,7,11,FALSE,NA,NA,NA
K513,Puiga-Meegomäe,K813,Võru linn,K513__Raudsepa__1,Raudsepa,7,2,13,FALSE,7,13,FALSE,NA,NA,NA
K513,Puiga-Meegomäe,K813,Võru linn,K513__Tammoro__1,Tammoro,7,2,14,FALSE,7,14,FALSE,NA,NA,NA
K513,Puiga-Meegomäe,K813,Võru linn,K513__Hannuste__1,Hannuste,4,2,15,FALSE,4,15,FALSE,NA,NA,NA
K513,Puiga-Meegomäe,K813,Võru linn,K513__Juba__1,Juba,2,1,16,FALSE,2,16,FALSE,NA,NA,NA
K514,Puise,K061,Haapsalu linn,K514__Kalaspordibaas__1,Kalaspordibaas,3,2,1,TRUE,3,1,TRUE,NA,NA,NA
K514,Puise,K061,Haapsalu linn,K514__Puise__1,Puise,3,2,2,FALSE,3,2,FALSE,NA,NA,NA
K514,Puise,K061,Haapsalu linn,K514__Puise nina__1,Puise nina,3,1,3,FALSE,3,3,FALSE,NA,NA,NA
K514,Puise,K061,Haapsalu linn,K514__Põgari-Sassi__1,Põgari-Sassi,3,2,4,FALSE,3,4,FALSE,NA,NA,NA
K514,Puise,K061,Haapsalu linn,K514__Tõnnu__1,Tõnnu,3,2,5,FALSE,3,5,FALSE,NA,NA,NA
K515,Puka,K674,Tartu linn,K515__Puka__1,Puka,22,3,1,TRUE,4,1,TRUE,NA,NA,NA
K515,Puka,K674,Tartu linn,K515__Puka tee__1,Puka tee,13,4,2,FALSE,3,3,FALSE,NA,NA,NA
K515,Puka,K674,Tartu linn,K515__Ruuna__1,Ruuna,9,2,3,FALSE,NA,NA,NA,NA,NA,NA
K515,Puka,K674,Tartu linn,K515__Saarelaane__1,Saarelaane,9,2,4,FALSE,NA,NA,NA,NA,NA,NA
K515,Puka,K674,Tartu linn,K515__Rahvamaja__1,Rahvamaja,8,1,5,FALSE,NA,NA,NA,NA,NA,NA
K515,Puka,K674,Tartu linn,K515__Komsi__1,Komsi,6,2,6,FALSE,NA,NA,NA,NA,NA,NA
K515,Puka,K674,Tartu linn,K515__Kõrepi__1,Kõrepi,6,2,7,FALSE,3,2,FALSE,NA,NA,NA
K515,Puka,K674,Tartu linn,K515__Veska__1,Veska,6,4,8,FALSE,NA,NA,NA,NA,NA,NA
K515,Puka,K674,Tartu linn,K515__Villemsilla__1,Villemsilla,6,2,9,FALSE,3,4,FALSE,NA,NA,NA
K515,Puka,K674,Tartu linn,K515__Kadajärve__1,Kadajärve,3,2,10,FALSE,NA,NA,NA,NA,NA,NA
K515,Puka,K674,Tartu linn,K515__Kähri__1,Kähri,3,2,11,FALSE,NA,NA,NA,NA,NA,NA
K515,Puka,K674,Tartu linn,K515__Meegaste__1,Meegaste,3,2,12,FALSE,NA,NA,NA,NA,NA,NA
K515,Puka,K674,Tartu linn,K515__Orumäe__1,Orumäe,3,2,13,FALSE,NA,NA,NA,NA,NA,NA
K515,Puka,K674,Tartu linn,K515__Soontaga__1,Soontaga,3,1,14,FALSE,NA,NA,NA,NA,NA,NA
K516,Purku,K663,Tallinn,K516__Koikse tee__1,Koikse tee,18,2,1,TRUE,2,1,TRUE,NA,NA,NA
K516,Purku,K663,Tallinn,K516__Purku__1,Purku,18,1,2,FALSE,2,2,FALSE,NA,NA,NA
K516,Purku,K663,Tallinn,K516__Põlma__1,Põlma,18,2,3,FALSE,2,3,FALSE,NA,NA,NA
K516,Purku,K663,Tallinn,K516__Vahakõnnu__1,Vahakõnnu,18,2,4,FALSE,2,4,FALSE,NA,NA,NA
K516,Purku,K663,Tallinn,K516__Lihuveski__1,Lihuveski,9,1,5,FALSE,NA,NA,NA,NA,NA,NA
K516,Purku,K663,Tallinn,K516__Sobli__1,Sobli,2,2,6,FALSE,NA,NA,NA,NA,NA,NA
K516,Purku,K663,Tallinn,K516__Kaaritsa__1,Kaaritsa,1,1,7,FALSE,NA,NA,NA,NA,NA,NA
K517,Purtse,K213,Kiviõli linn,K517__Purtse pood__1,Purtse pood,13,2,1,TRUE,5,2,FALSE,NA,NA,NA
K517,Purtse,K213,Kiviõli linn,K517__Liiva__1,Liiva,11,2,2,FALSE,5,1,TRUE,NA,NA,NA
K517,Purtse,K213,Kiviõli linn,K517__Kiviõli teerist__1,Kiviõli teerist,7,1,3,FALSE,2,9,FALSE,NA,NA,NA
K517,Purtse,K213,Kiviõli linn,K517__Kõrkküla__1,Kõrkküla,7,2,4,FALSE,3,4,FALSE,NA,NA,NA
K517,Purtse,K213,Kiviõli linn,K517__Mehide__1,Mehide,7,2,5,FALSE,3,5,FALSE,NA,NA,NA
K517,Purtse,K213,Kiviõli linn,K517__Purtse__1,Purtse,7,2,6,FALSE,3,6,FALSE,NA,NA,NA
K517,Purtse,K213,Kiviõli linn,K517__Purtse kindlus__1,Purtse kindlus,7,2,7,FALSE,3,7,FALSE,NA,NA,NA
K517,Purtse,K213,Kiviõli linn,K517__Purtse küla__1,Purtse küla,7,2,8,FALSE,3,8,FALSE,NA,NA,NA
K517,Purtse,K213,Kiviõli linn,K517__Adru__1,Adru,6,1,9,FALSE,3,3,FALSE,NA,NA,NA
K517,Purtse,K213,Kiviõli linn,K517__Matka__1,Matka,5,2,10,FALSE,2,10,FALSE,NA,NA,NA
K518,Puru,K118,Jõhvi linn,K518__Puru-Jaamaküla__1,Puru-Jaamaküla,23,2,1,TRUE,13,1,TRUE,NA,NA,NA
K518,Puru,K118,Jõhvi linn,K518__Ilmajaama__1,Ilmajaama,20,1,2,FALSE,2,4,FALSE,NA,NA,NA
K518,Puru,K118,Jõhvi linn,K518__Tammiku põik__1,Tammiku põik,12,2,3,FALSE,11,3,FALSE,NA,NA,NA
K518,Puru,K118,Jõhvi linn,K518__Puru küla__1,Puru küla,11,1,4,FALSE,11,2,FALSE,NA,NA,NA
K519,Puurmani,K674,Tartu linn,K519__Puurmani rist__1,Puurmani rist,26,2,1,TRUE,9,1,TRUE,NA,NA,NA
K519,Puurmani,K674,Tartu linn,K519__Puurmani__1,Puurmani,24,1,2,FALSE,5,4,FALSE,NA,NA,NA
K519,Puurmani,K674,Tartu linn,K519__Kaarli__1,Kaarli,14,2,3,FALSE,3,6,FALSE,NA,NA,NA
K519,Puurmani,K674,Tartu linn,K519__Pikknurme__1,Pikknurme,14,2,4,FALSE,3,7,FALSE,NA,NA,NA
K519,Puurmani,K674,Tartu linn,K519__Puraviku__1,Puraviku,14,2,5,FALSE,3,8,FALSE,NA,NA,NA
K519,Puurmani,K674,Tartu linn,K519__Puurmani sild__1,Puurmani sild,12,2,6,FALSE,5,5,FALSE,NA,NA,NA
K519,Puurmani,K674,Tartu linn,K519__Altnurga__1,Altnurga,11,2,7,FALSE,5,2,FALSE,NA,NA,NA
K519,Puurmani,K674,Tartu linn,K519__Kaasiku__1,Kaasiku,11,2,8,FALSE,5,3,FALSE,NA,NA,NA
K519,Puurmani,K674,Tartu linn,K519__Kursi tee__1,Kursi tee,10,2,9,FALSE,NA,NA,NA,NA,NA,NA
K519,Puurmani,K674,Tartu linn,K519__Laasme__1,Laasme,10,2,10,FALSE,NA,NA,NA,NA,NA,NA
K519,Puurmani,K674,Tartu linn,K519__Tammiku__1,Tammiku,10,2,11,FALSE,NA,NA,NA,NA,NA,NA
K519,Puurmani,K674,Tartu linn,K519__Trummi__1,Trummi,10,2,12,FALSE,NA,NA,NA,NA,NA,NA
K519,Puurmani,K674,Tartu linn,K519__Vilga__1,Vilga,10,2,13,FALSE,NA,NA,NA,NA,NA,NA
K519,Puurmani,K674,Tartu linn,K519__Tammiku tee__1,Tammiku tee,7,2,14,FALSE,NA,NA,NA,NA,NA,NA
K519,Puurmani,K674,Tartu linn,K519__Koidu__1,Koidu,4,2,15,FALSE,NA,NA,NA,NA,NA,NA
K519,Puurmani,K674,Tartu linn,K519__Ausi__1,Ausi,3,2,16,FALSE,NA,NA,NA,NA,NA,NA
K519,Puurmani,K674,Tartu linn,K519__Kursi__1,Kursi,3,2,17,FALSE,NA,NA,NA,NA,NA,NA
K519,Puurmani,K674,Tartu linn,K519__Tõrve__1,Tõrve,3,2,18,FALSE,NA,NA,NA,NA,NA,NA
K519,Puurmani,K674,Tartu linn,K519__Kivi__1,Kivi,2,2,19,FALSE,NA,NA,NA,NA,NA,NA
K519,Puurmani,K674,Tartu linn,K519__Kursi kalmistu__1,Kursi kalmistu,2,2,20,FALSE,NA,NA,NA,NA,NA,NA
K520,Põlgaste,K674,Tartu linn,K520__Liismiti__1,Liismiti,6,2,1,TRUE,NA,NA,NA,NA,NA,NA
K520,Põlgaste,K674,Tartu linn,K520__Põlgaste__1,Põlgaste,6,2,2,FALSE,NA,NA,NA,NA,NA,NA
K520,Põlgaste,K674,Tartu linn,K520__Sikajala__1,Sikajala,4,2,3,FALSE,NA,NA,NA,NA,NA,NA
K520,Põlgaste,K674,Tartu linn,K520__Varbuse__1,Varbuse,3,1,4,FALSE,NA,NA,NA,NA,NA,NA
K520,Põlgaste,K674,Tartu linn,K520__Laeva__1,Laeva,2,1,5,FALSE,NA,NA,NA,NA,NA,NA
K520,Põlgaste,K674,Tartu linn,K520__Laaneniidu__1,Laaneniidu,1,1,6,FALSE,NA,NA,NA,NA,NA,NA
K520,Põlgaste,K674,Tartu linn,K520__Varbuse mõis__1,Varbuse mõis,1,1,7,FALSE,NA,NA,NA,NA,NA,NA
K521,Põltsamaa linn,K521,Põltsamaa linn,K521__Põltsamaa__1,Põltsamaa,111,1,1,TRUE,NA,NA,NA,75,1,TRUE
K521,Põltsamaa linn,K521,Põltsamaa linn,K521__Puhu rist__1,Puhu rist,48,3,2,FALSE,NA,NA,NA,27,2,FALSE
K521,Põltsamaa linn,K521,Põltsamaa linn,K521__Lossi__1,Lossi,35,2,3,FALSE,NA,NA,NA,26,3,FALSE
K521,Põltsamaa linn,K521,Põltsamaa linn,K521__Kuuse tn__1,Kuuse tn,21,2,4,FALSE,NA,NA,NA,13,4,FALSE
K521,Põltsamaa linn,K521,Põltsamaa linn,K521__Vali Press__1,Vali Press,20,2,5,FALSE,NA,NA,NA,12,5,FALSE
K521,Põltsamaa linn,K521,Põltsamaa linn,K521__Viljandi mnt.__1,Viljandi mnt.,18,1,6,FALSE,NA,NA,NA,NA,NA,NA
K521,Põltsamaa linn,K521,Põltsamaa linn,K521__Haigla__1,Haigla,11,2,7,FALSE,NA,NA,NA,3,6,FALSE
K521,Põltsamaa linn,K521,Põltsamaa linn,K521__Rüütli pood__1,Rüütli pood,11,1,8,FALSE,NA,NA,NA,NA,NA,NA
K521,Põltsamaa linn,K521,Põltsamaa linn,K521__Linnavalitsus__1,Linnavalitsus,9,1,9,FALSE,NA,NA,NA,3,7,FALSE
K522,Põltsamaa ümbrus,K521,Põltsamaa linn,K522__Puhu rist__1,Puhu rist,52,2,1,TRUE,3,20,FALSE,NA,NA,NA
K522,Põltsamaa ümbrus,K521,Põltsamaa linn,K522__Kuningamäe__1,Kuningamäe,26,2,2,FALSE,18,1,TRUE,NA,NA,NA
K522,Põltsamaa ümbrus,K521,Põltsamaa linn,K522__Pällusaare__1,Pällusaare,20,2,3,FALSE,13,4,FALSE,NA,NA,NA
K522,Põltsamaa ümbrus,K521,Põltsamaa linn,K522__Alliksaare__1,Alliksaare,17,2,4,FALSE,10,6,FALSE,NA,NA,NA
K522,Põltsamaa ümbrus,K521,Põltsamaa linn,K522__Mõhküla__1,Mõhküla,17,2,5,FALSE,10,7,FALSE,NA,NA,NA
K522,Põltsamaa ümbrus,K521,Põltsamaa linn,K522__Sillaotsa__1,Sillaotsa,16,2,6,FALSE,12,5,FALSE,NA,NA,NA
K522,Põltsamaa ümbrus,K521,Põltsamaa linn,K522__Pauastvere__1,Pauastvere,15,4,7,FALSE,9,11,FALSE,NA,NA,NA
K522,Põltsamaa ümbrus,K521,Põltsamaa linn,K522__Jaagu__1,Jaagu,14,2,8,FALSE,9,8,FALSE,NA,NA,NA
K522,Põltsamaa ümbrus,K521,Põltsamaa linn,K522__Lustivere tee__1,Lustivere tee,14,2,9,FALSE,9,9,FALSE,NA,NA,NA
K522,Põltsamaa ümbrus,K521,Põltsamaa linn,K522__Mällikvere__1,Mällikvere,14,2,10,FALSE,13,2,FALSE,NA,NA,NA
K522,Põltsamaa ümbrus,K521,Põltsamaa linn,K522__Palgimäe__1,Palgimäe,14,2,11,FALSE,9,10,FALSE,NA,NA,NA
K522,Põltsamaa ümbrus,K521,Põltsamaa linn,K522__Priksu__1,Priksu,14,2,12,FALSE,13,3,FALSE,NA,NA,NA
K522,Põltsamaa ümbrus,K521,Põltsamaa linn,K522__Arukse__1,Arukse,11,2,13,FALSE,6,15,FALSE,NA,NA,NA
K522,Põltsamaa ümbrus,K521,Põltsamaa linn,K522__Annikvere väljad__1,Annikvere väljad,9,2,14,FALSE,6,14,FALSE,NA,NA,NA
K522,Põltsamaa ümbrus,K521,Põltsamaa linn,K522__Annikvere__1,Annikvere,8,2,15,FALSE,7,12,FALSE,NA,NA,NA
K522,Põltsamaa ümbrus,K521,Põltsamaa linn,K522__Võhmanõmme__1,Võhmanõmme,8,2,16,FALSE,7,13,FALSE,NA,NA,NA
K522,Põltsamaa ümbrus,K521,Põltsamaa linn,K522__Alastvere__1,Alastvere,4,2,17,FALSE,3,16,FALSE,NA,NA,NA
K522,Põltsamaa ümbrus,K521,Põltsamaa linn,K522__Linavästriku__1,Linavästriku,4,2,18,FALSE,3,18,FALSE,NA,NA,NA
K522,Põltsamaa ümbrus,K521,Põltsamaa linn,K522__Piiroja__1,Piiroja,4,2,19,FALSE,3,19,FALSE,NA,NA,NA
K522,Põltsamaa ümbrus,K521,Põltsamaa linn,K522__Andrese tee__1,Andrese tee,3,1,20,FALSE,3,17,FALSE,NA,NA,NA
K523,Põlva linn,K523,Põlva linn,K523__Põlva bussijaam__1,Põlva bussijaam,134,1,1,TRUE,NA,NA,NA,64,1,TRUE
K523,Põlva linn,K523,Põlva linn,K523__Kooli__1,Kooli,101,2,2,FALSE,NA,NA,NA,44,2,FALSE
K523,Põlva linn,K523,Põlva linn,K523__Põlva keskus__1,Põlva keskus,84,2,3,FALSE,NA,NA,NA,33,3,FALSE
K523,Põlva linn,K523,Põlva linn,K523__Lina__1,Lina,82,2,4,FALSE,NA,NA,NA,31,4,FALSE
K523,Põlva linn,K523,Põlva linn,K523__Jaama__1,Jaama,76,2,5,FALSE,NA,NA,NA,27,5,FALSE
K523,Põlva linn,K523,Põlva linn,K523__Selvehall__1,Selvehall,76,2,6,FALSE,NA,NA,NA,27,6,FALSE
K523,Põlva linn,K523,Põlva linn,K523__Põlva raudteejaam__1,Põlva raudteejaam,51,1,7,FALSE,NA,NA,NA,9,9,FALSE
K523,Põlva linn,K523,Põlva linn,K523__Lao__1,Lao,45,1,8,FALSE,NA,NA,NA,6,10,FALSE
K523,Põlva linn,K523,Põlva linn,K523__Roosimäe__1,Roosimäe,37,2,9,FALSE,NA,NA,NA,4,11,FALSE
K523,Põlva linn,K523,Põlva linn,K523__Võru tn__1,Võru tn,21,2,10,FALSE,NA,NA,NA,13,7,FALSE
K523,Põlva linn,K523,Põlva linn,K523__Maksimarket__1,Maksimarket,13,2,11,FALSE,NA,NA,NA,2,12,FALSE
K523,Põlva linn,K523,Põlva linn,K523__Salu__1,Salu,11,1,12,FALSE,NA,NA,NA,11,8,FALSE
K523,Põlva linn,K523,Põlva linn,K523__Põlva__1,Põlva,4,2,13,FALSE,NA,NA,NA,2,13,FALSE
K523,Põlva linn,K523,Põlva linn,K523__Ähnioru__1,Ähnioru,3,2,14,FALSE,NA,NA,NA,2,14,FALSE
K525,Päinurme,K663,Tallinn,K525__Päinurme__1,Päinurme,7,2,1,TRUE,NA,NA,NA,NA,NA,NA
K525,Päinurme,K663,Tallinn,K525__Riiusaare__1,Riiusaare,7,2,2,FALSE,NA,NA,NA,NA,NA,NA
K525,Päinurme,K663,Tallinn,K525__Rutikvere__1,Rutikvere,7,2,3,FALSE,NA,NA,NA,NA,NA,NA
K525,Päinurme,K663,Tallinn,K525__Kaiaru__1,Kaiaru,5,2,4,FALSE,NA,NA,NA,NA,NA,NA
K525,Päinurme,K663,Tallinn,K525__Künka__1,Künka,5,2,5,FALSE,NA,NA,NA,NA,NA,NA
K525,Päinurme,K663,Tallinn,K525__Pätsavere__1,Pätsavere,5,2,6,FALSE,NA,NA,NA,NA,NA,NA
K525,Päinurme,K663,Tallinn,K525__Palsu__1,Palsu,1,2,7,FALSE,NA,NA,NA,NA,NA,NA
K525,Päinurme,K663,Tallinn,K525__Vaali__1,Vaali,1,1,8,FALSE,NA,NA,NA,NA,NA,NA
K526,Päite,K118,Jõhvi linn,K526__Gaasitrass__1,Gaasitrass,31,2,1,TRUE,16,1,TRUE,NA,NA,NA
K526,Päite,K118,Jõhvi linn,K526__Päite__1,Päite,31,2,2,FALSE,16,2,FALSE,NA,NA,NA
K526,Päite,K118,Jõhvi linn,K526__Vaivina__1,Vaivina,31,2,3,FALSE,16,3,FALSE,NA,NA,NA
K527,Pältre,K813,Võru linn,K527__Tiilige__1,Tiilige,10,2,1,TRUE,7,1,TRUE,NA,NA,NA
K527,Pältre,K813,Võru linn,K527__Pältre__1,Pältre,4,2,2,FALSE,4,2,FALSE,NA,NA,NA
K527,Pältre,K813,Võru linn,K527__Saika__1,Saika,3,2,3,FALSE,3,3,FALSE,NA,NA,NA
K528,Päri,K789,Viljandi linn,K528__Kapsi__1,Kapsi,37,2,1,TRUE,27,1,TRUE,NA,NA,NA
K528,Päri,K789,Viljandi linn,K528__Maiste__1,Maiste,37,2,2,FALSE,27,2,FALSE,NA,NA,NA
K528,Päri,K789,Viljandi linn,K528__Pinska__1,Pinska,37,2,3,FALSE,27,3,FALSE,NA,NA,NA
K528,Päri,K789,Viljandi linn,K528__Päri__1,Päri,37,2,4,FALSE,27,4,FALSE,NA,NA,NA
K528,Päri,K789,Viljandi linn,K528__Talli__1,Talli,37,2,5,FALSE,27,5,FALSE,NA,NA,NA
K528,Päri,K789,Viljandi linn,K528__Lennuvälja__1,Lennuvälja,34,2,6,FALSE,26,6,FALSE,NA,NA,NA
K528,Päri,K789,Viljandi linn,K528__Raudna__1,Raudna,20,2,7,FALSE,19,8,FALSE,NA,NA,NA
K528,Päri,K789,Viljandi linn,K528__Päri asula__1,Päri asula,19,1,8,FALSE,19,7,FALSE,NA,NA,NA
K528,Päri,K789,Viljandi linn,K528__Raudna järv__1,Raudna järv,14,2,9,FALSE,7,9,FALSE,NA,NA,NA
K528,Päri,K789,Viljandi linn,K528__Riste teerist__1,Riste teerist,5,2,10,FALSE,2,12,FALSE,NA,NA,NA
K528,Päri,K789,Viljandi linn,K528__Alustre__1,Alustre,3,2,11,FALSE,1,13,FALSE,NA,NA,NA
K528,Päri,K789,Viljandi linn,K528__Jaama__1,Jaama,3,2,12,FALSE,1,14,FALSE,NA,NA,NA
K528,Päri,K789,Viljandi linn,K528__Kaare tee__1,Kaare tee,3,2,13,FALSE,1,15,FALSE,NA,NA,NA
K528,Päri,K789,Viljandi linn,K528__Mäeotsa tee__1,Mäeotsa tee,3,1,14,FALSE,3,10,FALSE,NA,NA,NA
K528,Päri,K789,Viljandi linn,K528__Peetri__1,Peetri,3,2,15,FALSE,3,11,FALSE,NA,NA,NA
K528,Päri,K789,Viljandi linn,K528__Tuisu__1,Tuisu,3,2,16,FALSE,1,18,FALSE,NA,NA,NA
K528,Päri,K789,Viljandi linn,K528__Riste__1,Riste,2,2,17,FALSE,1,17,FALSE,NA,NA,NA
K528,Päri,K789,Viljandi linn,K528__Kirikumõisa tee__1,Kirikumõisa tee,1,1,18,FALSE,1,16,FALSE,NA,NA,NA
K529,Pärispea,K663,Tallinn,K529__Kasispea__1,Kasispea,9,2,1,TRUE,NA,NA,NA,NA,NA,NA
K529,Pärispea,K663,Tallinn,K529__Ahju__1,Ahju,8,2,2,FALSE,NA,NA,NA,NA,NA,NA
K529,Pärispea,K663,Tallinn,K529__Kasispea küla__1,Kasispea küla,8,2,3,FALSE,NA,NA,NA,NA,NA,NA
K529,Pärispea,K663,Tallinn,K529__Kõrve__1,Kõrve,8,2,4,FALSE,NA,NA,NA,NA,NA,NA
K529,Pärispea,K663,Tallinn,K529__Prassi__1,Prassi,8,2,5,FALSE,NA,NA,NA,NA,NA,NA
K529,Pärispea,K663,Tallinn,K529__Suurpea__1,Suurpea,8,2,6,FALSE,NA,NA,NA,NA,NA,NA
K529,Pärispea,K663,Tallinn,K529__Suurpea-Mäe__1,Suurpea-Mäe,8,2,7,FALSE,NA,NA,NA,NA,NA,NA
K529,Pärispea,K663,Tallinn,K529__Toomarahva__1,Toomarahva,8,2,8,FALSE,NA,NA,NA,NA,NA,NA
K529,Pärispea,K663,Tallinn,K529__Turbuneeme__1,Turbuneeme,8,2,9,FALSE,NA,NA,NA,NA,NA,NA
K529,Pärispea,K663,Tallinn,K529__Viinistu__1,Viinistu,8,2,10,FALSE,NA,NA,NA,NA,NA,NA
K529,Pärispea,K663,Tallinn,K529__Viinistu tee__1,Viinistu tee,8,2,11,FALSE,NA,NA,NA,NA,NA,NA
K529,Pärispea,K663,Tallinn,K529__Tammispea__1,Tammispea,6,2,12,FALSE,3,1,TRUE,NA,NA,NA
K529,Pärispea,K663,Tallinn,K529__Vihasoo__1,Vihasoo,6,2,13,FALSE,3,2,FALSE,NA,NA,NA
K529,Pärispea,K663,Tallinn,K529__Kiigeplats__1,Kiigeplats,3,2,14,FALSE,2,3,FALSE,NA,NA,NA
K529,Pärispea,K663,Tallinn,K529__Koorejaama__1,Koorejaama,3,2,15,FALSE,2,4,FALSE,NA,NA,NA
K529,Pärispea,K663,Tallinn,K529__Pärispea__1,Pärispea,2,1,16,FALSE,NA,NA,NA,NA,NA,NA
K529,Pärispea,K663,Tallinn,K529__Vihasoo kool__1,Vihasoo kool,2,1,17,FALSE,NA,NA,NA,NA,NA,NA
K530,Pärnjõe,K531,Pärnu linn,K530__Aluste__1,Aluste,36,2,1,TRUE,12,1,TRUE,NA,NA,NA
K530,Pärnjõe,K531,Pärnu linn,K530__Sikana__1,Sikana,25,2,2,FALSE,11,2,FALSE,NA,NA,NA
K530,Pärnjõe,K531,Pärnu linn,K530__Massu__1,Massu,24,2,3,FALSE,7,3,FALSE,NA,NA,NA
K530,Pärnjõe,K531,Pärnu linn,K530__Ünnaste__1,Ünnaste,17,2,4,FALSE,7,4,FALSE,NA,NA,NA
K530,Pärnjõe,K531,Pärnu linn,K530__Vaki__1,Vaki,11,1,5,FALSE,NA,NA,NA,NA,NA,NA
K531,Pärnu linn,K531,Pärnu linn,K531__Tallinna maantee__1,Tallinna maantee,795,5,1,TRUE,NA,NA,NA,261,1,TRUE
K531,Pärnu linn,K531,Pärnu linn,K531__Bussijaam__1,Bussijaam,579,2,2,FALSE,NA,NA,NA,162,5,FALSE
K531,Pärnu linn,K531,Pärnu linn,K531__Papiniidu__1,Papiniidu,534,6,3,FALSE,NA,NA,NA,229,2,FALSE
K531,Pärnu linn,K531,Pärnu linn,K531__Tammsaare__1,Tammsaare,370,3,4,FALSE,NA,NA,NA,178,4,FALSE
K531,Pärnu linn,K531,Pärnu linn,K531__Teater__1,Teater,338,1,5,FALSE,NA,NA,NA,89,18,FALSE
K531,Pärnu linn,K531,Pärnu linn,K531__Haigla__1,Haigla,314,2,6,FALSE,NA,NA,NA,37,30,FALSE
K531,Pärnu linn,K531,Pärnu linn,K531__Teater (Pikk tn)__1,Teater (Pikk tn),302,1,7,FALSE,NA,NA,NA,79,19,FALSE
K531,Pärnu linn,K531,Pärnu linn,K531__Pärnu bussijaam__1,Pärnu bussijaam,286,1,8,FALSE,NA,NA,NA,136,9,FALSE
K531,Pärnu linn,K531,Pärnu linn,K531__Niidumetsa__1,Niidumetsa,282,2,9,FALSE,NA,NA,NA,20,47,FALSE
K531,Pärnu linn,K531,Pärnu linn,K531__Liiva__1,Liiva,276,2,10,FALSE,NA,NA,NA,145,7,FALSE
K531,Pärnu linn,K531,Pärnu linn,K531__Mere__1,Mere,271,2,11,FALSE,NA,NA,NA,128,14,FALSE
K531,Pärnu linn,K531,Pärnu linn,K531__Kuke__1,Kuke,260,2,12,FALSE,NA,NA,NA,53,25,FALSE
K531,Pärnu linn,K531,Pärnu linn,K531__Raeküla__1,Raeküla,259,2,13,FALSE,NA,NA,NA,183,3,FALSE
K531,Pärnu linn,K531,Pärnu linn,K531__Raja__1,Raja,245,2,14,FALSE,NA,NA,NA,1,65,FALSE
K531,Pärnu linn,K531,Pärnu linn,K531__Mai__1,Mai,242,2,15,FALSE,NA,NA,NA,47,27,FALSE
K531,Pärnu linn,K531,Pärnu linn,K531__Mai kool__1,Mai kool,242,2,16,FALSE,NA,NA,NA,47,28,FALSE
K531,Pärnu linn,K531,Pärnu linn,K531__Härma__1,Härma,241,2,17,FALSE,NA,NA,NA,147,6,FALSE
K531,Pärnu linn,K531,Pärnu linn,K531__Rohu__1,Rohu,213,2,18,FALSE,NA,NA,NA,124,15,FALSE
K531,Pärnu linn,K531,Pärnu linn,K531__Savi__1,Savi,210,2,19,FALSE,NA,NA,NA,123,16,FALSE
K531,Pärnu linn,K531,Pärnu linn,K531__Oja__1,Oja,207,2,20,FALSE,NA,NA,NA,18,49,FALSE
K531,Pärnu linn,K531,Pärnu linn,K531__Raba__1,Raba,203,2,21,FALSE,NA,NA,NA,22,42,FALSE
K531,Pärnu linn,K531,Pärnu linn,K531__Lina__1,Lina,199,2,22,FALSE,NA,NA,NA,14,53,FALSE
K531,Pärnu linn,K531,Pärnu linn,K531__Vana-Pärnu__1,Vana-Pärnu,198,2,23,FALSE,NA,NA,NA,57,22,FALSE
K531,Pärnu linn,K531,Pärnu linn,K531__Kaevu__1,Kaevu,189,2,24,FALSE,NA,NA,NA,14,52,FALSE
K531,Pärnu linn,K531,Pärnu linn,K531__Reiu mets__1,Reiu mets,180,2,25,FALSE,NA,NA,NA,141,8,FALSE
K531,Pärnu linn,K531,Pärnu linn,K531__Vana-Sauga__1,Vana-Sauga,171,3,26,FALSE,NA,NA,NA,48,26,FALSE
K531,Pärnu linn,K531,Pärnu linn,K531__Raeküla kool__1,Raeküla kool,166,3,27,FALSE,NA,NA,NA,134,10,FALSE
K531,Pärnu linn,K531,Pärnu linn,K531__Kännu__1,Kännu,164,2,28,FALSE,NA,NA,NA,132,11,FALSE
K531,Pärnu linn,K531,Pärnu linn,K531__Saare__1,Saare,164,2,29,FALSE,NA,NA,NA,132,12,FALSE
K531,Pärnu linn,K531,Pärnu linn,K531__Metsakalmistu__1,Metsakalmistu,159,2,30,FALSE,NA,NA,NA,131,13,FALSE
K531,Pärnu linn,K531,Pärnu linn,K531__Vingiküla__1,Vingiküla,156,2,31,FALSE,NA,NA,NA,112,17,FALSE
K531,Pärnu linn,K531,Pärnu linn,K531__Pae__1,Pae,152,2,32,FALSE,NA,NA,NA,45,29,FALSE
K531,Pärnu linn,K531,Pärnu linn,K531__Koidula muuseum__1,Koidula muuseum,151,2,33,FALSE,NA,NA,NA,34,32,FALSE
K531,Pärnu linn,K531,Pärnu linn,K531__Kanali__1,Kanali,148,2,34,FALSE,NA,NA,NA,21,43,FALSE
K531,Pärnu linn,K531,Pärnu linn,K531__Side__1,Side,148,2,35,FALSE,NA,NA,NA,21,44,FALSE
K531,Pärnu linn,K531,Pärnu linn,K531__Turg__1,Turg,148,2,36,FALSE,NA,NA,NA,21,45,FALSE
K531,Pärnu linn,K531,Pärnu linn,K531__Linda__1,Linda,143,2,37,FALSE,NA,NA,NA,32,36,FALSE
K531,Pärnu linn,K531,Pärnu linn,K531__Uus-Sauga__1,Uus-Sauga,143,3,38,FALSE,NA,NA,NA,32,38,FALSE
K531,Pärnu linn,K531,Pärnu linn,K531__Laeva__1,Laeva,141,2,39,FALSE,NA,NA,NA,32,35,FALSE
K531,Pärnu linn,K531,Pärnu linn,K531__Nurga__1,Nurga,138,2,40,FALSE,NA,NA,NA,29,41,FALSE
K531,Pärnu linn,K531,Pärnu linn,K531__Merimetsa__1,Merimetsa,137,2,41,FALSE,NA,NA,NA,NA,NA,NA
K531,Pärnu linn,K531,Pärnu linn,K531__Haraka__1,Haraka,136,2,42,FALSE,NA,NA,NA,NA,NA,NA
K531,Pärnu linn,K531,Pärnu linn,K531__Hirve__1,Hirve,136,2,43,FALSE,NA,NA,NA,NA,NA,NA
K531,Pärnu linn,K531,Pärnu linn,K531__Olevi__1,Olevi,136,2,44,FALSE,NA,NA,NA,NA,NA,NA
K531,Pärnu linn,K531,Pärnu linn,K531__Viru__1,Viru,136,2,45,FALSE,NA,NA,NA,NA,NA,NA
K531,Pärnu linn,K531,Pärnu linn,K531__Mai keskus__1,Mai keskus,135,1,46,FALSE,NA,NA,NA,14,54,FALSE
K531,Pärnu linn,K531,Pärnu linn,K531__Henno__1,Henno,128,1,47,FALSE,NA,NA,NA,57,21,FALSE
K531,Pärnu linn,K531,Pärnu linn,K531__Kalamehe__1,Kalamehe,125,1,48,FALSE,NA,NA,NA,65,20,FALSE
K531,Pärnu linn,K531,Pärnu linn,K531__Põllu__1,Põllu,123,2,49,FALSE,NA,NA,NA,19,48,FALSE
K531,Pärnu linn,K531,Pärnu linn,K531__Vabaduse park__1,Vabaduse park,118,1,50,FALSE,NA,NA,NA,21,46,FALSE
K531,Pärnu linn,K531,Pärnu linn,K531__Aia__1,Aia,112,2,51,FALSE,NA,NA,NA,32,33,FALSE
K531,Pärnu linn,K531,Pärnu linn,K531__Hotell Strand__1,Hotell Strand,112,2,52,FALSE,NA,NA,NA,32,34,FALSE
K531,Pärnu linn,K531,Pärnu linn,K531__Rannapark__1,Rannapark,112,2,53,FALSE,NA,NA,NA,32,37,FALSE
K531,Pärnu linn,K531,Pärnu linn,K531__Veeparadiis__1,Veeparadiis,112,2,54,FALSE,NA,NA,NA,32,39,FALSE
K531,Pärnu linn,K531,Pärnu linn,K531__Hooldekodu__1,Hooldekodu,107,2,55,FALSE,NA,NA,NA,55,23,FALSE
K531,Pärnu linn,K531,Pärnu linn,K531__Tammiste tee__1,Tammiste tee,105,2,56,FALSE,NA,NA,NA,54,24,FALSE
K531,Pärnu linn,K531,Pärnu linn,K531__Roheline__1,Roheline,94,1,57,FALSE,NA,NA,NA,NA,NA,NA
K531,Pärnu linn,K531,Pärnu linn,K531__Toome__1,Toome,87,1,58,FALSE,NA,NA,NA,1,66,FALSE
K531,Pärnu linn,K531,Pärnu linn,K531__Emajõe__1,Emajõe,86,1,59,FALSE,NA,NA,NA,34,31,FALSE
K531,Pärnu linn,K531,Pärnu linn,K531__Ilvese__1,Ilvese,78,1,60,FALSE,NA,NA,NA,NA,NA,NA
K531,Pärnu linn,K531,Pärnu linn,K531__Kanepi__1,Kanepi,59,2,61,FALSE,NA,NA,NA,1,60,FALSE
K531,Pärnu linn,K531,Pärnu linn,K531__Tähe__1,Tähe,59,2,62,FALSE,NA,NA,NA,1,68,FALSE
K531,Pärnu linn,K531,Pärnu linn,K531__KEK__1,KEK,57,3,63,FALSE,NA,NA,NA,2,57,FALSE
K531,Pärnu linn,K531,Pärnu linn,K531__Kirsi__1,Kirsi,56,2,64,FALSE,NA,NA,NA,2,58,FALSE
K531,Pärnu linn,K531,Pärnu linn,K531__Mureli__1,Mureli,56,2,65,FALSE,NA,NA,NA,2,59,FALSE
K531,Pärnu linn,K531,Pärnu linn,K531__Uus sild__1,Uus sild,46,2,66,FALSE,NA,NA,NA,31,40,FALSE
K531,Pärnu linn,K531,Pärnu linn,K531__Kodara__1,Kodara,45,2,67,FALSE,NA,NA,NA,3,56,FALSE
K531,Pärnu linn,K531,Pärnu linn,K531__Kibuvitsa (Ehitajate teel)__1,Kibuvitsa (Ehitajate teel),44,2,68,FALSE,NA,NA,NA,1,63,FALSE
K531,Pärnu linn,K531,Pärnu linn,K531__Kibuvitsa__1,Kibuvitsa,41,2,69,FALSE,NA,NA,NA,1,62,FALSE
K531,Pärnu linn,K531,Pärnu linn,K531__Tuisu__1,Tuisu,39,2,70,FALSE,NA,NA,NA,1,67,FALSE
K531,Pärnu linn,K531,Pärnu linn,K531__Jaama__1,Jaama,35,2,71,FALSE,NA,NA,NA,NA,NA,NA
K531,Pärnu linn,K531,Pärnu linn,K531__Kaubajaam__1,Kaubajaam,35,1,72,FALSE,NA,NA,NA,NA,NA,NA
K531,Pärnu linn,K531,Pärnu linn,K531__Kuldne kodu__1,Kuldne kodu,35,2,73,FALSE,NA,NA,NA,1,64,FALSE
K531,Pärnu linn,K531,Pärnu linn,K531__Tiigi__1,Tiigi,35,2,74,FALSE,NA,NA,NA,NA,NA,NA
K531,Pärnu linn,K531,Pärnu linn,K531__Veskimetsa__1,Veskimetsa,35,2,75,FALSE,NA,NA,NA,NA,NA,NA
K531,Pärnu linn,K531,Pärnu linn,K531__Lõo__1,Lõo,32,1,76,FALSE,NA,NA,NA,NA,NA,NA
K531,Pärnu linn,K531,Pärnu linn,K531__Kase__1,Kase,31,2,77,FALSE,NA,NA,NA,1,61,FALSE
K531,Pärnu linn,K531,Pärnu linn,K531__Kalurihall__1,Kalurihall,30,2,78,FALSE,NA,NA,NA,16,51,FALSE
K531,Pärnu linn,K531,Pärnu linn,K531__Vana-Savi__1,Vana-Savi,29,1,79,FALSE,NA,NA,NA,1,69,FALSE
K531,Pärnu linn,K531,Pärnu linn,K531__Linnapiir__1,Linnapiir,25,1,80,FALSE,NA,NA,NA,NA,NA,NA
K531,Pärnu linn,K531,Pärnu linn,K531__Piiri__1,Piiri,18,1,81,FALSE,NA,NA,NA,18,50,FALSE
K531,Pärnu linn,K531,Pärnu linn,K531__Aiamaa__1,Aiamaa,14,2,82,FALSE,NA,NA,NA,NA,NA,NA
K531,Pärnu linn,K531,Pärnu linn,K531__Lennusalk__1,Lennusalk,9,2,83,FALSE,NA,NA,NA,4,55,FALSE
K531,Pärnu linn,K531,Pärnu linn,K531__Linakombinaat__1,Linakombinaat,2,2,84,FALSE,NA,NA,NA,NA,NA,NA
K531,Pärnu linn,K531,Pärnu linn,K531__Rabahall__1,Rabahall,2,1,85,FALSE,NA,NA,NA,NA,NA,NA
K531,Pärnu linn,K531,Pärnu linn,K531__Tallinna mnt (Rääma)__1,Tallinna mnt (Rääma),2,1,86,FALSE,NA,NA,NA,NA,NA,NA
K531,Pärnu linn,K531,Pärnu linn,K531__Vana-Savi__2,Vana-Savi,2,1,87,FALSE,NA,NA,NA,NA,NA,NA
K531,Pärnu linn,K531,Pärnu linn,K531__Kuu__1,Kuu,1,1,88,FALSE,NA,NA,NA,NA,NA,NA
K531,Pärnu linn,K531,Pärnu linn,K531__Männi__1,Männi,1,1,89,FALSE,NA,NA,NA,NA,NA,NA
K531,Pärnu linn,K531,Pärnu linn,K531__Niidupark__1,Niidupark,1,1,90,FALSE,NA,NA,NA,NA,NA,NA
K531,Pärnu linn,K531,Pärnu linn,K531__Suusavabrik__1,Suusavabrik,1,1,91,FALSE,NA,NA,NA,NA,NA,NA
K532,Pärnu-Jaagupi alev,K531,Pärnu linn,K532__Loomse__1,Loomse,32,2,1,TRUE,16,1,TRUE,NA,NA,NA
K532,Pärnu-Jaagupi alev,K531,Pärnu linn,K532__Urke__1,Urke,26,2,2,FALSE,13,2,FALSE,NA,NA,NA
K532,Pärnu-Jaagupi alev,K531,Pärnu linn,K532__Kodesmaa__1,Kodesmaa,20,2,3,FALSE,10,3,FALSE,NA,NA,NA
K532,Pärnu-Jaagupi alev,K531,Pärnu linn,K532__Ertsma__1,Ertsma,6,2,4,FALSE,2,4,FALSE,NA,NA,NA
K533,Pärnu-Jaagupi,K531,Pärnu linn,K533__Pärnu-Jaagupi__1,Pärnu-Jaagupi,40,2,1,TRUE,19,1,TRUE,NA,NA,NA
K533,Pärnu-Jaagupi,K531,Pärnu linn,K533__Kooperatiiv__1,Kooperatiiv,24,2,2,FALSE,12,2,FALSE,NA,NA,NA
K533,Pärnu-Jaagupi,K531,Pärnu linn,K533__Aiandi__1,Aiandi,14,2,3,FALSE,7,3,FALSE,NA,NA,NA
K533,Pärnu-Jaagupi,K531,Pärnu linn,K533__Riinu__1,Riinu,14,2,4,FALSE,7,5,FALSE,NA,NA,NA
K533,Pärnu-Jaagupi,K531,Pärnu linn,K533__Uduvere__1,Uduvere,14,4,5,FALSE,7,6,FALSE,NA,NA,NA
K533,Pärnu-Jaagupi,K531,Pärnu linn,K533__Pärnu-Jaagupi tee__1,Pärnu-Jaagupi tee,13,2,6,FALSE,7,4,FALSE,NA,NA,NA
K534,Pärsama,K270,Kuressaare linn,K534__Ratla__1,Ratla,15,2,1,TRUE,10,1,TRUE,NA,NA,NA
K534,Pärsama,K270,Kuressaare linn,K534__Pärsama__1,Pärsama,5,2,2,FALSE,4,4,FALSE,NA,NA,NA
K534,Pärsama,K270,Kuressaare linn,K534__Koikla teerist__1,Koikla teerist,4,2,3,FALSE,3,6,FALSE,NA,NA,NA
K534,Pärsama,K270,Kuressaare linn,K534__Lõpi__1,Lõpi,4,2,4,FALSE,3,7,FALSE,NA,NA,NA
K534,Pärsama,K270,Kuressaare linn,K534__Nigula__1,Nigula,4,2,5,FALSE,4,2,FALSE,NA,NA,NA
K534,Pärsama,K270,Kuressaare linn,K534__Nihatu__1,Nihatu,4,2,6,FALSE,4,3,FALSE,NA,NA,NA
K534,Pärsama,K270,Kuressaare linn,K534__Räägi__1,Räägi,4,2,7,FALSE,3,8,FALSE,NA,NA,NA
K534,Pärsama,K270,Kuressaare linn,K534__Tareste__1,Tareste,4,2,8,FALSE,4,5,FALSE,NA,NA,NA
K534,Pärsama,K270,Kuressaare linn,K534__Koikla__1,Koikla,3,2,9,FALSE,2,9,FALSE,NA,NA,NA
K534,Pärsama,K270,Kuressaare linn,K534__Linnaka__1,Linnaka,3,2,10,FALSE,2,10,FALSE,NA,NA,NA
K534,Pärsama,K270,Kuressaare linn,K534__Metsaääre__1,Metsaääre,3,2,11,FALSE,2,11,FALSE,NA,NA,NA
K534,Pärsama,K270,Kuressaare linn,K534__Viira__1,Viira,3,2,12,FALSE,2,13,FALSE,NA,NA,NA
K534,Pärsama,K270,Kuressaare linn,K534__Tutku__1,Tutku,2,1,13,FALSE,2,12,FALSE,NA,NA,NA
K534,Pärsama,K270,Kuressaare linn,K534__Ahlu__1,Ahlu,1,1,14,FALSE,1,14,FALSE,NA,NA,NA
K534,Pärsama,K270,Kuressaare linn,K534__Mätja__1,Mätja,1,1,15,FALSE,1,15,FALSE,NA,NA,NA
K535,Pärsti,K789,Viljandi linn,K535__Annamõisa__1,Annamõisa,18,2,1,TRUE,10,1,TRUE,NA,NA,NA
K535,Pärsti,K789,Viljandi linn,K535__Laane__1,Laane,18,2,2,FALSE,10,2,FALSE,NA,NA,NA
K535,Pärsti,K789,Viljandi linn,K535__Oksa__1,Oksa,18,2,3,FALSE,10,3,FALSE,NA,NA,NA
K535,Pärsti,K789,Viljandi linn,K535__Riiska__1,Riiska,18,2,4,FALSE,10,4,FALSE,NA,NA,NA
K535,Pärsti,K789,Viljandi linn,K535__Undi__1,Undi,18,2,5,FALSE,10,5,FALSE,NA,NA,NA
K535,Pärsti,K789,Viljandi linn,K535__Alajaama__1,Alajaama,17,2,6,FALSE,9,6,FALSE,NA,NA,NA
K535,Pärsti,K789,Viljandi linn,K535__Hussari__1,Hussari,12,2,7,FALSE,8,7,FALSE,NA,NA,NA
K535,Pärsti,K789,Viljandi linn,K535__Karuse__1,Karuse,12,2,8,FALSE,8,8,FALSE,NA,NA,NA
K535,Pärsti,K789,Viljandi linn,K535__Kavaku__1,Kavaku,12,2,9,FALSE,8,9,FALSE,NA,NA,NA
K535,Pärsti,K789,Viljandi linn,K535__Pärsti__1,Pärsti,12,2,10,FALSE,8,10,FALSE,NA,NA,NA
K535,Pärsti,K789,Viljandi linn,K535__Suure-Kapsta__1,Suure-Kapsta,12,2,11,FALSE,8,11,FALSE,NA,NA,NA
K535,Pärsti,K789,Viljandi linn,K535__Tedre__1,Tedre,12,2,12,FALSE,8,12,FALSE,NA,NA,NA
K535,Pärsti,K789,Viljandi linn,K535__Kiisamäe__1,Kiisamäe,2,2,13,FALSE,1,13,FALSE,NA,NA,NA
K535,Pärsti,K789,Viljandi linn,K535__Kirikumõisa tee__1,Kirikumõisa tee,1,1,14,FALSE,NA,NA,NA,NA,NA,NA
K536,Päärdu,K663,Tallinn,K536__Vene__1,Vene,14,2,1,TRUE,3,1,TRUE,NA,NA,NA
K536,Päärdu,K663,Tallinn,K536__Päärdu__1,Päärdu,8,2,2,FALSE,NA,NA,NA,NA,NA,NA
K536,Päärdu,K663,Tallinn,K536__Söödi__1,Söödi,4,2,3,FALSE,NA,NA,NA,NA,NA,NA
K537,Pöide,K270,Kuressaare linn,K537__Pöide__1,Pöide,15,3,1,TRUE,6,2,FALSE,NA,NA,NA
K537,Pöide,K270,Kuressaare linn,K537__Koigi-Aadu__1,Koigi-Aadu,13,2,2,FALSE,6,1,TRUE,NA,NA,NA
K537,Pöide,K270,Kuressaare linn,K537__Levala__1,Levala,13,2,3,FALSE,4,3,FALSE,NA,NA,NA
K537,Pöide,K270,Kuressaare linn,K537__Mehama__1,Mehama,13,2,4,FALSE,4,4,FALSE,NA,NA,NA
K537,Pöide,K270,Kuressaare linn,K537__Oti__1,Oti,7,2,5,FALSE,3,5,FALSE,NA,NA,NA
K538,Pürksi,K663,Tallinn,K538__Farmi__1,Farmi,6,2,1,TRUE,NA,NA,NA,NA,NA,NA
K538,Pürksi,K663,Tallinn,K538__Hosby__1,Hosby,6,2,2,FALSE,NA,NA,NA,NA,NA,NA
K538,Pürksi,K663,Tallinn,K538__Kudani__1,Kudani,6,2,3,FALSE,NA,NA,NA,NA,NA,NA
K538,Pürksi,K663,Tallinn,K538__Pürksi__1,Pürksi,6,1,4,FALSE,NA,NA,NA,NA,NA,NA
K538,Pürksi,K663,Tallinn,K538__Österby__1,Österby,5,1,5,FALSE,NA,NA,NA,NA,NA,NA
K538,Pürksi,K663,Tallinn,K538__Paslepa__1,Paslepa,3,2,6,FALSE,NA,NA,NA,NA,NA,NA
K538,Pürksi,K663,Tallinn,K538__Paslepa tee__1,Paslepa tee,3,2,7,FALSE,NA,NA,NA,NA,NA,NA
K538,Pürksi,K663,Tallinn,K538__Sääse__1,Sääse,3,2,8,FALSE,NA,NA,NA,NA,NA,NA
K538,Pürksi,K663,Tallinn,K538__Hara__1,Hara,2,1,9,FALSE,NA,NA,NA,NA,NA,NA
K538,Pürksi,K663,Tallinn,K538__Hara teerist__1,Hara teerist,2,1,10,FALSE,NA,NA,NA,NA,NA,NA
K538,Pürksi,K663,Tallinn,K538__Lille tee__1,Lille tee,2,2,11,FALSE,NA,NA,NA,NA,NA,NA
K539,Püssi linn,K213,Kiviõli linn,K539__Püssi__2,Püssi,29,1,1,TRUE,15,1,TRUE,NA,NA,NA
K539,Püssi linn,K213,Kiviõli linn,K539__Püssi__1,Püssi,6,2,2,FALSE,3,2,FALSE,NA,NA,NA
K540,Raasiku,K663,Tallinn,K540__Raasiku__1,Raasiku,30,2,1,TRUE,15,1,TRUE,NA,NA,NA
K540,Raasiku,K663,Tallinn,K540__Raasiku side__1,Raasiku side,9,2,2,FALSE,5,2,FALSE,NA,NA,NA
K540,Raasiku,K663,Tallinn,K540__Rahvamaja__1,Rahvamaja,9,2,3,FALSE,5,3,FALSE,NA,NA,NA
K540,Raasiku,K663,Tallinn,K540__Sambu__1,Sambu,9,2,4,FALSE,5,4,FALSE,NA,NA,NA
K540,Raasiku,K663,Tallinn,K540__Vildivabrik__1,Vildivabrik,9,2,5,FALSE,5,5,FALSE,NA,NA,NA
K541,Rabivere,K663,Tallinn,K541__Rabivere__1,Rabivere,5,2,1,TRUE,NA,NA,NA,NA,NA,NA
K541,Rabivere,K663,Tallinn,K541__Väikeküla__1,Väikeküla,4,2,2,FALSE,NA,NA,NA,NA,NA,NA
K541,Rabivere,K663,Tallinn,K541__Karuma__1,Karuma,3,2,3,FALSE,NA,NA,NA,NA,NA,NA
K542,Raikküla,K663,Tallinn,K542__Pitseri__1,Pitseri,24,2,1,TRUE,2,2,FALSE,NA,NA,NA
K542,Raikküla,K663,Tallinn,K542__Raela__1,Raela,24,2,2,FALSE,2,3,FALSE,NA,NA,NA
K542,Raikküla,K663,Tallinn,K542__Raikküla__1,Raikküla,24,1,3,FALSE,2,4,FALSE,NA,NA,NA
K542,Raikküla,K663,Tallinn,K542__Kildema__1,Kildema,20,2,4,FALSE,NA,NA,NA,NA,NA,NA
K542,Raikküla,K663,Tallinn,K542__Kaigepere__1,Kaigepere,16,2,5,FALSE,2,1,TRUE,NA,NA,NA
K542,Raikküla,K663,Tallinn,K542__Liivaaugu__1,Liivaaugu,8,2,6,FALSE,NA,NA,NA,NA,NA,NA
K543,Raja,K663,Tallinn,K543__Kuldkala__1,Kuldkala,19,2,1,TRUE,NA,NA,NA,NA,NA,NA
K543,Raja,K663,Tallinn,K543__Raja__1,Raja,19,2,2,FALSE,NA,NA,NA,NA,NA,NA
K543,Raja,K663,Tallinn,K543__Kolmnurga__1,Kolmnurga,17,2,3,FALSE,NA,NA,NA,NA,NA,NA
K543,Raja,K663,Tallinn,K543__Omedu__1,Omedu,14,2,4,FALSE,NA,NA,NA,NA,NA,NA
K543,Raja,K663,Tallinn,K543__Paju__1,Paju,13,2,5,FALSE,NA,NA,NA,NA,NA,NA
K543,Raja,K663,Tallinn,K543__Teemeistri__1,Teemeistri,12,2,6,FALSE,NA,NA,NA,NA,NA,NA
K543,Raja,K663,Tallinn,K543__Nõmme__1,Nõmme,11,2,7,FALSE,NA,NA,NA,NA,NA,NA
K543,Raja,K663,Tallinn,K543__Jõe__1,Jõe,10,2,8,FALSE,NA,NA,NA,NA,NA,NA
K543,Raja,K663,Tallinn,K543__Põrvetu__1,Põrvetu,8,2,9,FALSE,NA,NA,NA,NA,NA,NA
K543,Raja,K663,Tallinn,K543__Kalda__1,Kalda,6,2,10,FALSE,NA,NA,NA,NA,NA,NA
K543,Raja,K663,Tallinn,K543__Kasepää__1,Kasepää,6,2,11,FALSE,NA,NA,NA,NA,NA,NA
K543,Raja,K663,Tallinn,K543__Kükita__1,Kükita,6,2,12,FALSE,NA,NA,NA,NA,NA,NA
K543,Raja,K663,Tallinn,K543__Peipsi__1,Peipsi,6,2,13,FALSE,NA,NA,NA,NA,NA,NA
K543,Raja,K663,Tallinn,K543__Tiheda__1,Tiheda,6,2,14,FALSE,NA,NA,NA,NA,NA,NA
K543,Raja,K663,Tallinn,K543__Metsaküla__1,Metsaküla,4,1,15,FALSE,NA,NA,NA,NA,NA,NA
K543,Raja,K663,Tallinn,K543__Metsaküla nurk__1,Metsaküla nurk,3,1,16,FALSE,NA,NA,NA,NA,NA,NA
K543,Raja,K663,Tallinn,K543__Sõpruse__1,Sõpruse,2,1,17,FALSE,NA,NA,NA,NA,NA,NA
K544,Rakke,K663,Tallinn,K544__Rakke__1,Rakke,24,3,1,TRUE,NA,NA,NA,NA,NA,NA
K544,Rakke,K663,Tallinn,K544__Ao__1,Ao,12,2,2,FALSE,NA,NA,NA,NA,NA,NA
K544,Rakke,K663,Tallinn,K544__Liigvalla__1,Liigvalla,12,2,3,FALSE,NA,NA,NA,NA,NA,NA
K544,Rakke,K663,Tallinn,K544__Välja__1,Välja,12,2,4,FALSE,NA,NA,NA,NA,NA,NA
K544,Rakke,K663,Tallinn,K544__Kultuurikeskus__1,Kultuurikeskus,9,4,5,FALSE,NA,NA,NA,NA,NA,NA
K544,Rakke,K663,Tallinn,K544__Rakke__2,Rakke,8,2,6,FALSE,4,1,TRUE,NA,NA,NA
K544,Rakke,K663,Tallinn,K544__Lammasküla__1,Lammasküla,7,2,7,FALSE,NA,NA,NA,NA,NA,NA
K544,Rakke,K663,Tallinn,K544__Puhmu__1,Puhmu,7,2,8,FALSE,NA,NA,NA,NA,NA,NA
K544,Rakke,K663,Tallinn,K544__Edru__1,Edru,5,2,9,FALSE,NA,NA,NA,NA,NA,NA
K544,Rakke,K663,Tallinn,K544__Olju__1,Olju,5,2,10,FALSE,NA,NA,NA,NA,NA,NA
K544,Rakke,K663,Tallinn,K544__Rakke teerist__1,Rakke teerist,5,2,11,FALSE,NA,NA,NA,NA,NA,NA
K544,Rakke,K663,Tallinn,K544__Väike-Rakke__1,Väike-Rakke,5,2,12,FALSE,NA,NA,NA,NA,NA,NA
K544,Rakke,K663,Tallinn,K544__Rakke kool__1,Rakke kool,4,1,13,FALSE,NA,NA,NA,NA,NA,NA
K544,Rakke,K663,Tallinn,K544__Kamariku__1,Kamariku,2,2,14,FALSE,NA,NA,NA,NA,NA,NA
K544,Rakke,K663,Tallinn,K544__Rakke jaam__1,Rakke jaam,1,1,15,FALSE,NA,NA,NA,NA,NA,NA
K545,Rakvere linn,K545,Rakvere linn,K545__Rakvere bussijaam__1,Rakvere bussijaam,217,6,1,TRUE,NA,NA,NA,124,1,TRUE
K545,Rakvere linn,K545,Rakvere linn,K545__Teater__1,Teater,99,2,2,FALSE,NA,NA,NA,65,3,FALSE
K545,Rakvere linn,K545,Rakvere linn,K545__Lai__1,Lai,85,2,3,FALSE,NA,NA,NA,85,2,FALSE
K545,Rakvere linn,K545,Rakvere linn,K545__Side__1,Side,66,2,4,FALSE,NA,NA,NA,40,7,FALSE
K545,Rakvere linn,K545,Rakvere linn,K545__Tartu__1,Tartu,64,2,5,FALSE,NA,NA,NA,44,6,FALSE
K545,Rakvere linn,K545,Rakvere linn,K545__Laada__1,Laada,61,1,6,FALSE,NA,NA,NA,15,36,FALSE
K545,Rakvere linn,K545,Rakvere linn,K545__Palermo__1,Palermo,61,2,7,FALSE,NA,NA,NA,44,5,FALSE
K545,Rakvere linn,K545,Rakvere linn,K545__Polikliinik__1,Polikliinik,51,2,8,FALSE,NA,NA,NA,51,4,FALSE
K545,Rakvere linn,K545,Rakvere linn,K545__Võidu__1,Võidu,48,2,9,FALSE,NA,NA,NA,35,9,FALSE
K545,Rakvere linn,K545,Rakvere linn,K545__Vaala__1,Vaala,42,2,10,FALSE,NA,NA,NA,28,12,FALSE
K545,Rakvere linn,K545,Rakvere linn,K545__Arkna tee__1,Arkna tee,39,2,11,FALSE,NA,NA,NA,26,14,FALSE
K545,Rakvere linn,K545,Rakvere linn,K545__Papiaru__1,Papiaru,39,2,12,FALSE,NA,NA,NA,26,15,FALSE
K545,Rakvere linn,K545,Rakvere linn,K545__Piiri__1,Piiri,38,2,13,FALSE,NA,NA,NA,29,11,FALSE
K545,Rakvere linn,K545,Rakvere linn,K545__Keskuse__1,Keskuse,35,1,14,FALSE,NA,NA,NA,35,8,FALSE
K545,Rakvere linn,K545,Rakvere linn,K545__Lilleoru__1,Lilleoru,35,2,15,FALSE,NA,NA,NA,24,17,FALSE
K545,Rakvere linn,K545,Rakvere linn,K545__Kivi__1,Kivi,34,2,16,FALSE,NA,NA,NA,27,13,FALSE
K545,Rakvere linn,K545,Rakvere linn,K545__Kungla__1,Kungla,31,2,17,FALSE,NA,NA,NA,31,10,FALSE
K545,Rakvere linn,K545,Rakvere linn,K545__Haigla__1,Haigla,29,2,18,FALSE,NA,NA,NA,24,16,FALSE
K545,Rakvere linn,K545,Rakvere linn,K545__Kesk__1,Kesk,22,2,19,FALSE,NA,NA,NA,22,18,FALSE
K545,Rakvere linn,K545,Rakvere linn,K545__Lääne__1,Lääne,22,2,20,FALSE,NA,NA,NA,22,19,FALSE
K545,Rakvere linn,K545,Rakvere linn,K545__Põhja__1,Põhja,22,2,21,FALSE,NA,NA,NA,22,20,FALSE
K545,Rakvere linn,K545,Rakvere linn,K545__Rohu__1,Rohu,22,2,22,FALSE,NA,NA,NA,22,21,FALSE
K545,Rakvere linn,K545,Rakvere linn,K545__Karja__1,Karja,21,2,23,FALSE,NA,NA,NA,21,22,FALSE
K545,Rakvere linn,K545,Rakvere linn,K545__Mäe__1,Mäe,21,2,24,FALSE,NA,NA,NA,21,23,FALSE
K545,Rakvere linn,K545,Rakvere linn,K545__Seminari__1,Seminari,20,2,25,FALSE,NA,NA,NA,20,24,FALSE
K545,Rakvere linn,K545,Rakvere linn,K545__Carl Robert Jakobsoni__1,Carl Robert Jakobsoni,19,1,26,FALSE,NA,NA,NA,19,25,FALSE
K545,Rakvere linn,K545,Rakvere linn,K545__Keskväljak__1,Keskväljak,19,1,27,FALSE,NA,NA,NA,19,26,FALSE
K545,Rakvere linn,K545,Rakvere linn,K545__Pauluse kalmistu__1,Pauluse kalmistu,19,2,28,FALSE,NA,NA,NA,18,27,FALSE
K545,Rakvere linn,K545,Rakvere linn,K545__Tarva__1,Tarva,19,2,29,FALSE,NA,NA,NA,18,28,FALSE
K545,Rakvere linn,K545,Rakvere linn,K545__Vallimäe__1,Vallimäe,19,2,30,FALSE,NA,NA,NA,18,29,FALSE
K545,Rakvere linn,K545,Rakvere linn,K545__Bussijaam__1,Bussijaam,17,1,31,FALSE,NA,NA,NA,17,30,FALSE
K545,Rakvere linn,K545,Rakvere linn,K545__Saueaugu__1,Saueaugu,17,2,32,FALSE,NA,NA,NA,17,31,FALSE
K545,Rakvere linn,K545,Rakvere linn,K545__Tammiku__1,Tammiku,17,2,33,FALSE,NA,NA,NA,17,32,FALSE
K545,Rakvere linn,K545,Rakvere linn,K545__Tulika__1,Tulika,17,2,34,FALSE,NA,NA,NA,17,33,FALSE
K545,Rakvere linn,K545,Rakvere linn,K545__Õie__1,Õie,17,2,35,FALSE,NA,NA,NA,17,34,FALSE
K545,Rakvere linn,K545,Rakvere linn,K545__Ööbiku__1,Ööbiku,17,2,36,FALSE,NA,NA,NA,17,35,FALSE
K545,Rakvere linn,K545,Rakvere linn,K545__Õli__1,Õli,13,1,37,FALSE,NA,NA,NA,9,43,FALSE
K545,Rakvere linn,K545,Rakvere linn,K545__Kauba__1,Kauba,12,2,38,FALSE,NA,NA,NA,12,37,FALSE
K545,Rakvere linn,K545,Rakvere linn,K545__Rakvere__1,Rakvere,12,2,39,FALSE,NA,NA,NA,3,44,FALSE
K545,Rakvere linn,K545,Rakvere linn,K545__Raudteejaam__1,Raudteejaam,10,2,40,FALSE,NA,NA,NA,10,38,FALSE
K545,Rakvere linn,K545,Rakvere linn,K545__Narva__1,Narva,9,2,41,FALSE,NA,NA,NA,9,39,FALSE
K545,Rakvere linn,K545,Rakvere linn,K545__Näpi__1,Näpi,9,2,42,FALSE,NA,NA,NA,9,40,FALSE
K545,Rakvere linn,K545,Rakvere linn,K545__Vilepilli__1,Vilepilli,9,1,43,FALSE,NA,NA,NA,9,41,FALSE
K545,Rakvere linn,K545,Rakvere linn,K545__Viru__1,Viru,9,1,44,FALSE,NA,NA,NA,9,42,FALSE
K545,Rakvere linn,K545,Rakvere linn,K545__Vene__1,Vene,3,1,45,FALSE,NA,NA,NA,3,45,FALSE
K546,Ramsi,K789,Viljandi linn,K546__Ramsi__1,Ramsi,18,2,1,TRUE,18,1,TRUE,NA,NA,NA
K547,Randvere,K663,Tallinn,K547__Hansunõmme__1,Hansunõmme,109,2,1,TRUE,60,1,TRUE,NA,NA,NA
K547,Randvere,K663,Tallinn,K547__Metsakasti__1,Metsakasti,109,2,2,FALSE,60,2,FALSE,NA,NA,NA
K547,Randvere,K663,Tallinn,K547__Leppneeme lasteaed__1,Leppneeme lasteaed,100,2,3,FALSE,22,14,FALSE,NA,NA,NA
K547,Randvere,K663,Tallinn,K547__Randvere aedlinn__1,Randvere aedlinn,91,2,4,FALSE,37,3,FALSE,NA,NA,NA
K547,Randvere,K663,Tallinn,K547__Randvere kauplus__1,Randvere kauplus,91,2,5,FALSE,37,4,FALSE,NA,NA,NA
K547,Randvere,K663,Tallinn,K547__Randvere keskus__1,Randvere keskus,91,2,6,FALSE,37,5,FALSE,NA,NA,NA
K547,Randvere,K663,Tallinn,K547__Teekalda__1,Teekalda,91,2,7,FALSE,37,6,FALSE,NA,NA,NA
K547,Randvere,K663,Tallinn,K547__Tädu kuusk__1,Tädu kuusk,91,2,8,FALSE,37,7,FALSE,NA,NA,NA
K547,Randvere,K663,Tallinn,K547__Tammneeme keskus__1,Tammneeme keskus,70,2,9,FALSE,34,8,FALSE,NA,NA,NA
K547,Randvere,K663,Tallinn,K547__Tammneeme tee__1,Tammneeme tee,70,2,10,FALSE,34,9,FALSE,NA,NA,NA
K547,Randvere,K663,Tallinn,K547__Aiaotsa__1,Aiaotsa,61,2,11,FALSE,31,10,FALSE,NA,NA,NA
K547,Randvere,K663,Tallinn,K547__Vesiniidu__1,Vesiniidu,61,2,12,FALSE,31,11,FALSE,NA,NA,NA
K547,Randvere,K663,Tallinn,K547__Leppneeme sadam__1,Leppneeme sadam,60,1,13,FALSE,3,19,FALSE,NA,NA,NA
K547,Randvere,K663,Tallinn,K547__Kivimäe__1,Kivimäe,54,2,14,FALSE,NA,NA,NA,NA,NA,NA
K547,Randvere,K663,Tallinn,K547__Lepalinnu__1,Lepalinnu,46,2,15,FALSE,22,12,FALSE,NA,NA,NA
K547,Randvere,K663,Tallinn,K547__Leppneeme__1,Leppneeme,46,2,16,FALSE,22,13,FALSE,NA,NA,NA
K547,Randvere,K663,Tallinn,K547__Luhaääre__1,Luhaääre,46,2,17,FALSE,22,15,FALSE,NA,NA,NA
K547,Randvere,K663,Tallinn,K547__Mäe__1,Mäe,46,2,18,FALSE,22,16,FALSE,NA,NA,NA
K547,Randvere,K663,Tallinn,K547__Pällu__1,Pällu,46,2,19,FALSE,22,17,FALSE,NA,NA,NA
K547,Randvere,K663,Tallinn,K547__Väljaotsa__1,Väljaotsa,46,2,20,FALSE,22,18,FALSE,NA,NA,NA
K547,Randvere,K663,Tallinn,K547__Tammneeme küla__1,Tammneeme küla,21,2,21,FALSE,3,20,FALSE,NA,NA,NA
K548,Randvere,K270,Kuressaare linn,K548__Ookivi__1,Ookivi,20,2,1,TRUE,14,1,TRUE,NA,NA,NA
K548,Randvere,K270,Kuressaare linn,K548__Randvere teerist__1,Randvere teerist,20,3,2,FALSE,14,2,FALSE,NA,NA,NA
K548,Randvere,K270,Kuressaare linn,K548__Tõlli__1,Tõlli,13,2,3,FALSE,10,3,FALSE,NA,NA,NA
K548,Randvere,K270,Kuressaare linn,K548__Randvere__1,Randvere,9,2,4,FALSE,6,4,FALSE,NA,NA,NA
K548,Randvere,K270,Kuressaare linn,K548__Viira__1,Viira,7,1,5,FALSE,4,10,FALSE,NA,NA,NA
K548,Randvere,K270,Kuressaare linn,K548__Anijala__1,Anijala,5,2,6,FALSE,4,5,FALSE,NA,NA,NA
K548,Randvere,K270,Kuressaare linn,K548__Ansi__1,Ansi,5,2,7,FALSE,4,6,FALSE,NA,NA,NA
K548,Randvere,K270,Kuressaare linn,K548__Ansi teerist__1,Ansi teerist,5,2,8,FALSE,4,7,FALSE,NA,NA,NA
K548,Randvere,K270,Kuressaare linn,K548__Kaarmise__1,Kaarmise,5,2,9,FALSE,4,8,FALSE,NA,NA,NA
K548,Randvere,K270,Kuressaare linn,K548__Pojengi__1,Pojengi,5,2,10,FALSE,4,9,FALSE,NA,NA,NA
K548,Randvere,K270,Kuressaare linn,K548__Raudtee__1,Raudtee,3,2,11,FALSE,1,11,FALSE,NA,NA,NA
K549,Ranna,K674,Tartu linn,K549__Kodavere kirik__1,Kodavere kirik,18,2,1,TRUE,6,1,TRUE,NA,NA,NA
K549,Ranna,K674,Tartu linn,K549__Tedreküla__1,Tedreküla,18,2,2,FALSE,6,2,FALSE,NA,NA,NA
K549,Ranna,K674,Tartu linn,K549__Piibumäe__1,Piibumäe,14,2,3,FALSE,2,7,FALSE,NA,NA,NA
K549,Ranna,K674,Tartu linn,K549__Ranna mõis__1,Ranna mõis,14,2,4,FALSE,2,9,FALSE,NA,NA,NA
K549,Ranna,K674,Tartu linn,K549__Sassukvere__1,Sassukvere,13,2,5,FALSE,2,10,FALSE,NA,NA,NA
K549,Ranna,K674,Tartu linn,K549__Punikvere__1,Punikvere,7,2,6,FALSE,3,6,FALSE,NA,NA,NA
K549,Ranna,K674,Tartu linn,K549__Kadrina mõis__1,Kadrina mõis,6,2,7,FALSE,3,3,FALSE,NA,NA,NA
K549,Ranna,K674,Tartu linn,K549__Kodavere__1,Kodavere,6,2,8,FALSE,3,4,FALSE,NA,NA,NA
K549,Ranna,K674,Tartu linn,K549__Piiri__1,Piiri,4,1,9,FALSE,3,5,FALSE,NA,NA,NA
K549,Ranna,K674,Tartu linn,K549__Pootsmani__1,Pootsmani,4,1,10,FALSE,2,8,FALSE,NA,NA,NA
K549,Ranna,K674,Tartu linn,K549__Lümati__1,Lümati,3,2,11,FALSE,NA,NA,NA,NA,NA,NA
K549,Ranna,K674,Tartu linn,K549__Kadrina__1,Kadrina,2,2,12,FALSE,NA,NA,NA,NA,NA,NA
K549,Ranna,K674,Tartu linn,K549__Äteniidu__1,Äteniidu,2,2,13,FALSE,NA,NA,NA,NA,NA,NA
K549,Ranna,K674,Tartu linn,K549__Ranna__1,Ranna,1,1,14,FALSE,NA,NA,NA,NA,NA,NA
K550,Rannapungerja,K663,Tallinn,K550__Rannapungerja__1,Rannapungerja,14,4,1,TRUE,NA,NA,NA,NA,NA,NA
K550,Rannapungerja,K663,Tallinn,K550__Kirbu__1,Kirbu,4,2,2,FALSE,NA,NA,NA,NA,NA,NA
K550,Rannapungerja,K663,Tallinn,K550__Kopli__1,Kopli,4,2,3,FALSE,NA,NA,NA,NA,NA,NA
K550,Rannapungerja,K663,Tallinn,K550__Lemmaku__1,Lemmaku,4,2,4,FALSE,NA,NA,NA,NA,NA,NA
K550,Rannapungerja,K663,Tallinn,K550__Rootsi__1,Rootsi,2,1,5,FALSE,NA,NA,NA,NA,NA,NA
K551,Rannu,K545,Rakvere linn,K551__Rannu__2,Rannu,19,1,1,TRUE,6,1,TRUE,NA,NA,NA
K551,Rannu,K545,Rakvere linn,K551__Rannu__1,Rannu,13,1,2,FALSE,NA,NA,NA,NA,NA,NA
K551,Rannu,K545,Rakvere linn,K551__Rannu küla__1,Rannu küla,7,2,3,FALSE,NA,NA,NA,NA,NA,NA
K552,Rannu,K674,Tartu linn,K552__Rannu__1,Rannu,16,2,1,TRUE,7,1,TRUE,NA,NA,NA
K552,Rannu,K674,Tartu linn,K552__Kulli__1,Kulli,15,2,2,FALSE,6,2,FALSE,NA,NA,NA
K552,Rannu,K674,Tartu linn,K552__Kuusiku__1,Kuusiku,15,2,3,FALSE,6,3,FALSE,NA,NA,NA
K552,Rannu,K674,Tartu linn,K552__Lülle__1,Lülle,11,2,4,FALSE,5,4,FALSE,NA,NA,NA
K552,Rannu,K674,Tartu linn,K552__Rannu apteek__1,Rannu apteek,11,2,5,FALSE,5,5,FALSE,NA,NA,NA
K552,Rannu,K674,Tartu linn,K552__Alakeerdi__1,Alakeerdi,10,2,6,FALSE,4,6,FALSE,NA,NA,NA
K552,Rannu,K674,Tartu linn,K552__Kaarlijärve__1,Kaarlijärve,10,2,7,FALSE,4,7,FALSE,NA,NA,NA
K552,Rannu,K674,Tartu linn,K552__Ervu__1,Ervu,5,2,8,FALSE,3,8,FALSE,NA,NA,NA
K552,Rannu,K674,Tartu linn,K552__Kaara__1,Kaara,5,2,9,FALSE,3,9,FALSE,NA,NA,NA
K552,Rannu,K674,Tartu linn,K552__Kureküla__1,Kureküla,5,1,10,FALSE,2,10,FALSE,NA,NA,NA
K552,Rannu,K674,Tartu linn,K552__Limnoloogia tee__1,Limnoloogia tee,2,1,11,FALSE,NA,NA,NA,NA,NA,NA
K552,Rannu,K674,Tartu linn,K552__Marjasoo__1,Marjasoo,2,1,12,FALSE,NA,NA,NA,NA,NA,NA
K552,Rannu,K674,Tartu linn,K552__Pilliroo__1,Pilliroo,2,1,13,FALSE,NA,NA,NA,NA,NA,NA
K552,Rannu,K674,Tartu linn,K552__Sae__1,Sae,2,1,14,FALSE,NA,NA,NA,NA,NA,NA
K552,Rannu,K674,Tartu linn,K552__Sapi tee__1,Sapi tee,2,1,15,FALSE,NA,NA,NA,NA,NA,NA
K552,Rannu,K674,Tartu linn,K552__Trepimäe__1,Trepimäe,2,1,16,FALSE,NA,NA,NA,NA,NA,NA
K552,Rannu,K674,Tartu linn,K552__Vehendi__1,Vehendi,2,1,17,FALSE,NA,NA,NA,NA,NA,NA
K553,Rapla linn,K554,Rapla,K553__Öökulli__1,Öökulli,40,2,1,TRUE,21,1,TRUE,NA,NA,NA
K553,Rapla linn,K554,Rapla,K553__Aranküla__1,Aranküla,25,4,2,FALSE,13,5,FALSE,NA,NA,NA
K553,Rapla linn,K554,Rapla,K553__Suurearu__1,Suurearu,24,2,3,FALSE,14,3,FALSE,NA,NA,NA
K553,Rapla linn,K554,Rapla,K553__Sõerumäe__1,Sõerumäe,24,2,4,FALSE,14,4,FALSE,NA,NA,NA
K553,Rapla linn,K554,Rapla,K553__Kaerepere tee__1,Kaerepere tee,20,1,5,FALSE,20,2,FALSE,NA,NA,NA
K553,Rapla linn,K554,Rapla,K553__Mäepere__1,Mäepere,15,2,6,FALSE,8,6,FALSE,NA,NA,NA
K553,Rapla linn,K554,Rapla,K553__Teramatsi__1,Teramatsi,14,2,7,FALSE,8,7,FALSE,NA,NA,NA
K553,Rapla linn,K554,Rapla,K553__Nõmme__1,Nõmme,12,2,8,FALSE,6,8,FALSE,NA,NA,NA
K553,Rapla linn,K554,Rapla,K553__Oola__1,Oola,12,2,9,FALSE,6,9,FALSE,NA,NA,NA
K553,Rapla linn,K554,Rapla,K553__Riia__1,Riia,5,2,10,FALSE,3,10,FALSE,NA,NA,NA
K553,Rapla linn,K554,Rapla,K553__Uusküla__1,Uusküla,5,2,11,FALSE,3,11,FALSE,NA,NA,NA
K554,Rapla,K554,Rapla,K554__Rapla bussijaam__1,Rapla bussijaam,207,1,1,TRUE,NA,NA,NA,94,1,TRUE
K554,Rapla,K554,Rapla,K554__Kesklinna__1,Kesklinna,171,2,2,FALSE,NA,NA,NA,74,2,FALSE
K554,Rapla,K554,Rapla,K554__Mahlamäe__1,Mahlamäe,135,2,3,FALSE,NA,NA,NA,54,3,FALSE
K554,Rapla,K554,Rapla,K554__Vesiroosi__1,Vesiroosi,132,2,4,FALSE,NA,NA,NA,53,4,FALSE
K554,Rapla,K554,Rapla,K554__Telliskivi__1,Telliskivi,126,2,5,FALSE,NA,NA,NA,50,5,FALSE
K554,Rapla,K554,Rapla,K554__Välja__1,Välja,126,2,6,FALSE,NA,NA,NA,50,6,FALSE
K554,Rapla,K554,Rapla,K554__Rapla raudteejaam__1,Rapla raudteejaam,103,1,7,FALSE,NA,NA,NA,37,7,FALSE
K554,Rapla,K554,Rapla,K554__Rapla jaam__1,Rapla jaam,93,2,8,FALSE,NA,NA,NA,31,8,FALSE
K554,Rapla,K554,Rapla,K554__Tutimäe__1,Tutimäe,46,2,9,FALSE,NA,NA,NA,28,9,FALSE
K554,Rapla,K554,Rapla,K554__Rapla__1,Rapla,34,2,10,FALSE,NA,NA,NA,NA,NA,NA
K555,Rasina,K674,Tartu linn,K555__Rasina__1,Rasina,8,4,1,TRUE,2,2,FALSE,NA,NA,NA
K555,Rasina,K674,Tartu linn,K555__Kastmekoja__1,Kastmekoja,6,2,2,FALSE,2,1,TRUE,NA,NA,NA
K555,Rasina,K674,Tartu linn,K555__Uus-Kastmekoja__1,Uus-Kastmekoja,6,2,3,FALSE,2,5,FALSE,NA,NA,NA
K555,Rasina,K674,Tartu linn,K555__Rohu__1,Rohu,5,2,4,FALSE,2,3,FALSE,NA,NA,NA
K555,Rasina,K674,Tartu linn,K555__Turna__1,Turna,5,2,5,FALSE,2,4,FALSE,NA,NA,NA
K555,Rasina,K674,Tartu linn,K555__Laane küla__1,Laane küla,4,2,6,FALSE,NA,NA,NA,NA,NA,NA
K555,Rasina,K674,Tartu linn,K555__Lüüsi__1,Lüüsi,4,2,7,FALSE,NA,NA,NA,NA,NA,NA
K555,Rasina,K674,Tartu linn,K555__Rae__1,Rae,4,2,8,FALSE,NA,NA,NA,NA,NA,NA
K555,Rasina,K674,Tartu linn,K555__Rasina park__1,Rasina park,4,2,9,FALSE,NA,NA,NA,NA,NA,NA
K555,Rasina,K674,Tartu linn,K555__Nisumäe__1,Nisumäe,3,1,10,FALSE,NA,NA,NA,NA,NA,NA
K555,Rasina,K674,Tartu linn,K555__Arujärve__1,Arujärve,2,2,11,FALSE,NA,NA,NA,NA,NA,NA
K555,Rasina,K674,Tartu linn,K555__Metsise__1,Metsise,2,2,12,FALSE,NA,NA,NA,NA,NA,NA
K555,Rasina,K674,Tartu linn,K555__Peterselli__1,Peterselli,2,1,13,FALSE,NA,NA,NA,NA,NA,NA
K555,Rasina,K674,Tartu linn,K555__Savimäe__1,Savimäe,2,2,14,FALSE,NA,NA,NA,NA,NA,NA
K555,Rasina,K674,Tartu linn,K555__Turna põik__1,Turna põik,2,2,15,FALSE,NA,NA,NA,NA,NA,NA
K555,Rasina,K674,Tartu linn,K555__Rasina külakeskus__1,Rasina külakeskus,1,1,16,FALSE,NA,NA,NA,NA,NA,NA
K556,Ravila,K663,Tallinn,K556__Kose-Risti parkla__1,Kose-Risti parkla,14,2,1,TRUE,NA,NA,NA,NA,NA,NA
K556,Ravila,K663,Tallinn,K556__Ravila__1,Ravila,14,2,2,FALSE,7,1,TRUE,NA,NA,NA
K556,Ravila,K663,Tallinn,K556__Toomingamäe__1,Toomingamäe,14,2,3,FALSE,7,2,FALSE,NA,NA,NA
K556,Ravila,K663,Tallinn,K556__Vardja__1,Vardja,14,2,4,FALSE,7,3,FALSE,NA,NA,NA
K556,Ravila,K663,Tallinn,K556__Ravila tee__2,Ravila tee,7,1,5,FALSE,6,4,FALSE,NA,NA,NA
K556,Ravila,K663,Tallinn,K556__Ravila tee__1,Ravila tee,1,1,6,FALSE,NA,NA,NA,NA,NA,NA
K557,Reegoldi,K789,Viljandi linn,K557__Jälevere tee__1,Jälevere tee,27,2,1,TRUE,9,1,TRUE,NA,NA,NA
K557,Reegoldi,K789,Viljandi linn,K557__Navesti__1,Navesti,27,2,2,FALSE,9,3,FALSE,NA,NA,NA
K557,Reegoldi,K789,Viljandi linn,K557__Paala kool__1,Paala kool,27,2,3,FALSE,9,4,FALSE,NA,NA,NA
K557,Reegoldi,K789,Viljandi linn,K557__Lepiku__1,Lepiku,25,2,4,FALSE,9,2,FALSE,NA,NA,NA
K557,Reegoldi,K789,Viljandi linn,K557__Võhmassaare__1,Võhmassaare,25,2,5,FALSE,9,5,FALSE,NA,NA,NA
K557,Reegoldi,K789,Viljandi linn,K557__Paala__1,Paala,1,1,6,FALSE,1,6,FALSE,NA,NA,NA
K558,Remniku-Smolnitsa,K118,Jõhvi linn,K558__Lastelaagri__1,Lastelaagri,8,2,1,TRUE,3,1,TRUE,NA,NA,NA
K558,Remniku-Smolnitsa,K118,Jõhvi linn,K558__Remniku__1,Remniku,8,2,2,FALSE,3,2,FALSE,NA,NA,NA
K558,Remniku-Smolnitsa,K118,Jõhvi linn,K558__Järve__1,Järve,4,2,3,FALSE,2,3,FALSE,NA,NA,NA
K558,Remniku-Smolnitsa,K118,Jõhvi linn,K558__Kopanka__1,Kopanka,4,2,4,FALSE,2,4,FALSE,NA,NA,NA
K558,Remniku-Smolnitsa,K118,Jõhvi linn,K558__Smolnitsa__1,Smolnitsa,4,2,5,FALSE,2,5,FALSE,NA,NA,NA
K559,Reola,K674,Tartu linn,K559__Reola__1,Reola,56,2,1,TRUE,33,1,TRUE,NA,NA,NA
K559,Reola,K674,Tartu linn,K559__Lepiku__1,Lepiku,30,2,2,FALSE,18,2,FALSE,NA,NA,NA
K559,Reola,K674,Tartu linn,K559__Tatra__1,Tatra,30,2,3,FALSE,18,3,FALSE,NA,NA,NA
K559,Reola,K674,Tartu linn,K559__Uhti__1,Uhti,30,2,4,FALSE,17,4,FALSE,NA,NA,NA
K559,Reola,K674,Tartu linn,K559__Lennujaam__1,Lennujaam,22,2,5,FALSE,14,5,FALSE,NA,NA,NA
K559,Reola,K674,Tartu linn,K559__Põdra__1,Põdra,19,2,6,FALSE,10,6,FALSE,NA,NA,NA
K559,Reola,K674,Tartu linn,K559__Teemeistri__1,Teemeistri,19,2,7,FALSE,10,7,FALSE,NA,NA,NA
K559,Reola,K674,Tartu linn,K559__Uhti keskus__1,Uhti keskus,5,1,8,FALSE,4,8,FALSE,NA,NA,NA
K559,Reola,K674,Tartu linn,K559__Kusta__1,Kusta,4,2,9,FALSE,3,9,FALSE,NA,NA,NA
K559,Reola,K674,Tartu linn,K559__Latiku__1,Latiku,4,2,10,FALSE,3,10,FALSE,NA,NA,NA
K559,Reola,K674,Tartu linn,K559__Lätiküla__1,Lätiküla,4,2,11,FALSE,3,11,FALSE,NA,NA,NA
K559,Reola,K674,Tartu linn,K559__Uhti__2,Uhti,4,2,12,FALSE,2,12,FALSE,NA,NA,NA
K560,Reopalu,K458,Paide linn,K560__Reopalu__1,Reopalu,55,2,1,TRUE,31,1,TRUE,NA,NA,NA
K560,Reopalu,K458,Paide linn,K560__Männaru__1,Männaru,49,2,2,FALSE,25,2,FALSE,NA,NA,NA
K561,Riguldi,K663,Tallinn,K561__Dirhami__1,Dirhami,2,1,1,TRUE,NA,NA,NA,NA,NA,NA
K561,Riguldi,K663,Tallinn,K561__Elbiku__1,Elbiku,2,2,2,FALSE,NA,NA,NA,NA,NA,NA
K561,Riguldi,K663,Tallinn,K561__Höbringi__1,Höbringi,2,2,3,FALSE,NA,NA,NA,NA,NA,NA
K561,Riguldi,K663,Tallinn,K561__Riguldi__1,Riguldi,2,2,4,FALSE,NA,NA,NA,NA,NA,NA
K561,Riguldi,K663,Tallinn,K561__Rooslepa__1,Rooslepa,2,2,5,FALSE,NA,NA,NA,NA,NA,NA
K561,Riguldi,K663,Tallinn,K561__Spithami tee__1,Spithami tee,2,2,6,FALSE,NA,NA,NA,NA,NA,NA
K561,Riguldi,K663,Tallinn,K561__Söderby__1,Söderby,2,2,7,FALSE,NA,NA,NA,NA,NA,NA
K561,Riguldi,K663,Tallinn,K561__Vanaküla__1,Vanaküla,2,2,8,FALSE,NA,NA,NA,NA,NA,NA
K562,Riidaja,K789,Viljandi linn,K562__Raudsepa__1,Raudsepa,5,2,1,TRUE,NA,NA,NA,NA,NA,NA
K562,Riidaja,K789,Viljandi linn,K562__Riidaja__1,Riidaja,5,4,2,FALSE,NA,NA,NA,NA,NA,NA
K562,Riidaja,K789,Viljandi linn,K562__Riidaja kool__1,Riidaja kool,5,2,3,FALSE,NA,NA,NA,NA,NA,NA
K562,Riidaja,K789,Viljandi linn,K562__Reti__1,Reti,2,2,4,FALSE,NA,NA,NA,NA,NA,NA
K562,Riidaja,K789,Viljandi linn,K562__Veski__1,Veski,2,2,5,FALSE,NA,NA,NA,NA,NA,NA
K562,Riidaja,K789,Viljandi linn,K562__Rilli__1,Rilli,1,1,6,FALSE,NA,NA,NA,NA,NA,NA
K563,Riidaku,K663,Tallinn,K563__Raadiku__1,Raadiku,18,2,1,TRUE,NA,NA,NA,NA,NA,NA
K563,Riidaku,K663,Tallinn,K563__Riidaku__1,Riidaku,18,2,2,FALSE,NA,NA,NA,NA,NA,NA
K564,Riisipere,K663,Tallinn,K564__Riisipere__2,Riisipere,32,2,1,TRUE,16,1,TRUE,NA,NA,NA
K564,Riisipere,K663,Tallinn,K564__Riisipere__1,Riisipere,20,2,2,FALSE,8,3,FALSE,NA,NA,NA
K564,Riisipere,K663,Tallinn,K564__Jaanika__1,Jaanika,16,2,3,FALSE,8,2,FALSE,NA,NA,NA
K564,Riisipere,K663,Tallinn,K564__Jaama tee__1,Jaama tee,14,2,4,FALSE,2,6,FALSE,NA,NA,NA
K564,Riisipere,K663,Tallinn,K564__Nissi kauplus__1,Nissi kauplus,14,1,5,FALSE,2,8,FALSE,NA,NA,NA
K564,Riisipere,K663,Tallinn,K564__Nissi kool__1,Nissi kool,14,2,6,FALSE,2,9,FALSE,NA,NA,NA
K564,Riisipere,K663,Tallinn,K564__Munalaskme__1,Munalaskme,12,1,7,FALSE,2,7,FALSE,NA,NA,NA
K564,Riisipere,K663,Tallinn,K564__Sepu tee__1,Sepu tee,12,2,8,FALSE,2,11,FALSE,NA,NA,NA
K564,Riisipere,K663,Tallinn,K564__Hürjapea__1,Hürjapea,10,2,9,FALSE,3,4,FALSE,NA,NA,NA
K564,Riisipere,K663,Tallinn,K564__Riisipere jaam__1,Riisipere jaam,10,1,10,FALSE,2,10,FALSE,NA,NA,NA
K564,Riisipere,K663,Tallinn,K564__Riisipere mõis__1,Riisipere mõis,10,2,11,FALSE,3,5,FALSE,NA,NA,NA
K564,Riisipere,K663,Tallinn,K564__Aude__1,Aude,6,2,12,FALSE,NA,NA,NA,NA,NA,NA
K564,Riisipere,K663,Tallinn,K564__Munalaskme sild__1,Munalaskme sild,6,2,13,FALSE,NA,NA,NA,NA,NA,NA
K564,Riisipere,K663,Tallinn,K564__Nissi kalmistu__1,Nissi kalmistu,6,2,14,FALSE,NA,NA,NA,NA,NA,NA
K564,Riisipere,K663,Tallinn,K564__Männimaa__1,Männimaa,3,1,15,FALSE,NA,NA,NA,NA,NA,NA
K565,Rimmu,K789,Viljandi linn,K565__Kaarli teerist__1,Kaarli teerist,6,2,1,TRUE,3,1,TRUE,NA,NA,NA
K565,Rimmu,K789,Viljandi linn,K565__Kõuna__1,Kõuna,6,2,2,FALSE,3,2,FALSE,NA,NA,NA
K565,Rimmu,K789,Viljandi linn,K565__Lillemäe__1,Lillemäe,6,2,3,FALSE,3,3,FALSE,NA,NA,NA
K565,Rimmu,K789,Viljandi linn,K565__Rimmu__1,Rimmu,6,2,4,FALSE,3,4,FALSE,NA,NA,NA
K565,Rimmu,K789,Viljandi linn,K565__Saksamõisa__1,Saksamõisa,6,2,5,FALSE,3,5,FALSE,NA,NA,NA
K565,Rimmu,K789,Viljandi linn,K565__Univere__1,Univere,6,2,6,FALSE,3,6,FALSE,NA,NA,NA
K566,Risti,K663,Tallinn,K566__Risti__1,Risti,39,2,1,TRUE,12,1,TRUE,NA,NA,NA
K566,Risti,K663,Tallinn,K566__Jaakna__1,Jaakna,11,2,2,FALSE,1,2,FALSE,NA,NA,NA
K566,Risti,K663,Tallinn,K566__Rõuma__1,Rõuma,4,2,3,FALSE,NA,NA,NA,NA,NA,NA
K567,Ristiküla,K531,Pärnu linn,K567__Tõitoja__1,Tõitoja,23,2,1,TRUE,12,1,TRUE,NA,NA,NA
K567,Ristiküla,K531,Pärnu linn,K567__Kurmi__1,Kurmi,19,2,2,FALSE,10,2,FALSE,NA,NA,NA
K567,Ristiküla,K531,Pärnu linn,K567__Ristiküla__1,Ristiküla,19,2,3,FALSE,10,3,FALSE,NA,NA,NA
K567,Ristiküla,K531,Pärnu linn,K567__Kõveri tee__1,Kõveri tee,15,2,4,FALSE,8,4,FALSE,NA,NA,NA
K568,Roela,K545,Rakvere linn,K568__Roela__1,Roela,21,2,1,TRUE,13,1,TRUE,NA,NA,NA
K568,Roela,K545,Rakvere linn,K568__Ristiküla__1,Ristiküla,19,2,2,FALSE,12,2,FALSE,NA,NA,NA
K568,Roela,K545,Rakvere linn,K568__Uusmõisa__1,Uusmõisa,19,2,3,FALSE,12,3,FALSE,NA,NA,NA
K568,Roela,K545,Rakvere linn,K568__Saara__1,Saara,10,2,4,FALSE,7,4,FALSE,NA,NA,NA
K568,Roela,K545,Rakvere linn,K568__Rasivere teerist__1,Rasivere teerist,6,2,5,FALSE,3,5,FALSE,NA,NA,NA
K568,Roela,K545,Rakvere linn,K568__Roela mõis__1,Roela mõis,6,2,6,FALSE,3,6,FALSE,NA,NA,NA
K568,Roela,K545,Rakvere linn,K568__Alavere__1,Alavere,4,2,7,FALSE,2,7,FALSE,NA,NA,NA
K568,Roela,K545,Rakvere linn,K568__Rasivere__1,Rasivere,4,1,8,FALSE,2,8,FALSE,NA,NA,NA
K568,Roela,K545,Rakvere linn,K568__Rünga__1,Rünga,2,2,9,FALSE,1,9,FALSE,NA,NA,NA
K568,Roela,K545,Rakvere linn,K568__Tammiku küla__1,Tammiku küla,1,1,10,FALSE,1,10,FALSE,NA,NA,NA
K569,Rohuküla,K061,Haapsalu linn,K569__Rohuküla sadam__1,Rohuküla sadam,38,3,1,TRUE,18,1,TRUE,NA,NA,NA
K569,Rohuküla,K061,Haapsalu linn,K569__Eigla__1,Eigla,26,2,2,FALSE,13,2,FALSE,NA,NA,NA
K569,Rohuküla,K061,Haapsalu linn,K569__Kadaka__1,Kadaka,26,2,3,FALSE,13,3,FALSE,NA,NA,NA
K569,Rohuküla,K061,Haapsalu linn,K569__Vormsi kai__1,Vormsi kai,19,1,4,FALSE,6,5,FALSE,NA,NA,NA
K569,Rohuküla,K061,Haapsalu linn,K569__Rohuküla__1,Rohuküla,14,2,5,FALSE,6,4,FALSE,NA,NA,NA
K569,Rohuküla,K061,Haapsalu linn,K569__Pullapää__1,Pullapää,2,1,6,FALSE,1,6,FALSE,NA,NA,NA
K570,Roiu,K674,Tartu linn,K570__Roiu__1,Roiu,14,2,1,TRUE,11,1,TRUE,NA,NA,NA
K570,Roiu,K674,Tartu linn,K570__Sillaotsa__1,Sillaotsa,14,2,2,FALSE,11,2,FALSE,NA,NA,NA
K570,Roiu,K674,Tartu linn,K570__Uniküla__1,Uniküla,11,2,3,FALSE,8,3,FALSE,NA,NA,NA
K570,Roiu,K674,Tartu linn,K570__Vooremäe__1,Vooremäe,11,2,4,FALSE,8,4,FALSE,NA,NA,NA
K570,Roiu,K674,Tartu linn,K570__Kulpna__1,Kulpna,9,2,5,FALSE,6,5,FALSE,NA,NA,NA
K570,Roiu,K674,Tartu linn,K570__Kriimani__1,Kriimani,7,2,6,FALSE,5,7,FALSE,NA,NA,NA
K570,Roiu,K674,Tartu linn,K570__Roiu kauplus__1,Roiu kauplus,7,2,7,FALSE,6,6,FALSE,NA,NA,NA
K570,Roiu,K674,Tartu linn,K570__Lohu__1,Lohu,6,2,8,FALSE,5,8,FALSE,NA,NA,NA
K570,Roiu,K674,Tartu linn,K570__Oksa__1,Oksa,6,2,9,FALSE,4,16,FALSE,NA,NA,NA
K570,Roiu,K674,Tartu linn,K570__Molliku__1,Molliku,5,2,10,FALSE,5,9,FALSE,NA,NA,NA
K570,Roiu,K674,Tartu linn,K570__Päkste__1,Päkste,5,2,11,FALSE,5,10,FALSE,NA,NA,NA
K570,Roiu,K674,Tartu linn,K570__Roosi__1,Roosi,5,2,12,FALSE,5,11,FALSE,NA,NA,NA
K570,Roiu,K674,Tartu linn,K570__Sihi__1,Sihi,5,2,13,FALSE,5,12,FALSE,NA,NA,NA
K570,Roiu,K674,Tartu linn,K570__Sooru__1,Sooru,5,2,14,FALSE,5,13,FALSE,NA,NA,NA
K570,Roiu,K674,Tartu linn,K570__Uniküla rist__1,Uniküla rist,5,2,15,FALSE,5,14,FALSE,NA,NA,NA
K570,Roiu,K674,Tartu linn,K570__Hariduse__1,Hariduse,4,1,16,FALSE,4,15,FALSE,NA,NA,NA
K570,Roiu,K674,Tartu linn,K570__Kõivu__1,Kõivu,3,2,17,FALSE,2,17,FALSE,NA,NA,NA
K571,Roosna-Alliku,K458,Paide linn,K571__Roosna-Alliku__1,Roosna-Alliku,19,2,1,TRUE,9,1,TRUE,NA,NA,NA
K571,Roosna-Alliku,K458,Paide linn,K571__Kalakasvandus__1,Kalakasvandus,17,2,2,FALSE,8,2,FALSE,NA,NA,NA
K571,Roosna-Alliku,K458,Paide linn,K571__Ale__1,Ale,14,2,3,FALSE,7,3,FALSE,NA,NA,NA
K571,Roosna-Alliku,K458,Paide linn,K571__Mäe__1,Mäe,14,2,4,FALSE,7,5,FALSE,NA,NA,NA
K571,Roosna-Alliku,K458,Paide linn,K571__Sooru__1,Sooru,14,2,5,FALSE,7,6,FALSE,NA,NA,NA
K571,Roosna-Alliku,K458,Paide linn,K571__Kihme__1,Kihme,7,1,6,FALSE,7,4,FALSE,NA,NA,NA
K571,Roosna-Alliku,K458,Paide linn,K571__Kändliku__1,Kändliku,3,2,7,FALSE,1,7,FALSE,NA,NA,NA
K572,Roostoja,K118,Jõhvi linn,K572__Ojaste__1,Ojaste,4,2,1,TRUE,NA,NA,NA,NA,NA,NA
K572,Roostoja,K118,Jõhvi linn,K572__Taga-Roostoja__1,Taga-Roostoja,4,2,2,FALSE,NA,NA,NA,NA,NA,NA
K573,Rosma,K523,Põlva linn,K573__Rosma kalmistu__1,Rosma kalmistu,20,2,1,TRUE,15,1,TRUE,NA,NA,NA
K573,Rosma,K523,Põlva linn,K573__Rosma-Mäe__1,Rosma-Mäe,20,2,2,FALSE,15,2,FALSE,NA,NA,NA
K573,Rosma,K523,Põlva linn,K573__Salu__1,Salu,15,1,3,FALSE,8,5,FALSE,NA,NA,NA
K573,Rosma,K523,Põlva linn,K573__Rosma__1,Rosma,13,2,4,FALSE,10,3,FALSE,NA,NA,NA
K573,Rosma,K523,Põlva linn,K573__Partsi__1,Partsi,12,2,5,FALSE,8,4,FALSE,NA,NA,NA
K573,Rosma,K523,Põlva linn,K573__Lutsu__1,Lutsu,11,3,6,FALSE,7,6,FALSE,NA,NA,NA
K573,Rosma,K523,Põlva linn,K573__Partsi mõis__1,Partsi mõis,11,2,7,FALSE,7,7,FALSE,NA,NA,NA
K573,Rosma,K523,Põlva linn,K573__Rihemõtsa__1,Rihemõtsa,11,2,8,FALSE,7,8,FALSE,NA,NA,NA
K573,Rosma,K523,Põlva linn,K573__Riidsoo__1,Riidsoo,7,2,9,FALSE,5,9,FALSE,NA,NA,NA
K573,Rosma,K523,Põlva linn,K573__Soo__1,Soo,7,2,10,FALSE,5,10,FALSE,NA,NA,NA
K573,Rosma,K523,Põlva linn,K573__Soesaare__1,Soesaare,4,2,11,FALSE,2,11,FALSE,NA,NA,NA
K573,Rosma,K523,Põlva linn,K573__Uibujärve__1,Uibujärve,3,2,12,FALSE,2,12,FALSE,NA,NA,NA
K573,Rosma,K523,Põlva linn,K573__Kivijärve__1,Kivijärve,2,2,13,FALSE,1,13,FALSE,NA,NA,NA
K573,Rosma,K523,Põlva linn,K573__Oru__1,Oru,2,1,14,FALSE,1,14,FALSE,NA,NA,NA
K573,Rosma,K523,Põlva linn,K573__Tõrvahavva__1,Tõrvahavva,2,2,15,FALSE,1,15,FALSE,NA,NA,NA
K575,Rulli,K674,Tartu linn,K575__Rulli__1,Rulli,13,2,1,TRUE,2,1,TRUE,NA,NA,NA
K575,Rulli,K674,Tartu linn,K575__Sildu__1,Sildu,10,2,2,FALSE,2,2,FALSE,NA,NA,NA
K576,Rummu,K663,Tallinn,K576__Rummu__1,Rummu,47,2,1,TRUE,19,2,FALSE,NA,NA,NA
K576,Rummu,K663,Tallinn,K576__Ämari__1,Ämari,41,2,2,FALSE,18,3,FALSE,NA,NA,NA
K576,Rummu,K663,Tallinn,K576__Pärniti__1,Pärniti,26,1,3,FALSE,19,1,TRUE,NA,NA,NA
K576,Rummu,K663,Tallinn,K576__Kasepere__1,Kasepere,20,1,4,FALSE,14,4,FALSE,NA,NA,NA
K576,Rummu,K663,Tallinn,K576__Rummu-Sireli__1,Rummu-Sireli,3,1,5,FALSE,NA,NA,NA,NA,NA,NA
K577,Ruusa,K523,Põlva linn,K577__Ruusa__2,Ruusa,17,1,1,TRUE,8,1,TRUE,NA,NA,NA
K577,Ruusa,K523,Põlva linn,K577__Võuküla__1,Võuküla,17,2,2,FALSE,8,2,FALSE,NA,NA,NA
K577,Ruusa,K523,Põlva linn,K577__Ruusa__1,Ruusa,4,2,3,FALSE,2,3,FALSE,NA,NA,NA
K577,Ruusa,K523,Põlva linn,K577__Võiardi tee__1,Võiardi tee,3,2,4,FALSE,2,4,FALSE,NA,NA,NA
K577,Ruusa,K523,Põlva linn,K577__Koidu__1,Koidu,2,1,5,FALSE,NA,NA,NA,NA,NA,NA
K577,Ruusa,K523,Põlva linn,K577__Pindi__1,Pindi,2,2,6,FALSE,1,5,FALSE,NA,NA,NA
K577,Ruusa,K523,Põlva linn,K577__Võhni__1,Võhni,2,2,7,FALSE,1,6,FALSE,NA,NA,NA
K577,Ruusa,K523,Põlva linn,K577__Ruuna__1,Ruuna,1,1,8,FALSE,NA,NA,NA,NA,NA,NA
K578,Ruusmäe,K813,Võru linn,K578__Ruusmäe__1,Ruusmäe,11,2,1,TRUE,7,1,TRUE,NA,NA,NA
K578,Ruusmäe,K813,Võru linn,K578__Käänu__1,Käänu,6,3,2,FALSE,4,2,FALSE,NA,NA,NA
K578,Ruusmäe,K813,Võru linn,K578__Hurda__1,Hurda,4,2,3,FALSE,3,3,FALSE,NA,NA,NA
K578,Ruusmäe,K813,Võru linn,K578__Kuklase__1,Kuklase,4,1,4,FALSE,3,4,FALSE,NA,NA,NA
K578,Ruusmäe,K813,Võru linn,K578__Kuura__1,Kuura,4,2,5,FALSE,3,5,FALSE,NA,NA,NA
K578,Ruusmäe,K813,Võru linn,K578__Murati__1,Murati,4,1,6,FALSE,2,8,FALSE,NA,NA,NA
K578,Ruusmäe,K813,Võru linn,K578__Sarise__1,Sarise,4,2,7,FALSE,3,6,FALSE,NA,NA,NA
K578,Ruusmäe,K813,Võru linn,K578__Tsilgutaja__1,Tsilgutaja,4,2,8,FALSE,3,7,FALSE,NA,NA,NA
K578,Ruusmäe,K813,Võru linn,K578__Lillimõisa__1,Lillimõisa,2,2,9,FALSE,1,10,FALSE,NA,NA,NA
K578,Ruusmäe,K813,Võru linn,K578__Preeksa__1,Preeksa,2,1,10,FALSE,1,11,FALSE,NA,NA,NA
K578,Ruusmäe,K813,Võru linn,K578__Raagi__1,Raagi,2,1,11,FALSE,2,9,FALSE,NA,NA,NA
K578,Ruusmäe,K813,Võru linn,K578__Suurekõrtsi__1,Suurekõrtsi,2,1,12,FALSE,1,12,FALSE,NA,NA,NA
K578,Ruusmäe,K813,Võru linn,K578__Uuri__1,Uuri,2,1,13,FALSE,1,13,FALSE,NA,NA,NA
K579,Rõngu,K674,Tartu linn,K579__Rõngu__1,Rõngu,31,1,1,TRUE,13,1,TRUE,NA,NA,NA
K579,Rõngu,K674,Tartu linn,K579__Kirepi__1,Kirepi,23,2,2,FALSE,12,2,FALSE,NA,NA,NA
K579,Rõngu,K674,Tartu linn,K579__Puiestee__1,Puiestee,23,2,3,FALSE,12,3,FALSE,NA,NA,NA
K579,Rõngu,K674,Tartu linn,K579__Tilga__1,Tilga,22,2,4,FALSE,11,4,FALSE,NA,NA,NA
K579,Rõngu,K674,Tartu linn,K579__Raigaste__1,Raigaste,12,2,5,FALSE,3,10,FALSE,NA,NA,NA
K579,Rõngu,K674,Tartu linn,K579__Kingu__1,Kingu,11,2,6,FALSE,6,5,FALSE,NA,NA,NA
K579,Rõngu,K674,Tartu linn,K579__Koruste__1,Koruste,11,2,7,FALSE,6,6,FALSE,NA,NA,NA
K579,Rõngu,K674,Tartu linn,K579__Rõngu kalmistu__1,Rõngu kalmistu,11,2,8,FALSE,6,7,FALSE,NA,NA,NA
K579,Rõngu,K674,Tartu linn,K579__Kadajamäe__1,Kadajamäe,6,2,9,FALSE,NA,NA,NA,NA,NA,NA
K579,Rõngu,K674,Tartu linn,K579__Paaslangi__1,Paaslangi,6,2,10,FALSE,4,8,FALSE,NA,NA,NA
K579,Rõngu,K674,Tartu linn,K579__Rõngu kool__1,Rõngu kool,6,2,11,FALSE,2,15,FALSE,NA,NA,NA
K579,Rõngu,K674,Tartu linn,K579__Salulaane__1,Salulaane,6,2,12,FALSE,3,11,FALSE,NA,NA,NA
K579,Rõngu,K674,Tartu linn,K579__Lõuna__1,Lõuna,5,2,13,FALSE,3,9,FALSE,NA,NA,NA
K579,Rõngu,K674,Tartu linn,K579__Teedla__1,Teedla,5,2,14,FALSE,3,12,FALSE,NA,NA,NA
K579,Rõngu,K674,Tartu linn,K579__Vilsi__1,Vilsi,5,2,15,FALSE,3,13,FALSE,NA,NA,NA
K579,Rõngu,K674,Tartu linn,K579__Teedla tee__1,Teedla tee,4,1,16,FALSE,2,16,FALSE,NA,NA,NA
K579,Rõngu,K674,Tartu linn,K579__Lossimäe__1,Lossimäe,3,1,17,FALSE,2,14,FALSE,NA,NA,NA
K580,Rõude,K663,Tallinn,K580__Kabelimägi__1,Kabelimägi,12,2,1,TRUE,NA,NA,NA,NA,NA,NA
K580,Rõude,K663,Tallinn,K580__Kurevere__1,Kurevere,12,2,2,FALSE,NA,NA,NA,NA,NA,NA
K580,Rõude,K663,Tallinn,K580__Rõude__1,Rõude,12,2,3,FALSE,NA,NA,NA,NA,NA,NA
K580,Rõude,K663,Tallinn,K580__Simmi__1,Simmi,12,2,4,FALSE,NA,NA,NA,NA,NA,NA
K580,Rõude,K663,Tallinn,K580__Tammiku__1,Tammiku,12,2,5,FALSE,NA,NA,NA,NA,NA,NA
K580,Rõude,K663,Tallinn,K580__Utu__1,Utu,12,2,6,FALSE,NA,NA,NA,NA,NA,NA
K581,Rõuge,K813,Võru linn,K581__Rõuge__1,Rõuge,16,1,1,TRUE,13,1,TRUE,NA,NA,NA
K581,Rõuge,K813,Võru linn,K581__Üla-Rõuge__1,Üla-Rõuge,13,1,2,FALSE,10,2,FALSE,NA,NA,NA
K581,Rõuge,K813,Võru linn,K581__Soe__1,Soe,11,2,3,FALSE,8,4,FALSE,NA,NA,NA
K581,Rõuge,K813,Võru linn,K581__Rõuge kool__1,Rõuge kool,10,1,4,FALSE,9,3,FALSE,NA,NA,NA
K581,Rõuge,K813,Võru linn,K581__Suurõ-Ruuga__1,Suurõ-Ruuga,6,2,5,FALSE,5,6,FALSE,NA,NA,NA
K581,Rõuge,K813,Võru linn,K581__Nogopalu__1,Nogopalu,5,3,6,FALSE,5,5,FALSE,NA,NA,NA
K581,Rõuge,K813,Võru linn,K581__Linnase__1,Linnase,4,2,7,FALSE,3,10,FALSE,NA,NA,NA
K581,Rõuge,K813,Võru linn,K581__Taudsa__1,Taudsa,4,2,8,FALSE,4,7,FALSE,NA,NA,NA
K581,Rõuge,K813,Võru linn,K581__Utessuu__1,Utessuu,4,2,9,FALSE,4,8,FALSE,NA,NA,NA
K581,Rõuge,K813,Võru linn,K581__Kokõmäe__1,Kokõmäe,3,2,10,FALSE,3,9,FALSE,NA,NA,NA
K581,Rõuge,K813,Võru linn,K581__Rebäse__1,Rebäse,3,2,11,FALSE,3,11,FALSE,NA,NA,NA
K581,Rõuge,K813,Võru linn,K581__Tindi__1,Tindi,3,2,12,FALSE,3,12,FALSE,NA,NA,NA
K581,Rõuge,K813,Võru linn,K581__Hinu__1,Hinu,2,2,13,FALSE,1,16,FALSE,NA,NA,NA
K581,Rõuge,K813,Võru linn,K581__Matsi__1,Matsi,2,2,14,FALSE,1,17,FALSE,NA,NA,NA
K581,Rõuge,K813,Võru linn,K581__Muna__1,Muna,2,1,15,FALSE,2,13,FALSE,NA,NA,NA
K581,Rõuge,K813,Võru linn,K581__Põrguhavva__1,Põrguhavva,2,2,16,FALSE,2,14,FALSE,NA,NA,NA
K581,Rõuge,K813,Võru linn,K581__Handimiku__1,Handimiku,1,1,17,FALSE,1,15,FALSE,NA,NA,NA
K581,Rõuge,K813,Võru linn,K581__Nogu__1,Nogu,1,1,18,FALSE,1,18,FALSE,NA,NA,NA
K581,Rõuge,K813,Võru linn,K581__Saaremäe__1,Saaremäe,1,1,19,FALSE,1,19,FALSE,NA,NA,NA
K581,Rõuge,K813,Võru linn,K581__Tootsi__1,Tootsi,1,1,20,FALSE,1,20,FALSE,NA,NA,NA
K581,Rõuge,K813,Võru linn,K581__Udsali__1,Udsali,1,1,21,FALSE,1,21,FALSE,NA,NA,NA
K582,Räni,K674,Tartu linn,K582__Mileedi__1,Mileedi,147,2,1,TRUE,114,1,TRUE,NA,NA,NA
K582,Räni,K674,Tartu linn,K582__Haigla__1,Haigla,38,2,2,FALSE,38,2,FALSE,NA,NA,NA
K582,Räni,K674,Tartu linn,K582__Saariku__1,Saariku,19,1,3,FALSE,5,3,FALSE,NA,NA,NA
K583,Räpina linn,K674,Tartu linn,K583__Räpina bussijaam__1,Räpina bussijaam,59,1,1,TRUE,8,1,TRUE,NA,NA,NA
K583,Räpina linn,K674,Tartu linn,K583__Halduskeskus__1,Halduskeskus,40,2,2,FALSE,6,3,FALSE,NA,NA,NA
K583,Räpina linn,K674,Tartu linn,K583__Tartu maantee__1,Tartu maantee,18,1,3,FALSE,7,2,FALSE,NA,NA,NA
K583,Räpina linn,K674,Tartu linn,K583__Polikliinik__1,Polikliinik,14,2,4,FALSE,NA,NA,NA,NA,NA,NA
K583,Räpina linn,K674,Tartu linn,K583__Apteegi__1,Apteegi,13,4,5,FALSE,NA,NA,NA,NA,NA,NA
K583,Räpina linn,K674,Tartu linn,K583__Räpina gümnaasium__1,Räpina gümnaasium,7,1,6,FALSE,NA,NA,NA,NA,NA,NA
K583,Räpina linn,K674,Tartu linn,K583__Kaubanduse__1,Kaubanduse,4,1,7,FALSE,1,4,FALSE,NA,NA,NA
K583,Räpina linn,K674,Tartu linn,K583__Lepiku__1,Lepiku,3,2,8,FALSE,NA,NA,NA,NA,NA,NA
K584,Räpina ümbrus,K674,Tartu linn,K584__Jaamamõisa__1,Jaamamõisa,37,2,1,TRUE,7,1,TRUE,NA,NA,NA
K584,Räpina ümbrus,K674,Tartu linn,K584__Ristipalo__1,Ristipalo,27,2,2,FALSE,5,2,FALSE,NA,NA,NA
K584,Räpina ümbrus,K674,Tartu linn,K584__Liivamäe__1,Liivamäe,25,2,3,FALSE,4,3,FALSE,NA,NA,NA
K584,Räpina ümbrus,K674,Tartu linn,K584__Tartu maantee__1,Tartu maantee,19,1,4,FALSE,NA,NA,NA,NA,NA,NA
K584,Räpina ümbrus,K674,Tartu linn,K584__Kassilaane tee__1,Kassilaane tee,11,2,5,FALSE,NA,NA,NA,NA,NA,NA
K584,Räpina ümbrus,K674,Tartu linn,K584__Krõntsali__1,Krõntsali,11,2,6,FALSE,NA,NA,NA,NA,NA,NA
K584,Räpina ümbrus,K674,Tartu linn,K584__Nulga tee__1,Nulga tee,11,2,7,FALSE,NA,NA,NA,NA,NA,NA
K584,Räpina ümbrus,K674,Tartu linn,K584__Rahumäe__1,Rahumäe,11,2,8,FALSE,NA,NA,NA,NA,NA,NA
K584,Räpina ümbrus,K674,Tartu linn,K584__Sillapää__1,Sillapää,11,2,9,FALSE,NA,NA,NA,NA,NA,NA
K584,Räpina ümbrus,K674,Tartu linn,K584__Kuuksi__1,Kuuksi,3,2,10,FALSE,NA,NA,NA,NA,NA,NA
K584,Räpina ümbrus,K674,Tartu linn,K584__Köstrimäe__1,Köstrimäe,3,2,11,FALSE,1,4,FALSE,NA,NA,NA
K584,Räpina ümbrus,K674,Tartu linn,K584__Kremlimäe__1,Kremlimäe,2,2,12,FALSE,NA,NA,NA,NA,NA,NA
K584,Räpina ümbrus,K674,Tartu linn,K584__Silminitsa__1,Silminitsa,2,1,13,FALSE,NA,NA,NA,NA,NA,NA
K584,Räpina ümbrus,K674,Tartu linn,K584__Suure-Veerksu__1,Suure-Veerksu,2,2,14,FALSE,NA,NA,NA,NA,NA,NA
K584,Räpina ümbrus,K674,Tartu linn,K584__Sülgoja__1,Sülgoja,2,2,15,FALSE,NA,NA,NA,NA,NA,NA
K585,Rääsa,K213,Kiviõli linn,K585__Kuldnoka__1,Kuldnoka,3,2,1,TRUE,1,1,TRUE,NA,NA,NA
K585,Rääsa,K213,Kiviõli linn,K585__Rääsa__1,Rääsa,3,2,2,FALSE,1,2,FALSE,NA,NA,NA
K586,Saarde,K531,Pärnu linn,K586__Kalita__1,Kalita,7,2,1,TRUE,3,1,TRUE,NA,NA,NA
K586,Saarde,K531,Pärnu linn,K586__Karbisaadu__1,Karbisaadu,7,2,2,FALSE,3,2,FALSE,NA,NA,NA
K586,Saarde,K531,Pärnu linn,K586__Kargoja__1,Kargoja,7,2,3,FALSE,3,3,FALSE,NA,NA,NA
K586,Saarde,K531,Pärnu linn,K586__Külge__1,Külge,7,2,4,FALSE,3,4,FALSE,NA,NA,NA
K586,Saarde,K531,Pärnu linn,K586__Leissaare__1,Leissaare,7,2,5,FALSE,3,5,FALSE,NA,NA,NA
K586,Saarde,K531,Pärnu linn,K586__Saarde__1,Saarde,7,2,6,FALSE,3,6,FALSE,NA,NA,NA
K586,Saarde,K531,Pärnu linn,K586__Saarde kirik__1,Saarde kirik,7,2,7,FALSE,3,7,FALSE,NA,NA,NA
K586,Saarde,K531,Pärnu linn,K586__Pati__1,Pati,4,2,8,FALSE,NA,NA,NA,NA,NA,NA
K586,Saarde,K531,Pärnu linn,K586__Leipste__1,Leipste,3,2,9,FALSE,NA,NA,NA,NA,NA,NA
K587,Saareküla,K270,Kuressaare linn,K587__Koka__1,Koka,2,1,1,TRUE,NA,NA,NA,NA,NA,NA
K587,Saareküla,K270,Kuressaare linn,K587__Saare mõis__1,Saare mõis,2,1,2,FALSE,NA,NA,NA,NA,NA,NA
K587,Saareküla,K270,Kuressaare linn,K587__Saareküla__1,Saareküla,2,1,3,FALSE,NA,NA,NA,NA,NA,NA
K587,Saareküla,K270,Kuressaare linn,K587__Saaremetsa__1,Saaremetsa,2,1,4,FALSE,NA,NA,NA,NA,NA,NA
K588,Saarepeedi,K789,Viljandi linn,K588__Aimla tee__1,Aimla tee,13,2,1,TRUE,10,1,TRUE,NA,NA,NA
K588,Saarepeedi,K789,Viljandi linn,K588__Kõre__1,Kõre,13,2,2,FALSE,10,2,FALSE,NA,NA,NA
K588,Saarepeedi,K789,Viljandi linn,K588__Künnapuu__1,Künnapuu,13,2,3,FALSE,10,3,FALSE,NA,NA,NA
K588,Saarepeedi,K789,Viljandi linn,K588__Palu__1,Palu,13,2,4,FALSE,10,4,FALSE,NA,NA,NA
K588,Saarepeedi,K789,Viljandi linn,K588__Saarepeedi tee__1,Saarepeedi tee,13,2,5,FALSE,10,5,FALSE,NA,NA,NA
K588,Saarepeedi,K789,Viljandi linn,K588__Varesemäed__1,Varesemäed,13,2,6,FALSE,10,6,FALSE,NA,NA,NA
K588,Saarepeedi,K789,Viljandi linn,K588__Koka__1,Koka,6,2,7,FALSE,6,7,FALSE,NA,NA,NA
K588,Saarepeedi,K789,Viljandi linn,K588__Muraka__1,Muraka,6,2,8,FALSE,6,8,FALSE,NA,NA,NA
K588,Saarepeedi,K789,Viljandi linn,K588__Murru__1,Murru,6,2,9,FALSE,6,9,FALSE,NA,NA,NA
K588,Saarepeedi,K789,Viljandi linn,K588__Pupsi__1,Pupsi,6,2,10,FALSE,6,10,FALSE,NA,NA,NA
K588,Saarepeedi,K789,Viljandi linn,K588__Rootsi__1,Rootsi,6,2,11,FALSE,6,11,FALSE,NA,NA,NA
K588,Saarepeedi,K789,Viljandi linn,K588__Saarepeedi__1,Saarepeedi,6,2,12,FALSE,6,12,FALSE,NA,NA,NA
K588,Saarepeedi,K789,Viljandi linn,K588__Taari__1,Taari,6,2,13,FALSE,6,13,FALSE,NA,NA,NA
K588,Saarepeedi,K789,Viljandi linn,K588__Tammiku__1,Tammiku,6,2,14,FALSE,6,14,FALSE,NA,NA,NA
K588,Saarepeedi,K789,Viljandi linn,K588__Tõnissaare__1,Tõnissaare,6,2,15,FALSE,5,16,FALSE,NA,NA,NA
K588,Saarepeedi,K789,Viljandi linn,K588__Välgita__1,Välgita,6,2,16,FALSE,6,15,FALSE,NA,NA,NA
K589,Saarlase,K813,Võru linn,K589__Listaku__1,Listaku,6,2,1,TRUE,5,1,TRUE,NA,NA,NA
K589,Saarlase,K813,Võru linn,K589__Pärlijõe__1,Pärlijõe,6,2,2,FALSE,5,2,FALSE,NA,NA,NA
K589,Saarlase,K813,Võru linn,K589__Roobi__1,Roobi,6,2,3,FALSE,5,3,FALSE,NA,NA,NA
K589,Saarlase,K813,Võru linn,K589__Saarlasõ__1,Saarlasõ,6,3,4,FALSE,5,4,FALSE,NA,NA,NA
K589,Saarlase,K813,Võru linn,K589__Ristemäe__1,Ristemäe,2,2,5,FALSE,1,5,FALSE,NA,NA,NA
K589,Saarlase,K813,Võru linn,K589__Sadramõtsa__1,Sadramõtsa,2,1,6,FALSE,1,6,FALSE,NA,NA,NA
K589,Saarlase,K813,Võru linn,K589__Saki__1,Saki,2,2,7,FALSE,1,7,FALSE,NA,NA,NA
K590,Saatse,K674,Tartu linn,K590__Korela tee__1,Korela tee,4,2,1,TRUE,NA,NA,NA,NA,NA,NA
K590,Saatse,K674,Tartu linn,K590__Kundruse__1,Kundruse,4,2,2,FALSE,NA,NA,NA,NA,NA,NA
K590,Saatse,K674,Tartu linn,K590__Saabolda__1,Saabolda,4,2,3,FALSE,NA,NA,NA,NA,NA,NA
K590,Saatse,K674,Tartu linn,K590__Saatse__1,Saatse,4,2,4,FALSE,NA,NA,NA,NA,NA,NA
K590,Saatse,K674,Tartu linn,K590__Sesniki__1,Sesniki,4,2,5,FALSE,NA,NA,NA,NA,NA,NA
K590,Saatse,K674,Tartu linn,K590__Ulitina__1,Ulitina,4,2,6,FALSE,NA,NA,NA,NA,NA,NA
K590,Saatse,K674,Tartu linn,K590__Saatse muuseum__1,Saatse muuseum,3,1,7,FALSE,NA,NA,NA,NA,NA,NA
K590,Saatse,K674,Tartu linn,K590__Kolossova__1,Kolossova,2,2,8,FALSE,NA,NA,NA,NA,NA,NA
K590,Saatse,K674,Tartu linn,K590__Korela__1,Korela,2,2,9,FALSE,NA,NA,NA,NA,NA,NA
K590,Saatse,K674,Tartu linn,K590__Perdaku__1,Perdaku,2,1,10,FALSE,NA,NA,NA,NA,NA,NA
K591,Sadala,K115,Jõgeva linn,K591__Kantküla__1,Kantküla,18,2,1,TRUE,9,1,TRUE,NA,NA,NA
K591,Sadala,K115,Jõgeva linn,K591__Ookatku__1,Ookatku,16,2,2,FALSE,5,3,FALSE,NA,NA,NA
K591,Sadala,K115,Jõgeva linn,K591__Reinu__1,Reinu,16,2,3,FALSE,5,4,FALSE,NA,NA,NA
K591,Sadala,K115,Jõgeva linn,K591__Sadala__1,Sadala,16,2,4,FALSE,5,5,FALSE,NA,NA,NA
K591,Sadala,K115,Jõgeva linn,K591__Veltuse__1,Veltuse,16,2,5,FALSE,5,6,FALSE,NA,NA,NA
K591,Sadala,K115,Jõgeva linn,K591__Kodismaa__1,Kodismaa,12,2,6,FALSE,5,2,FALSE,NA,NA,NA
K591,Sadala,K115,Jõgeva linn,K591__Iravere__1,Iravere,1,1,7,FALSE,1,7,FALSE,NA,NA,NA
K592,Saduküla,K115,Jõgeva linn,K592__Härjanurme__1,Härjanurme,11,4,1,TRUE,9,1,TRUE,NA,NA,NA
K592,Saduküla,K115,Jõgeva linn,K592__Hiie__1,Hiie,10,2,2,FALSE,8,2,FALSE,NA,NA,NA
K592,Saduküla,K115,Jõgeva linn,K592__Jõune__1,Jõune,10,2,3,FALSE,8,3,FALSE,NA,NA,NA
K592,Saduküla,K115,Jõgeva linn,K592__Kalatalu__1,Kalatalu,10,2,4,FALSE,8,4,FALSE,NA,NA,NA
K592,Saduküla,K115,Jõgeva linn,K592__Siimusti tee__1,Siimusti tee,10,4,5,FALSE,8,5,FALSE,NA,NA,NA
K592,Saduküla,K115,Jõgeva linn,K592__Kaatvere__1,Kaatvere,9,2,6,FALSE,7,6,FALSE,NA,NA,NA
K592,Saduküla,K115,Jõgeva linn,K592__Saduküla__1,Saduküla,9,2,7,FALSE,7,8,FALSE,NA,NA,NA
K592,Saduküla,K115,Jõgeva linn,K592__Saarevälja__1,Saarevälja,8,2,8,FALSE,7,7,FALSE,NA,NA,NA
K592,Saduküla,K115,Jõgeva linn,K592__Edru__1,Edru,7,2,9,FALSE,6,9,FALSE,NA,NA,NA
K592,Saduküla,K115,Jõgeva linn,K592__Liivoja__1,Liivoja,7,2,10,FALSE,6,10,FALSE,NA,NA,NA
K592,Saduküla,K115,Jõgeva linn,K592__Mäända__1,Mäända,7,2,11,FALSE,6,11,FALSE,NA,NA,NA
K592,Saduküla,K115,Jõgeva linn,K592__Pööra__1,Pööra,7,2,12,FALSE,6,12,FALSE,NA,NA,NA
K592,Saduküla,K115,Jõgeva linn,K592__Saduküla kool__1,Saduküla kool,7,2,13,FALSE,6,13,FALSE,NA,NA,NA
K593,Sagadi,K663,Tallinn,K593__Nõmme__1,Nõmme,8,2,1,TRUE,1,2,FALSE,NA,NA,NA
K593,Sagadi,K663,Tallinn,K593__Sagadi küla__1,Sagadi küla,8,2,2,FALSE,1,3,FALSE,NA,NA,NA
K593,Sagadi,K663,Tallinn,K593__Sagadi mõis__1,Sagadi mõis,7,2,3,FALSE,1,4,FALSE,NA,NA,NA
K593,Sagadi,K663,Tallinn,K593__Sagadi tee__1,Sagadi tee,6,2,4,FALSE,NA,NA,NA,NA,NA,NA
K593,Sagadi,K663,Tallinn,K593__Vila tee__1,Vila tee,6,2,5,FALSE,NA,NA,NA,NA,NA,NA
K593,Sagadi,K663,Tallinn,K593__Lauli__1,Lauli,5,2,6,FALSE,1,1,TRUE,NA,NA,NA
K593,Sagadi,K663,Tallinn,K593__Sipa__1,Sipa,3,2,7,FALSE,NA,NA,NA,NA,NA,NA
K593,Sagadi,K663,Tallinn,K593__Kadaka__1,Kadaka,2,2,8,FALSE,NA,NA,NA,NA,NA,NA
K593,Sagadi,K663,Tallinn,K593__Oandu__1,Oandu,1,1,9,FALSE,NA,NA,NA,NA,NA,NA
K594,Saikla,K270,Kuressaare linn,K594__Saikla__1,Saikla,16,2,1,TRUE,8,1,TRUE,NA,NA,NA
K594,Saikla,K270,Kuressaare linn,K594__Ariste__1,Ariste,15,2,2,FALSE,4,2,FALSE,NA,NA,NA
K594,Saikla,K270,Kuressaare linn,K594__Liivaküla__1,Liivaküla,6,2,3,FALSE,3,3,FALSE,NA,NA,NA
K594,Saikla,K270,Kuressaare linn,K594__Raba__1,Raba,6,2,4,FALSE,3,4,FALSE,NA,NA,NA
K594,Saikla,K270,Kuressaare linn,K594__Rabamaja__1,Rabamaja,6,2,5,FALSE,3,5,FALSE,NA,NA,NA
K594,Saikla,K270,Kuressaare linn,K594__Ariste__2,Ariste,4,1,6,FALSE,2,6,FALSE,NA,NA,NA
K595,Saka,K225,Kohtla-Järve linn,K595__Saka tee__1,Saka tee,14,1,1,TRUE,14,1,TRUE,NA,NA,NA
K595,Saka,K225,Kohtla-Järve linn,K595__Saka tee__2,Saka tee,11,1,2,FALSE,NA,NA,NA,NA,NA,NA
K595,Saka,K225,Kohtla-Järve linn,K595__Saka__1,Saka,6,2,3,FALSE,3,2,FALSE,NA,NA,NA
K595,Saka,K225,Kohtla-Järve linn,K595__Saka mõis__1,Saka mõis,6,2,4,FALSE,3,3,FALSE,NA,NA,NA
K595,Saka,K225,Kohtla-Järve linn,K595__Kiltsi__1,Kiltsi,5,2,5,FALSE,2,5,FALSE,NA,NA,NA
K595,Saka,K225,Kohtla-Järve linn,K595__Madise__1,Madise,5,2,6,FALSE,2,6,FALSE,NA,NA,NA
K595,Saka,K225,Kohtla-Järve linn,K595__Miili__1,Miili,5,2,7,FALSE,2,7,FALSE,NA,NA,NA
K595,Saka,K225,Kohtla-Järve linn,K595__Nõlva__1,Nõlva,5,2,8,FALSE,2,8,FALSE,NA,NA,NA
K595,Saka,K225,Kohtla-Järve linn,K595__Ontika__1,Ontika,5,2,9,FALSE,2,9,FALSE,NA,NA,NA
K595,Saka,K225,Kohtla-Järve linn,K595__Saka küla__1,Saka küla,5,2,10,FALSE,2,11,FALSE,NA,NA,NA
K595,Saka,K225,Kohtla-Järve linn,K595__Valaste juga__1,Valaste juga,5,2,11,FALSE,2,12,FALSE,NA,NA,NA
K595,Saka,K225,Kohtla-Järve linn,K595__Värava__1,Värava,5,1,12,FALSE,2,13,FALSE,NA,NA,NA
K595,Saka,K225,Kohtla-Järve linn,K595__Kaasikvälja__1,Kaasikvälja,2,1,13,FALSE,2,4,FALSE,NA,NA,NA
K595,Saka,K225,Kohtla-Järve linn,K595__Reinbergi__1,Reinbergi,2,1,14,FALSE,2,10,FALSE,NA,NA,NA
K596,Sakla,K270,Kuressaare linn,K596__Kallemäe__1,Kallemäe,12,2,1,TRUE,6,1,TRUE,NA,NA,NA
K596,Sakla,K270,Kuressaare linn,K596__Sakla__1,Sakla,10,2,2,FALSE,6,2,FALSE,NA,NA,NA
K596,Sakla,K270,Kuressaare linn,K596__Kallemäe II__1,Kallemäe II,1,1,3,FALSE,1,3,FALSE,NA,NA,NA
K596,Sakla,K270,Kuressaare linn,K596__Kallemäe III__1,Kallemäe III,1,1,4,FALSE,1,4,FALSE,NA,NA,NA
K596,Sakla,K270,Kuressaare linn,K596__Kungla__1,Kungla,1,1,5,FALSE,1,5,FALSE,NA,NA,NA
K596,Sakla,K270,Kuressaare linn,K596__Mäe teerist__1,Mäe teerist,1,1,6,FALSE,1,6,FALSE,NA,NA,NA
K596,Sakla,K270,Kuressaare linn,K596__Nurme__1,Nurme,1,1,7,FALSE,1,7,FALSE,NA,NA,NA
K596,Sakla,K270,Kuressaare linn,K596__Oessaare__1,Oessaare,1,1,8,FALSE,1,8,FALSE,NA,NA,NA
K596,Sakla,K270,Kuressaare linn,K596__Sakla2__1,Sakla2,1,1,9,FALSE,1,9,FALSE,NA,NA,NA
K596,Sakla,K270,Kuressaare linn,K596__Siiksaare__1,Siiksaare,1,1,10,FALSE,1,10,FALSE,NA,NA,NA
K596,Sakla,K270,Kuressaare linn,K596__Turja__1,Turja,1,1,11,FALSE,1,11,FALSE,NA,NA,NA
K596,Sakla,K270,Kuressaare linn,K596__Väljaküla__1,Väljaküla,1,1,12,FALSE,1,12,FALSE,NA,NA,NA
K597,Saksi,K663,Tallinn,K597__Moe tee__1,Moe tee,48,2,1,TRUE,NA,NA,NA,NA,NA,NA
K597,Saksi,K663,Tallinn,K597__Männiku__1,Männiku,32,2,2,FALSE,NA,NA,NA,NA,NA,NA
K597,Saksi,K663,Tallinn,K597__Peebumäe__1,Peebumäe,32,2,3,FALSE,NA,NA,NA,NA,NA,NA
K597,Saksi,K663,Tallinn,K597__Lokuta__1,Lokuta,16,2,4,FALSE,NA,NA,NA,NA,NA,NA
K597,Saksi,K663,Tallinn,K597__Moe__1,Moe,16,2,5,FALSE,NA,NA,NA,NA,NA,NA
K597,Saksi,K663,Tallinn,K597__Vahakulmu__1,Vahakulmu,16,2,6,FALSE,NA,NA,NA,NA,NA,NA
K597,Saksi,K663,Tallinn,K597__Kalle tee__1,Kalle tee,14,2,7,FALSE,NA,NA,NA,NA,NA,NA
K597,Saksi,K663,Tallinn,K597__Saiakopli__1,Saiakopli,14,2,8,FALSE,NA,NA,NA,NA,NA,NA
K597,Saksi,K663,Tallinn,K597__Metsa__1,Metsa,10,2,9,FALSE,NA,NA,NA,NA,NA,NA
K597,Saksi,K663,Tallinn,K597__Nõmmküla__1,Nõmmküla,10,2,10,FALSE,NA,NA,NA,NA,NA,NA
K597,Saksi,K663,Tallinn,K597__Antsu__1,Antsu,6,2,11,FALSE,NA,NA,NA,NA,NA,NA
K597,Saksi,K663,Tallinn,K597__Saksi__1,Saksi,6,2,12,FALSE,NA,NA,NA,NA,NA,NA
K597,Saksi,K663,Tallinn,K597__Salda teerist__1,Salda teerist,6,2,13,FALSE,NA,NA,NA,NA,NA,NA
K597,Saksi,K663,Tallinn,K597__Imastu__1,Imastu,1,1,14,FALSE,NA,NA,NA,NA,NA,NA
K598,Saku,K663,Tallinn,K598__Õlletehase__1,Õlletehase,63,2,1,TRUE,33,3,FALSE,NA,NA,NA
K598,Saku,K663,Tallinn,K598__Saku keskuse__1,Saku keskuse,62,2,2,FALSE,33,1,TRUE,NA,NA,NA
K598,Saku,K663,Tallinn,K598__Salu__1,Salu,62,2,3,FALSE,33,2,FALSE,NA,NA,NA
K598,Saku,K663,Tallinn,K598__Saku Kingu__1,Saku Kingu,56,2,4,FALSE,28,4,FALSE,NA,NA,NA
K598,Saku,K663,Tallinn,K598__Tammemäe__1,Tammemäe,56,2,5,FALSE,28,5,FALSE,NA,NA,NA
K598,Saku,K663,Tallinn,K598__Pähklimäe__1,Pähklimäe,34,2,6,FALSE,5,16,FALSE,NA,NA,NA
K598,Saku,K663,Tallinn,K598__Teaduse__1,Teaduse,29,2,7,FALSE,15,6,FALSE,NA,NA,NA
K598,Saku,K663,Tallinn,K598__Tiigi__1,Tiigi,29,2,8,FALSE,15,7,FALSE,NA,NA,NA
K598,Saku,K663,Tallinn,K598__Karjääri__1,Karjääri,28,1,9,FALSE,NA,NA,NA,NA,NA,NA
K598,Saku,K663,Tallinn,K598__Kasemetsa__1,Kasemetsa,27,2,10,FALSE,13,8,FALSE,NA,NA,NA
K598,Saku,K663,Tallinn,K598__Preeria__1,Preeria,27,2,11,FALSE,13,11,FALSE,NA,NA,NA
K598,Saku,K663,Tallinn,K598__Leesi__1,Leesi,26,2,12,FALSE,13,9,FALSE,NA,NA,NA
K598,Saku,K663,Tallinn,K598__Nirgioru__1,Nirgioru,26,2,13,FALSE,13,10,FALSE,NA,NA,NA
K598,Saku,K663,Tallinn,K598__Uusmäe__1,Uusmäe,25,2,14,FALSE,12,12,FALSE,NA,NA,NA
K598,Saku,K663,Tallinn,K598__Murumäe tee__1,Murumäe tee,7,1,15,FALSE,NA,NA,NA,NA,NA,NA
K598,Saku,K663,Tallinn,K598__Nurmiko__1,Nurmiko,7,2,16,FALSE,5,15,FALSE,NA,NA,NA
K598,Saku,K663,Tallinn,K598__Saku Gümnaasium__1,Saku Gümnaasium,7,2,17,FALSE,5,17,FALSE,NA,NA,NA
K598,Saku,K663,Tallinn,K598__Saku Raudteejaam__1,Saku Raudteejaam,7,2,18,FALSE,5,18,FALSE,NA,NA,NA
K598,Saku,K663,Tallinn,K598__Kurvi__1,Kurvi,6,2,19,FALSE,5,13,FALSE,NA,NA,NA
K598,Saku,K663,Tallinn,K598__Murumäe__1,Murumäe,6,2,20,FALSE,5,14,FALSE,NA,NA,NA
K598,Saku,K663,Tallinn,K598__Männituka tee__1,Männituka tee,2,2,21,FALSE,NA,NA,NA,NA,NA,NA
K598,Saku,K663,Tallinn,K598__Nurme tee__1,Nurme tee,2,2,22,FALSE,NA,NA,NA,NA,NA,NA
K598,Saku,K663,Tallinn,K598__Nurmiko tee__1,Nurmiko tee,2,2,23,FALSE,NA,NA,NA,NA,NA,NA
K598,Saku,K663,Tallinn,K598__Oja__1,Oja,2,2,24,FALSE,NA,NA,NA,NA,NA,NA
K598,Saku,K663,Tallinn,K598__Paju tee__1,Paju tee,2,2,25,FALSE,NA,NA,NA,NA,NA,NA
K599,Salla,K663,Tallinn,K599__Väike-Tammiku__1,Väike-Tammiku,7,2,1,TRUE,NA,NA,NA,NA,NA,NA
K599,Salla,K663,Tallinn,K599__Salla__1,Salla,5,2,2,FALSE,NA,NA,NA,NA,NA,NA
K599,Salla,K663,Tallinn,K599__Salla mõis__1,Salla mõis,5,2,3,FALSE,NA,NA,NA,NA,NA,NA
K599,Salla,K663,Tallinn,K599__Emumäe__1,Emumäe,3,2,4,FALSE,NA,NA,NA,NA,NA,NA
K599,Salla,K663,Tallinn,K599__Koila__1,Koila,3,2,5,FALSE,NA,NA,NA,NA,NA,NA
K599,Salla,K663,Tallinn,K599__Lasinurme__1,Lasinurme,3,2,6,FALSE,NA,NA,NA,NA,NA,NA
K599,Salla,K663,Tallinn,K599__Salla-Traksi__1,Salla-Traksi,3,2,7,FALSE,NA,NA,NA,NA,NA,NA
K599,Salla,K663,Tallinn,K599__Tammiku__1,Tammiku,3,2,8,FALSE,NA,NA,NA,NA,NA,NA
K600,Salme,K270,Kuressaare linn,K600__Järve__1,Järve,15,2,1,TRUE,10,1,TRUE,NA,NA,NA
K600,Salme,K270,Kuressaare linn,K600__Salme__1,Salme,15,2,2,FALSE,10,2,FALSE,NA,NA,NA
K600,Salme,K270,Kuressaare linn,K600__Sassi__1,Sassi,15,2,3,FALSE,10,3,FALSE,NA,NA,NA
K600,Salme,K270,Kuressaare linn,K600__Tehumardi__1,Tehumardi,15,3,4,FALSE,10,4,FALSE,NA,NA,NA
K600,Salme,K270,Kuressaare linn,K600__Salme kool__1,Salme kool,13,1,5,FALSE,9,6,FALSE,NA,NA,NA
K600,Salme,K270,Kuressaare linn,K600__Läätsa__1,Läätsa,12,2,6,FALSE,9,5,FALSE,NA,NA,NA
K600,Salme,K270,Kuressaare linn,K600__Salme staadion__1,Salme staadion,12,2,7,FALSE,9,7,FALSE,NA,NA,NA
K600,Salme,K270,Kuressaare linn,K600__Suurna__1,Suurna,7,2,8,FALSE,4,8,FALSE,NA,NA,NA
K600,Salme,K270,Kuressaare linn,K600__Tiirimetsa tee__1,Tiirimetsa tee,4,1,9,FALSE,4,9,FALSE,NA,NA,NA
K601,Salutaguse,K663,Tallinn,K601__Alesti__1,Alesti,7,2,1,TRUE,NA,NA,NA,NA,NA,NA
K601,Salutaguse,K663,Tallinn,K601__Angerja__1,Angerja,7,2,2,FALSE,NA,NA,NA,NA,NA,NA
K601,Salutaguse,K663,Tallinn,K601__Laagri__1,Laagri,7,2,3,FALSE,NA,NA,NA,NA,NA,NA
K601,Salutaguse,K663,Tallinn,K601__Prillimäe__1,Prillimäe,7,2,4,FALSE,NA,NA,NA,NA,NA,NA
K601,Salutaguse,K663,Tallinn,K601__Salutaguse__1,Salutaguse,7,2,5,FALSE,NA,NA,NA,NA,NA,NA
K601,Salutaguse,K663,Tallinn,K601__Uuetoa__1,Uuetoa,7,2,6,FALSE,NA,NA,NA,NA,NA,NA
K601,Salutaguse,K663,Tallinn,K601__Pahkla__1,Pahkla,2,2,7,FALSE,NA,NA,NA,NA,NA,NA
K602,Sandla,K270,Kuressaare linn,K602__Hämmelepa__1,Hämmelepa,4,2,1,TRUE,4,1,TRUE,NA,NA,NA
K602,Sandla,K270,Kuressaare linn,K602__Nässuma__1,Nässuma,4,2,2,FALSE,4,2,FALSE,NA,NA,NA
K602,Sandla,K270,Kuressaare linn,K602__Sandla__1,Sandla,4,2,3,FALSE,4,3,FALSE,NA,NA,NA
K602,Sandla,K270,Kuressaare linn,K602__Tõlluste__1,Tõlluste,4,1,4,FALSE,4,4,FALSE,NA,NA,NA
K603,Sangaste,K674,Tartu linn,K603__Sangaste__1,Sangaste,21,2,1,TRUE,3,4,FALSE,NA,NA,NA
K603,Sangaste,K674,Tartu linn,K603__Karja__1,Karja,16,2,2,FALSE,3,2,FALSE,NA,NA,NA
K603,Sangaste,K674,Tartu linn,K603__Lemmiku__1,Lemmiku,16,2,3,FALSE,1,9,FALSE,NA,NA,NA
K603,Sangaste,K674,Tartu linn,K603__Lossiküla__1,Lossiküla,16,2,4,FALSE,1,10,FALSE,NA,NA,NA
K603,Sangaste,K674,Tartu linn,K603__Restu__1,Restu,16,2,5,FALSE,3,3,FALSE,NA,NA,NA
K603,Sangaste,K674,Tartu linn,K603__Vääna__1,Vääna,16,2,6,FALSE,3,5,FALSE,NA,NA,NA
K603,Sangaste,K674,Tartu linn,K603__Aanike__1,Aanike,11,2,7,FALSE,3,1,TRUE,NA,NA,NA
K603,Sangaste,K674,Tartu linn,K603__Gailiti__1,Gailiti,9,2,8,FALSE,1,8,FALSE,NA,NA,NA
K603,Sangaste,K674,Tartu linn,K603__Antsi__1,Antsi,6,2,9,FALSE,2,6,FALSE,NA,NA,NA
K603,Sangaste,K674,Tartu linn,K603__Sarapuu__1,Sarapuu,6,2,10,FALSE,2,7,FALSE,NA,NA,NA
K603,Sangaste,K674,Tartu linn,K603__Lauküla__1,Lauküla,2,2,11,FALSE,NA,NA,NA,NA,NA,NA
K604,Sangla,K674,Tartu linn,K604__Väike-Rakke__1,Väike-Rakke,21,2,1,TRUE,10,1,TRUE,NA,NA,NA
K604,Sangla,K674,Tartu linn,K604__Vanause__1,Vanause,11,2,2,FALSE,5,2,FALSE,NA,NA,NA
K604,Sangla,K674,Tartu linn,K604__Neemisküla__1,Neemisküla,8,2,3,FALSE,3,5,FALSE,NA,NA,NA
K604,Sangla,K674,Tartu linn,K604__Verevi__1,Verevi,8,2,4,FALSE,4,3,FALSE,NA,NA,NA
K604,Sangla,K674,Tartu linn,K604__Lääne__1,Lääne,7,2,5,FALSE,3,4,FALSE,NA,NA,NA
K604,Sangla,K674,Tartu linn,K604__Kruusamäe__1,Kruusamäe,5,1,6,FALSE,2,6,FALSE,NA,NA,NA
K604,Sangla,K674,Tartu linn,K604__Sangla__1,Sangla,5,2,7,FALSE,2,8,FALSE,NA,NA,NA
K604,Sangla,K674,Tartu linn,K604__Sangla tee__1,Sangla tee,5,2,8,FALSE,2,9,FALSE,NA,NA,NA
K604,Sangla,K674,Tartu linn,K604__Turba__1,Turba,4,2,9,FALSE,2,10,FALSE,NA,NA,NA
K604,Sangla,K674,Tartu linn,K604__Kruusamäe__2,Kruusamäe,2,1,10,FALSE,2,7,FALSE,NA,NA,NA
K604,Sangla,K674,Tartu linn,K604__Hommiku__1,Hommiku,1,1,11,FALSE,NA,NA,NA,NA,NA,NA
K604,Sangla,K674,Tartu linn,K604__Suure-Rakke__1,Suure-Rakke,1,1,12,FALSE,NA,NA,NA,NA,NA,NA
K604,Sangla,K674,Tartu linn,K604__Verevi küla__1,Verevi küla,1,1,13,FALSE,NA,NA,NA,NA,NA,NA
K604,Sangla,K674,Tartu linn,K604__Verevi tee__1,Verevi tee,1,1,14,FALSE,NA,NA,NA,NA,NA,NA
K605,Sargvere,K458,Paide linn,K605__Mäeküla__1,Mäeküla,45,2,1,TRUE,18,1,TRUE,NA,NA,NA
K605,Sargvere,K458,Paide linn,K605__Põhjaka__1,Põhjaka,30,2,2,FALSE,18,2,FALSE,NA,NA,NA
K605,Sargvere,K458,Paide linn,K605__Nurmsi__1,Nurmsi,17,2,3,FALSE,11,3,FALSE,NA,NA,NA
K605,Sargvere,K458,Paide linn,K605__Suurpalu__1,Suurpalu,12,2,4,FALSE,6,6,FALSE,NA,NA,NA
K605,Sargvere,K458,Paide linn,K605__Prandi__1,Prandi,11,1,5,FALSE,11,4,FALSE,NA,NA,NA
K605,Sargvere,K458,Paide linn,K605__Sargvere__1,Sargvere,6,1,6,FALSE,NA,NA,NA,NA,NA,NA
K605,Sargvere,K458,Paide linn,K605__Sargvere__2,Sargvere,6,1,7,FALSE,6,5,FALSE,NA,NA,NA
K605,Sargvere,K458,Paide linn,K605__Valgma__1,Valgma,4,2,8,FALSE,4,7,FALSE,NA,NA,NA
K605,Sargvere,K458,Paide linn,K605__Valgma keskus__1,Valgma keskus,4,2,9,FALSE,4,8,FALSE,NA,NA,NA
K605,Sargvere,K458,Paide linn,K605__Veskiaru__1,Veskiaru,4,2,10,FALSE,4,9,FALSE,NA,NA,NA
K605,Sargvere,K458,Paide linn,K605__Sargvere keskus__1,Sargvere keskus,3,1,11,FALSE,2,10,FALSE,NA,NA,NA
K605,Sargvere,K458,Paide linn,K605__Teeotsa__1,Teeotsa,2,1,12,FALSE,2,11,FALSE,NA,NA,NA
K605,Sargvere,K458,Paide linn,K605__Nurga__1,Nurga,1,1,13,FALSE,1,12,FALSE,NA,NA,NA
K606,Saru,K813,Võru linn,K606__Saru lauatehas__1,Saru lauatehas,13,2,1,TRUE,5,4,FALSE,NA,NA,NA
K606,Saru,K813,Võru linn,K606__Andruse__1,Andruse,11,2,2,FALSE,5,1,TRUE,NA,NA,NA
K606,Saru,K813,Võru linn,K606__Saru__1,Saru,10,2,3,FALSE,5,3,FALSE,NA,NA,NA
K606,Saru,K813,Võru linn,K606__Peede__1,Peede,9,2,4,FALSE,5,2,FALSE,NA,NA,NA
K606,Saru,K813,Võru linn,K606__Tõrvase oja__1,Tõrvase oja,9,2,5,FALSE,5,5,FALSE,NA,NA,NA
K606,Saru,K813,Võru linn,K606__Kalda__1,Kalda,7,1,6,FALSE,4,6,FALSE,NA,NA,NA
K606,Saru,K813,Võru linn,K606__Ahelo__1,Ahelo,2,2,7,FALSE,1,7,FALSE,NA,NA,NA
K606,Saru,K813,Võru linn,K606__Koemetsa__1,Koemetsa,2,2,8,FALSE,1,8,FALSE,NA,NA,NA
K606,Saru,K813,Võru linn,K606__Sakurgi__1,Sakurgi,2,2,9,FALSE,1,9,FALSE,NA,NA,NA
K607,Saue linn,K663,Tallinn,K607__Saue__1,Saue,113,2,1,TRUE,57,1,TRUE,NA,NA,NA
K607,Saue linn,K663,Tallinn,K607__Kuuseheki__1,Kuuseheki,56,2,2,FALSE,25,2,FALSE,NA,NA,NA
K607,Saue linn,K663,Tallinn,K607__Noortekeskus__1,Noortekeskus,56,2,3,FALSE,25,3,FALSE,NA,NA,NA
K607,Saue linn,K663,Tallinn,K607__Pärnasalu__1,Pärnasalu,56,2,4,FALSE,25,4,FALSE,NA,NA,NA
K607,Saue linn,K663,Tallinn,K607__Saue jaam__1,Saue jaam,56,2,5,FALSE,25,5,FALSE,NA,NA,NA
K607,Saue linn,K663,Tallinn,K607__Tule__1,Tule,47,2,6,FALSE,19,11,FALSE,NA,NA,NA
K607,Saue linn,K663,Tallinn,K607__Paulig__1,Paulig,44,2,7,FALSE,19,7,FALSE,NA,NA,NA
K607,Saue linn,K663,Tallinn,K607__Saue tee__1,Saue tee,44,2,8,FALSE,19,10,FALSE,NA,NA,NA
K607,Saue linn,K663,Tallinn,K607__Laastu__1,Laastu,38,2,9,FALSE,19,6,FALSE,NA,NA,NA
K607,Saue linn,K663,Tallinn,K607__Rauna__1,Rauna,38,2,10,FALSE,19,8,FALSE,NA,NA,NA
K607,Saue linn,K663,Tallinn,K607__Räni__1,Räni,38,2,11,FALSE,19,9,FALSE,NA,NA,NA
K607,Saue linn,K663,Tallinn,K607__Tõkke__1,Tõkke,38,2,12,FALSE,19,12,FALSE,NA,NA,NA
K607,Saue linn,K663,Tallinn,K607__Välja__1,Välja,38,1,13,FALSE,19,13,FALSE,NA,NA,NA
K607,Saue linn,K663,Tallinn,K607__Saue kool__1,Saue kool,15,1,14,FALSE,6,14,FALSE,NA,NA,NA
K608,Saue ümbrus,K663,Tallinn,K608__Valingu__1,Valingu,78,2,1,TRUE,28,2,FALSE,NA,NA,NA
K608,Saue ümbrus,K663,Tallinn,K608__Padula__1,Padula,76,4,2,FALSE,38,1,TRUE,NA,NA,NA
K608,Saue ümbrus,K663,Tallinn,K608__Makita__1,Makita,38,2,3,FALSE,19,3,FALSE,NA,NA,NA
K608,Saue ümbrus,K663,Tallinn,K608__Kanama__1,Kanama,30,2,4,FALSE,15,4,FALSE,NA,NA,NA
K608,Saue ümbrus,K663,Tallinn,K608__Uku tee__1,Uku tee,25,2,5,FALSE,11,6,FALSE,NA,NA,NA
K608,Saue ümbrus,K663,Tallinn,K608__Laiavainu__1,Laiavainu,22,2,6,FALSE,11,5,FALSE,NA,NA,NA
K608,Saue ümbrus,K663,Tallinn,K608__Jõgisoo__1,Jõgisoo,15,1,7,FALSE,NA,NA,NA,NA,NA,NA
K608,Saue ümbrus,K663,Tallinn,K608__Haavasalu__1,Haavasalu,12,2,8,FALSE,6,7,FALSE,NA,NA,NA
K608,Saue ümbrus,K663,Tallinn,K608__Suurevälja__1,Suurevälja,12,2,9,FALSE,6,8,FALSE,NA,NA,NA
K608,Saue ümbrus,K663,Tallinn,K608__Suurevälja põik__1,Suurevälja põik,12,2,10,FALSE,6,9,FALSE,NA,NA,NA
K608,Saue ümbrus,K663,Tallinn,K608__Peoleo__1,Peoleo,9,1,11,FALSE,NA,NA,NA,NA,NA,NA
K608,Saue ümbrus,K663,Tallinn,K608__Liidumäe__1,Liidumäe,6,2,12,FALSE,NA,NA,NA,NA,NA,NA
K608,Saue ümbrus,K663,Tallinn,K608__Mullaste__1,Mullaste,6,2,13,FALSE,NA,NA,NA,NA,NA,NA
K608,Saue ümbrus,K663,Tallinn,K608__Saunapunkt__1,Saunapunkt,6,1,14,FALSE,NA,NA,NA,NA,NA,NA
K608,Saue ümbrus,K663,Tallinn,K608__Forelli__1,Forelli,3,1,15,FALSE,NA,NA,NA,NA,NA,NA
K609,Saueaugu,K663,Tallinn,K609__Saueaugu__1,Saueaugu,4,1,1,TRUE,NA,NA,NA,NA,NA,NA
K610,Sauga,K531,Pärnu linn,K610__Salu__1,Salu,143,2,1,TRUE,73,1,TRUE,NA,NA,NA
K610,Sauga,K531,Pärnu linn,K610__Madise__1,Madise,110,2,2,FALSE,56,2,FALSE,NA,NA,NA
K610,Sauga,K531,Pärnu linn,K610__Sauga alevik__1,Sauga alevik,104,2,3,FALSE,51,3,FALSE,NA,NA,NA
K610,Sauga,K531,Pärnu linn,K610__Jänesselja__1,Jänesselja,65,2,4,FALSE,41,4,FALSE,NA,NA,NA
K610,Sauga,K531,Pärnu linn,K610__Nurme__1,Nurme,61,3,5,FALSE,31,6,FALSE,NA,NA,NA
K610,Sauga,K531,Pärnu linn,K610__Lepplaane tee__1,Lepplaane tee,59,3,6,FALSE,31,5,FALSE,NA,NA,NA
K610,Sauga,K531,Pärnu linn,K610__Rehe__1,Rehe,26,2,7,FALSE,13,7,FALSE,NA,NA,NA
K610,Sauga,K531,Pärnu linn,K610__Sauga kool__1,Sauga kool,26,1,8,FALSE,13,8,FALSE,NA,NA,NA
K610,Sauga,K531,Pärnu linn,K610__Tanni__1,Tanni,26,2,9,FALSE,13,9,FALSE,NA,NA,NA
K610,Sauga,K531,Pärnu linn,K610__Udika__1,Udika,26,2,10,FALSE,13,10,FALSE,NA,NA,NA
K610,Sauga,K531,Pärnu linn,K610__Asfaldi__1,Asfaldi,14,2,11,FALSE,9,11,FALSE,NA,NA,NA
K610,Sauga,K531,Pärnu linn,K610__Männiku__1,Männiku,13,2,12,FALSE,8,14,FALSE,NA,NA,NA
K610,Sauga,K531,Pärnu linn,K610__Tiglitsa__1,Tiglitsa,13,2,13,FALSE,8,15,FALSE,NA,NA,NA
K610,Sauga,K531,Pärnu linn,K610__Valve__1,Valve,13,2,14,FALSE,8,16,FALSE,NA,NA,NA
K610,Sauga,K531,Pärnu linn,K610__Hüntali__1,Hüntali,12,2,15,FALSE,8,12,FALSE,NA,NA,NA
K610,Sauga,K531,Pärnu linn,K610__Karukäpa__1,Karukäpa,12,2,16,FALSE,8,13,FALSE,NA,NA,NA
K610,Sauga,K531,Pärnu linn,K610__Muda__1,Muda,11,3,17,FALSE,6,21,FALSE,NA,NA,NA
K610,Sauga,K531,Pärnu linn,K610__Ata__1,Ata,10,2,18,FALSE,7,17,FALSE,NA,NA,NA
K610,Sauga,K531,Pärnu linn,K610__Metsaotsa__1,Metsaotsa,10,2,19,FALSE,7,18,FALSE,NA,NA,NA
K610,Sauga,K531,Pärnu linn,K610__Puit__1,Puit,10,2,20,FALSE,7,19,FALSE,NA,NA,NA
K610,Sauga,K531,Pärnu linn,K610__Kilksamaa__1,Kilksamaa,9,2,21,FALSE,6,20,FALSE,NA,NA,NA
K610,Sauga,K531,Pärnu linn,K610__Räägu tee__1,Räägu tee,9,2,22,FALSE,6,22,FALSE,NA,NA,NA
K610,Sauga,K531,Pärnu linn,K610__Teekääru__1,Teekääru,9,2,23,FALSE,6,23,FALSE,NA,NA,NA
K610,Sauga,K531,Pärnu linn,K610__Kuuda__1,Kuuda,8,2,24,FALSE,5,25,FALSE,NA,NA,NA
K610,Sauga,K531,Pärnu linn,K610__Orava__1,Orava,6,2,25,FALSE,5,28,FALSE,NA,NA,NA
K610,Sauga,K531,Pärnu linn,K610__Kiilu__1,Kiilu,5,2,26,FALSE,5,24,FALSE,NA,NA,NA
K610,Sauga,K531,Pärnu linn,K610__Melluka__1,Melluka,5,2,27,FALSE,5,26,FALSE,NA,NA,NA
K610,Sauga,K531,Pärnu linn,K610__Niitjõe__1,Niitjõe,5,2,28,FALSE,5,27,FALSE,NA,NA,NA
K610,Sauga,K531,Pärnu linn,K610__Printsu__1,Printsu,5,2,29,FALSE,5,29,FALSE,NA,NA,NA
K610,Sauga,K531,Pärnu linn,K610__Tsentraali__1,Tsentraali,5,2,30,FALSE,5,30,FALSE,NA,NA,NA
K610,Sauga,K531,Pärnu linn,K610__Tuhkru__1,Tuhkru,5,2,31,FALSE,5,31,FALSE,NA,NA,NA
K610,Sauga,K531,Pärnu linn,K610__Lennujaam__1,Lennujaam,4,1,32,FALSE,2,32,FALSE,NA,NA,NA
K610,Sauga,K531,Pärnu linn,K610__Harjaka__1,Harjaka,3,2,33,FALSE,1,33,FALSE,NA,NA,NA
K611,Saulepi,K531,Pärnu linn,K611__Aruküla__1,Aruküla,8,2,1,TRUE,4,1,TRUE,NA,NA,NA
K611,Saulepi,K531,Pärnu linn,K611__Liivamäe__1,Liivamäe,8,2,2,FALSE,4,2,FALSE,NA,NA,NA
K611,Saulepi,K531,Pärnu linn,K611__Matsi tee__1,Matsi tee,8,2,3,FALSE,4,3,FALSE,NA,NA,NA
K611,Saulepi,K531,Pärnu linn,K611__Saare sild__1,Saare sild,8,2,4,FALSE,4,4,FALSE,NA,NA,NA
K611,Saulepi,K531,Pärnu linn,K611__Saulepi__1,Saulepi,8,2,5,FALSE,4,5,FALSE,NA,NA,NA
K611,Saulepi,K531,Pärnu linn,K611__Vaiste__1,Vaiste,8,2,6,FALSE,4,6,FALSE,NA,NA,NA
K611,Saulepi,K531,Pärnu linn,K611__Õhu__1,Õhu,8,2,7,FALSE,4,7,FALSE,NA,NA,NA
K612,Sauvere,K270,Kuressaare linn,K612__Jõempa tee__1,Jõempa tee,5,2,1,TRUE,4,1,TRUE,NA,NA,NA
K612,Sauvere,K270,Kuressaare linn,K612__Kasesoo__1,Kasesoo,5,2,2,FALSE,4,2,FALSE,NA,NA,NA
K612,Sauvere,K270,Kuressaare linn,K612__Sauvere__1,Sauvere,5,1,3,FALSE,4,3,FALSE,NA,NA,NA
K613,Saverna,K674,Tartu linn,K613__Saverna__1,Saverna,24,2,1,TRUE,7,1,TRUE,NA,NA,NA
K613,Saverna,K674,Tartu linn,K613__Pusu__1,Pusu,10,2,2,FALSE,3,4,FALSE,NA,NA,NA
K613,Saverna,K674,Tartu linn,K613__Sulaoja__1,Sulaoja,10,2,3,FALSE,3,5,FALSE,NA,NA,NA
K613,Saverna,K674,Tartu linn,K613__Hansi__1,Hansi,7,2,4,FALSE,3,2,FALSE,NA,NA,NA
K613,Saverna,K674,Tartu linn,K613__Palava__1,Palava,7,2,5,FALSE,3,3,FALSE,NA,NA,NA
K613,Saverna,K674,Tartu linn,K613__Taba__1,Taba,6,2,6,FALSE,NA,NA,NA,NA,NA,NA
K613,Saverna,K674,Tartu linn,K613__Tüve__1,Tüve,6,2,7,FALSE,NA,NA,NA,NA,NA,NA
K613,Saverna,K674,Tartu linn,K613__Saverna kool__1,Saverna kool,5,1,8,FALSE,NA,NA,NA,NA,NA,NA
K613,Saverna,K674,Tartu linn,K613__Hobuala__1,Hobuala,4,2,9,FALSE,NA,NA,NA,NA,NA,NA
K613,Saverna,K674,Tartu linn,K613__Jusa__1,Jusa,4,2,10,FALSE,NA,NA,NA,NA,NA,NA
K613,Saverna,K674,Tartu linn,K613__Sirvaste__1,Sirvaste,4,2,11,FALSE,NA,NA,NA,NA,NA,NA
K613,Saverna,K674,Tartu linn,K613__Vesiliku__1,Vesiliku,4,2,12,FALSE,NA,NA,NA,NA,NA,NA
K614,Savikoti,K789,Viljandi linn,K614__Kärksi__1,Kärksi,18,2,1,TRUE,10,1,TRUE,NA,NA,NA
K614,Savikoti,K789,Viljandi linn,K614__Savikoti__1,Savikoti,18,2,2,FALSE,10,2,FALSE,NA,NA,NA
K614,Savikoti,K789,Viljandi linn,K614__Viilupi__1,Viilupi,18,2,3,FALSE,10,3,FALSE,NA,NA,NA
K615,Seliste,K531,Pärnu linn,K615__Allika__1,Allika,19,2,1,TRUE,9,1,TRUE,NA,NA,NA
K615,Seliste,K531,Pärnu linn,K615__Potsepa tee__1,Potsepa tee,19,2,2,FALSE,9,2,FALSE,NA,NA,NA
K615,Seliste,K531,Pärnu linn,K615__Seli kirik__1,Seli kirik,19,2,3,FALSE,9,3,FALSE,NA,NA,NA
K615,Seliste,K531,Pärnu linn,K615__Seliste__1,Seliste,19,2,4,FALSE,9,4,FALSE,NA,NA,NA
K615,Seliste,K531,Pärnu linn,K615__Vihakse__1,Vihakse,19,2,5,FALSE,9,5,FALSE,NA,NA,NA
K616,Selja,K531,Pärnu linn,K616__Mannare__1,Mannare,34,4,1,TRUE,16,1,TRUE,NA,NA,NA
K616,Selja,K531,Pärnu linn,K616__Selja__1,Selja,34,2,2,FALSE,16,2,FALSE,NA,NA,NA
K616,Selja,K531,Pärnu linn,K616__Nuudi__1,Nuudi,30,2,3,FALSE,14,3,FALSE,NA,NA,NA
K616,Selja,K531,Pärnu linn,K616__Muti__1,Muti,24,2,4,FALSE,11,4,FALSE,NA,NA,NA
K616,Selja,K531,Pärnu linn,K616__Soone__1,Soone,21,2,5,FALSE,9,5,FALSE,NA,NA,NA
K616,Selja,K531,Pärnu linn,K616__Kõveroja__1,Kõveroja,4,2,6,FALSE,2,6,FALSE,NA,NA,NA
K616,Selja,K531,Pärnu linn,K616__Oore__1,Oore,4,2,7,FALSE,2,7,FALSE,NA,NA,NA
K616,Selja,K531,Pärnu linn,K616__Piistaoja__1,Piistaoja,4,1,8,FALSE,1,15,FALSE,NA,NA,NA
K616,Selja,K531,Pärnu linn,K616__Teeniidu__1,Teeniidu,4,2,9,FALSE,2,8,FALSE,NA,NA,NA
K616,Selja,K531,Pärnu linn,K616__Tummaoja__1,Tummaoja,4,2,10,FALSE,2,9,FALSE,NA,NA,NA
K616,Selja,K531,Pärnu linn,K616__Kodutalu__1,Kodutalu,2,2,11,FALSE,1,10,FALSE,NA,NA,NA
K616,Selja,K531,Pärnu linn,K616__Kuiaru__1,Kuiaru,2,2,12,FALSE,1,11,FALSE,NA,NA,NA
K616,Selja,K531,Pärnu linn,K616__Künnapoja__1,Künnapoja,2,2,13,FALSE,1,12,FALSE,NA,NA,NA
K616,Selja,K531,Pärnu linn,K616__Muraka__1,Muraka,2,2,14,FALSE,1,13,FALSE,NA,NA,NA
K616,Selja,K531,Pärnu linn,K616__Niimiste__1,Niimiste,2,2,15,FALSE,1,14,FALSE,NA,NA,NA
K616,Selja,K531,Pärnu linn,K616__Rippsilla__1,Rippsilla,2,2,16,FALSE,1,16,FALSE,NA,NA,NA
K616,Selja,K531,Pärnu linn,K616__Talva__1,Talva,2,2,17,FALSE,1,17,FALSE,NA,NA,NA
K616,Selja,K531,Pärnu linn,K616__Tani tee__1,Tani tee,2,2,18,FALSE,1,18,FALSE,NA,NA,NA
K617,Seljametsa,K531,Pärnu linn,K617__Tiiru__1,Tiiru,55,1,1,TRUE,NA,NA,NA,NA,NA,NA
K617,Seljametsa,K531,Pärnu linn,K617__Seljametsa__1,Seljametsa,17,2,2,FALSE,5,1,TRUE,NA,NA,NA
K617,Seljametsa,K531,Pärnu linn,K617__Männituka__1,Männituka,13,2,3,FALSE,4,2,FALSE,NA,NA,NA
K617,Seljametsa,K531,Pärnu linn,K617__Vaskrääma tee__1,Vaskrääma tee,13,2,4,FALSE,4,4,FALSE,NA,NA,NA
K617,Seljametsa,K531,Pärnu linn,K617__Tammuru__1,Tammuru,11,1,5,FALSE,4,3,FALSE,NA,NA,NA
K617,Seljametsa,K531,Pärnu linn,K617__Kasetuka__1,Kasetuka,10,2,6,FALSE,3,5,FALSE,NA,NA,NA
K617,Seljametsa,K531,Pärnu linn,K617__Laimetsa__1,Laimetsa,10,2,7,FALSE,3,6,FALSE,NA,NA,NA
K617,Seljametsa,K531,Pärnu linn,K617__Tammuru tehnoküla__1,Tammuru tehnoküla,10,2,8,FALSE,3,7,FALSE,NA,NA,NA
K617,Seljametsa,K531,Pärnu linn,K617__Tuka__1,Tuka,10,2,9,FALSE,3,8,FALSE,NA,NA,NA
K617,Seljametsa,K531,Pärnu linn,K617__Vaskrääma__1,Vaskrääma,10,2,10,FALSE,3,9,FALSE,NA,NA,NA
K618,Sihva,K674,Tartu linn,K618__Raasiku__1,Raasiku,16,2,1,TRUE,4,1,TRUE,NA,NA,NA
K618,Sihva,K674,Tartu linn,K618__Ristipealse__1,Ristipealse,16,2,2,FALSE,4,2,FALSE,NA,NA,NA
K618,Sihva,K674,Tartu linn,K618__Sihva__1,Sihva,16,2,3,FALSE,4,3,FALSE,NA,NA,NA
K618,Sihva,K674,Tartu linn,K618__Voki__1,Voki,16,4,4,FALSE,4,4,FALSE,NA,NA,NA
K618,Sihva,K674,Tartu linn,K618__Matu__1,Matu,11,2,5,FALSE,3,7,FALSE,NA,NA,NA
K618,Sihva,K674,Tartu linn,K618__Märdi__1,Märdi,11,2,6,FALSE,3,8,FALSE,NA,NA,NA
K618,Sihva,K674,Tartu linn,K618__Kondi__1,Kondi,9,2,7,FALSE,3,5,FALSE,NA,NA,NA
K618,Sihva,K674,Tartu linn,K618__Kääriku__1,Kääriku,9,1,8,FALSE,3,6,FALSE,NA,NA,NA
K618,Sihva,K674,Tartu linn,K618__Arula__1,Arula,3,2,9,FALSE,NA,NA,NA,NA,NA,NA
K618,Sihva,K674,Tartu linn,K618__Emaläte__1,Emaläte,3,2,10,FALSE,NA,NA,NA,NA,NA,NA
K618,Sihva,K674,Tartu linn,K618__Mõtsniku__1,Mõtsniku,3,2,11,FALSE,NA,NA,NA,NA,NA,NA
K619,Siimusti,K115,Jõgeva linn,K619__Eristvere__1,Eristvere,45,3,1,TRUE,31,1,TRUE,NA,NA,NA
K619,Siimusti,K115,Jõgeva linn,K619__Keraamika__1,Keraamika,27,2,2,FALSE,20,2,FALSE,NA,NA,NA
K619,Siimusti,K115,Jõgeva linn,K619__Siimusti__1,Siimusti,27,1,3,FALSE,20,3,FALSE,NA,NA,NA
K619,Siimusti,K115,Jõgeva linn,K619__Painküla__1,Painküla,21,2,4,FALSE,14,4,FALSE,NA,NA,NA
K619,Siimusti,K115,Jõgeva linn,K619__Aasa__1,Aasa,15,2,5,FALSE,9,6,FALSE,NA,NA,NA
K619,Siimusti,K115,Jõgeva linn,K619__Viruvere__1,Viruvere,15,2,6,FALSE,9,7,FALSE,NA,NA,NA
K619,Siimusti,K115,Jõgeva linn,K619__Juhani__1,Juhani,13,2,7,FALSE,8,8,FALSE,NA,NA,NA
K619,Siimusti,K115,Jõgeva linn,K619__Õuna__1,Õuna,12,1,8,FALSE,12,5,FALSE,NA,NA,NA
K619,Siimusti,K115,Jõgeva linn,K619__Kurista__1,Kurista,11,2,9,FALSE,8,9,FALSE,NA,NA,NA
K619,Siimusti,K115,Jõgeva linn,K619__Kaera__1,Kaera,9,2,10,FALSE,7,10,FALSE,NA,NA,NA
K619,Siimusti,K115,Jõgeva linn,K619__Kõrgemäe__1,Kõrgemäe,9,2,11,FALSE,4,14,FALSE,NA,NA,NA
K619,Siimusti,K115,Jõgeva linn,K619__Kureoja__1,Kureoja,8,2,12,FALSE,6,12,FALSE,NA,NA,NA
K619,Siimusti,K115,Jõgeva linn,K619__Pakaste__1,Pakaste,8,2,13,FALSE,6,13,FALSE,NA,NA,NA
K619,Siimusti,K115,Jõgeva linn,K619__Siimusti kalmistu__1,Siimusti kalmistu,8,2,14,FALSE,7,11,FALSE,NA,NA,NA
K619,Siimusti,K115,Jõgeva linn,K619__Laululava tee__1,Laululava tee,4,2,15,FALSE,3,15,FALSE,NA,NA,NA
K619,Siimusti,K115,Jõgeva linn,K619__Õuna__2,Õuna,2,2,16,FALSE,2,16,FALSE,NA,NA,NA
K620,Sillamäe linn,K422,Narva linn,K620__Sõpruse__1,Sõpruse,102,2,1,TRUE,20,3,FALSE,NA,NA,NA
K620,Sillamäe linn,K422,Narva linn,K620__Kultuurimaja__1,Kultuurimaja,92,2,2,FALSE,20,2,FALSE,NA,NA,NA
K620,Sillamäe linn,K422,Narva linn,K620__Sauna__1,Sauna,80,2,3,FALSE,14,5,FALSE,NA,NA,NA
K620,Sillamäe linn,K422,Narva linn,K620__Kiriku__1,Kiriku,52,2,4,FALSE,NA,NA,NA,NA,NA,NA
K620,Sillamäe linn,K422,Narva linn,K620__Politsei__1,Politsei,52,2,5,FALSE,NA,NA,NA,NA,NA,NA
K620,Sillamäe linn,K422,Narva linn,K620__Kooli__1,Kooli,50,2,6,FALSE,20,1,TRUE,NA,NA,NA
K620,Sillamäe linn,K422,Narva linn,K620__Sillamäe bussijaam__1,Sillamäe bussijaam,36,1,7,FALSE,18,4,FALSE,NA,NA,NA
K620,Sillamäe linn,K422,Narva linn,K620__Haigla__1,Haigla,34,2,8,FALSE,6,6,FALSE,NA,NA,NA
K620,Sillamäe linn,K422,Narva linn,K620__Türsamäe__1,Türsamäe,31,2,9,FALSE,4,7,FALSE,NA,NA,NA
K620,Sillamäe linn,K422,Narva linn,K620__J. Gagarini__1,J. Gagarini,30,1,10,FALSE,NA,NA,NA,NA,NA,NA
K620,Sillamäe linn,K422,Narva linn,K620__Tehase__1,Tehase,30,2,11,FALSE,NA,NA,NA,NA,NA,NA
K620,Sillamäe linn,K422,Narva linn,K620__Filtri__1,Filtri,22,2,12,FALSE,NA,NA,NA,NA,NA,NA
K620,Sillamäe linn,K422,Narva linn,K620__Hariduse__1,Hariduse,22,2,13,FALSE,NA,NA,NA,NA,NA,NA
K620,Sillamäe linn,K422,Narva linn,K620__Kannuka__1,Kannuka,22,2,14,FALSE,NA,NA,NA,NA,NA,NA
K620,Sillamäe linn,K422,Narva linn,K620__Geoloogia__1,Geoloogia,20,1,15,FALSE,NA,NA,NA,NA,NA,NA
K620,Sillamäe linn,K422,Narva linn,K620__Turg__1,Turg,20,1,16,FALSE,NA,NA,NA,NA,NA,NA
K620,Sillamäe linn,K422,Narva linn,K620__Plastiku__1,Plastiku,6,1,17,FALSE,NA,NA,NA,NA,NA,NA
K620,Sillamäe linn,K422,Narva linn,K620__Metalli__1,Metalli,2,2,18,FALSE,NA,NA,NA,NA,NA,NA
K620,Sillamäe linn,K422,Narva linn,K620__Polikliiniku__1,Polikliiniku,1,1,19,FALSE,NA,NA,NA,NA,NA,NA
K620,Sillamäe linn,K422,Narva linn,K620__Terminali__1,Terminali,1,1,20,FALSE,NA,NA,NA,NA,NA,NA
K620,Sillamäe linn,K422,Narva linn,K620__Vanalinna__1,Vanalinna,1,1,21,FALSE,NA,NA,NA,NA,NA,NA
K621,Simuna,K663,Tallinn,K621__Simuna__1,Simuna,15,2,1,TRUE,NA,NA,NA,NA,NA,NA
K621,Simuna,K663,Tallinn,K621__Avanduse__1,Avanduse,9,2,2,FALSE,NA,NA,NA,NA,NA,NA
K621,Simuna,K663,Tallinn,K621__Määri__1,Määri,9,2,3,FALSE,NA,NA,NA,NA,NA,NA
K621,Simuna,K663,Tallinn,K621__Rohu rist__1,Rohu rist,9,2,4,FALSE,NA,NA,NA,NA,NA,NA
K621,Simuna,K663,Tallinn,K621__Simuna kalmistu__1,Simuna kalmistu,7,3,5,FALSE,NA,NA,NA,NA,NA,NA
K621,Simuna,K663,Tallinn,K621__Hirla__1,Hirla,4,2,6,FALSE,NA,NA,NA,NA,NA,NA
K621,Simuna,K663,Tallinn,K621__Kopli__1,Kopli,4,2,7,FALSE,NA,NA,NA,NA,NA,NA
K621,Simuna,K663,Tallinn,K621__Kurtna__1,Kurtna,4,2,8,FALSE,NA,NA,NA,NA,NA,NA
K621,Simuna,K663,Tallinn,K621__Nadalama__1,Nadalama,4,2,9,FALSE,NA,NA,NA,NA,NA,NA
K621,Simuna,K663,Tallinn,K621__Võivere__1,Võivere,4,2,10,FALSE,NA,NA,NA,NA,NA,NA
K621,Simuna,K663,Tallinn,K621__Kissa__1,Kissa,1,1,11,FALSE,NA,NA,NA,NA,NA,NA
K621,Simuna,K663,Tallinn,K621__Simuna kool__1,Simuna kool,1,1,12,FALSE,NA,NA,NA,NA,NA,NA
K622,Sinalepa,K061,Haapsalu linn,K622__Ammuta__1,Ammuta,8,2,1,TRUE,4,1,TRUE,NA,NA,NA
K622,Sinalepa,K061,Haapsalu linn,K622__Panga__1,Panga,8,2,2,FALSE,4,2,FALSE,NA,NA,NA
K622,Sinalepa,K061,Haapsalu linn,K622__Sinalepa__1,Sinalepa,6,2,3,FALSE,3,3,FALSE,NA,NA,NA
K623,Sindi linn,K531,Pärnu linn,K623__Tammeoja__1,Tammeoja,114,3,1,TRUE,58,1,TRUE,NA,NA,NA
K623,Sindi linn,K531,Pärnu linn,K623__Viira__1,Viira,114,2,2,FALSE,58,2,FALSE,NA,NA,NA
K623,Sindi linn,K531,Pärnu linn,K623__Põhja__1,Põhja,108,2,3,FALSE,54,4,FALSE,NA,NA,NA
K623,Sindi linn,K531,Pärnu linn,K623__Supluse__1,Supluse,108,2,4,FALSE,54,5,FALSE,NA,NA,NA
K623,Sindi linn,K531,Pärnu linn,K623__Gümnaasium__1,Gümnaasium,106,2,5,FALSE,53,6,FALSE,NA,NA,NA
K623,Sindi linn,K531,Pärnu linn,K623__Raekoja__1,Raekoja,106,2,6,FALSE,53,7,FALSE,NA,NA,NA
K623,Sindi linn,K531,Pärnu linn,K623__Sindi kalmistu__1,Sindi kalmistu,106,2,7,FALSE,53,8,FALSE,NA,NA,NA
K623,Sindi linn,K531,Pärnu linn,K623__Sindi linnapiir__1,Sindi linnapiir,106,2,8,FALSE,53,9,FALSE,NA,NA,NA
K623,Sindi linn,K531,Pärnu linn,K623__Tiiru__1,Tiiru,56,1,9,FALSE,56,3,FALSE,NA,NA,NA
K623,Sindi linn,K531,Pärnu linn,K623__Sindi__1,Sindi,41,2,10,FALSE,20,10,FALSE,NA,NA,NA
K623,Sindi linn,K531,Pärnu linn,K623__Soo__1,Soo,16,2,11,FALSE,8,12,FALSE,NA,NA,NA
K623,Sindi linn,K531,Pärnu linn,K623__Vahtra__1,Vahtra,11,2,12,FALSE,6,13,FALSE,NA,NA,NA
K623,Sindi linn,K531,Pärnu linn,K623__Sillaotsa__1,Sillaotsa,9,2,13,FALSE,4,14,FALSE,NA,NA,NA
K623,Sindi linn,K531,Pärnu linn,K623__Kõrsa__1,Kõrsa,8,1,14,FALSE,8,11,FALSE,NA,NA,NA
K623,Sindi linn,K531,Pärnu linn,K623__Veetorni__1,Veetorni,3,1,15,FALSE,1,15,FALSE,NA,NA,NA
K624,Sinimäe,K422,Narva linn,K624__Sinimäe__1,Sinimäe,61,2,1,TRUE,26,1,TRUE,NA,NA,NA
K624,Sinimäe,K422,Narva linn,K624__Udria rist__1,Udria rist,47,2,2,FALSE,18,2,FALSE,NA,NA,NA
K624,Sinimäe,K422,Narva linn,K624__Sinimäe kool__1,Sinimäe kool,42,1,3,FALSE,15,3,FALSE,NA,NA,NA
K624,Sinimäe,K422,Narva linn,K624__Anela__1,Anela,10,2,4,FALSE,NA,NA,NA,NA,NA,NA
K624,Sinimäe,K422,Narva linn,K624__Udria__1,Udria,10,2,5,FALSE,NA,NA,NA,NA,NA,NA
K624,Sinimäe,K422,Narva linn,K624__Sinimäe kalmistu__1,Sinimäe kalmistu,6,2,6,FALSE,NA,NA,NA,NA,NA,NA
K624,Sinimäe,K422,Narva linn,K624__Auvere tee__1,Auvere tee,2,2,7,FALSE,1,4,FALSE,NA,NA,NA
K625,Sipa,K663,Tallinn,K625__Sipa__1,Sipa,14,2,1,TRUE,NA,NA,NA,NA,NA,NA
K625,Sipa,K663,Tallinn,K625__Kükita__1,Kükita,12,2,2,FALSE,NA,NA,NA,NA,NA,NA
K625,Sipa,K663,Tallinn,K625__Maavahe__1,Maavahe,12,2,3,FALSE,NA,NA,NA,NA,NA,NA
K625,Sipa,K663,Tallinn,K625__Sarapiku__1,Sarapiku,12,2,4,FALSE,NA,NA,NA,NA,NA,NA
K625,Sipa,K663,Tallinn,K625__Toome__1,Toome,12,2,5,FALSE,NA,NA,NA,NA,NA,NA
K625,Sipa,K663,Tallinn,K625__Jüri__1,Jüri,8,2,6,FALSE,NA,NA,NA,NA,NA,NA
K625,Sipa,K663,Tallinn,K625__Loodna__1,Loodna,8,2,7,FALSE,NA,NA,NA,NA,NA,NA
K625,Sipa,K663,Tallinn,K625__Loodna tee__1,Loodna tee,4,2,8,FALSE,NA,NA,NA,NA,NA,NA
K626,Soe,K789,Viljandi linn,K626__Pedastiku__1,Pedastiku,13,2,1,TRUE,7,1,TRUE,NA,NA,NA
K626,Soe,K789,Viljandi linn,K626__Unametsa__1,Unametsa,13,2,2,FALSE,7,2,FALSE,NA,NA,NA
K626,Soe,K789,Viljandi linn,K626__Vambola__1,Vambola,13,2,3,FALSE,7,3,FALSE,NA,NA,NA
K627,Sonda alevik,K213,Kiviõli linn,K627__Metsamajandi__1,Metsamajandi,14,2,1,TRUE,7,1,TRUE,NA,NA,NA
K627,Sonda alevik,K213,Kiviõli linn,K627__Sonda__1,Sonda,14,2,2,FALSE,7,2,FALSE,NA,NA,NA
K627,Sonda alevik,K213,Kiviõli linn,K627__Sonda keskus__1,Sonda keskus,14,2,3,FALSE,7,3,FALSE,NA,NA,NA
K627,Sonda alevik,K213,Kiviõli linn,K627__Vana-Sonda__1,Vana-Sonda,12,2,4,FALSE,7,4,FALSE,NA,NA,NA
K627,Sonda alevik,K213,Kiviõli linn,K627__Ilmaste__1,Ilmaste,8,2,5,FALSE,5,5,FALSE,NA,NA,NA
K627,Sonda alevik,K213,Kiviõli linn,K627__Sonda__2,Sonda,6,2,6,FALSE,3,6,FALSE,NA,NA,NA
K628,Soohara,K523,Põlva linn,K628__Soohara__1,Soohara,11,2,1,TRUE,7,1,TRUE,NA,NA,NA
K628,Soohara,K523,Põlva linn,K628__Pääsna tee__1,Pääsna tee,10,2,2,FALSE,6,2,FALSE,NA,NA,NA
K628,Soohara,K523,Põlva linn,K628__Sarvemäe__1,Sarvemäe,10,2,3,FALSE,6,3,FALSE,NA,NA,NA
K629,Soometsa,K531,Pärnu linn,K629__Koorejaam__1,Koorejaam,9,2,1,TRUE,5,1,TRUE,NA,NA,NA
K629,Soometsa,K531,Pärnu linn,K629__Langu__1,Langu,9,2,2,FALSE,5,2,FALSE,NA,NA,NA
K629,Soometsa,K531,Pärnu linn,K629__Leemeti__1,Leemeti,9,2,3,FALSE,5,3,FALSE,NA,NA,NA
K629,Soometsa,K531,Pärnu linn,K629__Soometsa__1,Soometsa,9,2,4,FALSE,5,4,FALSE,NA,NA,NA
K629,Soometsa,K531,Pärnu linn,K629__Tammetuka__1,Tammetuka,9,2,5,FALSE,5,5,FALSE,NA,NA,NA
K630,Sooru,K740,Valga linn,K630__Laane__1,Laane,29,2,1,TRUE,15,1,TRUE,NA,NA,NA
K630,Sooru,K740,Valga linn,K630__Sooru__1,Sooru,29,3,2,FALSE,15,2,FALSE,NA,NA,NA
K630,Sooru,K740,Valga linn,K630__Sooru keskus__1,Sooru keskus,7,1,3,FALSE,4,3,FALSE,NA,NA,NA
K632,Suigu,K531,Pärnu linn,K632__Suigu__1,Suigu,11,2,1,TRUE,6,1,TRUE,NA,NA,NA
K632,Suigu,K531,Pärnu linn,K632__Suigu tee__1,Suigu tee,11,2,2,FALSE,6,2,FALSE,NA,NA,NA
K632,Suigu,K531,Pärnu linn,K632__Kõrisoo__1,Kõrisoo,7,2,3,FALSE,4,3,FALSE,NA,NA,NA
K632,Suigu,K531,Pärnu linn,K632__Ranno__1,Ranno,7,2,4,FALSE,4,4,FALSE,NA,NA,NA
K632,Suigu,K531,Pärnu linn,K632__Tabria__1,Tabria,7,1,5,FALSE,4,5,FALSE,NA,NA,NA
K632,Suigu,K531,Pärnu linn,K632__Põllmaa__1,Põllmaa,6,2,6,FALSE,3,7,FALSE,NA,NA,NA
K632,Suigu,K531,Pärnu linn,K632__Raki__1,Raki,6,2,7,FALSE,3,8,FALSE,NA,NA,NA
K632,Suigu,K531,Pärnu linn,K632__Võlla__1,Võlla,6,2,8,FALSE,3,10,FALSE,NA,NA,NA
K632,Suigu,K531,Pärnu linn,K632__Kustase__1,Kustase,5,2,9,FALSE,3,6,FALSE,NA,NA,NA
K632,Suigu,K531,Pärnu linn,K632__Toominga__1,Toominga,5,2,10,FALSE,3,9,FALSE,NA,NA,NA
K632,Suigu,K531,Pärnu linn,K632__Murru__1,Murru,4,2,11,FALSE,2,11,FALSE,NA,NA,NA
K632,Suigu,K531,Pärnu linn,K632__Tehvri__1,Tehvri,4,2,12,FALSE,2,12,FALSE,NA,NA,NA
K633,Suislepa,K789,Viljandi linn,K633__Anni__1,Anni,13,2,1,TRUE,7,1,TRUE,NA,NA,NA
K633,Suislepa,K789,Viljandi linn,K633__Kamsi__1,Kamsi,13,2,2,FALSE,7,2,FALSE,NA,NA,NA
K633,Suislepa,K789,Viljandi linn,K633__Suislepa__1,Suislepa,13,2,3,FALSE,7,3,FALSE,NA,NA,NA
K633,Suislepa,K789,Viljandi linn,K633__Roosilla tee__1,Roosilla tee,6,4,4,FALSE,3,4,FALSE,NA,NA,NA
K633,Suislepa,K789,Viljandi linn,K633__Vanakoha__1,Vanakoha,6,2,5,FALSE,3,5,FALSE,NA,NA,NA
K633,Suislepa,K789,Viljandi linn,K633__Vooru__1,Vooru,6,2,6,FALSE,3,6,FALSE,NA,NA,NA
K633,Suislepa,K789,Viljandi linn,K633__Roosilla__1,Roosilla,3,1,7,FALSE,1,7,FALSE,NA,NA,NA
K633,Suislepa,K789,Viljandi linn,K633__Ruule__1,Ruule,3,2,8,FALSE,1,8,FALSE,NA,NA,NA
K634,Sulbi,K813,Võru linn,K634__Sulbi__1,Sulbi,7,3,1,TRUE,3,5,FALSE,NA,NA,NA
K634,Sulbi,K813,Võru linn,K634__Kärgula__1,Kärgula,6,2,2,FALSE,3,2,FALSE,NA,NA,NA
K634,Sulbi,K813,Võru linn,K634__Nurme__1,Nurme,6,2,3,FALSE,3,3,FALSE,NA,NA,NA
K634,Sulbi,K813,Võru linn,K634__Punasoo__1,Punasoo,6,2,4,FALSE,3,4,FALSE,NA,NA,NA
K634,Sulbi,K813,Võru linn,K634__Kahro__1,Kahro,5,2,5,FALSE,3,1,TRUE,NA,NA,NA
K634,Sulbi,K813,Võru linn,K634__Kärgula__2,Kärgula,5,2,6,FALSE,2,6,FALSE,NA,NA,NA
K634,Sulbi,K813,Võru linn,K634__Ruhingu__1,Ruhingu,5,2,7,FALSE,2,7,FALSE,NA,NA,NA
K635,Surju,K531,Pärnu linn,K635__Surju tee__1,Surju tee,23,3,1,TRUE,12,1,TRUE,NA,NA,NA
K635,Surju,K531,Pärnu linn,K635__Rabaküla__1,Rabaküla,21,2,2,FALSE,11,2,FALSE,NA,NA,NA
K635,Surju,K531,Pärnu linn,K635__Kiviniidu__1,Kiviniidu,15,2,3,FALSE,8,3,FALSE,NA,NA,NA
K635,Surju,K531,Pärnu linn,K635__Peedu__1,Peedu,15,2,4,FALSE,8,4,FALSE,NA,NA,NA
K635,Surju,K531,Pärnu linn,K635__Surju__1,Surju,12,2,5,FALSE,6,5,FALSE,NA,NA,NA
K635,Surju,K531,Pärnu linn,K635__Surju kool__1,Surju kool,12,1,6,FALSE,6,6,FALSE,NA,NA,NA
K635,Surju,K531,Pärnu linn,K635__Jaamaküla__1,Jaamaküla,6,2,7,FALSE,3,7,FALSE,NA,NA,NA
K635,Surju,K531,Pärnu linn,K635__Kase__1,Kase,6,2,8,FALSE,3,8,FALSE,NA,NA,NA
K635,Surju,K531,Pärnu linn,K635__Seljaküla__1,Seljaküla,6,2,9,FALSE,3,9,FALSE,NA,NA,NA
K635,Surju,K531,Pärnu linn,K635__Kiksu__1,Kiksu,4,2,10,FALSE,2,10,FALSE,NA,NA,NA
K635,Surju,K531,Pärnu linn,K635__Metsaääre__1,Metsaääre,4,2,11,FALSE,2,11,FALSE,NA,NA,NA
K635,Surju,K531,Pärnu linn,K635__Postikooli__1,Postikooli,4,2,12,FALSE,2,12,FALSE,NA,NA,NA
K635,Surju,K531,Pärnu linn,K635__Uutsoni__1,Uutsoni,2,1,13,FALSE,2,13,FALSE,NA,NA,NA
K635,Surju,K531,Pärnu linn,K635__Vanakooli__1,Vanakooli,2,2,14,FALSE,1,14,FALSE,NA,NA,NA
K636,Sutlepa,K061,Haapsalu linn,K636__Aulepa__1,Aulepa,8,2,1,TRUE,4,1,TRUE,NA,NA,NA
K636,Sutlepa,K061,Haapsalu linn,K636__Nõmmküla teerist__1,Nõmmküla teerist,8,2,2,FALSE,4,2,FALSE,NA,NA,NA
K636,Sutlepa,K061,Haapsalu linn,K636__Sutlepa__1,Sutlepa,8,1,3,FALSE,4,3,FALSE,NA,NA,NA
K636,Sutlepa,K061,Haapsalu linn,K636__Hara teerist__1,Hara teerist,2,1,4,FALSE,NA,NA,NA,NA,NA,NA
K637,Suure-Jaani linn,K789,Viljandi linn,K637__Epra__1,Epra,26,2,1,TRUE,14,1,TRUE,NA,NA,NA
K637,Suure-Jaani linn,K789,Viljandi linn,K637__Sürgavere tee__1,Sürgavere tee,26,3,2,FALSE,14,2,FALSE,NA,NA,NA
K637,Suure-Jaani linn,K789,Viljandi linn,K637__Kõidama__1,Kõidama,16,2,3,FALSE,3,4,FALSE,NA,NA,NA
K637,Suure-Jaani linn,K789,Viljandi linn,K637__Raguni__1,Raguni,16,2,4,FALSE,8,3,FALSE,NA,NA,NA
K637,Suure-Jaani linn,K789,Viljandi linn,K637__Jaburi__1,Jaburi,5,2,5,FALSE,2,5,FALSE,NA,NA,NA
K637,Suure-Jaani linn,K789,Viljandi linn,K637__Kalme__1,Kalme,5,2,6,FALSE,2,6,FALSE,NA,NA,NA
K637,Suure-Jaani linn,K789,Viljandi linn,K637__Kukemurru__1,Kukemurru,5,2,7,FALSE,2,7,FALSE,NA,NA,NA
K637,Suure-Jaani linn,K789,Viljandi linn,K637__Laninga__1,Laninga,5,2,8,FALSE,2,8,FALSE,NA,NA,NA
K637,Suure-Jaani linn,K789,Viljandi linn,K637__Nõmme__1,Nõmme,5,2,9,FALSE,2,9,FALSE,NA,NA,NA
K637,Suure-Jaani linn,K789,Viljandi linn,K637__Tooba__1,Tooba,5,2,10,FALSE,2,10,FALSE,NA,NA,NA
K637,Suure-Jaani linn,K789,Viljandi linn,K637__Väljaotsa__1,Väljaotsa,5,2,11,FALSE,2,11,FALSE,NA,NA,NA
K637,Suure-Jaani linn,K789,Viljandi linn,K637__Võlli__1,Võlli,5,2,12,FALSE,2,12,FALSE,NA,NA,NA
K637,Suure-Jaani linn,K789,Viljandi linn,K637__Ängi__1,Ängi,5,2,13,FALSE,2,14,FALSE,NA,NA,NA
K637,Suure-Jaani linn,K789,Viljandi linn,K637__Lahmuse__1,Lahmuse,4,2,14,FALSE,1,16,FALSE,NA,NA,NA
K637,Suure-Jaani linn,K789,Viljandi linn,K637__Kuningsaare__1,Kuningsaare,2,2,15,FALSE,1,15,FALSE,NA,NA,NA
K637,Suure-Jaani linn,K789,Viljandi linn,K637__Sakala__1,Sakala,2,2,16,FALSE,NA,NA,NA,NA,NA,NA
K637,Suure-Jaani linn,K789,Viljandi linn,K637__Tällevere__1,Tällevere,2,2,17,FALSE,1,17,FALSE,NA,NA,NA
K637,Suure-Jaani linn,K789,Viljandi linn,K637__Võlli-Kingu__1,Võlli-Kingu,2,1,18,FALSE,2,13,FALSE,NA,NA,NA
K638,Suure-Jaani,K789,Viljandi linn,K638__Suure-Jaani__1,Suure-Jaani,47,1,1,TRUE,19,1,TRUE,NA,NA,NA
K638,Suure-Jaani,K789,Viljandi linn,K638__Oja__1,Oja,26,2,2,FALSE,14,2,FALSE,NA,NA,NA
K638,Suure-Jaani,K789,Viljandi linn,K638__Männiku__1,Männiku,16,2,3,FALSE,4,3,FALSE,NA,NA,NA
K638,Suure-Jaani,K789,Viljandi linn,K638__Kool__1,Kool,1,1,4,FALSE,1,4,FALSE,NA,NA,NA
K639,Suurejõe,K663,Tallinn,K639__Suurejõe__1,Suurejõe,14,1,1,TRUE,NA,NA,NA,NA,NA,NA
K639,Suurejõe,K663,Tallinn,K639__Anni__1,Anni,1,1,2,FALSE,NA,NA,NA,NA,NA,NA
K639,Suurejõe,K663,Tallinn,K639__Mustaru__1,Mustaru,1,1,3,FALSE,NA,NA,NA,NA,NA,NA
K640,Suuremõisa,K292,Kärdla linn,K640__Suuremõisa__1,Suuremõisa,17,2,1,TRUE,11,1,TRUE,NA,NA,NA
K640,Suuremõisa,K292,Kärdla linn,K640__Aruküla__1,Aruküla,14,2,2,FALSE,10,2,FALSE,NA,NA,NA
K640,Suuremõisa,K292,Kärdla linn,K640__Heltermaa__1,Heltermaa,14,1,3,FALSE,10,4,FALSE,NA,NA,NA
K640,Suuremõisa,K292,Kärdla linn,K640__Pihla__1,Pihla,14,2,4,FALSE,10,5,FALSE,NA,NA,NA
K640,Suuremõisa,K292,Kärdla linn,K640__Vahtrepa teerist__1,Vahtrepa teerist,14,2,5,FALSE,10,6,FALSE,NA,NA,NA
K640,Suuremõisa,K292,Kärdla linn,K640__Haavamägi__1,Haavamägi,12,2,6,FALSE,10,3,FALSE,NA,NA,NA
K640,Suuremõisa,K292,Kärdla linn,K640__Heltermaa sadam__1,Heltermaa sadam,12,1,7,FALSE,NA,NA,NA,NA,NA,NA
K640,Suuremõisa,K292,Kärdla linn,K640__Kalginiit__1,Kalginiit,9,2,8,FALSE,6,8,FALSE,NA,NA,NA
K640,Suuremõisa,K292,Kärdla linn,K640__Heltermaa klubi__1,Heltermaa klubi,8,2,9,FALSE,7,7,FALSE,NA,NA,NA
K640,Suuremõisa,K292,Kärdla linn,K640__Mäe__1,Mäe,2,1,10,FALSE,2,9,FALSE,NA,NA,NA
K640,Suuremõisa,K292,Kärdla linn,K640__Panneli__1,Panneli,2,1,11,FALSE,2,10,FALSE,NA,NA,NA
K640,Suuremõisa,K292,Kärdla linn,K640__Sarve__1,Sarve,2,1,12,FALSE,2,11,FALSE,NA,NA,NA
K640,Suuremõisa,K292,Kärdla linn,K640__Soonlepa__1,Soonlepa,2,1,13,FALSE,2,12,FALSE,NA,NA,NA
K641,Suurupi,K663,Tallinn,K641__Kolmiku__1,Kolmiku,176,2,1,TRUE,89,1,TRUE,NA,NA,NA
K641,Suurupi,K663,Tallinn,K641__Muraste__1,Muraste,176,2,2,FALSE,89,2,FALSE,NA,NA,NA
K641,Suurupi,K663,Tallinn,K641__Viti__1,Viti,152,2,3,FALSE,76,3,FALSE,NA,NA,NA
K641,Suurupi,K663,Tallinn,K641__Pangapealse__1,Pangapealse,137,2,4,FALSE,70,4,FALSE,NA,NA,NA
K641,Suurupi,K663,Tallinn,K641__Suurupi tee__1,Suurupi tee,119,2,5,FALSE,70,5,FALSE,NA,NA,NA
K641,Suurupi,K663,Tallinn,K641__Liivakivi tee__1,Liivakivi tee,38,2,6,FALSE,20,6,FALSE,NA,NA,NA
K641,Suurupi,K663,Tallinn,K641__Munakivi tee__1,Munakivi tee,38,1,7,FALSE,20,7,FALSE,NA,NA,NA
K641,Suurupi,K663,Tallinn,K641__Orava__1,Orava,38,2,8,FALSE,20,8,FALSE,NA,NA,NA
K641,Suurupi,K663,Tallinn,K641__Viisu tee__1,Viisu tee,20,1,9,FALSE,20,9,FALSE,NA,NA,NA
K641,Suurupi,K663,Tallinn,K641__Suurupi__1,Suurupi,19,1,10,FALSE,1,10,FALSE,NA,NA,NA
K641,Suurupi,K663,Tallinn,K641__Tuletorni__1,Tuletorni,19,1,11,FALSE,1,11,FALSE,NA,NA,NA
K642,Sõmerpalu,K813,Võru linn,K642__Järvere__1,Järvere,17,2,1,TRUE,11,1,TRUE,NA,NA,NA
K642,Sõmerpalu,K813,Võru linn,K642__Sõmerpalu__1,Sõmerpalu,17,2,2,FALSE,11,2,FALSE,NA,NA,NA
K642,Sõmerpalu,K813,Võru linn,K642__Sõmerpalu hooldekodu__1,Sõmerpalu hooldekodu,17,2,3,FALSE,11,3,FALSE,NA,NA,NA
K642,Sõmerpalu,K813,Võru linn,K642__Varese__1,Varese,12,3,4,FALSE,9,4,FALSE,NA,NA,NA
K642,Sõmerpalu,K813,Võru linn,K642__Mällipalu__1,Mällipalu,11,2,5,FALSE,8,5,FALSE,NA,NA,NA
K642,Sõmerpalu,K813,Võru linn,K642__Tööstuse__1,Tööstuse,8,2,6,FALSE,6,6,FALSE,NA,NA,NA
K642,Sõmerpalu,K813,Võru linn,K642__Hänike__1,Hänike,6,2,7,FALSE,3,7,FALSE,NA,NA,NA
K642,Sõmerpalu,K813,Võru linn,K642__Mustassaare tee__1,Mustassaare tee,6,2,8,FALSE,3,8,FALSE,NA,NA,NA
K642,Sõmerpalu,K813,Võru linn,K642__Saia__1,Saia,3,2,9,FALSE,2,9,FALSE,NA,NA,NA
K642,Sõmerpalu,K813,Võru linn,K642__Sõmerpalu pood__1,Sõmerpalu pood,3,1,10,FALSE,NA,NA,NA,NA,NA,NA
K643,Sõmeru,K545,Rakvere linn,K643__Metskonna__1,Metskonna,42,2,1,TRUE,27,1,TRUE,NA,NA,NA
K643,Sõmeru,K545,Rakvere linn,K643__Sõmeru tee__1,Sõmeru tee,42,2,2,FALSE,27,2,FALSE,NA,NA,NA
K643,Sõmeru,K545,Rakvere linn,K643__Viadukti__1,Viadukti,42,2,3,FALSE,27,3,FALSE,NA,NA,NA
K643,Sõmeru,K545,Rakvere linn,K643__Roodevälja__1,Roodevälja,39,2,4,FALSE,20,4,FALSE,NA,NA,NA
K643,Sõmeru,K545,Rakvere linn,K643__Aluvere tee__1,Aluvere tee,27,2,5,FALSE,14,5,FALSE,NA,NA,NA
K643,Sõmeru,K545,Rakvere linn,K643__Lihakombinaat__2,Lihakombinaat,27,2,6,FALSE,14,6,FALSE,NA,NA,NA
K643,Sõmeru,K545,Rakvere linn,K643__Puiestee__1,Puiestee,22,4,7,FALSE,14,7,FALSE,NA,NA,NA
K643,Sõmeru,K545,Rakvere linn,K643__Sõmeru__1,Sõmeru,22,2,8,FALSE,14,8,FALSE,NA,NA,NA
K643,Sõmeru,K545,Rakvere linn,K643__Kaarli rahvamaja__1,Kaarli rahvamaja,15,2,9,FALSE,9,9,FALSE,NA,NA,NA
K643,Sõmeru,K545,Rakvere linn,K643__Kaarli ülesõit__1,Kaarli ülesõit,15,2,10,FALSE,9,10,FALSE,NA,NA,NA
K643,Sõmeru,K545,Rakvere linn,K643__Lihakombinaat__1,Lihakombinaat,15,1,11,FALSE,7,15,FALSE,NA,NA,NA
K643,Sõmeru,K545,Rakvere linn,K643__Vaeküla__1,Vaeküla,15,2,12,FALSE,9,11,FALSE,NA,NA,NA
K643,Sõmeru,K545,Rakvere linn,K643__Näpi__1,Näpi,10,3,13,FALSE,6,17,FALSE,NA,NA,NA
K643,Sõmeru,K545,Rakvere linn,K643__Järve__1,Järve,9,2,14,FALSE,5,18,FALSE,NA,NA,NA
K643,Sõmeru,K545,Rakvere linn,K643__Raudlepa__1,Raudlepa,9,2,15,FALSE,5,19,FALSE,NA,NA,NA
K643,Sõmeru,K545,Rakvere linn,K643__Jaaguri__1,Jaaguri,7,2,16,FALSE,7,12,FALSE,NA,NA,NA
K643,Sõmeru,K545,Rakvere linn,K643__Kaarli__1,Kaarli,7,2,17,FALSE,7,13,FALSE,NA,NA,NA
K643,Sõmeru,K545,Rakvere linn,K643__Koovälja__1,Koovälja,7,3,18,FALSE,7,14,FALSE,NA,NA,NA
K643,Sõmeru,K545,Rakvere linn,K643__Linnasetehas__1,Linnasetehas,7,1,19,FALSE,4,20,FALSE,NA,NA,NA
K643,Sõmeru,K545,Rakvere linn,K643__Nurme__1,Nurme,7,2,20,FALSE,7,16,FALSE,NA,NA,NA
K643,Sõmeru,K545,Rakvere linn,K643__Pikametsa__1,Pikametsa,7,2,21,FALSE,3,22,FALSE,NA,NA,NA
K643,Sõmeru,K545,Rakvere linn,K643__Lõuta__1,Lõuta,4,2,22,FALSE,4,21,FALSE,NA,NA,NA
K643,Sõmeru,K545,Rakvere linn,K643__Sõmeru rist__2,Sõmeru rist,2,1,23,FALSE,NA,NA,NA,NA,NA,NA
K643,Sõmeru,K545,Rakvere linn,K643__Sõmeru rist__1,Sõmeru rist,1,1,24,FALSE,NA,NA,NA,NA,NA,NA
K645,Sõru,K292,Kärdla linn,K645__Viiri__1,Viiri,14,4,1,TRUE,5,1,TRUE,NA,NA,NA
K645,Sõru,K292,Kärdla linn,K645__Pärna__1,Pärna,13,2,2,FALSE,4,3,FALSE,NA,NA,NA
K645,Sõru,K292,Kärdla linn,K645__Sõru__1,Sõru,13,2,3,FALSE,4,4,FALSE,NA,NA,NA
K645,Sõru,K292,Kärdla linn,K645__Metsalauka__1,Metsalauka,9,3,4,FALSE,4,2,FALSE,NA,NA,NA
K645,Sõru,K292,Kärdla linn,K645__Müürivahe__1,Müürivahe,9,2,5,FALSE,2,5,FALSE,NA,NA,NA
K645,Sõru,K292,Kärdla linn,K645__Tohvri__1,Tohvri,9,1,6,FALSE,2,6,FALSE,NA,NA,NA
K645,Sõru,K292,Kärdla linn,K645__Sõru sadamahoone__1,Sõru sadamahoone,6,1,7,FALSE,1,7,FALSE,NA,NA,NA
K645,Sõru,K292,Kärdla linn,K645__Lepiku__1,Lepiku,4,2,8,FALSE,NA,NA,NA,NA,NA,NA
K646,Sälliku Alliku,K118,Jõhvi linn,K646__Alliku__1,Alliku,12,2,1,TRUE,5,1,TRUE,NA,NA,NA
K646,Sälliku Alliku,K118,Jõhvi linn,K646__Sälliku__1,Sälliku,12,2,2,FALSE,5,3,FALSE,NA,NA,NA
K646,Sälliku Alliku,K118,Jõhvi linn,K646__Reiska__1,Reiska,6,1,3,FALSE,5,2,FALSE,NA,NA,NA
K647,Sänna,K813,Võru linn,K647__Järvepalu__1,Järvepalu,11,2,1,TRUE,6,1,TRUE,NA,NA,NA
K647,Sänna,K813,Võru linn,K647__Sänna-Mäe__1,Sänna-Mäe,11,2,2,FALSE,6,2,FALSE,NA,NA,NA
K647,Sänna,K813,Võru linn,K647__Haabsilla__1,Haabsilla,8,2,3,FALSE,5,3,FALSE,NA,NA,NA
K647,Sänna,K813,Võru linn,K647__Rõuge tee__1,Rõuge tee,8,2,4,FALSE,5,4,FALSE,NA,NA,NA
K647,Sänna,K813,Võru linn,K647__Ahitsa__1,Ahitsa,7,1,5,FALSE,2,5,FALSE,NA,NA,NA
K647,Sänna,K813,Võru linn,K647__Sänna__1,Sänna,5,2,6,FALSE,2,6,FALSE,NA,NA,NA
K647,Sänna,K813,Võru linn,K647__Viru küla__1,Viru küla,3,1,7,FALSE,NA,NA,NA,NA,NA,NA
K647,Sänna,K813,Võru linn,K647__Suurekõrtsi__1,Suurekõrtsi,2,2,8,FALSE,1,7,FALSE,NA,NA,NA
K648,Sääre,K270,Kuressaare linn,K648__Hänga(tellimisel)__1,Hänga(tellimisel),5,1,1,TRUE,4,1,TRUE,NA,NA,NA
K648,Sääre,K270,Kuressaare linn,K648__Läbara(tellimisel)__1,Läbara(tellimisel),5,2,2,FALSE,4,2,FALSE,NA,NA,NA
K648,Sääre,K270,Kuressaare linn,K648__Sääre(tellimisel)__1,Sääre(tellimisel),5,1,3,FALSE,4,3,FALSE,NA,NA,NA
K648,Sääre,K270,Kuressaare linn,K648__Lopsigu (tellimisel)__1,Lopsigu (tellimisel),4,2,4,FALSE,3,4,FALSE,NA,NA,NA
K648,Sääre,K270,Kuressaare linn,K648__Karuste(tellimisel)__1,Karuste(tellimisel),3,1,5,FALSE,2,5,FALSE,NA,NA,NA
K648,Sääre,K270,Kuressaare linn,K648__Tammuna(tellimisel)__1,Tammuna(tellimisel),3,2,6,FALSE,2,6,FALSE,NA,NA,NA
K648,Sääre,K270,Kuressaare linn,K648__Lopsigu__1,Lopsigu,2,1,7,FALSE,1,7,FALSE,NA,NA,NA
K648,Sääre,K270,Kuressaare linn,K648__Karuste__1,Karuste,1,1,8,FALSE,NA,NA,NA,NA,NA,NA
K648,Sääre,K270,Kuressaare linn,K648__Sääre__1,Sääre,1,1,9,FALSE,NA,NA,NA,NA,NA,NA
K648,Sääre,K270,Kuressaare linn,K648__Tammuna__1,Tammuna,1,1,10,FALSE,NA,NA,NA,NA,NA,NA
K649,Sürgavere,K789,Viljandi linn,K649__Sürgavere__1,Sürgavere,20,2,1,TRUE,12,1,TRUE,NA,NA,NA
K649,Sürgavere,K789,Viljandi linn,K649__Munsi__1,Munsi,16,2,2,FALSE,8,3,FALSE,NA,NA,NA
K649,Sürgavere,K789,Viljandi linn,K649__Õpetajate__1,Õpetajate,16,2,3,FALSE,8,5,FALSE,NA,NA,NA
K649,Sürgavere,K789,Viljandi linn,K649__Leederdi__1,Leederdi,12,2,4,FALSE,8,2,FALSE,NA,NA,NA
K649,Sürgavere,K789,Viljandi linn,K649__Vana-Jaama__1,Vana-Jaama,12,2,5,FALSE,8,4,FALSE,NA,NA,NA
K649,Sürgavere,K789,Viljandi linn,K649__Kabila__1,Kabila,8,2,6,FALSE,4,6,FALSE,NA,NA,NA
K649,Sürgavere,K789,Viljandi linn,K649__Sürgavere__2,Sürgavere,8,2,7,FALSE,4,8,FALSE,NA,NA,NA
K649,Sürgavere,K789,Viljandi linn,K649__Kerita__1,Kerita,4,2,8,FALSE,4,7,FALSE,NA,NA,NA
K650,Taagepera,K789,Viljandi linn,K650__Ala__1,Ala,19,3,1,TRUE,4,1,TRUE,NA,NA,NA
K650,Taagepera,K789,Viljandi linn,K650__Karjatnurme__1,Karjatnurme,17,2,2,FALSE,4,2,FALSE,NA,NA,NA
K650,Taagepera,K789,Viljandi linn,K650__Aava__1,Aava,11,2,3,FALSE,2,3,FALSE,NA,NA,NA
K650,Taagepera,K789,Viljandi linn,K650__Pääbu__1,Pääbu,11,2,4,FALSE,2,4,FALSE,NA,NA,NA
K650,Taagepera,K789,Viljandi linn,K650__Taagepera__1,Taagepera,6,1,5,FALSE,NA,NA,NA,NA,NA,NA
K650,Taagepera,K789,Viljandi linn,K650__Taagepera tee__1,Taagepera tee,4,2,6,FALSE,2,5,FALSE,NA,NA,NA
K650,Taagepera,K789,Viljandi linn,K650__Tomsoni__1,Tomsoni,3,2,7,FALSE,NA,NA,NA,NA,NA,NA
K650,Taagepera,K789,Viljandi linn,K650__Taagepera metskond__1,Taagepera metskond,2,2,8,FALSE,NA,NA,NA,NA,NA,NA
K650,Taagepera,K789,Viljandi linn,K650__Ala kool__1,Ala kool,1,1,9,FALSE,NA,NA,NA,NA,NA,NA
K651,Taaliku,K270,Kuressaare linn,K651__Haapsu__1,Haapsu,4,2,1,TRUE,2,1,TRUE,NA,NA,NA
K651,Taaliku,K270,Kuressaare linn,K651__Sääre__1,Sääre,4,2,2,FALSE,2,2,FALSE,NA,NA,NA
K651,Taaliku,K270,Kuressaare linn,K651__Taaliku__1,Taaliku,4,2,3,FALSE,2,3,FALSE,NA,NA,NA
K651,Taaliku,K270,Kuressaare linn,K651__Taaliku mõisa__1,Taaliku mõisa,1,1,4,FALSE,1,4,FALSE,NA,NA,NA
K652,Tabasalu,K663,Tallinn,K652__Kallaste__1,Kallaste,253,2,1,TRUE,134,1,TRUE,NA,NA,NA
K652,Tabasalu,K663,Tallinn,K652__Tabasalu__1,Tabasalu,235,2,2,FALSE,134,2,FALSE,NA,NA,NA
K652,Tabasalu,K663,Tallinn,K652__Rannamõisa__1,Rannamõisa,210,2,3,FALSE,109,3,FALSE,NA,NA,NA
K652,Tabasalu,K663,Tallinn,K652__Mere tee__1,Mere tee,171,2,4,FALSE,90,4,FALSE,NA,NA,NA
K652,Tabasalu,K663,Tallinn,K652__Sõrve tee__1,Sõrve tee,171,2,5,FALSE,90,5,FALSE,NA,NA,NA
K652,Tabasalu,K663,Tallinn,K652__Ilmandu__1,Ilmandu,137,2,6,FALSE,70,6,FALSE,NA,NA,NA
K652,Tabasalu,K663,Tallinn,K652__Runtsi tee__1,Runtsi tee,137,2,7,FALSE,70,7,FALSE,NA,NA,NA
K652,Tabasalu,K663,Tallinn,K652__Kooli__1,Kooli,43,2,8,FALSE,25,8,FALSE,NA,NA,NA
K652,Tabasalu,K663,Tallinn,K652__Sõrve__1,Sõrve,34,2,9,FALSE,20,9,FALSE,NA,NA,NA
K652,Tabasalu,K663,Tallinn,K652__Tuulepesa__1,Tuulepesa,34,2,10,FALSE,20,10,FALSE,NA,NA,NA
K652,Tabasalu,K663,Tallinn,K652__Tuuleveski__1,Tuuleveski,34,2,11,FALSE,20,11,FALSE,NA,NA,NA
K652,Tabasalu,K663,Tallinn,K652__Ranna tee__1,Ranna tee,25,2,12,FALSE,7,12,FALSE,NA,NA,NA
K653,Tabivere,K674,Tartu linn,K653__Tabivere__1,Tabivere,26,2,1,TRUE,14,1,TRUE,NA,NA,NA
K653,Tabivere,K674,Tartu linn,K653__Äksi kirik__1,Äksi kirik,25,2,2,FALSE,14,2,FALSE,NA,NA,NA
K653,Tabivere,K674,Tartu linn,K653__Tabivere__2,Tabivere,9,2,3,FALSE,5,4,FALSE,NA,NA,NA
K653,Tabivere,K674,Tartu linn,K653__Tormi__1,Tormi,9,2,4,FALSE,5,5,FALSE,NA,NA,NA
K653,Tabivere,K674,Tartu linn,K653__Toominga__1,Toominga,7,2,5,FALSE,1,9,FALSE,NA,NA,NA
K653,Tabivere,K674,Tartu linn,K653__Voldi__1,Voldi,7,2,6,FALSE,1,10,FALSE,NA,NA,NA
K653,Tabivere,K674,Tartu linn,K653__Järveotsa__1,Järveotsa,5,2,7,FALSE,5,3,FALSE,NA,NA,NA
K653,Tabivere,K674,Tartu linn,K653__Tabivere park__1,Tabivere park,5,1,8,FALSE,3,6,FALSE,NA,NA,NA
K653,Tabivere,K674,Tartu linn,K653__Tabivere raudteejaam__1,Tabivere raudteejaam,4,1,9,FALSE,3,7,FALSE,NA,NA,NA
K653,Tabivere,K674,Tartu linn,K653__Õvanurme rist__1,Õvanurme rist,2,1,10,FALSE,2,8,FALSE,NA,NA,NA
K654,Taebla,K061,Haapsalu linn,K654__Taebla__1,Taebla,44,1,1,TRUE,22,1,TRUE,NA,NA,NA
K654,Taebla,K061,Haapsalu linn,K654__Priguldi__1,Priguldi,28,2,2,FALSE,15,2,FALSE,NA,NA,NA
K654,Taebla,K061,Haapsalu linn,K654__Taebla tee__1,Taebla tee,26,3,3,FALSE,13,3,FALSE,NA,NA,NA
K654,Taebla,K061,Haapsalu linn,K654__Võntküla__1,Võntküla,23,2,4,FALSE,11,4,FALSE,NA,NA,NA
K654,Taebla,K061,Haapsalu linn,K654__Turvalepa tee__1,Turvalepa tee,15,2,5,FALSE,9,5,FALSE,NA,NA,NA
K654,Taebla,K061,Haapsalu linn,K654__Väänla__1,Väänla,13,2,6,FALSE,7,6,FALSE,NA,NA,NA
K654,Taebla,K061,Haapsalu linn,K654__Laikmaa tee__1,Laikmaa tee,12,1,7,FALSE,NA,NA,NA,NA,NA,NA
K654,Taebla,K061,Haapsalu linn,K654__Kabelimäe__1,Kabelimäe,10,2,8,FALSE,5,7,FALSE,NA,NA,NA
K654,Taebla,K061,Haapsalu linn,K654__Kirimäe__1,Kirimäe,10,2,9,FALSE,5,8,FALSE,NA,NA,NA
K654,Taebla,K061,Haapsalu linn,K654__Vana-Taebla__1,Vana-Taebla,10,1,10,FALSE,5,9,FALSE,NA,NA,NA
K654,Taebla,K061,Haapsalu linn,K654__Rummu__1,Rummu,8,2,11,FALSE,4,10,FALSE,NA,NA,NA
K654,Taebla,K061,Haapsalu linn,K654__Ilmajaama__1,Ilmajaama,4,2,12,FALSE,2,11,FALSE,NA,NA,NA
K654,Taebla,K061,Haapsalu linn,K654__Kedre__1,Kedre,4,2,13,FALSE,2,12,FALSE,NA,NA,NA
K654,Taebla,K061,Haapsalu linn,K654__Koela tee__1,Koela tee,4,2,14,FALSE,2,13,FALSE,NA,NA,NA
K654,Taebla,K061,Haapsalu linn,K654__Leediküla__1,Leediküla,4,2,15,FALSE,2,14,FALSE,NA,NA,NA
K654,Taebla,K061,Haapsalu linn,K654__Nigula__1,Nigula,4,2,16,FALSE,2,15,FALSE,NA,NA,NA
K654,Taebla,K061,Haapsalu linn,K654__Turvalepa__1,Turvalepa,4,2,17,FALSE,2,16,FALSE,NA,NA,NA
K655,Taevaskoja,K523,Põlva linn,K655__Saesaare__1,Saesaare,11,2,1,TRUE,6,1,TRUE,NA,NA,NA
K655,Taevaskoja,K523,Põlva linn,K655__Taevaskoja__1,Taevaskoja,11,2,2,FALSE,6,2,FALSE,NA,NA,NA
K655,Taevaskoja,K523,Põlva linn,K655__Taevaskoja noortelaager__1,Taevaskoja noortelaager,2,1,3,FALSE,1,3,FALSE,NA,NA,NA
K656,Tagamõisa,K270,Kuressaare linn,K656__Jaagarahu__1,Jaagarahu,4,2,1,TRUE,2,1,TRUE,NA,NA,NA
K656,Tagamõisa,K270,Kuressaare linn,K656__Kurevere__1,Kurevere,4,2,2,FALSE,2,2,FALSE,NA,NA,NA
K656,Tagamõisa,K270,Kuressaare linn,K656__Kõruse__1,Kõruse,4,2,3,FALSE,2,3,FALSE,NA,NA,NA
K656,Tagamõisa,K270,Kuressaare linn,K656__Tammese__1,Tammese,4,2,4,FALSE,2,6,FALSE,NA,NA,NA
K656,Tagamõisa,K270,Kuressaare linn,K656__Lätiniidi__1,Lätiniidi,3,2,5,FALSE,2,4,FALSE,NA,NA,NA
K656,Tagamõisa,K270,Kuressaare linn,K656__Tagamõisa__1,Tagamõisa,3,2,6,FALSE,2,5,FALSE,NA,NA,NA
K656,Tagamõisa,K270,Kuressaare linn,K656__Undva__1,Undva,3,1,7,FALSE,2,7,FALSE,NA,NA,NA
K656,Tagamõisa,K270,Kuressaare linn,K656__Veere__1,Veere,3,1,8,FALSE,2,8,FALSE,NA,NA,NA
K657,Tagaranna,K270,Kuressaare linn,K657__Ninase__1,Ninase,3,2,1,TRUE,2,1,TRUE,NA,NA,NA
K657,Tagaranna,K270,Kuressaare linn,K657__Sadama__1,Sadama,3,1,2,FALSE,2,2,FALSE,NA,NA,NA
K657,Tagaranna,K270,Kuressaare linn,K657__Tagaranna__1,Tagaranna,3,1,3,FALSE,2,4,FALSE,NA,NA,NA
K657,Tagaranna,K270,Kuressaare linn,K657__Sõõru__1,Sõõru,2,1,4,FALSE,2,3,FALSE,NA,NA,NA
K658,Tagavere,K270,Kuressaare linn,K658__Tagavere__1,Tagavere,17,2,1,TRUE,9,1,TRUE,NA,NA,NA
K658,Tagavere,K270,Kuressaare linn,K658__Arju__1,Arju,3,2,2,FALSE,1,2,FALSE,NA,NA,NA
K659,Tagula,K740,Valga linn,K659__Ande__1,Ande,6,2,1,TRUE,3,1,TRUE,NA,NA,NA
K659,Tagula,K740,Valga linn,K659__Kitse__1,Kitse,6,2,2,FALSE,3,2,FALSE,NA,NA,NA
K659,Tagula,K740,Valga linn,K659__Kuritse__1,Kuritse,6,2,3,FALSE,3,3,FALSE,NA,NA,NA
K659,Tagula,K740,Valga linn,K659__Olla__1,Olla,6,2,4,FALSE,3,4,FALSE,NA,NA,NA
K659,Tagula,K740,Valga linn,K659__Tagula__1,Tagula,6,2,5,FALSE,3,5,FALSE,NA,NA,NA
K659,Tagula,K740,Valga linn,K659__Matu__1,Matu,3,2,6,FALSE,2,6,FALSE,NA,NA,NA
K659,Tagula,K740,Valga linn,K659__Musta__1,Musta,3,2,7,FALSE,2,7,FALSE,NA,NA,NA
K659,Tagula,K740,Valga linn,K659__Tuulemäe__1,Tuulemäe,3,2,8,FALSE,2,8,FALSE,NA,NA,NA
K659,Tagula,K740,Valga linn,K659__Väike-Väheru__1,Väike-Väheru,3,2,9,FALSE,2,9,FALSE,NA,NA,NA
K660,Tahula,K270,Kuressaare linn,K660__Kooli__1,Kooli,41,2,1,TRUE,27,1,TRUE,NA,NA,NA
K660,Tahula,K270,Kuressaare linn,K660__Tahula I__1,Tahula I,19,2,2,FALSE,11,4,FALSE,NA,NA,NA
K660,Tahula,K270,Kuressaare linn,K660__Tahula II__1,Tahula II,19,2,3,FALSE,11,5,FALSE,NA,NA,NA
K660,Tahula,K270,Kuressaare linn,K660__Upa__1,Upa,17,2,4,FALSE,14,2,FALSE,NA,NA,NA
K660,Tahula,K270,Kuressaare linn,K660__Kollamäe__1,Kollamäe,11,1,5,FALSE,11,3,FALSE,NA,NA,NA
K661,Taikse,K663,Tallinn,K661__Piibu__1,Piibu,9,2,1,TRUE,NA,NA,NA,NA,NA,NA
K661,Taikse,K663,Tallinn,K661__Raukla tee__1,Raukla tee,9,2,2,FALSE,NA,NA,NA,NA,NA,NA
K661,Taikse,K663,Tallinn,K661__Taikse tee__1,Taikse tee,9,2,3,FALSE,NA,NA,NA,NA,NA,NA
K661,Taikse,K663,Tallinn,K661__Taikse__2,Taikse,8,2,4,FALSE,4,1,TRUE,NA,NA,NA
K661,Taikse,K663,Tallinn,K661__Mardihansu__1,Mardihansu,1,1,5,FALSE,NA,NA,NA,NA,NA,NA
K661,Taikse,K663,Tallinn,K661__Raukla__1,Raukla,1,1,6,FALSE,NA,NA,NA,NA,NA,NA
K661,Taikse,K663,Tallinn,K661__Sikensaare__1,Sikensaare,1,1,7,FALSE,NA,NA,NA,NA,NA,NA
K661,Taikse,K663,Tallinn,K661__Taikse__1,Taikse,1,1,8,FALSE,NA,NA,NA,NA,NA,NA
K661,Taikse,K663,Tallinn,K661__Tännassilma__1,Tännassilma,1,1,9,FALSE,NA,NA,NA,NA,NA,NA
K662,Tali,K531,Pärnu linn,K662__Kartau__1,Kartau,7,2,1,TRUE,3,1,TRUE,NA,NA,NA
K662,Tali,K531,Pärnu linn,K662__Savioja__1,Savioja,7,2,2,FALSE,3,2,FALSE,NA,NA,NA
K662,Tali,K531,Pärnu linn,K662__Tali__1,Tali,7,1,3,FALSE,3,3,FALSE,NA,NA,NA
K662,Tali,K531,Pärnu linn,K662__Tali kool__1,Tali kool,6,2,4,FALSE,3,4,FALSE,NA,NA,NA
K662,Tali,K531,Pärnu linn,K662__Jütsi__1,Jütsi,5,2,5,FALSE,1,6,FALSE,NA,NA,NA
K662,Tali,K531,Pärnu linn,K662__Uulota__1,Uulota,5,2,6,FALSE,1,8,FALSE,NA,NA,NA
K662,Tali,K531,Pärnu linn,K662__Merioja__1,Merioja,4,1,7,FALSE,1,7,FALSE,NA,NA,NA
K662,Tali,K531,Pärnu linn,K662__Pihke__1,Pihke,2,1,8,FALSE,2,5,FALSE,NA,NA,NA
K663,Tallinn,K663,Tallinn,K663__Vabaduse väljak__1,Vabaduse väljak,4679,14,1,TRUE,NA,NA,NA,631,1,TRUE
K663,Tallinn,K663,Tallinn,K663__Estonia__1,Estonia,3024,7,2,FALSE,NA,NA,NA,420,3,FALSE
K663,Tallinn,K663,Tallinn,K663__Balti jaam (train station)__1,Balti jaam (train station),2098,5,3,FALSE,NA,NA,NA,486,2,FALSE
K663,Tallinn,K663,Tallinn,K663__Väike-Õismäe__1,Väike-Õismäe,2018,2,4,FALSE,NA,NA,NA,132,51,FALSE
K663,Tallinn,K663,Tallinn,K663__Taksopark__1,Taksopark,1885,4,5,FALSE,NA,NA,NA,196,30,FALSE
K663,Tallinn,K663,Tallinn,K663__Väike-Õismäe parkla__1,Väike-Õismäe parkla,1814,2,6,FALSE,NA,NA,NA,50,154,FALSE
K663,Tallinn,K663,Tallinn,K663__Tõnismägi__1,Tõnismägi,1721,4,7,FALSE,NA,NA,NA,67,124,FALSE
K663,Tallinn,K663,Tallinn,K663__Viru__1,Viru,1661,6,8,FALSE,NA,NA,NA,96,81,FALSE
K663,Tallinn,K663,Tallinn,K663__Koidu__1,Koidu,1649,2,9,FALSE,NA,NA,NA,102,71,FALSE
K663,Tallinn,K663,Tallinn,K663__Mustakivi__1,Mustakivi,1636,3,10,FALSE,NA,NA,NA,127,54,FALSE
K663,Tallinn,K663,Tallinn,K663__J. Poska__1,J. Poska,1604,4,11,FALSE,NA,NA,NA,213,23,FALSE
K663,Tallinn,K663,Tallinn,K663__Reidi tee__1,Reidi tee,1566,3,12,FALSE,NA,NA,NA,142,48,FALSE
K663,Tallinn,K663,Tallinn,K663__Priisle__1,Priisle,1565,6,13,FALSE,NA,NA,NA,93,84,FALSE
K663,Tallinn,K663,Tallinn,K663__Vineeri__1,Vineeri,1532,6,14,FALSE,NA,NA,NA,214,22,FALSE
K663,Tallinn,K663,Tallinn,K663__Kosmos__1,Kosmos,1461,5,15,FALSE,NA,NA,NA,214,20,FALSE
K663,Tallinn,K663,Tallinn,K663__Lepistiku__1,Lepistiku,1456,2,16,FALSE,NA,NA,NA,42,163,FALSE
K663,Tallinn,K663,Tallinn,K663__Tallinn-Väike__1,Tallinn-Väike,1399,6,17,FALSE,NA,NA,NA,214,21,FALSE
K663,Tallinn,K663,Tallinn,K663__Bussijaam (bus station)__2,Bussijaam (bus station),1392,5,18,FALSE,NA,NA,NA,332,6,FALSE
K663,Tallinn,K663,Tallinn,K663__Keskturg__1,Keskturg,1392,4,19,FALSE,NA,NA,NA,332,7,FALSE
K663,Tallinn,K663,Tallinn,K663__Hobujaama__1,Hobujaama,1362,6,20,FALSE,NA,NA,NA,209,26,FALSE
K663,Tallinn,K663,Tallinn,K663__Kullerkupu__1,Kullerkupu,1356,2,21,FALSE,NA,NA,NA,131,52,FALSE
K663,Tallinn,K663,Tallinn,K663__Nurmenuku__1,Nurmenuku,1356,2,22,FALSE,NA,NA,NA,131,53,FALSE
K663,Tallinn,K663,Tallinn,K663__Zoo__1,Zoo,1328,2,23,FALSE,NA,NA,NA,232,16,FALSE
K663,Tallinn,K663,Tallinn,K663__Humala__1,Humala,1293,2,24,FALSE,NA,NA,NA,187,34,FALSE
K663,Tallinn,K663,Tallinn,K663__Taevakivi__1,Taevakivi,1228,2,25,FALSE,NA,NA,NA,81,102,FALSE
K663,Tallinn,K663,Tallinn,K663__Kalev__1,Kalev,1221,3,26,FALSE,NA,NA,NA,214,19,FALSE
K663,Tallinn,K663,Tallinn,K663__Sinilille__1,Sinilille,1174,4,27,FALSE,NA,NA,NA,69,118,FALSE
K663,Tallinn,K663,Tallinn,K663__Szolnok__1,Szolnok,1164,2,28,FALSE,NA,NA,NA,33,187,FALSE
K663,Tallinn,K663,Tallinn,K663__Autobussikoondis__1,Autobussikoondis,1162,3,29,FALSE,NA,NA,NA,100,74,FALSE
K663,Tallinn,K663,Tallinn,K663__Hipodroom__1,Hipodroom,1144,4,30,FALSE,NA,NA,NA,51,145,FALSE
K663,Tallinn,K663,Tallinn,K663__Siili__1,Siili,1106,2,31,FALSE,NA,NA,NA,9,224,FALSE
K663,Tallinn,K663,Tallinn,K663__Kotka kauplus__1,Kotka kauplus,1085,2,32,FALSE,NA,NA,NA,121,59,FALSE
K663,Tallinn,K663,Tallinn,K663__Järve__1,Järve,1073,4,33,FALSE,NA,NA,NA,241,10,FALSE
K663,Tallinn,K663,Tallinn,K663__Lasnamägi__1,Lasnamägi,1063,2,34,FALSE,NA,NA,NA,56,132,FALSE
K663,Tallinn,K663,Tallinn,K663__Laagna__1,Laagna,1044,2,35,FALSE,NA,NA,NA,81,96,FALSE
K663,Tallinn,K663,Tallinn,K663__Liivaku__1,Liivaku,1043,3,36,FALSE,NA,NA,NA,9,222,FALSE
K663,Tallinn,K663,Tallinn,K663__P. Pinna__1,P. Pinna,1039,3,37,FALSE,NA,NA,NA,NA,NA,NA
K663,Tallinn,K663,Tallinn,K663__Pikri__1,Pikri,1039,2,38,FALSE,NA,NA,NA,NA,NA,NA
K663,Tallinn,K663,Tallinn,K663__Vambola__1,Vambola,1039,2,39,FALSE,NA,NA,NA,7,229,FALSE
K663,Tallinn,K663,Tallinn,K663__Kadaka__1,Kadaka,1036,4,40,FALSE,NA,NA,NA,35,172,FALSE
K663,Tallinn,K663,Tallinn,K663__Mustamäe__1,Mustamäe,1023,5,41,FALSE,NA,NA,NA,21,206,FALSE
K663,Tallinn,K663,Tallinn,K663__Pirni__1,Pirni,1011,2,42,FALSE,NA,NA,NA,175,35,FALSE
K663,Tallinn,K663,Tallinn,K663__Haabersti__1,Haabersti,1008,4,43,FALSE,NA,NA,NA,146,44,FALSE
K663,Tallinn,K663,Tallinn,K663__Seli__1,Seli,1008,3,44,FALSE,NA,NA,NA,8,226,FALSE
K663,Tallinn,K663,Tallinn,K663__Meistri__1,Meistri,1000,3,45,FALSE,NA,NA,NA,100,76,FALSE
K663,Tallinn,K663,Tallinn,K663__Oru__1,Oru,995,2,46,FALSE,NA,NA,NA,44,161,FALSE
K663,Tallinn,K663,Tallinn,K663__Linnu tee__1,Linnu tee,989,3,47,FALSE,NA,NA,NA,9,223,FALSE
K663,Tallinn,K663,Tallinn,K663__Lehola__1,Lehola,981,2,48,FALSE,NA,NA,NA,33,180,FALSE
K663,Tallinn,K663,Tallinn,K663__Akadeemia tee__1,Akadeemia tee,979,2,49,FALSE,NA,NA,NA,33,174,FALSE
K663,Tallinn,K663,Tallinn,K663__Kaja__1,Kaja,979,2,50,FALSE,NA,NA,NA,33,178,FALSE
K663,Tallinn,K663,Tallinn,K663__Hallivanamehe__1,Hallivanamehe,975,2,51,FALSE,NA,NA,NA,212,25,FALSE
K663,Tallinn,K663,Tallinn,K663__Kolde puiestee__1,Kolde puiestee,966,3,52,FALSE,NA,NA,NA,4,234,FALSE
K663,Tallinn,K663,Tallinn,K663__Männi__1,Männi,966,4,53,FALSE,NA,NA,NA,100,77,FALSE
K663,Tallinn,K663,Tallinn,K663__Lille__1,Lille,959,2,54,FALSE,NA,NA,NA,43,162,FALSE
K663,Tallinn,K663,Tallinn,K663__Maleva__1,Maleva,912,4,55,FALSE,NA,NA,NA,4,237,FALSE
K663,Tallinn,K663,Tallinn,K663__Ehte__1,Ehte,909,2,56,FALSE,NA,NA,NA,4,230,FALSE
K663,Tallinn,K663,Tallinn,K663__Hotell Tallinn__1,Hotell Tallinn,908,2,57,FALSE,NA,NA,NA,375,4,FALSE
K663,Tallinn,K663,Tallinn,K663__Nisu__1,Nisu,901,2,58,FALSE,NA,NA,NA,NA,NA,NA
K663,Tallinn,K663,Tallinn,K663__Linnahall__1,Linnahall,897,4,59,FALSE,NA,NA,NA,67,121,FALSE
K663,Tallinn,K663,Tallinn,K663__L. Koidula__1,L. Koidula,896,3,60,FALSE,NA,NA,NA,NA,NA,NA
K663,Tallinn,K663,Tallinn,K663__Risti__1,Risti,893,3,61,FALSE,NA,NA,NA,148,43,FALSE
K663,Tallinn,K663,Tallinn,K663__Nõmme__1,Nõmme,890,5,62,FALSE,NA,NA,NA,145,46,FALSE
K663,Tallinn,K663,Tallinn,K663__Ussimäe tee__1,Ussimäe tee,889,2,63,FALSE,NA,NA,NA,36,171,FALSE
K663,Tallinn,K663,Tallinn,K663__Tornimäe__1,Tornimäe,885,2,64,FALSE,NA,NA,NA,352,5,FALSE
K663,Tallinn,K663,Tallinn,K663__Karikakra__1,Karikakra,872,2,65,FALSE,NA,NA,NA,69,116,FALSE
K663,Tallinn,K663,Tallinn,K663__Pae__1,Pae,868,4,66,FALSE,NA,NA,NA,106,66,FALSE
K663,Tallinn,K663,Tallinn,K663__Koskla__1,Koskla,867,2,67,FALSE,NA,NA,NA,NA,NA,NA
K663,Tallinn,K663,Tallinn,K663__Ristiku__1,Ristiku,859,2,68,FALSE,NA,NA,NA,NA,NA,NA
K663,Tallinn,K663,Tallinn,K663__Tedre__1,Tedre,858,2,69,FALSE,NA,NA,NA,NA,NA,NA
K663,Tallinn,K663,Tallinn,K663__Lauluväljak__1,Lauluväljak,850,2,70,FALSE,NA,NA,NA,237,11,FALSE
K663,Tallinn,K663,Tallinn,K663__Lillepaviljon__1,Lillepaviljon,850,2,71,FALSE,NA,NA,NA,237,12,FALSE
K663,Tallinn,K663,Tallinn,K663__Suur-Paala__1,Suur-Paala,850,4,72,FALSE,NA,NA,NA,106,67,FALSE
K663,Tallinn,K663,Tallinn,K663__Kalevipoja__1,Kalevipoja,841,2,73,FALSE,NA,NA,NA,40,165,FALSE
K663,Tallinn,K663,Tallinn,K663__Pronksi__1,Pronksi,835,3,74,FALSE,NA,NA,NA,208,27,FALSE
K663,Tallinn,K663,Tallinn,K663__Ehitajate tee__1,Ehitajate tee,833,2,75,FALSE,NA,NA,NA,7,228,FALSE
K663,Tallinn,K663,Tallinn,K663__Paesilla__1,Paesilla,831,5,76,FALSE,NA,NA,NA,65,125,FALSE
K663,Tallinn,K663,Tallinn,K663__Väike-Paala__1,Väike-Paala,808,4,77,FALSE,NA,NA,NA,85,90,FALSE
K663,Tallinn,K663,Tallinn,K663__Kivisilla__1,Kivisilla,804,5,78,FALSE,NA,NA,NA,58,126,FALSE
K663,Tallinn,K663,Tallinn,K663__Sitsi__1,Sitsi,801,4,79,FALSE,NA,NA,NA,NA,NA,NA
K663,Tallinn,K663,Tallinn,K663__Gonsiori__1,Gonsiori,799,2,80,FALSE,NA,NA,NA,78,105,FALSE
K663,Tallinn,K663,Tallinn,K663__Ädala__1,Ädala,798,2,81,FALSE,NA,NA,NA,NA,NA,NA
K663,Tallinn,K663,Tallinn,K663__Paberi__1,Paberi,797,4,82,FALSE,NA,NA,NA,51,150,FALSE
K663,Tallinn,K663,Tallinn,K663__Majaka põik__1,Majaka põik,794,3,83,FALSE,NA,NA,NA,NA,NA,NA
K663,Tallinn,K663,Tallinn,K663__Kiviku__1,Kiviku,792,4,84,FALSE,NA,NA,NA,77,107,FALSE
K663,Tallinn,K663,Tallinn,K663__Pirita__1,Pirita,790,2,85,FALSE,NA,NA,NA,243,9,FALSE
K663,Tallinn,K663,Tallinn,K663__E. Vilde tee__1,E. Vilde tee,775,4,86,FALSE,NA,NA,NA,100,75,FALSE
K663,Tallinn,K663,Tallinn,K663__A. H. Tammsaare tee__1,A. H. Tammsaare tee,771,2,87,FALSE,NA,NA,NA,NA,NA,NA
K663,Tallinn,K663,Tallinn,K663__Maarjamägi__1,Maarjamägi,769,2,88,FALSE,NA,NA,NA,197,29,FALSE
K663,Tallinn,K663,Tallinn,K663__Tondi__1,Tondi,754,5,89,FALSE,NA,NA,NA,57,130,FALSE
K663,Tallinn,K663,Tallinn,K663__Hotell Olümpia__1,Hotell Olümpia,751,4,90,FALSE,NA,NA,NA,51,146,FALSE
K663,Tallinn,K663,Tallinn,K663__Sossimägi__1,Sossimägi,751,3,91,FALSE,NA,NA,NA,301,8,FALSE
K663,Tallinn,K663,Tallinn,K663__Kumu__1,Kumu,744,4,92,FALSE,NA,NA,NA,56,131,FALSE
K663,Tallinn,K663,Tallinn,K663__Kopli__1,Kopli,720,3,93,FALSE,NA,NA,NA,NA,NA,NA
K663,Tallinn,K663,Tallinn,K663__Looga__1,Looga,716,2,94,FALSE,NA,NA,NA,NA,NA,NA
K663,Tallinn,K663,Tallinn,K663__Mustjõe__1,Mustjõe,716,2,95,FALSE,NA,NA,NA,NA,NA,NA
K663,Tallinn,K663,Tallinn,K663__Sepa__1,Sepa,716,3,96,FALSE,NA,NA,NA,NA,NA,NA
K663,Tallinn,K663,Tallinn,K663__Kaubamaja__1,Kaubamaja,712,4,97,FALSE,NA,NA,NA,67,120,FALSE
K663,Tallinn,K663,Tallinn,K663__Retke tee__1,Retke tee,712,4,98,FALSE,NA,NA,NA,33,185,FALSE
K663,Tallinn,K663,Tallinn,K663__F. R. Kreutzwaldi__1,F. R. Kreutzwaldi,707,2,99,FALSE,NA,NA,NA,212,24,FALSE
K663,Tallinn,K663,Tallinn,K663__Mere puiestee__1,Mere puiestee,705,4,100,FALSE,NA,NA,NA,67,122,FALSE
K663,Tallinn,K663,Tallinn,K663__Rummu__1,Rummu,695,2,101,FALSE,NA,NA,NA,236,13,FALSE
K663,Tallinn,K663,Tallinn,K663__Lillepi__1,Lillepi,692,2,102,FALSE,NA,NA,NA,197,28,FALSE
K663,Tallinn,K663,Tallinn,K663__Lennujaam (airport)__1,Lennujaam (airport),683,5,103,FALSE,NA,NA,NA,233,15,FALSE
K663,Tallinn,K663,Tallinn,K663__Tehnika__1,Tehnika,674,2,104,FALSE,NA,NA,NA,NA,NA,NA
K663,Tallinn,K663,Tallinn,K663__Meelespea__1,Meelespea,671,2,105,FALSE,NA,NA,NA,NA,NA,NA
K663,Tallinn,K663,Tallinn,K663__Rukkilille__1,Rukkilille,671,2,106,FALSE,NA,NA,NA,NA,NA,NA
K663,Tallinn,K663,Tallinn,K663__A. Laikmaa__1,A. Laikmaa,668,5,107,FALSE,NA,NA,NA,233,14,FALSE
K663,Tallinn,K663,Tallinn,K663__Järveotsa tee__1,Järveotsa tee,665,4,108,FALSE,NA,NA,NA,156,40,FALSE
K663,Tallinn,K663,Tallinn,K663__Mälestusvälja__1,Mälestusvälja,660,2,109,FALSE,NA,NA,NA,142,47,FALSE
K663,Tallinn,K663,Tallinn,K663__K. Kärberi__1,K. Kärberi,656,2,110,FALSE,NA,NA,NA,NA,NA,NA
K663,Tallinn,K663,Tallinn,K663__Reinu__1,Reinu,656,2,111,FALSE,NA,NA,NA,NA,NA,NA
K663,Tallinn,K663,Tallinn,K663__Löwenruh__1,Löwenruh,648,3,112,FALSE,NA,NA,NA,NA,NA,NA
K663,Tallinn,K663,Tallinn,K663__Marja__1,Marja,648,2,113,FALSE,NA,NA,NA,NA,NA,NA
K663,Tallinn,K663,Tallinn,K663__Välja__1,Välja,648,2,114,FALSE,NA,NA,NA,NA,NA,NA
K663,Tallinn,K663,Tallinn,K663__Varre__1,Varre,641,3,115,FALSE,NA,NA,NA,NA,NA,NA
K663,Tallinn,K663,Tallinn,K663__Veerenni__1,Veerenni,641,3,116,FALSE,NA,NA,NA,NA,NA,NA
K663,Tallinn,K663,Tallinn,K663__Õilme__1,Õilme,641,2,117,FALSE,NA,NA,NA,NA,NA,NA
K663,Tallinn,K663,Tallinn,K663__Tehnikaülikool__1,Tehnikaülikool,634,2,118,FALSE,NA,NA,NA,88,87,FALSE
K663,Tallinn,K663,Tallinn,K663__Rauna__1,Rauna,633,2,119,FALSE,NA,NA,NA,77,110,FALSE
K663,Tallinn,K663,Tallinn,K663__Põhja puiestee__1,Põhja puiestee,632,3,120,FALSE,NA,NA,NA,NA,NA,NA
K663,Tallinn,K663,Tallinn,K663__Ülemiste jaam__1,Ülemiste jaam,628,2,121,FALSE,NA,NA,NA,53,141,FALSE
K663,Tallinn,K663,Tallinn,K663__Linnamäe tee__1,Linnamäe tee,622,3,122,FALSE,NA,NA,NA,NA,NA,NA
K663,Tallinn,K663,Tallinn,K663__Toompark__1,Toompark,614,1,123,FALSE,NA,NA,NA,67,123,FALSE
K663,Tallinn,K663,Tallinn,K663__Majaka__1,Majaka,612,4,124,FALSE,NA,NA,NA,NA,NA,NA
K663,Tallinn,K663,Tallinn,K663__Kaubajaama__1,Kaubajaama,602,2,125,FALSE,NA,NA,NA,40,166,FALSE
K663,Tallinn,K663,Tallinn,K663__Kitseküla__1,Kitseküla,594,5,126,FALSE,NA,NA,NA,32,193,FALSE
K663,Tallinn,K663,Tallinn,K663__Raja__1,Raja,592,2,127,FALSE,NA,NA,NA,NA,NA,NA
K663,Tallinn,K663,Tallinn,K663__Kelmiküla__1,Kelmiküla,591,1,128,FALSE,NA,NA,NA,NA,NA,NA
K663,Tallinn,K663,Tallinn,K663__Liikuri__1,Liikuri,591,2,129,FALSE,NA,NA,NA,52,142,FALSE
K663,Tallinn,K663,Tallinn,K663__Kiive__1,Kiive,588,2,130,FALSE,NA,NA,NA,NA,NA,NA
K663,Tallinn,K663,Tallinn,K663__Vana-Pääsküla__1,Vana-Pääsküla,580,4,131,FALSE,NA,NA,NA,229,17,FALSE
K663,Tallinn,K663,Tallinn,K663__Paala__1,Paala,576,2,132,FALSE,NA,NA,NA,NA,NA,NA
K663,Tallinn,K663,Tallinn,K663__Paekaare__1,Paekaare,576,2,133,FALSE,NA,NA,NA,NA,NA,NA
K663,Tallinn,K663,Tallinn,K663__Punane__1,Punane,576,2,134,FALSE,NA,NA,NA,NA,NA,NA
K663,Tallinn,K663,Tallinn,K663__Laulupeo__1,Laulupeo,574,2,135,FALSE,NA,NA,NA,55,136,FALSE
K663,Tallinn,K663,Tallinn,K663__Vesse__1,Vesse,573,4,136,FALSE,NA,NA,NA,146,45,FALSE
K663,Tallinn,K663,Tallinn,K663__Liivalaia__1,Liivalaia,569,2,137,FALSE,NA,NA,NA,51,148,FALSE
K663,Tallinn,K663,Tallinn,K663__Ümera__1,Ümera,562,2,138,FALSE,NA,NA,NA,NA,NA,NA
K663,Tallinn,K663,Tallinn,K663__Ülase__1,Ülase,555,2,139,FALSE,NA,NA,NA,NA,NA,NA
K663,Tallinn,K663,Tallinn,K663__Angerja__1,Angerja,554,2,140,FALSE,NA,NA,NA,NA,NA,NA
K663,Tallinn,K663,Tallinn,K663__Krulli__1,Krulli,554,2,141,FALSE,NA,NA,NA,NA,NA,NA
K663,Tallinn,K663,Tallinn,K663__Marati__1,Marati,554,2,142,FALSE,NA,NA,NA,NA,NA,NA
K663,Tallinn,K663,Tallinn,K663__Randvere tee__1,Randvere tee,554,3,143,FALSE,NA,NA,NA,166,36,FALSE
K663,Tallinn,K663,Tallinn,K663__Salme__1,Salme,554,2,144,FALSE,NA,NA,NA,NA,NA,NA
K663,Tallinn,K663,Tallinn,K663__Sirbi__1,Sirbi,554,2,145,FALSE,NA,NA,NA,NA,NA,NA
K663,Tallinn,K663,Tallinn,K663__Supluse puiestee__1,Supluse puiestee,554,2,146,FALSE,NA,NA,NA,166,37,FALSE
K663,Tallinn,K663,Tallinn,K663__Suur Rannavärav__1,Suur Rannavärav,554,2,147,FALSE,NA,NA,NA,NA,NA,NA
K663,Tallinn,K663,Tallinn,K663__Telliskivi__1,Telliskivi,554,2,148,FALSE,NA,NA,NA,NA,NA,NA
K663,Tallinn,K663,Tallinn,K663__Volta__2,Volta,554,2,149,FALSE,NA,NA,NA,NA,NA,NA
K663,Tallinn,K663,Tallinn,K663__Kelluka tee__1,Kelluka tee,553,2,150,FALSE,NA,NA,NA,4,233,FALSE
K663,Tallinn,K663,Tallinn,K663__Kose tee__1,Kose tee,553,2,151,FALSE,NA,NA,NA,4,235,FALSE
K663,Tallinn,K663,Tallinn,K663__Lõõtsa__1,Lõõtsa,542,2,152,FALSE,NA,NA,NA,40,167,FALSE
K663,Tallinn,K663,Tallinn,K663__Päevalille__1,Päevalille,542,3,153,FALSE,NA,NA,NA,69,117,FALSE
K663,Tallinn,K663,Tallinn,K663__Valukoja__1,Valukoja,542,2,154,FALSE,NA,NA,NA,40,169,FALSE
K663,Tallinn,K663,Tallinn,K663__Sabatähe__1,Sabatähe,535,1,155,FALSE,NA,NA,NA,NA,NA,NA
K663,Tallinn,K663,Tallinn,K663__Aiandi__1,Aiandi,531,4,156,FALSE,NA,NA,NA,NA,NA,NA
K663,Tallinn,K663,Tallinn,K663__Varraku__1,Varraku,527,2,157,FALSE,NA,NA,NA,NA,NA,NA
K663,Tallinn,K663,Tallinn,K663__Sikupilli__1,Sikupilli,523,4,158,FALSE,NA,NA,NA,NA,NA,NA
K663,Tallinn,K663,Tallinn,K663__Rahumäe__1,Rahumäe,516,6,159,FALSE,NA,NA,NA,45,160,FALSE
K663,Tallinn,K663,Tallinn,K663__Pikaliiva__1,Pikaliiva,515,4,160,FALSE,NA,NA,NA,190,31,FALSE
K663,Tallinn,K663,Tallinn,K663__Kesk-Sõjamäe__1,Kesk-Sõjamäe,508,2,161,FALSE,NA,NA,NA,53,138,FALSE
K663,Tallinn,K663,Tallinn,K663__Ruunaoja__1,Ruunaoja,508,3,162,FALSE,NA,NA,NA,53,140,FALSE
K663,Tallinn,K663,Tallinn,K663__Läänemere tee__1,Läänemere tee,506,2,163,FALSE,NA,NA,NA,NA,NA,NA
K663,Tallinn,K663,Tallinn,K663__Haabersti ring__1,Haabersti ring,495,4,164,FALSE,NA,NA,NA,140,49,FALSE
K663,Tallinn,K663,Tallinn,K663__Keskuse__1,Keskuse,492,2,165,FALSE,NA,NA,NA,NA,NA,NA
K663,Tallinn,K663,Tallinn,K663__Vesivärava__1,Vesivärava,485,2,166,FALSE,NA,NA,NA,34,173,FALSE
K663,Tallinn,K663,Tallinn,K663__Randla__1,Randla,481,1,167,FALSE,NA,NA,NA,NA,NA,NA
K663,Tallinn,K663,Tallinn,K663__Katleri__1,Katleri,480,2,168,FALSE,NA,NA,NA,4,232,FALSE
K663,Tallinn,K663,Tallinn,K663__Loopealse__1,Loopealse,480,2,169,FALSE,NA,NA,NA,4,236,FALSE
K663,Tallinn,K663,Tallinn,K663__Paevälja__1,Paevälja,480,2,170,FALSE,NA,NA,NA,4,238,FALSE
K663,Tallinn,K663,Tallinn,K663__Kuristiku__1,Kuristiku,476,2,171,FALSE,NA,NA,NA,NA,NA,NA
K663,Tallinn,K663,Tallinn,K663__Priisle kauplus__1,Priisle kauplus,476,2,172,FALSE,NA,NA,NA,NA,NA,NA
K663,Tallinn,K663,Tallinn,K663__Meeliku__1,Meeliku,472,2,173,FALSE,NA,NA,NA,NA,NA,NA
K663,Tallinn,K663,Tallinn,K663__Dvigatel__1,Dvigatel,469,3,174,FALSE,NA,NA,NA,40,164,FALSE
K663,Tallinn,K663,Tallinn,K663__Neeme__1,Neeme,466,2,175,FALSE,NA,NA,NA,NA,NA,NA
K663,Tallinn,K663,Tallinn,K663__J. Smuuli tee__1,J. Smuuli tee,464,2,176,FALSE,NA,NA,NA,NA,NA,NA
K663,Tallinn,K663,Tallinn,K663__Lasnamäe turg__1,Lasnamäe turg,463,1,177,FALSE,NA,NA,NA,NA,NA,NA
K663,Tallinn,K663,Tallinn,K663__Lubja__1,Lubja,456,2,178,FALSE,NA,NA,NA,NA,NA,NA
K663,Tallinn,K663,Tallinn,K663__Virve__1,Virve,456,1,179,FALSE,NA,NA,NA,NA,NA,NA
K663,Tallinn,K663,Tallinn,K663__Oruvärava__1,Oruvärava,452,1,180,FALSE,NA,NA,NA,NA,NA,NA
K663,Tallinn,K663,Tallinn,K663__Kuuli__2,Kuuli,447,2,181,FALSE,NA,NA,NA,NA,NA,NA
K663,Tallinn,K663,Tallinn,K663__Sõba__1,Sõba,444,2,182,FALSE,NA,NA,NA,139,50,FALSE
K663,Tallinn,K663,Tallinn,K663__Pärnu maantee__1,Pärnu maantee,441,2,183,FALSE,NA,NA,NA,162,38,FALSE
K663,Tallinn,K663,Tallinn,K663__Kauge__1,Kauge,439,2,184,FALSE,NA,NA,NA,28,199,FALSE
K663,Tallinn,K663,Tallinn,K663__Männiku__1,Männiku,439,2,185,FALSE,NA,NA,NA,28,201,FALSE
K663,Tallinn,K663,Tallinn,K663__Pihlaka__1,Pihlaka,439,2,186,FALSE,NA,NA,NA,28,203,FALSE
K663,Tallinn,K663,Tallinn,K663__Keemia__1,Keemia,437,2,187,FALSE,NA,NA,NA,21,205,FALSE
K663,Tallinn,K663,Tallinn,K663__Sõjakooli__1,Sõjakooli,434,2,188,FALSE,NA,NA,NA,33,189,FALSE
K663,Tallinn,K663,Tallinn,K663__Sääse__1,Sääse,433,2,189,FALSE,NA,NA,NA,NA,NA,NA
K663,Tallinn,K663,Tallinn,K663__Jussi__1,Jussi,430,2,190,FALSE,NA,NA,NA,4,231,FALSE
K663,Tallinn,K663,Tallinn,K663__Raadiku__1,Raadiku,430,2,191,FALSE,NA,NA,NA,NA,NA,NA
K663,Tallinn,K663,Tallinn,K663__Tihase__1,Tihase,429,1,192,FALSE,NA,NA,NA,NA,NA,NA
K663,Tallinn,K663,Tallinn,K663__Orto__1,Orto,427,2,193,FALSE,NA,NA,NA,13,209,FALSE
K663,Tallinn,K663,Tallinn,K663__Suur-Sõjamäe__1,Suur-Sõjamäe,427,2,194,FALSE,NA,NA,NA,13,211,FALSE
K663,Tallinn,K663,Tallinn,K663__Tubaka__1,Tubaka,427,2,195,FALSE,NA,NA,NA,13,213,FALSE
K663,Tallinn,K663,Tallinn,K663__Lakiotsa__1,Lakiotsa,426,2,196,FALSE,NA,NA,NA,NA,NA,NA
K663,Tallinn,K663,Tallinn,K663__Kari__1,Kari,424,2,197,FALSE,NA,NA,NA,NA,NA,NA
K663,Tallinn,K663,Tallinn,K663__Maleva (ajutine)__1,Maleva (ajutine),399,3,198,FALSE,NA,NA,NA,NA,NA,NA
K663,Tallinn,K663,Tallinn,K663__Karusmarja__1,Karusmarja,397,2,199,FALSE,NA,NA,NA,28,198,FALSE
K663,Tallinn,K663,Tallinn,K663__Liiva jaam__1,Liiva jaam,397,2,200,FALSE,NA,NA,NA,28,200,FALSE
K663,Tallinn,K663,Tallinn,K663__P. Kerese__1,P. Kerese,397,2,201,FALSE,NA,NA,NA,28,202,FALSE
K663,Tallinn,K663,Tallinn,K663__Sõle__1,Sõle,397,1,202,FALSE,NA,NA,NA,NA,NA,NA
K663,Tallinn,K663,Tallinn,K663__Värava__1,Värava,397,2,203,FALSE,NA,NA,NA,28,204,FALSE
K663,Tallinn,K663,Tallinn,K663__Järvevana__1,Järvevana,395,2,204,FALSE,NA,NA,NA,NA,NA,NA
K663,Tallinn,K663,Tallinn,K663__Kassi__1,Kassi,390,2,205,FALSE,NA,NA,NA,33,179,FALSE
K663,Tallinn,K663,Tallinn,K663__Mäepealse__1,Mäepealse,390,3,206,FALSE,NA,NA,NA,33,181,FALSE
K663,Tallinn,K663,Tallinn,K663__Järvekalda__1,Järvekalda,387,2,207,FALSE,NA,NA,NA,156,39,FALSE
K663,Tallinn,K663,Tallinn,K663__Liiva__1,Liiva,387,4,208,FALSE,NA,NA,NA,126,55,FALSE
K663,Tallinn,K663,Tallinn,K663__Lõime__1,Lõime,384,2,209,FALSE,NA,NA,NA,NA,NA,NA
K663,Tallinn,K663,Tallinn,K663__Madala__1,Madala,384,2,210,FALSE,NA,NA,NA,NA,NA,NA
K663,Tallinn,K663,Tallinn,K663__Erika__1,Erika,383,3,211,FALSE,NA,NA,NA,NA,NA,NA
K663,Tallinn,K663,Tallinn,K663__Karjamaa__1,Karjamaa,383,2,212,FALSE,NA,NA,NA,NA,NA,NA
K663,Tallinn,K663,Tallinn,K663__Tööstuse__1,Tööstuse,383,2,213,FALSE,NA,NA,NA,NA,NA,NA
K663,Tallinn,K663,Tallinn,K663__Hiiu__1,Hiiu,379,3,214,FALSE,NA,NA,NA,104,69,FALSE
K663,Tallinn,K663,Tallinn,K663__Printsu tee__1,Printsu tee,379,2,215,FALSE,NA,NA,NA,190,32,FALSE
K663,Tallinn,K663,Tallinn,K663__Tähistaeva__1,Tähistaeva,379,2,216,FALSE,NA,NA,NA,190,33,FALSE
K663,Tallinn,K663,Tallinn,K663__Kadriorg__1,Kadriorg,376,1,217,FALSE,NA,NA,NA,NA,NA,NA
K663,Tallinn,K663,Tallinn,K663__Tallinna Ülikool__1,Tallinna Ülikool,376,2,218,FALSE,NA,NA,NA,NA,NA,NA
K663,Tallinn,K663,Tallinn,K663__Valdeku__1,Valdeku,375,3,219,FALSE,NA,NA,NA,102,72,FALSE
K663,Tallinn,K663,Tallinn,K663__Lindakivi__1,Lindakivi,374,3,220,FALSE,NA,NA,NA,218,18,FALSE
K663,Tallinn,K663,Tallinn,K663__A. Adamsoni__1,A. Adamsoni,372,1,221,FALSE,NA,NA,NA,NA,NA,NA
K663,Tallinn,K663,Tallinn,K663__Salve__1,Salve,370,2,222,FALSE,NA,NA,NA,121,60,FALSE
K663,Tallinn,K663,Tallinn,K663__Supelranna__1,Supelranna,369,2,223,FALSE,NA,NA,NA,NA,NA,NA
K663,Tallinn,K663,Tallinn,K663__Kivimäe jaam__1,Kivimäe jaam,356,2,224,FALSE,NA,NA,NA,114,62,FALSE
K663,Tallinn,K663,Tallinn,K663__Siimeoni__1,Siimeoni,354,2,225,FALSE,NA,NA,NA,NA,NA,NA
K663,Tallinn,K663,Tallinn,K663__Jüriöö park__1,Jüriöö park,352,2,226,FALSE,NA,NA,NA,85,88,FALSE
K663,Tallinn,K663,Tallinn,K663__Reidumägi__1,Reidumägi,348,2,227,FALSE,NA,NA,NA,8,225,FALSE
K663,Tallinn,K663,Tallinn,K663__Rummukõrtsi__1,Rummukõrtsi,347,1,228,FALSE,NA,NA,NA,NA,NA,NA
K663,Tallinn,K663,Tallinn,K663__Hiiu jaam__1,Hiiu jaam,344,2,229,FALSE,NA,NA,NA,81,94,FALSE
K663,Tallinn,K663,Tallinn,K663__Võsu__1,Võsu,344,2,230,FALSE,NA,NA,NA,81,104,FALSE
K663,Tallinn,K663,Tallinn,K663__Gaasi__1,Gaasi,341,5,231,FALSE,NA,NA,NA,96,80,FALSE
K663,Tallinn,K663,Tallinn,K663__Raua__1,Raua,337,2,232,FALSE,NA,NA,NA,51,151,FALSE
K663,Tallinn,K663,Tallinn,K663__Nurme__1,Nurme,333,2,233,FALSE,NA,NA,NA,81,99,FALSE
K663,Tallinn,K663,Tallinn,K663__Kanuti__1,Kanuti,332,2,234,FALSE,NA,NA,NA,NA,NA,NA
K663,Tallinn,K663,Tallinn,K663__Mähe tee__1,Mähe tee,330,2,235,FALSE,NA,NA,NA,154,42,FALSE
K663,Tallinn,K663,Tallinn,K663__Mehaanikakool__1,Mehaanikakool,329,1,236,FALSE,NA,NA,NA,56,133,FALSE
K663,Tallinn,K663,Tallinn,K663__Sõjamäe raba__1,Sõjamäe raba,329,2,237,FALSE,NA,NA,NA,40,168,FALSE
K663,Tallinn,K663,Tallinn,K663__Rohula__1,Rohula,323,4,238,FALSE,NA,NA,NA,114,64,FALSE
K663,Tallinn,K663,Tallinn,K663__Uus-Sadama__1,Uus-Sadama,314,2,239,FALSE,NA,NA,NA,NA,NA,NA
K663,Tallinn,K663,Tallinn,K663__Joostimägi__1,Joostimägi,313,2,240,FALSE,NA,NA,NA,NA,NA,NA
K663,Tallinn,K663,Tallinn,K663__Kadaka Selver__1,Kadaka Selver,313,2,241,FALSE,NA,NA,NA,NA,NA,NA
K663,Tallinn,K663,Tallinn,K663__Laki__1,Laki,313,2,242,FALSE,NA,NA,NA,NA,NA,NA
K663,Tallinn,K663,Tallinn,K663__Aia tee__1,Aia tee,308,2,243,FALSE,NA,NA,NA,154,41,FALSE
K663,Tallinn,K663,Tallinn,K663__Kivimurru__1,Kivimurru,305,1,244,FALSE,NA,NA,NA,NA,NA,NA
K663,Tallinn,K663,Tallinn,K663__Kopli liinid__1,Kopli liinid,304,1,245,FALSE,NA,NA,NA,NA,NA,NA
K663,Tallinn,K663,Tallinn,K663__Uus-Pae__1,Uus-Pae,304,2,246,FALSE,NA,NA,NA,NA,NA,NA
K663,Tallinn,K663,Tallinn,K663__Loitsu__1,Loitsu,301,2,247,FALSE,NA,NA,NA,NA,NA,NA
K663,Tallinn,K663,Tallinn,K663__Vana-Kuuli__1,Vana-Kuuli,301,2,248,FALSE,NA,NA,NA,NA,NA,NA
K663,Tallinn,K663,Tallinn,K663__Virbi__1,Virbi,301,2,249,FALSE,NA,NA,NA,NA,NA,NA
K663,Tallinn,K663,Tallinn,K663__Mahtra__1,Mahtra,298,2,250,FALSE,NA,NA,NA,NA,NA,NA
K663,Tallinn,K663,Tallinn,K663__Osmussaare__1,Osmussaare,298,2,251,FALSE,NA,NA,NA,NA,NA,NA
K663,Tallinn,K663,Tallinn,K663__Mooni__1,Mooni,297,1,252,FALSE,NA,NA,NA,51,149,FALSE
K663,Tallinn,K663,Tallinn,K663__Raudbetooni__1,Raudbetooni,295,2,253,FALSE,NA,NA,NA,13,210,FALSE
K663,Tallinn,K663,Tallinn,K663__Lilleküla jaam__1,Lilleküla jaam,294,2,254,FALSE,NA,NA,NA,NA,NA,NA
K663,Tallinn,K663,Tallinn,K663__Pelguranna__1,Pelguranna,291,1,255,FALSE,NA,NA,NA,NA,NA,NA
K663,Tallinn,K663,Tallinn,K663__Pikksilma__1,Pikksilma,291,2,256,FALSE,NA,NA,NA,NA,NA,NA
K663,Tallinn,K663,Tallinn,K663__Pöörise__1,Pöörise,288,2,257,FALSE,NA,NA,NA,NA,NA,NA
K663,Tallinn,K663,Tallinn,K663__Mähe aedlinn__1,Mähe aedlinn,287,4,258,FALSE,NA,NA,NA,81,97,FALSE
K663,Tallinn,K663,Tallinn,K663__Sõjamäe__1,Sõjamäe,282,1,259,FALSE,NA,NA,NA,13,212,FALSE
K663,Tallinn,K663,Tallinn,K663__Raadikusilla__1,Raadikusilla,281,1,260,FALSE,NA,NA,NA,NA,NA,NA
K663,Tallinn,K663,Tallinn,K663__Järveotsa kool__1,Järveotsa kool,278,2,261,FALSE,NA,NA,NA,NA,NA,NA
K663,Tallinn,K663,Tallinn,K663__Lastehaigla__1,Lastehaigla,278,2,262,FALSE,NA,NA,NA,NA,NA,NA
K663,Tallinn,K663,Tallinn,K663__Reisisadama D-terminal__1,Reisisadama D-terminal,278,3,263,FALSE,NA,NA,NA,52,143,FALSE
K663,Tallinn,K663,Tallinn,K663__Tervise__1,Tervise,278,2,264,FALSE,NA,NA,NA,NA,NA,NA
K663,Tallinn,K663,Tallinn,K663__Kirde__1,Kirde,276,2,265,FALSE,NA,NA,NA,NA,NA,NA
K663,Tallinn,K663,Tallinn,K663__Roheline__1,Roheline,276,2,266,FALSE,NA,NA,NA,NA,NA,NA
K663,Tallinn,K663,Tallinn,K663__Kaare__1,Kaare,275,2,267,FALSE,NA,NA,NA,81,95,FALSE
K663,Tallinn,K663,Tallinn,K663__Nuia__1,Nuia,269,2,268,FALSE,NA,NA,NA,NA,NA,NA
K663,Tallinn,K663,Tallinn,K663__Kakumäe tee__1,Kakumäe tee,268,3,269,FALSE,NA,NA,NA,NA,NA,NA
K663,Tallinn,K663,Tallinn,K663__Landi__1,Landi,268,3,270,FALSE,NA,NA,NA,NA,NA,NA
K663,Tallinn,K663,Tallinn,K663__Nõmme tee__1,Nõmme tee,268,4,271,FALSE,NA,NA,NA,NA,NA,NA
K663,Tallinn,K663,Tallinn,K663__Räime__1,Räime,268,2,272,FALSE,NA,NA,NA,NA,NA,NA
K663,Tallinn,K663,Tallinn,K663__Maneeži__1,Maneeži,266,1,273,FALSE,NA,NA,NA,NA,NA,NA
K663,Tallinn,K663,Tallinn,K663__Mustamäe tee__1,Mustamäe tee,264,2,274,FALSE,NA,NA,NA,NA,NA,NA
K663,Tallinn,K663,Tallinn,K663__Sipelga__1,Sipelga,264,2,275,FALSE,NA,NA,NA,NA,NA,NA
K663,Tallinn,K663,Tallinn,K663__Kivinuka__1,Kivinuka,260,2,276,FALSE,NA,NA,NA,NA,NA,NA
K663,Tallinn,K663,Tallinn,K663__Mäealuse__1,Mäealuse,260,2,277,FALSE,NA,NA,NA,NA,NA,NA
K663,Tallinn,K663,Tallinn,K663__Rehe__1,Rehe,260,2,278,FALSE,NA,NA,NA,NA,NA,NA
K663,Tallinn,K663,Tallinn,K663__J. V. Jannseni__1,J. V. Jannseni,257,2,279,FALSE,NA,NA,NA,102,70,FALSE
K663,Tallinn,K663,Tallinn,K663__Sõudebaasi__1,Sõudebaasi,255,2,280,FALSE,NA,NA,NA,72,114,FALSE
K663,Tallinn,K663,Tallinn,K663__Laane__1,Laane,253,2,281,FALSE,NA,NA,NA,114,63,FALSE
K663,Tallinn,K663,Tallinn,K663__Vikerkaare__1,Vikerkaare,253,2,282,FALSE,NA,NA,NA,100,79,FALSE
K663,Tallinn,K663,Tallinn,K663__Energia__1,Energia,252,3,283,FALSE,NA,NA,NA,NA,NA,NA
K663,Tallinn,K663,Tallinn,K663__Filtri tee__1,Filtri tee,252,2,284,FALSE,NA,NA,NA,NA,NA,NA
K663,Tallinn,K663,Tallinn,K663__Renniotsa__1,Renniotsa,252,2,285,FALSE,NA,NA,NA,NA,NA,NA
K663,Tallinn,K663,Tallinn,K663__Pärnamäe tee__1,Pärnamäe tee,251,4,286,FALSE,NA,NA,NA,92,85,FALSE
K663,Tallinn,K663,Tallinn,K663__Püssirohu__1,Püssirohu,250,2,287,FALSE,NA,NA,NA,NA,NA,NA
K663,Tallinn,K663,Tallinn,K663__Kaasiku__1,Kaasiku,249,2,288,FALSE,NA,NA,NA,114,61,FALSE
K663,Tallinn,K663,Tallinn,K663__Niidi__1,Niidi,247,2,289,FALSE,NA,NA,NA,NA,NA,NA
K663,Tallinn,K663,Tallinn,K663__Härjapea__1,Härjapea,246,2,290,FALSE,NA,NA,NA,NA,NA,NA
K663,Tallinn,K663,Tallinn,K663__Keskhaigla__1,Keskhaigla,246,1,291,FALSE,NA,NA,NA,NA,NA,NA
K663,Tallinn,K663,Tallinn,K663__Maisi__1,Maisi,246,4,292,FALSE,NA,NA,NA,NA,NA,NA
K663,Tallinn,K663,Tallinn,K663__Pelgulinn__1,Pelgulinn,246,2,293,FALSE,NA,NA,NA,NA,NA,NA
K663,Tallinn,K663,Tallinn,K663__Metsakooli tee__1,Metsakooli tee,244,1,294,FALSE,NA,NA,NA,NA,NA,NA
K663,Tallinn,K663,Tallinn,K663__Haljas tee__1,Haljas tee,242,2,295,FALSE,NA,NA,NA,NA,NA,NA
K663,Tallinn,K663,Tallinn,K663__Hommiku__1,Hommiku,242,2,296,FALSE,NA,NA,NA,33,175,FALSE
K663,Tallinn,K663,Tallinn,K663__Kose__1,Kose,242,2,297,FALSE,NA,NA,NA,NA,NA,NA
K663,Tallinn,K663,Tallinn,K663__Lükati tee__1,Lükati tee,242,2,298,FALSE,NA,NA,NA,NA,NA,NA
K663,Tallinn,K663,Tallinn,K663__Pääsküla__1,Pääsküla,242,2,299,FALSE,NA,NA,NA,33,184,FALSE
K663,Tallinn,K663,Tallinn,K663__Saare__1,Saare,242,2,300,FALSE,NA,NA,NA,NA,NA,NA
K663,Tallinn,K663,Tallinn,K663__Sarapuu__1,Sarapuu,242,2,301,FALSE,NA,NA,NA,NA,NA,NA
K663,Tallinn,K663,Tallinn,K663__Sireli__1,Sireli,242,2,302,FALSE,NA,NA,NA,33,186,FALSE
K663,Tallinn,K663,Tallinn,K663__Särje (ajutine)__1,Särje (ajutine),242,2,303,FALSE,NA,NA,NA,33,188,FALSE
K663,Tallinn,K663,Tallinn,K663__Tamme__1,Tamme,242,2,304,FALSE,NA,NA,NA,NA,NA,NA
K663,Tallinn,K663,Tallinn,K663__Urva__1,Urva,242,2,305,FALSE,NA,NA,NA,NA,NA,NA
K663,Tallinn,K663,Tallinn,K663__Västriku__1,Västriku,242,4,306,FALSE,NA,NA,NA,NA,NA,NA
K663,Tallinn,K663,Tallinn,K663__Õitse__1,Õitse,242,2,307,FALSE,NA,NA,NA,33,192,FALSE
K663,Tallinn,K663,Tallinn,K663__Astangu__1,Astangu,238,2,308,FALSE,NA,NA,NA,NA,NA,NA
K663,Tallinn,K663,Tallinn,K663__Harku-Kadaka__1,Harku-Kadaka,238,2,309,FALSE,NA,NA,NA,NA,NA,NA
K663,Tallinn,K663,Tallinn,K663__Jalami__1,Jalami,238,2,310,FALSE,NA,NA,NA,NA,NA,NA
K663,Tallinn,K663,Tallinn,K663__Rannamäe tee__1,Rannamäe tee,238,1,311,FALSE,NA,NA,NA,NA,NA,NA
K663,Tallinn,K663,Tallinn,K663__Kalmuse tee__1,Kalmuse tee,236,2,312,FALSE,NA,NA,NA,77,106,FALSE
K663,Tallinn,K663,Tallinn,K663__Kloostrimetsa__1,Kloostrimetsa,236,2,313,FALSE,NA,NA,NA,77,108,FALSE
K663,Tallinn,K663,Tallinn,K663__Metsakalmistu__1,Metsakalmistu,236,2,314,FALSE,NA,NA,NA,77,109,FALSE
K663,Tallinn,K663,Tallinn,K663__Teletorn__1,Teletorn,236,2,315,FALSE,NA,NA,NA,77,111,FALSE
K663,Tallinn,K663,Tallinn,K663__Mustakivisilla__1,Mustakivisilla,229,2,316,FALSE,NA,NA,NA,NA,NA,NA
K663,Tallinn,K663,Tallinn,K663__Taevapuna__1,Taevapuna,229,2,317,FALSE,NA,NA,NA,NA,NA,NA
K663,Tallinn,K663,Tallinn,K663__Tuule tee__1,Tuule tee,227,2,318,FALSE,NA,NA,NA,114,65,FALSE
K663,Tallinn,K663,Tallinn,K663__Kõlviku tee__1,Kõlviku tee,225,2,319,FALSE,NA,NA,NA,31,195,FALSE
K663,Tallinn,K663,Tallinn,K663__Liilia tee__1,Liilia tee,225,2,320,FALSE,NA,NA,NA,31,196,FALSE
K663,Tallinn,K663,Tallinn,K663__Äigrumäe__1,Äigrumäe,225,3,321,FALSE,NA,NA,NA,31,197,FALSE
K663,Tallinn,K663,Tallinn,K663__Küüvitsa tee__1,Küüvitsa tee,224,2,322,FALSE,NA,NA,NA,12,215,FALSE
K663,Tallinn,K663,Tallinn,K663__Mähe__1,Mähe,224,2,323,FALSE,NA,NA,NA,12,216,FALSE
K663,Tallinn,K663,Tallinn,K663__Tallinn__1,Tallinn,223,2,324,FALSE,NA,NA,NA,106,68,FALSE
K663,Tallinn,K663,Tallinn,K663__Kanali tee__1,Kanali tee,222,3,325,FALSE,NA,NA,NA,122,56,FALSE
K663,Tallinn,K663,Tallinn,K663__Laeva__1,Laeva,222,2,326,FALSE,NA,NA,NA,NA,NA,NA
K663,Tallinn,K663,Tallinn,K663__Vanasadam__1,Vanasadam,222,2,327,FALSE,NA,NA,NA,NA,NA,NA
K663,Tallinn,K663,Tallinn,K663__Mõigu__1,Mõigu,221,2,328,FALSE,NA,NA,NA,101,73,FALSE
K663,Tallinn,K663,Tallinn,K663__Laiaküla__1,Laiaküla,219,2,329,FALSE,NA,NA,NA,76,112,FALSE
K663,Tallinn,K663,Tallinn,K663__Raba__1,Raba,215,2,330,FALSE,NA,NA,NA,81,101,FALSE
K663,Tallinn,K663,Tallinn,K663__Karjavälja__1,Karjavälja,213,1,331,FALSE,NA,NA,NA,NA,NA,NA
K663,Tallinn,K663,Tallinn,K663__Käära__1,Käära,204,2,332,FALSE,NA,NA,NA,122,57,FALSE
K663,Tallinn,K663,Tallinn,K663__Ristaia__1,Ristaia,204,2,333,FALSE,NA,NA,NA,122,58,FALSE
K663,Tallinn,K663,Tallinn,K663__Tallinna bussijaam__1,Tallinna bussijaam,203,1,334,FALSE,NA,NA,NA,54,137,FALSE
K663,Tallinn,K663,Tallinn,K663__Aianduse tee__1,Aianduse tee,202,2,335,FALSE,NA,NA,NA,12,214,FALSE
K663,Tallinn,K663,Tallinn,K663__Oblika tee__1,Oblika tee,202,2,336,FALSE,NA,NA,NA,12,217,FALSE
K663,Tallinn,K663,Tallinn,K663__Tiskre__1,Tiskre,201,1,337,FALSE,NA,NA,NA,100,78,FALSE
K663,Tallinn,K663,Tallinn,K663__Hämar tee__1,Hämar tee,200,2,338,FALSE,NA,NA,NA,NA,NA,NA
K663,Tallinn,K663,Tallinn,K663__J.Vilmsi__1,J.Vilmsi,197,2,339,FALSE,NA,NA,NA,37,170,FALSE
K663,Tallinn,K663,Tallinn,K663__Bussijaam (bus station)__1,Bussijaam (bus station),194,2,340,FALSE,NA,NA,NA,NA,NA,NA
K663,Tallinn,K663,Tallinn,K663__Tuisu__1,Tuisu,193,2,341,FALSE,NA,NA,NA,NA,NA,NA
K663,Tallinn,K663,Tallinn,K663__Kuuli__1,Kuuli,191,2,342,FALSE,NA,NA,NA,95,82,FALSE
K663,Tallinn,K663,Tallinn,K663__Lagedi tee__1,Lagedi tee,191,2,343,FALSE,NA,NA,NA,95,83,FALSE
K663,Tallinn,K663,Tallinn,K663__Pilvetee__1,Pilvetee,181,2,344,FALSE,NA,NA,NA,NA,NA,NA
K663,Tallinn,K663,Tallinn,K663__Tallinn-Väike__2,Tallinn-Väike,181,3,345,FALSE,NA,NA,NA,17,207,FALSE
K663,Tallinn,K663,Tallinn,K663__Tondi mägi__1,Tondi mägi,179,1,346,FALSE,NA,NA,NA,8,227,FALSE
K663,Tallinn,K663,Tallinn,K663__Lahesuu__1,Lahesuu,178,2,347,FALSE,NA,NA,NA,NA,NA,NA
K663,Tallinn,K663,Tallinn,K663__Paljassaare__1,Paljassaare,178,2,348,FALSE,NA,NA,NA,NA,NA,NA
K663,Tallinn,K663,Tallinn,K663__Raudalu__1,Raudalu,177,2,349,FALSE,NA,NA,NA,51,152,FALSE
K663,Tallinn,K663,Tallinn,K663__Ahtri__1,Ahtri,175,1,350,FALSE,NA,NA,NA,NA,NA,NA
K663,Tallinn,K663,Tallinn,K663__Balti jaam 6 (train station)__1,Balti jaam 6 (train station),173,1,351,FALSE,NA,NA,NA,NA,NA,NA
K663,Tallinn,K663,Tallinn,K663__Kaarla__1,Kaarla,173,2,352,FALSE,NA,NA,NA,49,155,FALSE
K663,Tallinn,K663,Tallinn,K663__Raku__1,Raku,173,4,353,FALSE,NA,NA,NA,49,157,FALSE
K663,Tallinn,K663,Tallinn,K663__Kosmos (ajutine)__1,Kosmos (ajutine),172,2,354,FALSE,NA,NA,NA,51,147,FALSE
K663,Tallinn,K663,Tallinn,K663__Pikamägi__1,Pikamägi,172,2,355,FALSE,NA,NA,NA,85,89,FALSE
K663,Tallinn,K663,Tallinn,K663__Väo__1,Väo,172,2,356,FALSE,NA,NA,NA,85,91,FALSE
K663,Tallinn,K663,Tallinn,K663__Kotermaa__1,Kotermaa,168,2,357,FALSE,NA,NA,NA,NA,NA,NA
K663,Tallinn,K663,Tallinn,K663__Forelli__1,Forelli,166,2,358,FALSE,NA,NA,NA,NA,NA,NA
K663,Tallinn,K663,Tallinn,K663__Pääsküla jaam__1,Pääsküla jaam,162,2,359,FALSE,NA,NA,NA,88,86,FALSE
K663,Tallinn,K663,Tallinn,K663__Sepa (ajutine)__1,Sepa (ajutine),162,1,360,FALSE,NA,NA,NA,NA,NA,NA
K663,Tallinn,K663,Tallinn,K663__Hõimu__1,Hõimu,161,2,361,FALSE,NA,NA,NA,83,92,FALSE
K663,Tallinn,K663,Tallinn,K663__Hauka__1,Hauka,160,2,362,FALSE,NA,NA,NA,NA,NA,NA
K663,Tallinn,K663,Tallinn,K663__J. Sütiste tee__1,J. Sütiste tee,160,2,363,FALSE,NA,NA,NA,NA,NA,NA
K663,Tallinn,K663,Tallinn,K663__Koolimaja__1,Koolimaja,160,2,364,FALSE,NA,NA,NA,NA,NA,NA
K663,Tallinn,K663,Tallinn,K663__Lendtähe__1,Lendtähe,160,2,365,FALSE,NA,NA,NA,NA,NA,NA
K663,Tallinn,K663,Tallinn,K663__Räägu__1,Räägu,160,2,366,FALSE,NA,NA,NA,NA,NA,NA
K663,Tallinn,K663,Tallinn,K663__Sillaotsa__1,Sillaotsa,160,1,367,FALSE,NA,NA,NA,52,144,FALSE
K663,Tallinn,K663,Tallinn,K663__Tähesaju tee__1,Tähesaju tee,160,2,368,FALSE,NA,NA,NA,NA,NA,NA
K663,Tallinn,K663,Tallinn,K663__Tüve__1,Tüve,160,2,369,FALSE,NA,NA,NA,NA,NA,NA
K663,Tallinn,K663,Tallinn,K663__Peterburi tee__1,Peterburi tee,159,1,370,FALSE,NA,NA,NA,NA,NA,NA
K663,Tallinn,K663,Tallinn,K663__Haava__1,Haava,157,2,371,FALSE,NA,NA,NA,81,93,FALSE
K663,Tallinn,K663,Tallinn,K663__Naaritsa__1,Naaritsa,157,2,372,FALSE,NA,NA,NA,81,98,FALSE
K663,Tallinn,K663,Tallinn,K663__Näituse__1,Näituse,157,2,373,FALSE,NA,NA,NA,81,100,FALSE
K663,Tallinn,K663,Tallinn,K663__Iru__1,Iru,156,2,374,FALSE,NA,NA,NA,33,176,FALSE
K663,Tallinn,K663,Tallinn,K663__Puhangu__1,Puhangu,156,1,375,FALSE,NA,NA,NA,NA,NA,NA
K663,Tallinn,K663,Tallinn,K663__Vihuri__1,Vihuri,156,1,376,FALSE,NA,NA,NA,NA,NA,NA
K663,Tallinn,K663,Tallinn,K663__Kalamaja__1,Kalamaja,155,2,377,FALSE,NA,NA,NA,NA,NA,NA
K663,Tallinn,K663,Tallinn,K663__Kungla__1,Kungla,155,2,378,FALSE,NA,NA,NA,NA,NA,NA
K663,Tallinn,K663,Tallinn,K663__Volta__1,Volta,155,2,379,FALSE,NA,NA,NA,NA,NA,NA
K663,Tallinn,K663,Tallinn,K663__Merivälja__1,Merivälja,154,1,380,FALSE,NA,NA,NA,NA,NA,NA
K663,Tallinn,K663,Tallinn,K663__Pühamägi__1,Pühamägi,154,1,381,FALSE,NA,NA,NA,NA,NA,NA
K663,Tallinn,K663,Tallinn,K663__Veskiposti__1,Veskiposti,147,2,382,FALSE,NA,NA,NA,NA,NA,NA
K663,Tallinn,K663,Tallinn,K663__Viadukti__1,Viadukti,147,2,383,FALSE,NA,NA,NA,NA,NA,NA
K663,Tallinn,K663,Tallinn,K663__Võidujooksu__1,Võidujooksu,146,2,384,FALSE,NA,NA,NA,NA,NA,NA
K663,Tallinn,K663,Tallinn,K663__Ülemiste linnak__1,Ülemiste linnak,146,1,385,FALSE,NA,NA,NA,NA,NA,NA
K663,Tallinn,K663,Tallinn,K663__Laaniku__1,Laaniku,144,2,386,FALSE,NA,NA,NA,72,113,FALSE
K663,Tallinn,K663,Tallinn,K663__Kalarand__1,Kalarand,142,2,387,FALSE,NA,NA,NA,NA,NA,NA
K663,Tallinn,K663,Tallinn,K663__Lennusadam__1,Lennusadam,142,2,388,FALSE,NA,NA,NA,NA,NA,NA
K663,Tallinn,K663,Tallinn,K663__Miinisadam__1,Miinisadam,142,2,389,FALSE,NA,NA,NA,NA,NA,NA
K663,Tallinn,K663,Tallinn,K663__Noblessneri__1,Noblessneri,142,2,390,FALSE,NA,NA,NA,NA,NA,NA
K663,Tallinn,K663,Tallinn,K663__Vana-Lõuna__1,Vana-Lõuna,139,3,391,FALSE,NA,NA,NA,NA,NA,NA
K663,Tallinn,K663,Tallinn,K663__Kurni__1,Kurni,138,1,392,FALSE,NA,NA,NA,NA,NA,NA
K663,Tallinn,K663,Tallinn,K663__Kakumäe__1,Kakumäe,137,2,393,FALSE,NA,NA,NA,NA,NA,NA
K663,Tallinn,K663,Tallinn,K663__Soolahe tee__1,Soolahe tee,137,2,394,FALSE,NA,NA,NA,NA,NA,NA
K663,Tallinn,K663,Tallinn,K663__Sooranna tee__1,Sooranna tee,137,2,395,FALSE,NA,NA,NA,NA,NA,NA
K663,Tallinn,K663,Tallinn,K663__Teeotsa__1,Teeotsa,137,2,396,FALSE,NA,NA,NA,NA,NA,NA
K663,Tallinn,K663,Tallinn,K663__Alemaa__1,Alemaa,136,2,397,FALSE,NA,NA,NA,NA,NA,NA
K663,Tallinn,K663,Tallinn,K663__Tuleraua__1,Tuleraua,136,2,398,FALSE,NA,NA,NA,NA,NA,NA
K663,Tallinn,K663,Tallinn,K663__Tõnu__1,Tõnu,136,2,399,FALSE,NA,NA,NA,NA,NA,NA
K663,Tallinn,K663,Tallinn,K663__Vismeistri__1,Vismeistri,136,2,400,FALSE,NA,NA,NA,NA,NA,NA
K663,Tallinn,K663,Tallinn,K663__Kalmistu__1,Kalmistu,134,2,401,FALSE,NA,NA,NA,NA,NA,NA
K663,Tallinn,K663,Tallinn,K663__Kotka__1,Kotka,134,2,402,FALSE,NA,NA,NA,NA,NA,NA
K663,Tallinn,K663,Tallinn,K663__Kõue__1,Kõue,134,2,403,FALSE,NA,NA,NA,NA,NA,NA
K663,Tallinn,K663,Tallinn,K663__Marsi__1,Marsi,134,2,404,FALSE,NA,NA,NA,NA,NA,NA
K663,Tallinn,K663,Tallinn,K663__Trummi__1,Trummi,134,2,405,FALSE,NA,NA,NA,NA,NA,NA
K663,Tallinn,K663,Tallinn,K663__Ööbiku__1,Ööbiku,134,2,406,FALSE,NA,NA,NA,NA,NA,NA
K663,Tallinn,K663,Tallinn,K663__Üliõpilaste tee__1,Üliõpilaste tee,134,2,407,FALSE,NA,NA,NA,NA,NA,NA
K663,Tallinn,K663,Tallinn,K663__Kaabli__1,Kaabli,133,2,408,FALSE,NA,NA,NA,67,119,FALSE
K663,Tallinn,K663,Tallinn,K663__Hälli__1,Hälli,132,2,409,FALSE,NA,NA,NA,NA,NA,NA
K663,Tallinn,K663,Tallinn,K663__Lesta__1,Lesta,132,2,410,FALSE,NA,NA,NA,NA,NA,NA
K663,Tallinn,K663,Tallinn,K663__Merirahu__1,Merirahu,132,2,411,FALSE,NA,NA,NA,NA,NA,NA
K663,Tallinn,K663,Tallinn,K663__Paljandi__1,Paljandi,132,2,412,FALSE,NA,NA,NA,NA,NA,NA
K663,Tallinn,K663,Tallinn,K663__Rocca al Mare__1,Rocca al Mare,132,2,413,FALSE,NA,NA,NA,NA,NA,NA
K663,Tallinn,K663,Tallinn,K663__Õismäe raba__1,Õismäe raba,132,2,414,FALSE,NA,NA,NA,NA,NA,NA
K663,Tallinn,K663,Tallinn,K663__Kadaka puiestee__1,Kadaka puiestee,130,2,415,FALSE,NA,NA,NA,33,177,FALSE
K663,Tallinn,K663,Tallinn,K663__Nõva__1,Nõva,130,2,416,FALSE,NA,NA,NA,33,182,FALSE
K663,Tallinn,K663,Tallinn,K663__Paemurru__1,Paemurru,130,2,417,FALSE,NA,NA,NA,56,134,FALSE
K663,Tallinn,K663,Tallinn,K663__Pidu__1,Pidu,130,2,418,FALSE,NA,NA,NA,33,183,FALSE
K663,Tallinn,K663,Tallinn,K663__Tähetorni__1,Tähetorni,130,2,419,FALSE,NA,NA,NA,33,190,FALSE
K663,Tallinn,K663,Tallinn,K663__Vääna__1,Vääna,130,2,420,FALSE,NA,NA,NA,33,191,FALSE
K663,Tallinn,K663,Tallinn,K663__Viru keskus 5__1,Viru keskus 5,126,1,421,FALSE,NA,NA,NA,NA,NA,NA
K663,Tallinn,K663,Tallinn,K663__Lilleküla__1,Lilleküla,124,2,422,FALSE,NA,NA,NA,57,128,FALSE
K663,Tallinn,K663,Tallinn,K663__Pääsküla__2,Pääsküla,124,2,423,FALSE,NA,NA,NA,57,129,FALSE
K663,Tallinn,K663,Tallinn,K663__Helmiku tee__1,Helmiku tee,123,1,424,FALSE,NA,NA,NA,NA,NA,NA
K663,Tallinn,K663,Tallinn,K663__Puhkekodu tee__1,Puhkekodu tee,123,1,425,FALSE,NA,NA,NA,NA,NA,NA
K663,Tallinn,K663,Tallinn,K663__Nurmiku tee__1,Nurmiku tee,121,1,426,FALSE,NA,NA,NA,NA,NA,NA
K663,Tallinn,K663,Tallinn,K663__Astri__1,Astri,118,2,427,FALSE,NA,NA,NA,NA,NA,NA
K663,Tallinn,K663,Tallinn,K663__Järve haigla__1,Järve haigla,118,1,428,FALSE,NA,NA,NA,NA,NA,NA
K663,Tallinn,K663,Tallinn,K663__Kraavi__1,Kraavi,118,2,429,FALSE,NA,NA,NA,NA,NA,NA
K663,Tallinn,K663,Tallinn,K663__Raudtee__1,Raudtee,118,2,430,FALSE,NA,NA,NA,NA,NA,NA
K663,Tallinn,K663,Tallinn,K663__Värsi__1,Värsi,114,2,431,FALSE,NA,NA,NA,81,103,FALSE
K663,Tallinn,K663,Tallinn,K663__Laagri__1,Laagri,113,2,432,FALSE,NA,NA,NA,57,127,FALSE
K663,Tallinn,K663,Tallinn,K663__Hiiu__2,Hiiu,106,2,433,FALSE,NA,NA,NA,45,158,FALSE
K663,Tallinn,K663,Tallinn,K663__Kivimäe__1,Kivimäe,106,2,434,FALSE,NA,NA,NA,45,159,FALSE
K663,Tallinn,K663,Tallinn,K663__Viru keskus 3__1,Viru keskus 3,106,1,435,FALSE,NA,NA,NA,NA,NA,NA
K663,Tallinn,K663,Tallinn,K663__Laane (ajutine)__1,Laane (ajutine),103,1,436,FALSE,NA,NA,NA,NA,NA,NA
K663,Tallinn,K663,Tallinn,K663__Mõisa__1,Mõisa,102,2,437,FALSE,NA,NA,NA,NA,NA,NA
K663,Tallinn,K663,Tallinn,K663__Rocca al Mare kool__1,Rocca al Mare kool,102,2,438,FALSE,NA,NA,NA,NA,NA,NA
K663,Tallinn,K663,Tallinn,K663__Keskpäeva tee__1,Keskpäeva tee,101,1,439,FALSE,NA,NA,NA,NA,NA,NA
K663,Tallinn,K663,Tallinn,K663__Pojengi tee__1,Pojengi tee,101,1,440,FALSE,NA,NA,NA,NA,NA,NA
K663,Tallinn,K663,Tallinn,K663__Rannaniidu__1,Rannaniidu,101,1,441,FALSE,NA,NA,NA,NA,NA,NA
K663,Tallinn,K663,Tallinn,K663__Viljandi maantee__1,Viljandi maantee,101,2,442,FALSE,NA,NA,NA,51,153,FALSE
K663,Tallinn,K663,Tallinn,K663__Lillepi park__1,Lillepi park,99,1,443,FALSE,NA,NA,NA,NA,NA,NA
K663,Tallinn,K663,Tallinn,K663__Liivametsa__1,Liivametsa,97,2,444,FALSE,NA,NA,NA,49,156,FALSE
K663,Tallinn,K663,Tallinn,K663__Asunduse__1,Asunduse,89,2,445,FALSE,NA,NA,NA,NA,NA,NA
K663,Tallinn,K663,Tallinn,K663__Hundikuristiku__1,Hundikuristiku,89,2,446,FALSE,NA,NA,NA,NA,NA,NA
K663,Tallinn,K663,Tallinn,K663__Pallasti__1,Pallasti,89,2,447,FALSE,NA,NA,NA,NA,NA,NA
K663,Tallinn,K663,Tallinn,K663__Uuslinn__1,Uuslinn,89,2,448,FALSE,NA,NA,NA,NA,NA,NA
K663,Tallinn,K663,Tallinn,K663__Kesk-Mustamäe__1,Kesk-Mustamäe,88,2,449,FALSE,NA,NA,NA,NA,NA,NA
K663,Tallinn,K663,Tallinn,K663__Rebasemägi__1,Rebasemägi,88,2,450,FALSE,NA,NA,NA,NA,NA,NA
K663,Tallinn,K663,Tallinn,K663__Betooni__1,Betooni,87,2,451,FALSE,NA,NA,NA,11,218,FALSE
K663,Tallinn,K663,Tallinn,K663__Betooni põik__1,Betooni põik,87,2,452,FALSE,NA,NA,NA,11,219,FALSE
K663,Tallinn,K663,Tallinn,K663__Sõstramäe__1,Sõstramäe,87,2,453,FALSE,NA,NA,NA,11,220,FALSE
K663,Tallinn,K663,Tallinn,K663__Liisu__1,Liisu,86,2,454,FALSE,NA,NA,NA,NA,NA,NA
K663,Tallinn,K663,Tallinn,K663__Pikakari__1,Pikakari,86,2,455,FALSE,NA,NA,NA,NA,NA,NA
K663,Tallinn,K663,Tallinn,K663__Rukki__1,Rukki,86,2,456,FALSE,NA,NA,NA,NA,NA,NA
K663,Tallinn,K663,Tallinn,K663__Bussijaam (ajutine)__2,Bussijaam (ajutine),80,1,457,FALSE,NA,NA,NA,NA,NA,NA
K663,Tallinn,K663,Tallinn,K663__Endla__1,Endla,80,1,458,FALSE,NA,NA,NA,NA,NA,NA
K663,Tallinn,K663,Tallinn,K663__Estonia 3__1,Estonia 3,80,1,459,FALSE,NA,NA,NA,NA,NA,NA
K663,Tallinn,K663,Tallinn,K663__Kalmu__1,Kalmu,76,2,460,FALSE,NA,NA,NA,NA,NA,NA
K663,Tallinn,K663,Tallinn,K663__Liiva kalmistu__1,Liiva kalmistu,76,2,461,FALSE,NA,NA,NA,NA,NA,NA
K663,Tallinn,K663,Tallinn,K663__Auru__1,Auru,74,1,462,FALSE,NA,NA,NA,NA,NA,NA
K663,Tallinn,K663,Tallinn,K663__Iru hooldekodu__1,Iru hooldekodu,74,2,463,FALSE,NA,NA,NA,NA,NA,NA
K663,Tallinn,K663,Tallinn,K663__Kuuskivi__1,Kuuskivi,74,4,464,FALSE,NA,NA,NA,NA,NA,NA
K663,Tallinn,K663,Tallinn,K663__Luite__1,Luite,74,1,465,FALSE,NA,NA,NA,NA,NA,NA
K663,Tallinn,K663,Tallinn,K663__Veduri__1,Veduri,73,1,466,FALSE,NA,NA,NA,NA,NA,NA
K663,Tallinn,K663,Tallinn,K663__Turbasambla__1,Turbasambla,72,1,467,FALSE,NA,NA,NA,72,115,FALSE
K663,Tallinn,K663,Tallinn,K663__Balti jaam 1 (train station)__1,Balti jaam 1 (train station),71,1,468,FALSE,NA,NA,NA,NA,NA,NA
K663,Tallinn,K663,Tallinn,K663__Lilleküla jaam__2,Lilleküla jaam,71,2,469,FALSE,NA,NA,NA,NA,NA,NA
K663,Tallinn,K663,Tallinn,K663__Balti jaam 3 (train station)__1,Balti jaam 3 (train station),70,1,470,FALSE,NA,NA,NA,NA,NA,NA
K663,Tallinn,K663,Tallinn,K663__Viru keskus 2__1,Viru keskus 2,70,1,471,FALSE,NA,NA,NA,NA,NA,NA
K663,Tallinn,K663,Tallinn,K663__Balti jaam 4 (train station)__1,Balti jaam 4 (train station),67,1,472,FALSE,NA,NA,NA,NA,NA,NA
K663,Tallinn,K663,Tallinn,K663__Paneeli__1,Paneeli,67,2,473,FALSE,NA,NA,NA,NA,NA,NA
K663,Tallinn,K663,Tallinn,K663__Pikamägi__2,Pikamägi,67,2,474,FALSE,NA,NA,NA,NA,NA,NA
K663,Tallinn,K663,Tallinn,K663__Ülemiste__1,Ülemiste,65,2,475,FALSE,NA,NA,NA,32,194,FALSE
K663,Tallinn,K663,Tallinn,K663__Balti jaam 5 (train station)__1,Balti jaam 5 (train station),64,1,476,FALSE,NA,NA,NA,NA,NA,NA
K663,Tallinn,K663,Tallinn,K663__Balti jaam 2 (train station)__1,Balti jaam 2 (train station),63,1,477,FALSE,NA,NA,NA,NA,NA,NA
K663,Tallinn,K663,Tallinn,K663__Pargi__1,Pargi,61,1,478,FALSE,NA,NA,NA,NA,NA,NA
K663,Tallinn,K663,Tallinn,K663__Põllu__1,Põllu,61,1,479,FALSE,NA,NA,NA,NA,NA,NA
K663,Tallinn,K663,Tallinn,K663__Bussijaam (ajutine)__1,Bussijaam (ajutine),58,1,480,FALSE,NA,NA,NA,NA,NA,NA
K663,Tallinn,K663,Tallinn,K663__Helme__1,Helme,57,1,481,FALSE,NA,NA,NA,NA,NA,NA
K663,Tallinn,K663,Tallinn,K663__Metsa__1,Metsa,57,1,482,FALSE,NA,NA,NA,NA,NA,NA
K663,Tallinn,K663,Tallinn,K663__Rannapargi__1,Rannapargi,57,1,483,FALSE,NA,NA,NA,NA,NA,NA
K663,Tallinn,K663,Tallinn,K663__Uuemäe__1,Uuemäe,56,1,484,FALSE,NA,NA,NA,56,135,FALSE
K663,Tallinn,K663,Tallinn,K663__Vilja__1,Vilja,56,1,485,FALSE,NA,NA,NA,NA,NA,NA
K663,Tallinn,K663,Tallinn,K663__Pirita jõgi__1,Pirita jõgi,53,1,486,FALSE,NA,NA,NA,53,139,FALSE
K663,Tallinn,K663,Tallinn,K663__Töökoja__1,Töökoja,52,1,487,FALSE,NA,NA,NA,NA,NA,NA
K663,Tallinn,K663,Tallinn,K663__Moonalao__1,Moonalao,46,2,488,FALSE,NA,NA,NA,NA,NA,NA
K663,Tallinn,K663,Tallinn,K663__Rehelepa__1,Rehelepa,46,1,489,FALSE,NA,NA,NA,NA,NA,NA
K663,Tallinn,K663,Tallinn,K663__Veerme__1,Veerme,46,2,490,FALSE,NA,NA,NA,NA,NA,NA
K663,Tallinn,K663,Tallinn,K663__Merivälja pansion__1,Merivälja pansion,44,1,491,FALSE,NA,NA,NA,NA,NA,NA
K663,Tallinn,K663,Tallinn,K663__Standard__1,Standard,43,1,492,FALSE,NA,NA,NA,NA,NA,NA
K663,Tallinn,K663,Tallinn,K663__Väike-Erika__1,Väike-Erika,43,1,493,FALSE,NA,NA,NA,NA,NA,NA
K663,Tallinn,K663,Tallinn,K663__Viru keskus 4__1,Viru keskus 4,38,1,494,FALSE,NA,NA,NA,NA,NA,NA
K663,Tallinn,K663,Tallinn,K663__Uus Maailm__1,Uus Maailm,36,1,495,FALSE,NA,NA,NA,NA,NA,NA
K663,Tallinn,K663,Tallinn,K663__Estonia 2__1,Estonia 2,35,1,496,FALSE,NA,NA,NA,NA,NA,NA
K663,Tallinn,K663,Tallinn,K663__Virmalise__1,Virmalise,35,1,497,FALSE,NA,NA,NA,NA,NA,NA
K663,Tallinn,K663,Tallinn,K663__Estonia 4__1,Estonia 4,31,1,498,FALSE,NA,NA,NA,NA,NA,NA
K663,Tallinn,K663,Tallinn,K663__Tanuma__1,Tanuma,30,1,499,FALSE,NA,NA,NA,NA,NA,NA
K663,Tallinn,K663,Tallinn,K663__Vesse__2,Vesse,30,2,500,FALSE,NA,NA,NA,15,208,FALSE
K663,Tallinn,K663,Tallinn,K663__Viru keskus 1__1,Viru keskus 1,30,1,501,FALSE,NA,NA,NA,NA,NA,NA
K663,Tallinn,K663,Tallinn,K663__Mäeküla__1,Mäeküla,23,1,502,FALSE,NA,NA,NA,NA,NA,NA
K663,Tallinn,K663,Tallinn,K663__Valdeku__2,Valdeku,23,2,503,FALSE,NA,NA,NA,11,221,FALSE
K663,Tallinn,K663,Tallinn,K663__Kastevarre tee__1,Kastevarre tee,22,1,504,FALSE,NA,NA,NA,NA,NA,NA
K663,Tallinn,K663,Tallinn,K663__Estonia 1__1,Estonia 1,21,1,505,FALSE,NA,NA,NA,NA,NA,NA
K663,Tallinn,K663,Tallinn,K663__Oomi__1,Oomi,21,1,506,FALSE,NA,NA,NA,NA,NA,NA
K663,Tallinn,K663,Tallinn,K663__Viru keskus 6__1,Viru keskus 6,16,1,507,FALSE,NA,NA,NA,NA,NA,NA
K663,Tallinn,K663,Tallinn,K663__Estonia 5__1,Estonia 5,11,1,508,FALSE,NA,NA,NA,NA,NA,NA
K663,Tallinn,K663,Tallinn,K663__Paagi__1,Paagi,8,2,509,FALSE,NA,NA,NA,NA,NA,NA
K663,Tallinn,K663,Tallinn,K663__Paljassaare põik__1,Paljassaare põik,8,1,510,FALSE,NA,NA,NA,NA,NA,NA
K664,Tammiku,K118,Jõhvi linn,K664__Jõhvi küla__1,Jõhvi küla,23,2,1,TRUE,11,1,TRUE,NA,NA,NA
K664,Tammiku,K118,Jõhvi linn,K664__Pauliku__1,Pauliku,23,2,2,FALSE,11,2,FALSE,NA,NA,NA
K664,Tammiku,K118,Jõhvi linn,K664__Teeristi__1,Teeristi,23,2,3,FALSE,11,4,FALSE,NA,NA,NA
K664,Tammiku,K118,Jõhvi linn,K664__Tammiku__1,Tammiku,13,1,4,FALSE,11,3,FALSE,NA,NA,NA
K664,Tammiku,K118,Jõhvi linn,K664__Puru küla__1,Puru küla,12,1,5,FALSE,2,5,FALSE,NA,NA,NA
K665,Tammiste,K531,Pärnu linn,K665__Telemast__1,Telemast,107,2,1,TRUE,55,1,TRUE,NA,NA,NA
K665,Tammiste,K531,Pärnu linn,K665__Nuka__1,Nuka,103,2,2,FALSE,53,2,FALSE,NA,NA,NA
K665,Tammiste,K531,Pärnu linn,K665__Tammiste__1,Tammiste,78,2,3,FALSE,40,4,FALSE,NA,NA,NA
K665,Tammiste,K531,Pärnu linn,K665__Tammiste lasteaed__1,Tammiste lasteaed,62,1,4,FALSE,31,5,FALSE,NA,NA,NA
K665,Tammiste,K531,Pärnu linn,K665__Tammiste aiand__1,Tammiste aiand,60,1,5,FALSE,15,6,FALSE,NA,NA,NA
K665,Tammiste,K531,Pärnu linn,K665__Jõe__1,Jõe,47,2,6,FALSE,40,3,FALSE,NA,NA,NA
K665,Tammiste,K531,Pärnu linn,K665__Susivälja__1,Susivälja,31,1,7,FALSE,NA,NA,NA,NA,NA,NA
K666,Tammistu,K674,Tartu linn,K666__Tammistu__1,Tammistu,8,2,1,TRUE,4,1,TRUE,NA,NA,NA
K666,Tammistu,K674,Tartu linn,K666__Tammistu mõis__1,Tammistu mõis,8,2,2,FALSE,4,2,FALSE,NA,NA,NA
K666,Tammistu,K674,Tartu linn,K666__Aaviku__1,Aaviku,7,2,3,FALSE,3,3,FALSE,NA,NA,NA
K666,Tammistu,K674,Tartu linn,K666__Kersna__1,Kersna,7,2,4,FALSE,3,4,FALSE,NA,NA,NA
K666,Tammistu,K674,Tartu linn,K666__Mõru__1,Mõru,7,2,5,FALSE,3,5,FALSE,NA,NA,NA
K666,Tammistu,K674,Tartu linn,K666__Sarapuu__1,Sarapuu,7,2,6,FALSE,3,6,FALSE,NA,NA,NA
K666,Tammistu,K674,Tartu linn,K666__Taabri__1,Taabri,7,2,7,FALSE,3,7,FALSE,NA,NA,NA
K666,Tammistu,K674,Tartu linn,K666__Tordi__1,Tordi,3,2,8,FALSE,2,8,FALSE,NA,NA,NA
K666,Tammistu,K674,Tartu linn,K666__Aare__1,Aare,1,2,9,FALSE,1,9,FALSE,NA,NA,NA
K667,Tamsa,K674,Tartu linn,K667__Uuta__1,Uuta,12,1,1,TRUE,11,1,TRUE,NA,NA,NA
K667,Tamsa,K674,Tartu linn,K667__Illi__1,Illi,10,2,2,FALSE,6,2,FALSE,NA,NA,NA
K667,Tamsa,K674,Tartu linn,K667__Laari__1,Laari,10,2,3,FALSE,6,3,FALSE,NA,NA,NA
K667,Tamsa,K674,Tartu linn,K667__Puukooli__1,Puukooli,9,2,4,FALSE,5,4,FALSE,NA,NA,NA
K667,Tamsa,K674,Tartu linn,K667__Etsaste__1,Etsaste,8,2,5,FALSE,4,5,FALSE,NA,NA,NA
K667,Tamsa,K674,Tartu linn,K667__Illi suvilad__1,Illi suvilad,8,2,6,FALSE,4,6,FALSE,NA,NA,NA
K667,Tamsa,K674,Tartu linn,K667__Sassi__1,Sassi,8,2,7,FALSE,4,8,FALSE,NA,NA,NA
K667,Tamsa,K674,Tartu linn,K667__Tamsa kabelimägi__1,Tamsa kabelimägi,8,2,8,FALSE,4,9,FALSE,NA,NA,NA
K667,Tamsa,K674,Tartu linn,K667__Laguja__1,Laguja,7,2,9,FALSE,4,7,FALSE,NA,NA,NA
K667,Tamsa,K674,Tartu linn,K667__Altmäe__1,Altmäe,6,2,10,FALSE,3,10,FALSE,NA,NA,NA
K667,Tamsa,K674,Tartu linn,K667__Kuuseheki__1,Kuuseheki,6,2,11,FALSE,3,11,FALSE,NA,NA,NA
K667,Tamsa,K674,Tartu linn,K667__Tamsa__1,Tamsa,6,2,12,FALSE,3,12,FALSE,NA,NA,NA
K667,Tamsa,K674,Tartu linn,K667__Tiirike__1,Tiirike,4,2,13,FALSE,1,14,FALSE,NA,NA,NA
K667,Tamsa,K674,Tartu linn,K667__Savipera__1,Savipera,3,1,14,FALSE,NA,NA,NA,NA,NA,NA
K667,Tamsa,K674,Tartu linn,K667__Kurvi__1,Kurvi,2,1,15,FALSE,NA,NA,NA,NA,NA,NA
K667,Tamsa,K674,Tartu linn,K667__Kääni__1,Kääni,2,1,16,FALSE,NA,NA,NA,NA,NA,NA
K667,Tamsa,K674,Tartu linn,K667__Suntsi__1,Suntsi,2,2,17,FALSE,1,13,FALSE,NA,NA,NA
K668,Tamsalu linn,K663,Tallinn,K668__Uudeküla__1,Uudeküla,36,2,1,TRUE,NA,NA,NA,NA,NA,NA
K668,Tamsalu linn,K663,Tallinn,K668__Sauvälja__1,Sauvälja,21,4,2,FALSE,NA,NA,NA,NA,NA,NA
K668,Tamsalu linn,K663,Tallinn,K668__Kaeva__1,Kaeva,14,2,3,FALSE,NA,NA,NA,NA,NA,NA
K668,Tamsalu linn,K663,Tallinn,K668__Einjärve__1,Einjärve,10,2,4,FALSE,NA,NA,NA,NA,NA,NA
K668,Tamsalu linn,K663,Tallinn,K668__Savalduma__1,Savalduma,10,2,5,FALSE,NA,NA,NA,NA,NA,NA
K668,Tamsalu linn,K663,Tallinn,K668__Loksaküla__1,Loksaküla,7,2,6,FALSE,NA,NA,NA,NA,NA,NA
K668,Tamsalu linn,K663,Tallinn,K668__Kruusmanni__1,Kruusmanni,3,1,7,FALSE,NA,NA,NA,NA,NA,NA
K668,Tamsalu linn,K663,Tallinn,K668__Loksa__1,Loksa,3,2,8,FALSE,NA,NA,NA,NA,NA,NA
K669,Tamsalu,K663,Tallinn,K669__Tamsalu__1,Tamsalu,59,5,1,TRUE,11,1,TRUE,NA,NA,NA
K669,Tamsalu,K663,Tallinn,K669__Ääsi__1,Ääsi,36,2,2,FALSE,NA,NA,NA,NA,NA,NA
K670,Tapa linn,K663,Tallinn,K670__Tapa__1,Tapa,110,5,1,TRUE,17,1,TRUE,NA,NA,NA
K670,Tapa linn,K663,Tallinn,K670__Tapa autobaas__1,Tapa autobaas,48,2,2,FALSE,NA,NA,NA,NA,NA,NA
K670,Tapa linn,K663,Tallinn,K670__Õhtu puiestee__1,Õhtu puiestee,48,2,3,FALSE,NA,NA,NA,NA,NA,NA
K670,Tapa linn,K663,Tallinn,K670__Tapa mõis__1,Tapa mõis,20,2,4,FALSE,NA,NA,NA,NA,NA,NA
K670,Tapa linn,K663,Tallinn,K670__Tapa küla__1,Tapa küla,10,1,5,FALSE,NA,NA,NA,NA,NA,NA
K670,Tapa linn,K663,Tallinn,K670__Gümnaasiumi__1,Gümnaasiumi,6,1,6,FALSE,NA,NA,NA,NA,NA,NA
K670,Tapa linn,K663,Tallinn,K670__Haigla__1,Haigla,5,2,7,FALSE,NA,NA,NA,NA,NA,NA
K671,Tapiku,K663,Tallinn,K671__Kauru tee__1,Kauru tee,4,2,1,TRUE,NA,NA,NA,NA,NA,NA
K671,Tapiku,K663,Tallinn,K671__Tapiku__1,Tapiku,4,2,2,FALSE,NA,NA,NA,NA,NA,NA
K671,Tapiku,K663,Tallinn,K671__Tõivere__1,Tõivere,4,2,3,FALSE,NA,NA,NA,NA,NA,NA
K671,Tapiku,K663,Tallinn,K671__Kauru__1,Kauru,3,2,4,FALSE,NA,NA,NA,NA,NA,NA
K671,Tapiku,K663,Tallinn,K671__Kaisa__1,Kaisa,2,1,5,FALSE,NA,NA,NA,NA,NA,NA
K672,Tarbja,K458,Paide linn,K672__Lasputre tee__1,Lasputre tee,10,2,1,TRUE,8,1,TRUE,NA,NA,NA
K672,Tarbja,K458,Paide linn,K672__Tarbja__1,Tarbja,10,1,2,FALSE,8,2,FALSE,NA,NA,NA
K672,Tarbja,K458,Paide linn,K672__Eivere__1,Eivere,6,2,3,FALSE,4,3,FALSE,NA,NA,NA
K672,Tarbja,K458,Paide linn,K672__Kollinõmme__1,Kollinõmme,6,2,4,FALSE,4,4,FALSE,NA,NA,NA
K672,Tarbja,K458,Paide linn,K672__Pikaküla__1,Pikaküla,6,2,5,FALSE,4,5,FALSE,NA,NA,NA
K672,Tarbja,K458,Paide linn,K672__Korba__1,Korba,1,1,6,FALSE,NA,NA,NA,NA,NA,NA
K673,Taritu,K270,Kuressaare linn,K673__Koimla__1,Koimla,8,2,1,TRUE,5,1,TRUE,NA,NA,NA
K673,Taritu,K270,Kuressaare linn,K673__Lepiku__1,Lepiku,8,2,2,FALSE,5,2,FALSE,NA,NA,NA
K673,Taritu,K270,Kuressaare linn,K673__Riksu teerist__1,Riksu teerist,8,2,3,FALSE,5,3,FALSE,NA,NA,NA
K673,Taritu,K270,Kuressaare linn,K673__Taritu__1,Taritu,8,2,4,FALSE,5,4,FALSE,NA,NA,NA
K673,Taritu,K270,Kuressaare linn,K673__Tõnuma__1,Tõnuma,7,2,5,FALSE,4,5,FALSE,NA,NA,NA
K673,Taritu,K270,Kuressaare linn,K673__Koimla teerist__1,Koimla teerist,4,2,6,FALSE,2,7,FALSE,NA,NA,NA
K673,Taritu,K270,Kuressaare linn,K673__Kotlandi__1,Kotlandi,4,2,7,FALSE,3,6,FALSE,NA,NA,NA
K673,Taritu,K270,Kuressaare linn,K673__Kotlandi mõis__1,Kotlandi mõis,4,2,8,FALSE,2,8,FALSE,NA,NA,NA
K673,Taritu,K270,Kuressaare linn,K673__Kotlandi2__1,Kotlandi2,4,2,9,FALSE,2,9,FALSE,NA,NA,NA
K673,Taritu,K270,Kuressaare linn,K673__Sake__1,Sake,4,2,10,FALSE,2,10,FALSE,NA,NA,NA
K673,Taritu,K270,Kuressaare linn,K673__Ütsa__1,Ütsa,4,2,11,FALSE,2,11,FALSE,NA,NA,NA
K674,Tartu linn,K674,Tartu linn,K674__Pauluse__1,Pauluse,709,2,1,TRUE,NA,NA,NA,183,2,FALSE
K674,Tartu linn,K674,Tartu linn,K674__Riiamäe__1,Riiamäe,653,2,2,FALSE,NA,NA,NA,121,4,FALSE
K674,Tartu linn,K674,Tartu linn,K674__Kaare__1,Kaare,563,2,3,FALSE,NA,NA,NA,159,3,FALSE
K674,Tartu linn,K674,Tartu linn,K674__Tartu bussijaam__1,Tartu bussijaam,460,1,4,FALSE,NA,NA,NA,213,1,TRUE
K674,Tartu linn,K674,Tartu linn,K674__Nõlvaku__1,Nõlvaku,454,2,5,FALSE,NA,NA,NA,33,64,FALSE
K674,Tartu linn,K674,Tartu linn,K674__Annelinna keskus__1,Annelinna keskus,425,2,6,FALSE,NA,NA,NA,68,25,FALSE
K674,Tartu linn,K674,Tartu linn,K674__Kalda tee__1,Kalda tee,421,2,7,FALSE,NA,NA,NA,115,6,FALSE
K674,Tartu linn,K674,Tartu linn,K674__Eeden__1,Eeden,414,2,8,FALSE,NA,NA,NA,115,5,FALSE
K674,Tartu linn,K674,Tartu linn,K674__Kivilinna__1,Kivilinna,385,2,9,FALSE,NA,NA,NA,14,100,FALSE
K674,Tartu linn,K674,Tartu linn,K674__Teaduspark__1,Teaduspark,381,2,10,FALSE,NA,NA,NA,52,36,FALSE
K674,Tartu linn,K674,Tartu linn,K674__Raja__1,Raja,380,2,11,FALSE,NA,NA,NA,53,35,FALSE
K674,Tartu linn,K674,Tartu linn,K674__Sõpruse puiestee__1,Sõpruse puiestee,359,2,12,FALSE,NA,NA,NA,14,108,FALSE
K674,Tartu linn,K674,Tartu linn,K674__Annelinna gümnaasium__1,Annelinna gümnaasium,348,2,13,FALSE,NA,NA,NA,47,38,FALSE
K674,Tartu linn,K674,Tartu linn,K674__Optika__1,Optika,335,2,14,FALSE,NA,NA,NA,62,33,FALSE
K674,Tartu linn,K674,Tartu linn,K674__Atlantis__1,Atlantis,308,1,15,FALSE,NA,NA,NA,48,37,FALSE
K674,Tartu linn,K674,Tartu linn,K674__Riia ring__1,Riia ring,294,2,16,FALSE,NA,NA,NA,5,116,FALSE
K674,Tartu linn,K674,Tartu linn,K674__Mõisavahe__1,Mõisavahe,287,2,17,FALSE,NA,NA,NA,NA,NA,NA
K674,Tartu linn,K674,Tartu linn,K674__Rahumäe__1,Rahumäe,286,2,18,FALSE,NA,NA,NA,47,40,FALSE
K674,Tartu linn,K674,Tartu linn,K674__Vene__1,Vene,279,2,19,FALSE,NA,NA,NA,40,45,FALSE
K674,Tartu linn,K674,Tartu linn,K674__Aida__1,Aida,276,1,20,FALSE,NA,NA,NA,102,8,FALSE
K674,Tartu linn,K674,Tartu linn,K674__Postimaja__1,Postimaja,276,2,21,FALSE,NA,NA,NA,39,47,FALSE
K674,Tartu linn,K674,Tartu linn,K674__Raeplats__1,Raeplats,264,2,22,FALSE,NA,NA,NA,111,7,FALSE
K674,Tartu linn,K674,Tartu linn,K674__Kastani__1,Kastani,257,2,23,FALSE,NA,NA,NA,30,86,FALSE
K674,Tartu linn,K674,Tartu linn,K674__Tartu Näitused__1,Tartu Näitused,257,2,24,FALSE,NA,NA,NA,16,91,FALSE
K674,Tartu linn,K674,Tartu linn,K674__Lõunakeskus__1,Lõunakeskus,251,2,25,FALSE,NA,NA,NA,81,13,FALSE
K674,Tartu linn,K674,Tartu linn,K674__Aardla__1,Aardla,248,3,26,FALSE,NA,NA,NA,2,119,FALSE
K674,Tartu linn,K674,Tartu linn,K674__Lembitu__1,Lembitu,240,1,27,FALSE,NA,NA,NA,NA,NA,NA
K674,Tartu linn,K674,Tartu linn,K674__Peetri kirik__1,Peetri kirik,230,2,28,FALSE,NA,NA,NA,22,89,FALSE
K674,Tartu linn,K674,Tartu linn,K674__Jõe__1,Jõe,227,1,29,FALSE,NA,NA,NA,78,15,FALSE
K674,Tartu linn,K674,Tartu linn,K674__Maarjamõisa__1,Maarjamõisa,223,2,30,FALSE,NA,NA,NA,6,115,FALSE
K674,Tartu linn,K674,Tartu linn,K674__Lõuna__1,Lõuna,220,2,31,FALSE,NA,NA,NA,6,114,FALSE
K674,Tartu linn,K674,Tartu linn,K674__Raatuse__1,Raatuse,216,2,32,FALSE,NA,NA,NA,NA,NA,NA
K674,Tartu linn,K674,Tartu linn,K674__Silla I__1,Silla I,216,1,33,FALSE,NA,NA,NA,67,28,FALSE
K674,Tartu linn,K674,Tartu linn,K674__Ilmatsalu__1,Ilmatsalu,215,2,34,FALSE,NA,NA,NA,1,125,FALSE
K674,Tartu linn,K674,Tartu linn,K674__Kasteheina__1,Kasteheina,213,2,35,FALSE,NA,NA,NA,98,9,FALSE
K674,Tartu linn,K674,Tartu linn,K674__Kaunase puiestee__1,Kaunase puiestee,213,2,36,FALSE,NA,NA,NA,47,39,FALSE
K674,Tartu linn,K674,Tartu linn,K674__Kummeli__1,Kummeli,211,2,37,FALSE,NA,NA,NA,14,102,FALSE
K674,Tartu linn,K674,Tartu linn,K674__Palmihoone__1,Palmihoone,211,2,38,FALSE,NA,NA,NA,77,16,FALSE
K674,Tartu linn,K674,Tartu linn,K674__Karete__1,Karete,210,2,39,FALSE,NA,NA,NA,2,120,FALSE
K674,Tartu linn,K674,Tartu linn,K674__Lammimõisa__1,Lammimõisa,209,2,40,FALSE,NA,NA,NA,67,27,FALSE
K674,Tartu linn,K674,Tartu linn,K674__Paju__1,Paju,208,2,41,FALSE,NA,NA,NA,14,105,FALSE
K674,Tartu linn,K674,Tartu linn,K674__Risti__1,Risti,208,2,42,FALSE,NA,NA,NA,NA,NA,NA
K674,Tartu linn,K674,Tartu linn,K674__Teguri__1,Teguri,207,2,43,FALSE,NA,NA,NA,2,124,FALSE
K674,Tartu linn,K674,Tartu linn,K674__Aura veekeskus__1,Aura veekeskus,206,1,44,FALSE,NA,NA,NA,34,56,FALSE
K674,Tartu linn,K674,Tartu linn,K674__Tervishoiu__1,Tervishoiu,206,2,45,FALSE,NA,NA,NA,NA,NA,NA
K674,Tartu linn,K674,Tartu linn,K674__Alasi__1,Alasi,205,2,46,FALSE,NA,NA,NA,NA,NA,NA
K674,Tartu linn,K674,Tartu linn,K674__Metsamaja__1,Metsamaja,199,2,47,FALSE,NA,NA,NA,16,90,FALSE
K674,Tartu linn,K674,Tartu linn,K674__Annemõisa__1,Annemõisa,198,2,48,FALSE,NA,NA,NA,64,31,FALSE
K674,Tartu linn,K674,Tartu linn,K674__Narvamäe__1,Narvamäe,198,2,49,FALSE,NA,NA,NA,83,11,FALSE
K674,Tartu linn,K674,Tartu linn,K674__Kesklinn II__1,Kesklinn II,196,1,50,FALSE,NA,NA,NA,1,128,FALSE
K674,Tartu linn,K674,Tartu linn,K674__FI__1,FI,191,2,51,FALSE,NA,NA,NA,31,84,FALSE
K674,Tartu linn,K674,Tartu linn,K674__Raudteejaam__1,Raudteejaam,190,3,52,FALSE,NA,NA,NA,NA,NA,NA
K674,Tartu linn,K674,Tartu linn,K674__Kesklinn V__1,Kesklinn V,181,1,53,FALSE,NA,NA,NA,NA,NA,NA
K674,Tartu linn,K674,Tartu linn,K674__Tuglase__1,Tuglase,176,2,54,FALSE,NA,NA,NA,35,53,FALSE
K674,Tartu linn,K674,Tartu linn,K674__E-Kaubamaja__1,E-Kaubamaja,169,2,55,FALSE,NA,NA,NA,14,95,FALSE
K674,Tartu linn,K674,Tartu linn,K674__Lõunakeskus III__1,Lõunakeskus III,168,1,56,FALSE,NA,NA,NA,15,93,FALSE
K674,Tartu linn,K674,Tartu linn,K674__Tamme puiestee__1,Tamme puiestee,168,2,57,FALSE,NA,NA,NA,32,82,FALSE
K674,Tartu linn,K674,Tartu linn,K674__Vaksali__1,Vaksali,164,2,58,FALSE,NA,NA,NA,NA,NA,NA
K674,Tartu linn,K674,Tartu linn,K674__Betooni__1,Betooni,163,2,59,FALSE,NA,NA,NA,NA,NA,NA
K674,Tartu linn,K674,Tartu linn,K674__Kannikese__1,Kannikese,157,2,60,FALSE,NA,NA,NA,9,110,FALSE
K674,Tartu linn,K674,Tartu linn,K674__Viljandi maantee__1,Viljandi maantee,157,2,61,FALSE,NA,NA,NA,9,113,FALSE
K674,Tartu linn,K674,Tartu linn,K674__Nisu__1,Nisu,156,2,62,FALSE,NA,NA,NA,NA,NA,NA
K674,Tartu linn,K674,Tartu linn,K674__Fi__1,Fi,155,1,63,FALSE,NA,NA,NA,32,70,FALSE
K674,Tartu linn,K674,Tartu linn,K674__Kesklinn I__1,Kesklinn I,153,1,64,FALSE,NA,NA,NA,15,92,FALSE
K674,Tartu linn,K674,Tartu linn,K674__Jalaka__1,Jalaka,152,2,65,FALSE,NA,NA,NA,83,10,FALSE
K674,Tartu linn,K674,Tartu linn,K674__Lootuse__1,Lootuse,148,2,66,FALSE,NA,NA,NA,2,122,FALSE
K674,Tartu linn,K674,Tartu linn,K674__Kanali__1,Kanali,146,2,67,FALSE,NA,NA,NA,1,126,FALSE
K674,Tartu linn,K674,Tartu linn,K674__Pikk__1,Pikk,146,2,68,FALSE,NA,NA,NA,1,129,FALSE
K674,Tartu linn,K674,Tartu linn,K674__Jaama__1,Jaama,145,2,69,FALSE,NA,NA,NA,NA,NA,NA
K674,Tartu linn,K674,Tartu linn,K674__Põllu__1,Põllu,145,2,70,FALSE,NA,NA,NA,NA,NA,NA
K674,Tartu linn,K674,Tartu linn,K674__Välja__1,Välja,145,2,71,FALSE,NA,NA,NA,NA,NA,NA
K674,Tartu linn,K674,Tartu linn,K674__Kesklinn IV__1,Kesklinn IV,144,1,72,FALSE,NA,NA,NA,NA,NA,NA
K674,Tartu linn,K674,Tartu linn,K674__Rahu__1,Rahu,144,1,73,FALSE,NA,NA,NA,41,43,FALSE
K674,Tartu linn,K674,Tartu linn,K674__Kvartsi__1,Kvartsi,143,2,74,FALSE,NA,NA,NA,NA,NA,NA
K674,Tartu linn,K674,Tartu linn,K674__Päevakivi__1,Päevakivi,143,2,75,FALSE,NA,NA,NA,NA,NA,NA
K674,Tartu linn,K674,Tartu linn,K674__Soinaste II__1,Soinaste II,142,1,76,FALSE,NA,NA,NA,NA,NA,NA
K674,Tartu linn,K674,Tartu linn,K674__Kabeli__1,Kabeli,141,1,77,FALSE,NA,NA,NA,NA,NA,NA
K674,Tartu linn,K674,Tartu linn,K674__Soola__1,Soola,141,1,78,FALSE,NA,NA,NA,67,29,FALSE
K674,Tartu linn,K674,Tartu linn,K674__Ringtee I__1,Ringtee I,137,1,79,FALSE,NA,NA,NA,34,58,FALSE
K674,Tartu linn,K674,Tartu linn,K674__Hurda__1,Hurda,135,2,80,FALSE,NA,NA,NA,14,97,FALSE
K674,Tartu linn,K674,Tartu linn,K674__Turu ring__1,Turu ring,132,2,81,FALSE,NA,NA,NA,69,22,FALSE
K674,Tartu linn,K674,Tartu linn,K674__Tähe__1,Tähe,132,2,82,FALSE,NA,NA,NA,69,23,FALSE
K674,Tartu linn,K674,Tartu linn,K674__Ravila__1,Ravila,131,2,83,FALSE,NA,NA,NA,72,17,FALSE
K674,Tartu linn,K674,Tartu linn,K674__Kasarmu__1,Kasarmu,129,2,84,FALSE,NA,NA,NA,14,98,FALSE
K674,Tartu linn,K674,Tartu linn,K674__Puiestee__1,Puiestee,129,2,85,FALSE,NA,NA,NA,14,106,FALSE
K674,Tartu linn,K674,Tartu linn,K674__Kuperjanovi__1,Kuperjanovi,128,2,86,FALSE,NA,NA,NA,NA,NA,NA
K674,Tartu linn,K674,Tartu linn,K674__Pepleri__1,Pepleri,128,2,87,FALSE,NA,NA,NA,NA,NA,NA
K674,Tartu linn,K674,Tartu linn,K674__Vabaduse puiestee__1,Vabaduse puiestee,128,1,88,FALSE,NA,NA,NA,67,30,FALSE
K674,Tartu linn,K674,Tartu linn,K674__Vallikraavi__1,Vallikraavi,128,2,89,FALSE,NA,NA,NA,NA,NA,NA
K674,Tartu linn,K674,Tartu linn,K674__Klaose__1,Klaose,126,2,90,FALSE,NA,NA,NA,NA,NA,NA
K674,Tartu linn,K674,Tartu linn,K674__Kvissentali__1,Kvissentali,126,2,91,FALSE,NA,NA,NA,NA,NA,NA
K674,Tartu linn,K674,Tartu linn,K674__Soola I__1,Soola I,126,2,92,FALSE,NA,NA,NA,44,42,FALSE
K674,Tartu linn,K674,Tartu linn,K674__Maarjamõisa haigla__1,Maarjamõisa haigla,124,2,93,FALSE,NA,NA,NA,62,32,FALSE
K674,Tartu linn,K674,Tartu linn,K674__Linnamuuseum__1,Linnamuuseum,119,1,94,FALSE,NA,NA,NA,NA,NA,NA
K674,Tartu linn,K674,Tartu linn,K674__Kroonuaia__1,Kroonuaia,116,2,95,FALSE,NA,NA,NA,33,62,FALSE
K674,Tartu linn,K674,Tartu linn,K674__Kreutzwaldi__1,Kreutzwaldi,115,2,96,FALSE,NA,NA,NA,9,111,FALSE
K674,Tartu linn,K674,Tartu linn,K674__Anne__1,Anne,111,2,97,FALSE,NA,NA,NA,NA,NA,NA
K674,Tartu linn,K674,Tartu linn,K674__Salvest__1,Salvest,111,2,98,FALSE,NA,NA,NA,28,87,FALSE
K674,Tartu linn,K674,Tartu linn,K674__Soinaste I__1,Soinaste I,108,1,99,FALSE,NA,NA,NA,4,118,FALSE
K674,Tartu linn,K674,Tartu linn,K674__Ringtee__1,Ringtee,107,1,100,FALSE,NA,NA,NA,35,51,FALSE
K674,Tartu linn,K674,Tartu linn,K674__Aiandi__1,Aiandi,106,1,101,FALSE,NA,NA,NA,NA,NA,NA
K674,Tartu linn,K674,Tartu linn,K674__Kesklinn VI__1,Kesklinn VI,106,1,102,FALSE,NA,NA,NA,14,99,FALSE
K674,Tartu linn,K674,Tartu linn,K674__Turu__1,Turu,105,2,103,FALSE,NA,NA,NA,47,41,FALSE
K674,Tartu linn,K674,Tartu linn,K674__Arhitekti__1,Arhitekti,104,2,104,FALSE,NA,NA,NA,55,34,FALSE
K674,Tartu linn,K674,Tartu linn,K674__Puusepa__1,Puusepa,104,1,105,FALSE,NA,NA,NA,NA,NA,NA
K674,Tartu linn,K674,Tartu linn,K674__Autokeskus__1,Autokeskus,103,2,106,FALSE,NA,NA,NA,NA,NA,NA
K674,Tartu linn,K674,Tartu linn,K674__Näituse__1,Näituse,103,2,107,FALSE,NA,NA,NA,NA,NA,NA
K674,Tartu linn,K674,Tartu linn,K674__Ropkamõisa__1,Ropkamõisa,103,2,108,FALSE,NA,NA,NA,NA,NA,NA
K674,Tartu linn,K674,Tartu linn,K674__Hiie__1,Hiie,102,2,109,FALSE,NA,NA,NA,NA,NA,NA
K674,Tartu linn,K674,Tartu linn,K674__Nurme__1,Nurme,102,1,110,FALSE,NA,NA,NA,NA,NA,NA
K674,Tartu linn,K674,Tartu linn,K674__Taara pst.__1,Taara pst.,102,2,111,FALSE,NA,NA,NA,NA,NA,NA
K674,Tartu linn,K674,Tartu linn,K674__Tehase__1,Tehase,101,2,112,FALSE,NA,NA,NA,NA,NA,NA
K674,Tartu linn,K674,Tartu linn,K674__Peetri__1,Peetri,99,1,113,FALSE,NA,NA,NA,NA,NA,NA
K674,Tartu linn,K674,Tartu linn,K674__Orava__1,Orava,96,1,114,FALSE,NA,NA,NA,34,57,FALSE
K674,Tartu linn,K674,Tartu linn,K674__Männi__1,Männi,91,1,115,FALSE,NA,NA,NA,31,85,FALSE
K674,Tartu linn,K674,Tartu linn,K674__Roheline park__1,Roheline park,91,2,116,FALSE,NA,NA,NA,NA,NA,NA
K674,Tartu linn,K674,Tartu linn,K674__Vahi__1,Vahi,89,1,117,FALSE,NA,NA,NA,NA,NA,NA
K674,Tartu linn,K674,Tartu linn,K674__Tarmeko__1,Tarmeko,85,2,118,FALSE,NA,NA,NA,82,12,FALSE
K674,Tartu linn,K674,Tartu linn,K674__Prisma__1,Prisma,84,1,119,FALSE,NA,NA,NA,33,66,FALSE
K674,Tartu linn,K674,Tartu linn,K674__Raudtee II__1,Raudtee II,84,1,120,FALSE,NA,NA,NA,32,79,FALSE
K674,Tartu linn,K674,Tartu linn,K674__Raudtee III__1,Raudtee III,84,1,121,FALSE,NA,NA,NA,NA,NA,NA
K674,Tartu linn,K674,Tartu linn,K674__Kvissentali tee__1,Kvissentali tee,83,1,122,FALSE,NA,NA,NA,22,88,FALSE
K674,Tartu linn,K674,Tartu linn,K674__Tehnoloogiainstituut__1,Tehnoloogiainstituut,83,1,123,FALSE,NA,NA,NA,9,112,FALSE
K674,Tartu linn,K674,Tartu linn,K674__Jänese__1,Jänese,82,1,124,FALSE,NA,NA,NA,NA,NA,NA
K674,Tartu linn,K674,Tartu linn,K674__Kesklinn III__1,Kesklinn III,81,1,125,FALSE,NA,NA,NA,67,26,FALSE
K674,Tartu linn,K674,Tartu linn,K674__Zoomeedikum__1,Zoomeedikum,81,2,126,FALSE,NA,NA,NA,NA,NA,NA
K674,Tartu linn,K674,Tartu linn,K674__Sepa turg__1,Sepa turg,80,2,127,FALSE,NA,NA,NA,79,14,FALSE
K674,Tartu linn,K674,Tartu linn,K674__Ihaste__1,Ihaste,79,2,128,FALSE,NA,NA,NA,32,71,FALSE
K674,Tartu linn,K674,Tartu linn,K674__Kraavikalda__1,Kraavikalda,79,2,129,FALSE,NA,NA,NA,32,74,FALSE
K674,Tartu linn,K674,Tartu linn,K674__Lammi__1,Lammi,79,2,130,FALSE,NA,NA,NA,35,49,FALSE
K674,Tartu linn,K674,Tartu linn,K674__Lõkketule__1,Lõkketule,79,2,131,FALSE,NA,NA,NA,32,77,FALSE
K674,Tartu linn,K674,Tartu linn,K674__Männimetsa__1,Männimetsa,79,2,132,FALSE,NA,NA,NA,32,78,FALSE
K674,Tartu linn,K674,Tartu linn,K674__Pallase puiestee__1,Pallase puiestee,79,2,133,FALSE,NA,NA,NA,35,50,FALSE
K674,Tartu linn,K674,Tartu linn,K674__Triigi__1,Triigi,79,2,134,FALSE,NA,NA,NA,35,52,FALSE
K674,Tartu linn,K674,Tartu linn,K674__Varsa__1,Varsa,79,2,135,FALSE,NA,NA,NA,32,83,FALSE
K674,Tartu linn,K674,Tartu linn,K674__Ihaste tee I__1,Ihaste tee I,76,2,136,FALSE,NA,NA,NA,32,72,FALSE
K674,Tartu linn,K674,Tartu linn,K674__Ihaste tee II__1,Ihaste tee II,76,2,137,FALSE,NA,NA,NA,32,73,FALSE
K674,Tartu linn,K674,Tartu linn,K674__Nooruse__1,Nooruse,72,1,138,FALSE,NA,NA,NA,NA,NA,NA
K674,Tartu linn,K674,Tartu linn,K674__Aianduse__1,Aianduse,70,2,139,FALSE,NA,NA,NA,39,46,FALSE
K674,Tartu linn,K674,Tartu linn,K674__Rebase__1,Rebase,70,2,140,FALSE,NA,NA,NA,69,18,FALSE
K674,Tartu linn,K674,Tartu linn,K674__Ropka tee__1,Ropka tee,70,2,141,FALSE,NA,NA,NA,69,20,FALSE
K674,Tartu linn,K674,Tartu linn,K674__Roosi__1,Roosi,69,2,142,FALSE,NA,NA,NA,69,19,FALSE
K674,Tartu linn,K674,Tartu linn,K674__Tref__1,Tref,69,2,143,FALSE,NA,NA,NA,69,21,FALSE
K674,Tartu linn,K674,Tartu linn,K674__Tulbi__1,Tulbi,69,2,144,FALSE,NA,NA,NA,35,54,FALSE
K674,Tartu linn,K674,Tartu linn,K674__Vangla__1,Vangla,69,2,145,FALSE,NA,NA,NA,69,24,FALSE
K674,Tartu linn,K674,Tartu linn,K674__Linnupargi__1,Linnupargi,68,2,146,FALSE,NA,NA,NA,32,76,FALSE
K674,Tartu linn,K674,Tartu linn,K674__Eha__1,Eha,66,2,147,FALSE,NA,NA,NA,14,96,FALSE
K674,Tartu linn,K674,Tartu linn,K674__Kruusamäe__1,Kruusamäe,66,2,148,FALSE,NA,NA,NA,14,101,FALSE
K674,Tartu linn,K674,Tartu linn,K674__Linda__1,Linda,66,2,149,FALSE,NA,NA,NA,14,103,FALSE
K674,Tartu linn,K674,Tartu linn,K674__Muru__1,Muru,66,2,150,FALSE,NA,NA,NA,14,104,FALSE
K674,Tartu linn,K674,Tartu linn,K674__Raadi__1,Raadi,66,2,151,FALSE,NA,NA,NA,14,107,FALSE
K674,Tartu linn,K674,Tartu linn,K674__Kungla__1,Kungla,65,2,152,FALSE,NA,NA,NA,32,75,FALSE
K674,Tartu linn,K674,Tartu linn,K674__Suur kaar__1,Suur kaar,65,2,153,FALSE,NA,NA,NA,32,80,FALSE
K674,Tartu linn,K674,Tartu linn,K674__Tamme kool__1,Tamme kool,65,2,154,FALSE,NA,NA,NA,32,81,FALSE
K674,Tartu linn,K674,Tartu linn,K674__Võru ring__1,Võru ring,65,1,155,FALSE,NA,NA,NA,35,55,FALSE
K674,Tartu linn,K674,Tartu linn,K674__Herne__1,Herne,64,2,156,FALSE,NA,NA,NA,33,60,FALSE
K674,Tartu linn,K674,Tartu linn,K674__Kaubabaas__1,Kaubabaas,64,2,157,FALSE,NA,NA,NA,33,61,FALSE
K674,Tartu linn,K674,Tartu linn,K674__Laululava__1,Laululava,64,2,158,FALSE,NA,NA,NA,33,63,FALSE
K674,Tartu linn,K674,Tartu linn,K674__Piiri__1,Piiri,64,2,159,FALSE,NA,NA,NA,33,65,FALSE
K674,Tartu linn,K674,Tartu linn,K674__Puidu__1,Puidu,64,2,160,FALSE,NA,NA,NA,33,67,FALSE
K674,Tartu linn,K674,Tartu linn,K674__Kesa__1,Kesa,63,2,161,FALSE,NA,NA,NA,NA,NA,NA
K674,Tartu linn,K674,Tartu linn,K674__Killustiku__1,Killustiku,63,2,162,FALSE,NA,NA,NA,NA,NA,NA
K674,Tartu linn,K674,Tartu linn,K674__Kopli__1,Kopli,63,2,163,FALSE,NA,NA,NA,NA,NA,NA
K674,Tartu linn,K674,Tartu linn,K674__Kraavi__1,Kraavi,63,2,164,FALSE,NA,NA,NA,NA,NA,NA
K674,Tartu linn,K674,Tartu linn,K674__Melissi__1,Melissi,63,2,165,FALSE,NA,NA,NA,NA,NA,NA
K674,Tartu linn,K674,Tartu linn,K674__Mesika__1,Mesika,63,2,166,FALSE,NA,NA,NA,NA,NA,NA
K674,Tartu linn,K674,Tartu linn,K674__Mõisapargi__1,Mõisapargi,63,2,167,FALSE,NA,NA,NA,NA,NA,NA
K674,Tartu linn,K674,Tartu linn,K674__Roopa__1,Roopa,63,2,168,FALSE,NA,NA,NA,NA,NA,NA
K674,Tartu linn,K674,Tartu linn,K674__Sinepi__1,Sinepi,63,2,169,FALSE,NA,NA,NA,NA,NA,NA
K674,Tartu linn,K674,Tartu linn,K674__Tartu Maja III__1,Tartu Maja III,63,1,170,FALSE,NA,NA,NA,33,69,FALSE
K674,Tartu linn,K674,Tartu linn,K674__Viadukti__1,Viadukti,63,2,171,FALSE,NA,NA,NA,NA,NA,NA
K674,Tartu linn,K674,Tartu linn,K674__Tartu Maja IV__1,Tartu Maja IV,61,1,172,FALSE,NA,NA,NA,NA,NA,NA
K674,Tartu linn,K674,Tartu linn,K674__Jannseni__1,Jannseni,60,2,173,FALSE,NA,NA,NA,NA,NA,NA
K674,Tartu linn,K674,Tartu linn,K674__Visa hall__1,Visa hall,60,2,174,FALSE,NA,NA,NA,NA,NA,NA
K674,Tartu linn,K674,Tartu linn,K674__Kloostri__1,Kloostri,52,1,175,FALSE,NA,NA,NA,NA,NA,NA
K674,Tartu linn,K674,Tartu linn,K674__Karlova kool__1,Karlova kool,51,1,176,FALSE,NA,NA,NA,NA,NA,NA
K674,Tartu linn,K674,Tartu linn,K674__Kuu__1,Kuu,51,1,177,FALSE,NA,NA,NA,NA,NA,NA
K674,Tartu linn,K674,Tartu linn,K674__Lai__1,Lai,51,1,178,FALSE,NA,NA,NA,NA,NA,NA
K674,Tartu linn,K674,Tartu linn,K674__Maaülikool__1,Maaülikool,51,1,179,FALSE,NA,NA,NA,NA,NA,NA
K674,Tartu linn,K674,Tartu linn,K674__Raua__1,Raua,51,1,180,FALSE,NA,NA,NA,NA,NA,NA
K674,Tartu linn,K674,Tartu linn,K674__Salemi__1,Salemi,51,1,181,FALSE,NA,NA,NA,NA,NA,NA
K674,Tartu linn,K674,Tartu linn,K674__Silla II__1,Silla II,51,1,182,FALSE,NA,NA,NA,NA,NA,NA
K674,Tartu linn,K674,Tartu linn,K674__Vaba__1,Vaba,51,1,183,FALSE,NA,NA,NA,NA,NA,NA
K674,Tartu linn,K674,Tartu linn,K674__Saekoja__1,Saekoja,50,1,184,FALSE,NA,NA,NA,NA,NA,NA
K674,Tartu linn,K674,Tartu linn,K674__Soola II__1,Soola II,48,1,185,FALSE,NA,NA,NA,40,44,FALSE
K674,Tartu linn,K674,Tartu linn,K674__AHHAA__1,AHHAA,47,1,186,FALSE,NA,NA,NA,NA,NA,NA
K674,Tartu linn,K674,Tartu linn,K674__Vabadussild__1,Vabadussild,43,1,187,FALSE,NA,NA,NA,34,59,FALSE
K674,Tartu linn,K674,Tartu linn,K674__Akvarelli__1,Akvarelli,38,1,188,FALSE,NA,NA,NA,38,48,FALSE
K674,Tartu linn,K674,Tartu linn,K674__Alevi__1,Alevi,34,1,189,FALSE,NA,NA,NA,14,94,FALSE
K674,Tartu linn,K674,Tartu linn,K674__Purde__1,Purde,34,1,190,FALSE,NA,NA,NA,NA,NA,NA
K674,Tartu linn,K674,Tartu linn,K674__Ringtee II__1,Ringtee II,34,1,191,FALSE,NA,NA,NA,NA,NA,NA
K674,Tartu linn,K674,Tartu linn,K674__Kaubajaam__1,Kaubajaam,33,1,192,FALSE,NA,NA,NA,NA,NA,NA
K674,Tartu linn,K674,Tartu linn,K674__Kesk kaar__1,Kesk kaar,33,1,193,FALSE,NA,NA,NA,NA,NA,NA
K674,Tartu linn,K674,Tartu linn,K674__Lammi ring__1,Lammi ring,33,1,194,FALSE,NA,NA,NA,NA,NA,NA
K674,Tartu linn,K674,Tartu linn,K674__Lille__1,Lille,33,1,195,FALSE,NA,NA,NA,NA,NA,NA
K674,Tartu linn,K674,Tartu linn,K674__Polikliiniku__1,Polikliiniku,33,1,196,FALSE,NA,NA,NA,NA,NA,NA
K674,Tartu linn,K674,Tartu linn,K674__Tartu Maja I__1,Tartu Maja I,33,1,197,FALSE,NA,NA,NA,33,68,FALSE
K674,Tartu linn,K674,Tartu linn,K674__Käo__1,Käo,32,1,198,FALSE,NA,NA,NA,NA,NA,NA
K674,Tartu linn,K674,Tartu linn,K674__Raudtee IV__1,Raudtee IV,32,1,199,FALSE,NA,NA,NA,NA,NA,NA
K674,Tartu linn,K674,Tartu linn,K674__Televisiooni__1,Televisiooni,32,1,200,FALSE,NA,NA,NA,NA,NA,NA
K674,Tartu linn,K674,Tartu linn,K674__Lemmatsi__1,Lemmatsi,31,1,201,FALSE,NA,NA,NA,NA,NA,NA
K674,Tartu linn,K674,Tartu linn,K674__Raudtee I__1,Raudtee I,31,1,202,FALSE,NA,NA,NA,NA,NA,NA
K674,Tartu linn,K674,Tartu linn,K674__Soinaste III__1,Soinaste III,31,1,203,FALSE,NA,NA,NA,NA,NA,NA
K674,Tartu linn,K674,Tartu linn,K674__Tartu Maja II__1,Tartu Maja II,31,1,204,FALSE,NA,NA,NA,NA,NA,NA
K674,Tartu linn,K674,Tartu linn,K674__Külmhoone__1,Külmhoone,30,1,205,FALSE,NA,NA,NA,NA,NA,NA
K674,Tartu linn,K674,Tartu linn,K674__Lammi ring__2,Lammi ring,30,1,206,FALSE,NA,NA,NA,NA,NA,NA
K674,Tartu linn,K674,Tartu linn,K674__Riia__1,Riia,30,1,207,FALSE,NA,NA,NA,NA,NA,NA
K674,Tartu linn,K674,Tartu linn,K674__Tartu__1,Tartu,28,2,208,FALSE,NA,NA,NA,11,109,FALSE
K674,Tartu linn,K674,Tartu linn,K674__Liiva__1,Liiva,27,1,209,FALSE,NA,NA,NA,NA,NA,NA
K674,Tartu linn,K674,Tartu linn,K674__Eesti Rahva Muuseum__1,Eesti Rahva Muuseum,26,2,210,FALSE,NA,NA,NA,NA,NA,NA
K674,Tartu linn,K674,Tartu linn,K674__Hotell Sophia__1,Hotell Sophia,15,1,211,FALSE,NA,NA,NA,NA,NA,NA
K674,Tartu linn,K674,Tartu linn,K674__Lehe__1,Lehe,9,2,212,FALSE,NA,NA,NA,NA,NA,NA
K674,Tartu linn,K674,Tartu linn,K674__Tüve__1,Tüve,9,2,213,FALSE,NA,NA,NA,NA,NA,NA
K674,Tartu linn,K674,Tartu linn,K674__Aardla__2,Aardla,8,2,214,FALSE,NA,NA,NA,4,117,FALSE
K674,Tartu linn,K674,Tartu linn,K674__Luha__1,Luha,8,1,215,FALSE,NA,NA,NA,NA,NA,NA
K674,Tartu linn,K674,Tartu linn,K674__Raudteejaam IV__1,Raudteejaam IV,7,1,216,FALSE,NA,NA,NA,NA,NA,NA
K674,Tartu linn,K674,Tartu linn,K674__Kirsi__1,Kirsi,4,2,217,FALSE,NA,NA,NA,2,121,FALSE
K674,Tartu linn,K674,Tartu linn,K674__Raudteejaam III__1,Raudteejaam III,2,1,218,FALSE,NA,NA,NA,2,123,FALSE
K674,Tartu linn,K674,Tartu linn,K674__Kesklinn__1,Kesklinn,1,1,219,FALSE,NA,NA,NA,1,127,FALSE
K674,Tartu linn,K674,Tartu linn,K674__Sõbra__1,Sõbra,1,1,220,FALSE,NA,NA,NA,NA,NA,NA
K675,Tarva,K663,Tallinn,K675__Tarva__1,Tarva,5,2,1,TRUE,NA,NA,NA,NA,NA,NA
K675,Tarva,K663,Tallinn,K675__Veltsa__1,Veltsa,5,2,2,FALSE,NA,NA,NA,NA,NA,NA
K676,Teenuse,K663,Tallinn,K676__Teenuse__1,Teenuse,6,4,1,TRUE,NA,NA,NA,NA,NA,NA
K676,Teenuse,K663,Tallinn,K676__Käki__1,Käki,4,2,2,FALSE,NA,NA,NA,NA,NA,NA
K676,Teenuse,K663,Tallinn,K676__Luiste__1,Luiste,4,2,3,FALSE,NA,NA,NA,NA,NA,NA
K676,Teenuse,K663,Tallinn,K676__Pokuti oja__1,Pokuti oja,4,2,4,FALSE,NA,NA,NA,NA,NA,NA
K677,Tihemetsa,K531,Pärnu linn,K677__Tihemetsa__1,Tihemetsa,28,2,1,TRUE,10,1,TRUE,NA,NA,NA
K677,Tihemetsa,K531,Pärnu linn,K677__Allikukivi__1,Allikukivi,24,2,2,FALSE,8,2,FALSE,NA,NA,NA
K677,Tihemetsa,K531,Pärnu linn,K677__Riitsaare__1,Riitsaare,12,2,3,FALSE,5,3,FALSE,NA,NA,NA
K677,Tihemetsa,K531,Pärnu linn,K677__Paisjärve__1,Paisjärve,5,2,4,FALSE,1,9,FALSE,NA,NA,NA
K677,Tihemetsa,K531,Pärnu linn,K677__Punapargi__1,Punapargi,5,1,5,FALSE,1,10,FALSE,NA,NA,NA
K677,Tihemetsa,K531,Pärnu linn,K677__Alva__1,Alva,3,2,6,FALSE,1,4,FALSE,NA,NA,NA
K677,Tihemetsa,K531,Pärnu linn,K677__Jutuse__1,Jutuse,3,2,7,FALSE,1,5,FALSE,NA,NA,NA
K677,Tihemetsa,K531,Pärnu linn,K677__Kärsu__1,Kärsu,3,2,8,FALSE,1,6,FALSE,NA,NA,NA
K677,Tihemetsa,K531,Pärnu linn,K677__Lauri__1,Lauri,3,2,9,FALSE,1,7,FALSE,NA,NA,NA
K677,Tihemetsa,K531,Pärnu linn,K677__Liivanurme__1,Liivanurme,3,2,10,FALSE,1,8,FALSE,NA,NA,NA
K678,Tiirimetsa,K270,Kuressaare linn,K678__Alliku__1,Alliku,7,2,1,TRUE,4,1,TRUE,NA,NA,NA
K678,Tiirimetsa,K270,Kuressaare linn,K678__Lõmala__1,Lõmala,7,2,2,FALSE,4,2,FALSE,NA,NA,NA
K678,Tiirimetsa,K270,Kuressaare linn,K678__Metsalõuka__1,Metsalõuka,7,2,3,FALSE,4,3,FALSE,NA,NA,NA
K678,Tiirimetsa,K270,Kuressaare linn,K678__Rehemäe__1,Rehemäe,7,2,4,FALSE,4,4,FALSE,NA,NA,NA
K678,Tiirimetsa,K270,Kuressaare linn,K678__Tiirimetsa__1,Tiirimetsa,7,2,5,FALSE,4,5,FALSE,NA,NA,NA
K678,Tiirimetsa,K270,Kuressaare linn,K678__Toomalõuka__1,Toomalõuka,7,2,6,FALSE,4,6,FALSE,NA,NA,NA
K678,Tiirimetsa,K270,Kuressaare linn,K678__Tiirimetsa tee__1,Tiirimetsa tee,4,1,7,FALSE,1,7,FALSE,NA,NA,NA
K680,Toila,K118,Jõhvi linn,K680__Kõrve__1,Kõrve,79,4,1,TRUE,50,1,TRUE,NA,NA,NA
K680,Toila,K118,Jõhvi linn,K680__Meretare__1,Meretare,21,3,2,FALSE,21,2,FALSE,NA,NA,NA
K680,Toila,K118,Jõhvi linn,K680__Ranna tänav__1,Ranna tänav,21,2,3,FALSE,21,3,FALSE,NA,NA,NA
K680,Toila,K118,Jõhvi linn,K680__Toila kauplus__1,Toila kauplus,21,2,4,FALSE,21,4,FALSE,NA,NA,NA
K680,Toila,K118,Jõhvi linn,K680__Toila oru park__1,Toila oru park,21,1,5,FALSE,21,5,FALSE,NA,NA,NA
K680,Toila,K118,Jõhvi linn,K680__Toila sanatoorium__1,Toila sanatoorium,21,2,6,FALSE,21,6,FALSE,NA,NA,NA
K680,Toila,K118,Jõhvi linn,K680__Altküla__1,Altküla,19,2,7,FALSE,19,7,FALSE,NA,NA,NA
K680,Toila,K118,Jõhvi linn,K680__Metsamägara__1,Metsamägara,19,2,8,FALSE,19,8,FALSE,NA,NA,NA
K680,Toila,K118,Jõhvi linn,K680__Pühajõe__1,Pühajõe,18,2,9,FALSE,18,9,FALSE,NA,NA,NA
K680,Toila,K118,Jõhvi linn,K680__Pühajõe kalmistu__1,Pühajõe kalmistu,18,2,10,FALSE,18,10,FALSE,NA,NA,NA
K680,Toila,K118,Jõhvi linn,K680__Laura__1,Laura,5,2,11,FALSE,5,11,FALSE,NA,NA,NA
K680,Toila,K118,Jõhvi linn,K680__Martsa__1,Martsa,5,2,12,FALSE,5,12,FALSE,NA,NA,NA
K681,Tootsi alev,K531,Pärnu linn,K681__Tootsi__1,Tootsi,24,1,1,TRUE,10,1,TRUE,NA,NA,NA
K681,Tootsi alev,K531,Pärnu linn,K681__Tootsi raudteejaam__1,Tootsi raudteejaam,24,2,2,FALSE,10,2,FALSE,NA,NA,NA
K681,Tootsi alev,K531,Pärnu linn,K681__Metsa__1,Metsa,18,2,3,FALSE,7,3,FALSE,NA,NA,NA
K682,Topu,K061,Haapsalu linn,K682__Mäeküla__1,Mäeküla,4,2,1,TRUE,4,1,TRUE,NA,NA,NA
K682,Topu,K061,Haapsalu linn,K682__Pusku__1,Pusku,4,2,2,FALSE,4,2,FALSE,NA,NA,NA
K683,Tori,K531,Pärnu linn,K683__Tori__1,Tori,43,1,1,TRUE,20,1,TRUE,NA,NA,NA
K683,Tori,K531,Pärnu linn,K683__Taali__1,Taali,32,2,2,FALSE,16,2,FALSE,NA,NA,NA
K683,Tori,K531,Pärnu linn,K683__Tori kool__1,Tori kool,28,2,3,FALSE,14,3,FALSE,NA,NA,NA
K683,Tori,K531,Pärnu linn,K683__Randivälja__1,Randivälja,24,2,4,FALSE,12,4,FALSE,NA,NA,NA
K683,Tori,K531,Pärnu linn,K683__Henriku__1,Henriku,22,2,5,FALSE,11,5,FALSE,NA,NA,NA
K683,Tori,K531,Pärnu linn,K683__Kurina__1,Kurina,22,2,6,FALSE,11,6,FALSE,NA,NA,NA
K683,Tori,K531,Pärnu linn,K683__Urumarja__1,Urumarja,22,2,7,FALSE,11,7,FALSE,NA,NA,NA
K683,Tori,K531,Pärnu linn,K683__Kõrsa__1,Kõrsa,10,1,8,FALSE,NA,NA,NA,NA,NA,NA
K683,Tori,K531,Pärnu linn,K683__Tori sirge__1,Tori sirge,4,2,9,FALSE,2,8,FALSE,NA,NA,NA
K684,Torma,K663,Tallinn,K684__Torma__1,Torma,28,3,1,TRUE,NA,NA,NA,NA,NA,NA
K684,Torma,K663,Tallinn,K684__Võidivere__1,Võidivere,26,2,2,FALSE,NA,NA,NA,NA,NA,NA
K684,Torma,K663,Tallinn,K684__Lullikatku__1,Lullikatku,22,2,3,FALSE,NA,NA,NA,NA,NA,NA
K684,Torma,K663,Tallinn,K684__Jõemetsa__1,Jõemetsa,20,2,4,FALSE,NA,NA,NA,NA,NA,NA
K684,Torma,K663,Tallinn,K684__Kõnnu__1,Kõnnu,20,2,5,FALSE,NA,NA,NA,NA,NA,NA
K684,Torma,K663,Tallinn,K684__Vanamõisa__1,Vanamõisa,6,2,6,FALSE,NA,NA,NA,NA,NA,NA
K684,Torma,K663,Tallinn,K684__Torma rahvamaja__1,Torma rahvamaja,4,2,7,FALSE,NA,NA,NA,NA,NA,NA
K684,Torma,K663,Tallinn,K684__Torma kalmistu__1,Torma kalmistu,2,1,8,FALSE,NA,NA,NA,NA,NA,NA
K685,Tornimäe,K270,Kuressaare linn,K685__Tornimäe__1,Tornimäe,8,2,1,TRUE,3,1,TRUE,NA,NA,NA
K685,Tornimäe,K270,Kuressaare linn,K685__Uuemõisa__1,Uuemõisa,7,2,2,FALSE,3,2,FALSE,NA,NA,NA
K685,Tornimäe,K270,Kuressaare linn,K685__Mui__1,Mui,4,2,3,FALSE,2,3,FALSE,NA,NA,NA
K685,Tornimäe,K270,Kuressaare linn,K685__Nenu__1,Nenu,4,2,4,FALSE,2,4,FALSE,NA,NA,NA
K685,Tornimäe,K270,Kuressaare linn,K685__Neemi__1,Neemi,2,1,5,FALSE,NA,NA,NA,NA,NA,NA
K685,Tornimäe,K270,Kuressaare linn,K685__Unguma__1,Unguma,2,1,6,FALSE,NA,NA,NA,NA,NA,NA
K685,Tornimäe,K270,Kuressaare linn,K685__Välta__1,Välta,2,1,7,FALSE,NA,NA,NA,NA,NA,NA
K685,Tornimäe,K270,Kuressaare linn,K685__Reina__1,Reina,1,1,8,FALSE,NA,NA,NA,NA,NA,NA
K686,Treimani,K531,Pärnu linn,K686__Ikla__1,Ikla,18,2,1,TRUE,8,1,TRUE,NA,NA,NA
K686,Treimani,K531,Pärnu linn,K686__Krapi__1,Krapi,18,2,2,FALSE,8,2,FALSE,NA,NA,NA
K686,Treimani,K531,Pärnu linn,K686__Metsapoole__1,Metsapoole,18,2,3,FALSE,8,3,FALSE,NA,NA,NA
K686,Treimani,K531,Pärnu linn,K686__Orajõe__1,Orajõe,18,2,4,FALSE,8,4,FALSE,NA,NA,NA
K686,Treimani,K531,Pärnu linn,K686__Rannaküla__1,Rannaküla,18,2,5,FALSE,8,5,FALSE,NA,NA,NA
K686,Treimani,K531,Pärnu linn,K686__Selgemaa__1,Selgemaa,18,2,6,FALSE,8,6,FALSE,NA,NA,NA
K686,Treimani,K531,Pärnu linn,K686__Treimani__1,Treimani,18,2,7,FALSE,8,7,FALSE,NA,NA,NA
K686,Treimani,K531,Pärnu linn,K686__Ikla piiripunkt__1,Ikla piiripunkt,12,1,8,FALSE,5,8,FALSE,NA,NA,NA
K687,Triigi,K663,Tallinn,K687__Avispea__1,Avispea,9,2,1,TRUE,NA,NA,NA,NA,NA,NA
K687,Triigi,K663,Tallinn,K687__Eipri tee__1,Eipri tee,9,2,2,FALSE,NA,NA,NA,NA,NA,NA
K687,Triigi,K663,Tallinn,K687__Triigi__1,Triigi,9,2,3,FALSE,NA,NA,NA,NA,NA,NA
K687,Triigi,K663,Tallinn,K687__Uniküla__1,Uniküla,9,2,4,FALSE,NA,NA,NA,NA,NA,NA
K688,Tsiistre,K813,Võru linn,K688__Tsiistre__1,Tsiistre,4,2,1,TRUE,3,3,FALSE,NA,NA,NA
K688,Tsiistre,K813,Võru linn,K688__Kärinä__1,Kärinä,3,2,2,FALSE,3,1,TRUE,NA,NA,NA
K688,Tsiistre,K813,Võru linn,K688__Remmeski__1,Remmeski,3,2,3,FALSE,3,2,FALSE,NA,NA,NA
K688,Tsiistre,K813,Võru linn,K688__Hürsi__1,Hürsi,2,2,4,FALSE,2,4,FALSE,NA,NA,NA
K688,Tsiistre,K813,Võru linn,K688__Õunaaia__1,Õunaaia,2,2,5,FALSE,2,5,FALSE,NA,NA,NA
K689,Tsirguliina,K740,Valga linn,K689__Tsirguliina__1,Tsirguliina,20,2,1,TRUE,10,1,TRUE,NA,NA,NA
K689,Tsirguliina,K740,Valga linn,K689__Tõlliste__1,Tõlliste,20,2,2,FALSE,10,2,FALSE,NA,NA,NA
K689,Tsirguliina,K740,Valga linn,K689__Rampe__1,Rampe,17,2,3,FALSE,9,3,FALSE,NA,NA,NA
K689,Tsirguliina,K740,Valga linn,K689__Nõude__1,Nõude,10,2,4,FALSE,4,5,FALSE,NA,NA,NA
K689,Tsirguliina,K740,Valga linn,K689__Tõlliste tee__1,Tõlliste tee,10,2,5,FALSE,6,4,FALSE,NA,NA,NA
K689,Tsirguliina,K740,Valga linn,K689__Sangaste__1,Sangaste,8,2,6,FALSE,4,6,FALSE,NA,NA,NA
K689,Tsirguliina,K740,Valga linn,K689__Haru__1,Haru,6,2,7,FALSE,3,7,FALSE,NA,NA,NA
K689,Tsirguliina,K740,Valga linn,K689__Kaku__1,Kaku,6,2,8,FALSE,3,8,FALSE,NA,NA,NA
K689,Tsirguliina,K740,Valga linn,K689__Nutu__1,Nutu,6,2,9,FALSE,3,9,FALSE,NA,NA,NA
K689,Tsirguliina,K740,Valga linn,K689__Kahuski__1,Kahuski,3,1,10,FALSE,2,10,FALSE,NA,NA,NA
K689,Tsirguliina,K740,Valga linn,K689__Plintsi__1,Plintsi,3,2,11,FALSE,2,11,FALSE,NA,NA,NA
K689,Tsirguliina,K740,Valga linn,K689__Uniküla tee__1,Uniküla tee,3,2,12,FALSE,2,12,FALSE,NA,NA,NA
K689,Tsirguliina,K740,Valga linn,K689__Laatre kalmistu__1,Laatre kalmistu,1,1,13,FALSE,NA,NA,NA,NA,NA,NA
K689,Tsirguliina,K740,Valga linn,K689__Teeotsa__1,Teeotsa,1,1,14,FALSE,NA,NA,NA,NA,NA,NA
K690,Tsolgo,K813,Võru linn,K690__Paidra__1,Paidra,9,3,1,TRUE,5,1,TRUE,NA,NA,NA
K690,Tsolgo,K813,Võru linn,K690__Kannu__1,Kannu,5,2,2,FALSE,4,2,FALSE,NA,NA,NA
K690,Tsolgo,K813,Võru linn,K690__Tsolgo__1,Tsolgo,5,2,3,FALSE,4,3,FALSE,NA,NA,NA
K690,Tsolgo,K813,Võru linn,K690__Tsolgo kool__1,Tsolgo kool,5,2,4,FALSE,4,4,FALSE,NA,NA,NA
K690,Tsolgo,K813,Võru linn,K690__Lauga__1,Lauga,3,2,5,FALSE,2,5,FALSE,NA,NA,NA
K690,Tsolgo,K813,Võru linn,K690__Piiri__1,Piiri,2,2,6,FALSE,2,6,FALSE,NA,NA,NA
K690,Tsolgo,K813,Võru linn,K690__Paidra põik__1,Paidra põik,1,1,7,FALSE,1,7,FALSE,NA,NA,NA
K690,Tsolgo,K813,Võru linn,K690__Pera__1,Pera,1,1,8,FALSE,1,8,FALSE,NA,NA,NA
K691,Tsooru,K813,Võru linn,K691__Tsooru__1,Tsooru,9,2,1,TRUE,6,1,TRUE,NA,NA,NA
K691,Tsooru,K813,Võru linn,K691__Litsmetsa__1,Litsmetsa,6,2,2,FALSE,5,2,FALSE,NA,NA,NA
K691,Tsooru,K813,Võru linn,K691__Lepistu__1,Lepistu,5,2,3,FALSE,2,4,FALSE,NA,NA,NA
K691,Tsooru,K813,Võru linn,K691__Mustamäe__1,Mustamäe,5,2,4,FALSE,2,5,FALSE,NA,NA,NA
K691,Tsooru,K813,Võru linn,K691__Roosiku__1,Roosiku,5,2,5,FALSE,2,6,FALSE,NA,NA,NA
K691,Tsooru,K813,Võru linn,K691__Viirapalu__1,Viirapalu,4,2,6,FALSE,4,3,FALSE,NA,NA,NA
K691,Tsooru,K813,Võru linn,K691__Kikkaoja__1,Kikkaoja,3,2,7,FALSE,1,7,FALSE,NA,NA,NA
K691,Tsooru,K813,Võru linn,K691__Lalli__1,Lalli,3,2,8,FALSE,1,8,FALSE,NA,NA,NA
K691,Tsooru,K813,Võru linn,K691__Pulsti__1,Pulsti,3,2,9,FALSE,1,9,FALSE,NA,NA,NA
K692,Tubala-Nõmba,K292,Kärdla linn,K692__Nõmba__1,Nõmba,17,2,1,TRUE,10,1,TRUE,NA,NA,NA
K692,Tubala-Nõmba,K292,Kärdla linn,K692__Tubala__1,Tubala,17,2,2,FALSE,10,2,FALSE,NA,NA,NA
K692,Tubala-Nõmba,K292,Kärdla linn,K692__Kalmu__1,Kalmu,15,2,3,FALSE,9,3,FALSE,NA,NA,NA
K692,Tubala-Nõmba,K292,Kärdla linn,K692__Tammela teerist__1,Tammela teerist,15,2,4,FALSE,9,4,FALSE,NA,NA,NA
K692,Tubala-Nõmba,K292,Kärdla linn,K692__Prähla__1,Prähla,14,2,5,FALSE,8,5,FALSE,NA,NA,NA
K692,Tubala-Nõmba,K292,Kärdla linn,K692__Kroogi__1,Kroogi,11,2,6,FALSE,6,6,FALSE,NA,NA,NA
K693,Tudu,K545,Rakvere linn,K693__Anguse__1,Anguse,4,2,1,TRUE,2,1,TRUE,NA,NA,NA
K693,Tudu,K545,Rakvere linn,K693__Kiviranna__1,Kiviranna,4,2,2,FALSE,2,2,FALSE,NA,NA,NA
K693,Tudu,K545,Rakvere linn,K693__Metsa-Udriku__1,Metsa-Udriku,4,2,3,FALSE,2,3,FALSE,NA,NA,NA
K693,Tudu,K545,Rakvere linn,K693__Palasi__1,Palasi,4,2,4,FALSE,2,4,FALSE,NA,NA,NA
K693,Tudu,K545,Rakvere linn,K693__Seljamäe tee__1,Seljamäe tee,4,2,5,FALSE,2,5,FALSE,NA,NA,NA
K693,Tudu,K545,Rakvere linn,K693__Tudu__1,Tudu,4,2,6,FALSE,2,6,FALSE,NA,NA,NA
K693,Tudu,K545,Rakvere linn,K693__Kaukvere__1,Kaukvere,2,2,7,FALSE,1,7,FALSE,NA,NA,NA
K694,Tudulinna,K663,Tallinn,K694__Tudulinna__1,Tudulinna,12,2,1,TRUE,NA,NA,NA,NA,NA,NA
K694,Tudulinna,K663,Tallinn,K694__Metsküla__1,Metsküla,10,2,2,FALSE,NA,NA,NA,NA,NA,NA
K694,Tudulinna,K663,Tallinn,K694__Pikati__1,Pikati,10,2,3,FALSE,NA,NA,NA,NA,NA,NA
K694,Tudulinna,K663,Tallinn,K694__Tagasilla__1,Tagasilla,10,2,4,FALSE,NA,NA,NA,NA,NA,NA
K694,Tudulinna,K663,Tallinn,K694__Tudulinna kalmistu__1,Tudulinna kalmistu,10,2,5,FALSE,NA,NA,NA,NA,NA,NA
K694,Tudulinna,K663,Tallinn,K694__Linnamäe__1,Linnamäe,8,2,6,FALSE,NA,NA,NA,NA,NA,NA
K694,Tudulinna,K663,Tallinn,K694__Pikkoja__1,Pikkoja,8,2,7,FALSE,NA,NA,NA,NA,NA,NA
K694,Tudulinna,K663,Tallinn,K694__Vahtra__1,Vahtra,8,2,8,FALSE,NA,NA,NA,NA,NA,NA
K694,Tudulinna,K663,Tallinn,K694__Sahargu__1,Sahargu,4,2,9,FALSE,NA,NA,NA,NA,NA,NA
K694,Tudulinna,K663,Tallinn,K694__Ülejõe (perspektiivne)__1,Ülejõe (perspektiivne),4,2,10,FALSE,NA,NA,NA,NA,NA,NA
K694,Tudulinna,K663,Tallinn,K694__Kruusoja__1,Kruusoja,2,2,11,FALSE,NA,NA,NA,NA,NA,NA
K694,Tudulinna,K663,Tallinn,K694__Rootsi__1,Rootsi,2,1,12,FALSE,NA,NA,NA,NA,NA,NA
K694,Tudulinna,K663,Tallinn,K694__Tänavaotsa__1,Tänavaotsa,2,1,13,FALSE,NA,NA,NA,NA,NA,NA
K695,Tuhalaane,K789,Viljandi linn,K695__Morna mõis__1,Morna mõis,13,2,1,TRUE,7,1,TRUE,NA,NA,NA
K695,Tuhalaane,K789,Viljandi linn,K695__Muri__1,Muri,13,2,2,FALSE,7,2,FALSE,NA,NA,NA
K695,Tuhalaane,K789,Viljandi linn,K695__Vidva__1,Vidva,13,2,3,FALSE,7,3,FALSE,NA,NA,NA
K695,Tuhalaane,K789,Viljandi linn,K695__Õisu tee__1,Õisu tee,13,2,4,FALSE,7,4,FALSE,NA,NA,NA
K695,Tuhalaane,K789,Viljandi linn,K695__Ahimäe__1,Ahimäe,9,2,5,FALSE,NA,NA,NA,NA,NA,NA
K695,Tuhalaane,K789,Viljandi linn,K695__Liivaku__1,Liivaku,5,2,6,FALSE,2,6,FALSE,NA,NA,NA
K695,Tuhalaane,K789,Viljandi linn,K695__Metsavahi__1,Metsavahi,5,2,7,FALSE,2,7,FALSE,NA,NA,NA
K695,Tuhalaane,K789,Viljandi linn,K695__Morna__1,Morna,5,2,8,FALSE,2,8,FALSE,NA,NA,NA
K695,Tuhalaane,K789,Viljandi linn,K695__Nõmmaru__1,Nõmmaru,5,2,9,FALSE,2,9,FALSE,NA,NA,NA
K695,Tuhalaane,K789,Viljandi linn,K695__Suuga__1,Suuga,5,2,10,FALSE,2,10,FALSE,NA,NA,NA
K695,Tuhalaane,K789,Viljandi linn,K695__Tuhalaane__1,Tuhalaane,5,2,11,FALSE,2,11,FALSE,NA,NA,NA
K695,Tuhalaane,K789,Viljandi linn,K695__Uue__1,Uue,5,2,12,FALSE,2,12,FALSE,NA,NA,NA
K695,Tuhalaane,K789,Viljandi linn,K695__Vardja__1,Vardja,5,2,13,FALSE,2,13,FALSE,NA,NA,NA
K695,Tuhalaane,K789,Viljandi linn,K695__Kukese__1,Kukese,4,2,14,FALSE,2,5,FALSE,NA,NA,NA
K696,Turba,K663,Tallinn,K696__Turba__2,Turba,32,2,1,TRUE,16,1,TRUE,NA,NA,NA
K696,Turba,K663,Tallinn,K696__Turba__1,Turba,31,2,2,FALSE,11,2,FALSE,NA,NA,NA
K696,Turba,K663,Tallinn,K696__Ellamaa__1,Ellamaa,17,2,3,FALSE,7,3,FALSE,NA,NA,NA
K696,Turba,K663,Tallinn,K696__Ees-Lehetu__1,Ees-Lehetu,14,2,4,FALSE,2,6,FALSE,NA,NA,NA
K696,Turba,K663,Tallinn,K696__Lehetu__1,Lehetu,14,1,5,FALSE,2,7,FALSE,NA,NA,NA
K696,Turba,K663,Tallinn,K696__Turba jaam__1,Turba jaam,14,2,6,FALSE,2,8,FALSE,NA,NA,NA
K696,Turba,K663,Tallinn,K696__Turba kauplus__1,Turba kauplus,14,2,7,FALSE,2,9,FALSE,NA,NA,NA
K696,Turba,K663,Tallinn,K696__Kivitammi__1,Kivitammi,11,2,8,FALSE,3,5,FALSE,NA,NA,NA
K696,Turba,K663,Tallinn,K696__Rehemäe__1,Rehemäe,11,2,9,FALSE,5,4,FALSE,NA,NA,NA
K696,Turba,K663,Tallinn,K696__Antsuküla__1,Antsuküla,10,1,10,FALSE,NA,NA,NA,NA,NA,NA
K696,Turba,K663,Tallinn,K696__Alema__1,Alema,6,2,11,FALSE,NA,NA,NA,NA,NA,NA
K696,Turba,K663,Tallinn,K696__Nurme__1,Nurme,6,2,12,FALSE,NA,NA,NA,NA,NA,NA
K696,Turba,K663,Tallinn,K696__Varese__1,Varese,6,2,13,FALSE,NA,NA,NA,NA,NA,NA
K696,Turba,K663,Tallinn,K696__Veesilma__1,Veesilma,6,2,14,FALSE,NA,NA,NA,NA,NA,NA
K696,Turba,K663,Tallinn,K696__Riiaküla__1,Riiaküla,4,2,15,FALSE,1,10,FALSE,NA,NA,NA
K697,Tutermaa,K663,Tallinn,K697__Künka__1,Künka,85,2,1,TRUE,43,1,TRUE,NA,NA,NA
K697,Tutermaa,K663,Tallinn,K697__Tutermaa__1,Tutermaa,85,2,2,FALSE,43,2,FALSE,NA,NA,NA
K698,Tuudi,K663,Tallinn,K698__Tuudi__1,Tuudi,26,2,1,TRUE,2,1,TRUE,NA,NA,NA
K698,Tuudi,K663,Tallinn,K698__Nurme__1,Nurme,21,2,2,FALSE,NA,NA,NA,NA,NA,NA
K698,Tuudi,K663,Tallinn,K698__Vagivere__1,Vagivere,19,2,3,FALSE,NA,NA,NA,NA,NA,NA
K698,Tuudi,K663,Tallinn,K698__Meelva tee__1,Meelva tee,2,2,4,FALSE,NA,NA,NA,NA,NA,NA
K699,Tõhela,K531,Pärnu linn,K699__Jaanimardi__1,Jaanimardi,6,2,1,TRUE,1,1,TRUE,NA,NA,NA
K699,Tõhela,K531,Pärnu linn,K699__Kiraste__1,Kiraste,6,1,2,FALSE,1,2,FALSE,NA,NA,NA
K699,Tõhela,K531,Pärnu linn,K699__Köössa__1,Köössa,5,2,3,FALSE,1,3,FALSE,NA,NA,NA
K699,Tõhela,K531,Pärnu linn,K699__Savitoa__1,Savitoa,5,2,4,FALSE,1,4,FALSE,NA,NA,NA
K699,Tõhela,K531,Pärnu linn,K699__Tõhela__1,Tõhela,5,2,5,FALSE,1,5,FALSE,NA,NA,NA
K699,Tõhela,K531,Pärnu linn,K699__Tõhela rahvamaja__1,Tõhela rahvamaja,5,2,6,FALSE,1,6,FALSE,NA,NA,NA
K699,Tõhela,K531,Pärnu linn,K699__Alu__1,Alu,1,1,7,FALSE,NA,NA,NA,NA,NA,NA
K699,Tõhela,K531,Pärnu linn,K699__Küti__1,Küti,1,1,8,FALSE,NA,NA,NA,NA,NA,NA
K699,Tõhela,K531,Pärnu linn,K699__Tooma__1,Tooma,1,1,9,FALSE,NA,NA,NA,NA,NA,NA
K700,Tõlla,K531,Pärnu linn,K700__Jõõksu__1,Jõõksu,4,2,1,TRUE,1,1,TRUE,NA,NA,NA
K700,Tõlla,K531,Pärnu linn,K700__Tõlla__1,Tõlla,4,2,2,FALSE,1,3,FALSE,NA,NA,NA
K700,Tõlla,K531,Pärnu linn,K700__Risu__1,Risu,3,2,3,FALSE,1,2,FALSE,NA,NA,NA
K700,Tõlla,K531,Pärnu linn,K700__Vanausse__1,Vanausse,3,2,4,FALSE,1,4,FALSE,NA,NA,NA
K701,Tõnija,K270,Kuressaare linn,K701__Tõnija tee__1,Tõnija tee,12,2,1,TRUE,6,1,TRUE,NA,NA,NA
K701,Tõnija,K270,Kuressaare linn,K701__Kalli__1,Kalli,4,2,2,FALSE,2,2,FALSE,NA,NA,NA
K701,Tõnija,K270,Kuressaare linn,K701__Kogula (Valjala)__1,Kogula (Valjala),2,2,3,FALSE,1,3,FALSE,NA,NA,NA
K701,Tõnija,K270,Kuressaare linn,K701__Männiku__1,Männiku,2,2,4,FALSE,1,4,FALSE,NA,NA,NA
K701,Tõnija,K270,Kuressaare linn,K701__Tõnija__1,Tõnija,2,1,5,FALSE,1,5,FALSE,NA,NA,NA
K702,Tõravere,K674,Tartu linn,K702__Tõravere__1,Tõravere,59,2,1,TRUE,36,1,TRUE,NA,NA,NA
K702,Tõravere,K674,Tartu linn,K702__Vapramäe__1,Vapramäe,46,2,2,FALSE,28,2,FALSE,NA,NA,NA
K702,Tõravere,K674,Tartu linn,K702__Peedumäe__1,Peedumäe,31,2,3,FALSE,15,3,FALSE,NA,NA,NA
K702,Tõravere,K674,Tartu linn,K702__Vissi__1,Vissi,31,2,4,FALSE,15,4,FALSE,NA,NA,NA
K702,Tõravere,K674,Tartu linn,K702__Observatooriumi__1,Observatooriumi,3,1,5,FALSE,3,5,FALSE,NA,NA,NA
K703,Tõrva linn,K740,Valga linn,K703__Tõrva__1,Tõrva,44,3,1,TRUE,13,1,TRUE,NA,NA,NA
K703,Tõrva linn,K740,Valga linn,K703__Riiska__1,Riiska,16,1,2,FALSE,NA,NA,NA,NA,NA,NA
K703,Tõrva linn,K740,Valga linn,K703__Tikste__1,Tikste,12,1,3,FALSE,4,2,FALSE,NA,NA,NA
K703,Tõrva linn,K740,Valga linn,K703__Gümnaasium__1,Gümnaasium,5,1,4,FALSE,NA,NA,NA,NA,NA,NA
K704,Tõstamaa,K531,Pärnu linn,K704__Tõstamaa__1,Tõstamaa,28,2,1,TRUE,12,1,TRUE,NA,NA,NA
K704,Tõstamaa,K531,Pärnu linn,K704__Lootuse__1,Lootuse,19,2,2,FALSE,9,2,FALSE,NA,NA,NA
K704,Tõstamaa,K531,Pärnu linn,K704__Lõõba__1,Lõõba,19,2,3,FALSE,9,3,FALSE,NA,NA,NA
K704,Tõstamaa,K531,Pärnu linn,K704__Paju__1,Paju,19,2,4,FALSE,9,4,FALSE,NA,NA,NA
K704,Tõstamaa,K531,Pärnu linn,K704__Tõlli__1,Tõlli,19,2,5,FALSE,9,5,FALSE,NA,NA,NA
K704,Tõstamaa,K531,Pärnu linn,K704__Tõstamaa kool__1,Tõstamaa kool,12,2,6,FALSE,5,6,FALSE,NA,NA,NA
K704,Tõstamaa,K531,Pärnu linn,K704__Ermistu__1,Ermistu,9,2,7,FALSE,3,10,FALSE,NA,NA,NA
K704,Tõstamaa,K531,Pärnu linn,K704__Lepaspää__1,Lepaspää,9,2,8,FALSE,3,12,FALSE,NA,NA,NA
K704,Tõstamaa,K531,Pärnu linn,K704__Metsniku__1,Metsniku,9,2,9,FALSE,3,13,FALSE,NA,NA,NA
K704,Tõstamaa,K531,Pärnu linn,K704__Värati__1,Värati,9,1,10,FALSE,5,7,FALSE,NA,NA,NA
K704,Tõstamaa,K531,Pärnu linn,K704__Nooruse__1,Nooruse,8,2,11,FALSE,4,8,FALSE,NA,NA,NA
K704,Tõstamaa,K531,Pärnu linn,K704__Nurmiste__1,Nurmiste,8,2,12,FALSE,4,9,FALSE,NA,NA,NA
K704,Tõstamaa,K531,Pärnu linn,K704__Harjase__1,Harjase,6,2,13,FALSE,3,11,FALSE,NA,NA,NA
K704,Tõstamaa,K531,Pärnu linn,K704__Laagitsa__1,Laagitsa,5,2,14,FALSE,1,14,FALSE,NA,NA,NA
K704,Tõstamaa,K531,Pärnu linn,K704__Laagna__1,Laagna,5,2,15,FALSE,1,15,FALSE,NA,NA,NA
K704,Tõstamaa,K531,Pärnu linn,K704__Alu tee__1,Alu tee,2,1,16,FALSE,NA,NA,NA,NA,NA,NA
K705,Tänassilma,K789,Viljandi linn,K705__Kalmetu__1,Kalmetu,35,2,1,TRUE,23,1,TRUE,NA,NA,NA
K705,Tänassilma,K789,Viljandi linn,K705__Kalmetu kool__1,Kalmetu kool,27,2,2,FALSE,19,2,FALSE,NA,NA,NA
K705,Tänassilma,K789,Viljandi linn,K705__Tänassilma__1,Tänassilma,25,2,3,FALSE,18,3,FALSE,NA,NA,NA
K705,Tänassilma,K789,Viljandi linn,K705__Valma teerist__1,Valma teerist,25,2,4,FALSE,16,4,FALSE,NA,NA,NA
K705,Tänassilma,K789,Viljandi linn,K705__Risti__1,Risti,21,2,5,FALSE,14,5,FALSE,NA,NA,NA
K705,Tänassilma,K789,Viljandi linn,K705__Kõõru__1,Kõõru,15,2,6,FALSE,13,6,FALSE,NA,NA,NA
K705,Tänassilma,K789,Viljandi linn,K705__Mähma__1,Mähma,15,2,7,FALSE,13,7,FALSE,NA,NA,NA
K705,Tänassilma,K789,Viljandi linn,K705__Tõnuküla__1,Tõnuküla,15,2,8,FALSE,13,8,FALSE,NA,NA,NA
K705,Tänassilma,K789,Viljandi linn,K705__Rebaste__1,Rebaste,11,2,9,FALSE,9,9,FALSE,NA,NA,NA
K705,Tänassilma,K789,Viljandi linn,K705__Kivisaare__1,Kivisaare,6,2,10,FALSE,5,10,FALSE,NA,NA,NA
K705,Tänassilma,K789,Viljandi linn,K705__Tammekõrkja__1,Tammekõrkja,6,2,11,FALSE,5,11,FALSE,NA,NA,NA
K705,Tänassilma,K789,Viljandi linn,K705__Valma__1,Valma,6,1,12,FALSE,5,12,FALSE,NA,NA,NA
K705,Tänassilma,K789,Viljandi linn,K705__Valma tee__1,Valma tee,6,2,13,FALSE,5,13,FALSE,NA,NA,NA
K706,Tärivere,K118,Jõhvi linn,K706__Tammetaguse__1,Tammetaguse,7,1,1,TRUE,NA,NA,NA,NA,NA,NA
K707,Tääksi,K789,Viljandi linn,K707__Võivaku__1,Võivaku,23,4,1,TRUE,14,1,TRUE,NA,NA,NA
K707,Tääksi,K789,Viljandi linn,K707__Võhmaküla__1,Võhmaküla,15,2,2,FALSE,7,2,FALSE,NA,NA,NA
K707,Tääksi,K789,Viljandi linn,K707__Karu__1,Karu,9,2,3,FALSE,6,3,FALSE,NA,NA,NA
K707,Tääksi,K789,Viljandi linn,K707__Tääksi__1,Tääksi,9,2,4,FALSE,6,4,FALSE,NA,NA,NA
K707,Tääksi,K789,Viljandi linn,K707__Aimla__1,Aimla,6,2,5,FALSE,5,5,FALSE,NA,NA,NA
K707,Tääksi,K789,Viljandi linn,K707__Kuhjavere__1,Kuhjavere,6,2,6,FALSE,5,6,FALSE,NA,NA,NA
K707,Tääksi,K789,Viljandi linn,K707__Kuusiku__1,Kuusiku,6,2,7,FALSE,5,7,FALSE,NA,NA,NA
K707,Tääksi,K789,Viljandi linn,K707__Liiva__1,Liiva,6,2,8,FALSE,5,8,FALSE,NA,NA,NA
K707,Tääksi,K789,Viljandi linn,K707__Pani__1,Pani,6,2,9,FALSE,5,9,FALSE,NA,NA,NA
K707,Tääksi,K789,Viljandi linn,K707__Raestiku__1,Raestiku,6,2,10,FALSE,5,10,FALSE,NA,NA,NA
K707,Tääksi,K789,Viljandi linn,K707__Ässa__1,Ässa,6,2,11,FALSE,5,11,FALSE,NA,NA,NA
K707,Tääksi,K789,Viljandi linn,K707__Ülde__1,Ülde,6,2,12,FALSE,5,12,FALSE,NA,NA,NA
K708,Türi,K709,Türi linn,K708__Särevere__1,Särevere,74,2,1,TRUE,40,1,TRUE,NA,NA,NA
K708,Türi,K709,Türi linn,K708__Türi-Alliku__1,Türi-Alliku,61,2,2,FALSE,31,2,FALSE,NA,NA,NA
K708,Türi,K709,Türi linn,K708__Kooli__1,Kooli,39,1,3,FALSE,20,3,FALSE,NA,NA,NA
K708,Türi,K709,Türi linn,K708__Änari tee__1,Änari tee,8,2,4,FALSE,5,4,FALSE,NA,NA,NA
K708,Türi,K709,Türi linn,K708__Looritsa__1,Looritsa,4,2,5,FALSE,3,5,FALSE,NA,NA,NA
K709,Türi linn,K709,Türi linn,K709__Türi bussijaam__1,Türi bussijaam,75,1,1,TRUE,NA,NA,NA,64,1,TRUE
K709,Türi linn,K709,Türi linn,K709__Türi keskväljak__1,Türi keskväljak,66,2,2,FALSE,NA,NA,NA,61,2,FALSE
K709,Türi linn,K709,Türi linn,K709__Linnu__1,Linnu,58,2,3,FALSE,NA,NA,NA,53,3,FALSE
K709,Türi linn,K709,Türi linn,K709__Pärna__1,Pärna,58,2,4,FALSE,NA,NA,NA,53,5,FALSE
K709,Türi linn,K709,Türi linn,K709__Luha__1,Luha,55,2,5,FALSE,NA,NA,NA,53,4,FALSE
K709,Türi linn,K709,Türi linn,K709__Ujula__1,Ujula,22,2,6,FALSE,NA,NA,NA,14,6,FALSE
K709,Türi linn,K709,Türi linn,K709__Väike-Pärnu__1,Väike-Pärnu,20,2,7,FALSE,NA,NA,NA,12,7,FALSE
K709,Türi linn,K709,Türi linn,K709__Türi__1,Türi,18,2,8,FALSE,NA,NA,NA,NA,NA,NA
K709,Türi linn,K709,Türi linn,K709__Tehnika__1,Tehnika,15,1,9,FALSE,NA,NA,NA,10,8,FALSE
K709,Türi linn,K709,Türi linn,K709__Kaubamaja__1,Kaubamaja,14,1,10,FALSE,NA,NA,NA,9,9,FALSE
K710,Türisalu,K663,Tallinn,K710__Loigu__1,Loigu,16,2,1,TRUE,8,1,TRUE,NA,NA,NA
K711,Ubja,K545,Rakvere linn,K711__Andja__1,Andja,27,2,1,TRUE,14,1,TRUE,NA,NA,NA
K711,Ubja,K545,Rakvere linn,K711__Katela__1,Katela,27,2,2,FALSE,14,2,FALSE,NA,NA,NA
K711,Ubja,K545,Rakvere linn,K711__Salumäe__1,Salumäe,27,2,3,FALSE,14,4,FALSE,NA,NA,NA
K711,Ubja,K545,Rakvere linn,K711__Kunda-Aru__1,Kunda-Aru,14,1,4,FALSE,14,3,FALSE,NA,NA,NA
K711,Ubja,K545,Rakvere linn,K711__Aresi__1,Aresi,7,2,5,FALSE,7,5,FALSE,NA,NA,NA
K711,Ubja,K545,Rakvere linn,K711__Pargi__1,Pargi,7,2,6,FALSE,7,6,FALSE,NA,NA,NA
K711,Ubja,K545,Rakvere linn,K711__Ubja__1,Ubja,7,2,7,FALSE,7,7,FALSE,NA,NA,NA
K711,Ubja,K545,Rakvere linn,K711__Kaevu__1,Kaevu,3,1,8,FALSE,3,8,FALSE,NA,NA,NA
K711,Ubja,K545,Rakvere linn,K711__Sooaluse__1,Sooaluse,3,1,9,FALSE,3,9,FALSE,NA,NA,NA
K712,Uhtna,K545,Rakvere linn,K712__Uhtna tee__1,Uhtna tee,9,2,1,TRUE,5,6,FALSE,NA,NA,NA
K712,Uhtna,K545,Rakvere linn,K712__Kabala tee__1,Kabala tee,8,2,2,FALSE,4,7,FALSE,NA,NA,NA
K712,Uhtna,K545,Rakvere linn,K712__Sämi__1,Sämi,8,2,3,FALSE,4,10,FALSE,NA,NA,NA
K712,Uhtna,K545,Rakvere linn,K712__Sämisilla__1,Sämisilla,8,2,4,FALSE,4,11,FALSE,NA,NA,NA
K712,Uhtna,K545,Rakvere linn,K712__Männiku__1,Männiku,7,2,5,FALSE,7,1,TRUE,NA,NA,NA
K712,Uhtna,K545,Rakvere linn,K712__Risti__1,Risti,7,2,6,FALSE,7,2,FALSE,NA,NA,NA
K712,Uhtna,K545,Rakvere linn,K712__Uhtna__1,Uhtna,7,1,7,FALSE,7,3,FALSE,NA,NA,NA
K712,Uhtna,K545,Rakvere linn,K712__Kaevu__1,Kaevu,6,1,8,FALSE,6,4,FALSE,NA,NA,NA
K712,Uhtna,K545,Rakvere linn,K712__Sooaluse__1,Sooaluse,6,1,9,FALSE,6,5,FALSE,NA,NA,NA
K712,Uhtna,K545,Rakvere linn,K712__Kampuse__1,Kampuse,4,2,10,FALSE,4,8,FALSE,NA,NA,NA
K712,Uhtna,K545,Rakvere linn,K712__Kohala-Eesküla__1,Kohala-Eesküla,4,2,11,FALSE,4,9,FALSE,NA,NA,NA
K712,Uhtna,K545,Rakvere linn,K712__Sämi tee__1,Sämi tee,1,1,12,FALSE,1,12,FALSE,NA,NA,NA
K713,Ulila,K674,Tartu linn,K713__Väike-Ulila__1,Väike-Ulila,21,2,1,TRUE,14,1,TRUE,NA,NA,NA
K713,Ulila,K674,Tartu linn,K713__Ilvese__1,Ilvese,15,2,2,FALSE,9,2,FALSE,NA,NA,NA
K713,Ulila,K674,Tartu linn,K713__Karjääri__1,Karjääri,15,2,3,FALSE,9,3,FALSE,NA,NA,NA
K713,Ulila,K674,Tartu linn,K713__Ridaküla__1,Ridaküla,15,2,4,FALSE,9,4,FALSE,NA,NA,NA
K713,Ulila,K674,Tartu linn,K713__Ulila__1,Ulila,15,2,5,FALSE,9,5,FALSE,NA,NA,NA
K713,Ulila,K674,Tartu linn,K713__Lilleküla tee__1,Lilleküla tee,8,1,6,FALSE,2,6,FALSE,NA,NA,NA
K713,Ulila,K674,Tartu linn,K713__Härjanurme__1,Härjanurme,2,2,7,FALSE,1,7,FALSE,NA,NA,NA
K713,Ulila,K674,Tartu linn,K713__Palanumäe__1,Palanumäe,2,2,8,FALSE,1,8,FALSE,NA,NA,NA
K713,Ulila,K674,Tartu linn,K713__Võsivere__1,Võsivere,2,2,9,FALSE,1,9,FALSE,NA,NA,NA
K713,Ulila,K674,Tartu linn,K713__Võsivere tee__1,Võsivere tee,2,1,10,FALSE,NA,NA,NA,NA,NA,NA
K713,Ulila,K674,Tartu linn,K713__Võsivere keskus__1,Võsivere keskus,1,1,11,FALSE,NA,NA,NA,NA,NA,NA
K714,Uljaste-Satsu,K213,Kiviõli linn,K714__Vana-Varinurme__1,Vana-Varinurme,12,2,1,TRUE,7,1,TRUE,NA,NA,NA
K714,Uljaste-Satsu,K213,Kiviõli linn,K714__Lappe__1,Lappe,8,2,2,FALSE,5,2,FALSE,NA,NA,NA
K715,Ulvi Adraku,K545,Rakvere linn,K715__Vaeküla-Liiva__1,Vaeküla-Liiva,13,2,1,TRUE,8,1,TRUE,NA,NA,NA
K715,Ulvi Adraku,K545,Rakvere linn,K715__Nõmmise__1,Nõmmise,12,2,2,FALSE,6,4,FALSE,NA,NA,NA
K715,Ulvi Adraku,K545,Rakvere linn,K715__Ulvi__1,Ulvi,12,2,3,FALSE,6,5,FALSE,NA,NA,NA
K715,Ulvi Adraku,K545,Rakvere linn,K715__Mäeveeru__1,Mäeveeru,11,2,4,FALSE,6,2,FALSE,NA,NA,NA
K715,Ulvi Adraku,K545,Rakvere linn,K715__Mõedaka__1,Mõedaka,11,2,5,FALSE,6,3,FALSE,NA,NA,NA
K715,Ulvi Adraku,K545,Rakvere linn,K715__Võlumäe__1,Võlumäe,11,2,6,FALSE,6,6,FALSE,NA,NA,NA
K715,Ulvi Adraku,K545,Rakvere linn,K715__Ulvi mõis__1,Ulvi mõis,9,2,7,FALSE,5,7,FALSE,NA,NA,NA
K715,Ulvi Adraku,K545,Rakvere linn,K715__Kantküla__1,Kantküla,7,2,8,FALSE,3,8,FALSE,NA,NA,NA
K715,Ulvi Adraku,K545,Rakvere linn,K715__Nurkse__1,Nurkse,5,2,9,FALSE,3,9,FALSE,NA,NA,NA
K715,Ulvi Adraku,K545,Rakvere linn,K715__Põlula__1,Põlula,5,2,10,FALSE,2,12,FALSE,NA,NA,NA
K715,Ulvi Adraku,K545,Rakvere linn,K715__Kuivajõe__1,Kuivajõe,4,2,11,FALSE,2,10,FALSE,NA,NA,NA
K715,Ulvi Adraku,K545,Rakvere linn,K715__Männikvälja__1,Männikvälja,4,2,12,FALSE,2,11,FALSE,NA,NA,NA
K715,Ulvi Adraku,K545,Rakvere linn,K715__Rihula__1,Rihula,4,2,13,FALSE,2,13,FALSE,NA,NA,NA
K715,Ulvi Adraku,K545,Rakvere linn,K715__Sae__1,Sae,4,2,14,FALSE,2,14,FALSE,NA,NA,NA
K715,Ulvi Adraku,K545,Rakvere linn,K715__Tiigi__1,Tiigi,4,2,15,FALSE,2,15,FALSE,NA,NA,NA
K715,Ulvi Adraku,K545,Rakvere linn,K715__Uuemõisa__1,Uuemõisa,3,2,16,FALSE,1,16,FALSE,NA,NA,NA
K715,Ulvi Adraku,K545,Rakvere linn,K715__Nurkse__2,Nurkse,2,1,17,FALSE,NA,NA,NA,NA,NA,NA
K716,Ulvi,K674,Tartu linn,K716__Ulvi__1,Ulvi,9,2,1,TRUE,NA,NA,NA,NA,NA,NA
K716,Ulvi,K674,Tartu linn,K716__Adraku__1,Adraku,7,2,2,FALSE,NA,NA,NA,NA,NA,NA
K716,Ulvi,K674,Tartu linn,K716__Soo__1,Soo,7,2,3,FALSE,NA,NA,NA,NA,NA,NA
K716,Ulvi,K674,Tartu linn,K716__Ulvi II__1,Ulvi II,7,2,4,FALSE,NA,NA,NA,NA,NA,NA
K717,Umbusi,K521,Põltsamaa linn,K717__Kablaküla__1,Kablaküla,3,1,1,TRUE,3,1,TRUE,NA,NA,NA
K717,Umbusi,K521,Põltsamaa linn,K717__Kuuri__1,Kuuri,3,2,2,FALSE,3,2,FALSE,NA,NA,NA
K717,Umbusi,K521,Põltsamaa linn,K717__Umbusi__1,Umbusi,3,1,3,FALSE,3,3,FALSE,NA,NA,NA
K718,Urge,K531,Pärnu linn,K718__Otsa__1,Otsa,16,2,1,TRUE,9,1,TRUE,NA,NA,NA
K718,Urge,K531,Pärnu linn,K718__Sepa__1,Sepa,16,2,2,FALSE,9,2,FALSE,NA,NA,NA
K718,Urge,K531,Pärnu linn,K718__Urge tee__1,Urge tee,16,2,3,FALSE,9,3,FALSE,NA,NA,NA
K718,Urge,K531,Pärnu linn,K718__Pulli tee__1,Pulli tee,15,3,4,FALSE,8,5,FALSE,NA,NA,NA
K718,Urge,K531,Pärnu linn,K718__Urge__1,Urge,15,2,5,FALSE,8,6,FALSE,NA,NA,NA
K718,Urge,K531,Pärnu linn,K718__Pulli__1,Pulli,14,1,6,FALSE,8,4,FALSE,NA,NA,NA
K718,Urge,K531,Pärnu linn,K718__Vainu tee__1,Vainu tee,13,2,7,FALSE,7,7,FALSE,NA,NA,NA
K718,Urge,K531,Pärnu linn,K718__Juntsi__1,Juntsi,4,2,8,FALSE,2,8,FALSE,NA,NA,NA
K718,Urge,K531,Pärnu linn,K718__Rütavere__1,Rütavere,4,2,9,FALSE,2,9,FALSE,NA,NA,NA
K718,Urge,K531,Pärnu linn,K718__Vainu__1,Vainu,3,2,10,FALSE,2,10,FALSE,NA,NA,NA
K718,Urge,K531,Pärnu linn,K718__Altpere__1,Altpere,2,2,11,FALSE,1,11,FALSE,NA,NA,NA
K718,Urge,K531,Pärnu linn,K718__Miili__1,Miili,2,2,12,FALSE,1,12,FALSE,NA,NA,NA
K718,Urge,K531,Pärnu linn,K718__Röövliaugu__1,Röövliaugu,2,2,13,FALSE,1,13,FALSE,NA,NA,NA
K718,Urge,K531,Pärnu linn,K718__Suuroja__1,Suuroja,2,2,14,FALSE,1,14,FALSE,NA,NA,NA
K719,Urvaste,K674,Tartu linn,K719__Kirikuküla__1,Kirikuküla,6,2,1,TRUE,NA,NA,NA,NA,NA,NA
K719,Urvaste,K674,Tartu linn,K719__Urvaste mõisa__1,Urvaste mõisa,6,2,2,FALSE,NA,NA,NA,NA,NA,NA
K719,Urvaste,K674,Tartu linn,K719__Panni__1,Panni,5,2,3,FALSE,NA,NA,NA,NA,NA,NA
K719,Urvaste,K674,Tartu linn,K719__Urvaste__1,Urvaste,4,2,4,FALSE,NA,NA,NA,NA,NA,NA
K719,Urvaste,K674,Tartu linn,K719__Koigu__1,Koigu,3,2,5,FALSE,NA,NA,NA,NA,NA,NA
K719,Urvaste,K674,Tartu linn,K719__Koigu kool__1,Koigu kool,2,2,6,FALSE,NA,NA,NA,NA,NA,NA
K720,Uue-Antsla,K674,Tartu linn,K720__Uue-Antsla__1,Uue-Antsla,6,2,1,TRUE,NA,NA,NA,NA,NA,NA
K721,Uue-Kariste,K789,Viljandi linn,K721__Kirnu__1,Kirnu,6,2,1,TRUE,3,1,TRUE,NA,NA,NA
K721,Uue-Kariste,K789,Viljandi linn,K721__Kosksilla__1,Kosksilla,6,2,2,FALSE,3,2,FALSE,NA,NA,NA
K721,Uue-Kariste,K789,Viljandi linn,K721__Laanmetsa__1,Laanmetsa,6,2,3,FALSE,3,3,FALSE,NA,NA,NA
K721,Uue-Kariste,K789,Viljandi linn,K721__Niguli__1,Niguli,6,2,4,FALSE,3,4,FALSE,NA,NA,NA
K721,Uue-Kariste,K789,Viljandi linn,K721__Uue-Kariste__1,Uue-Kariste,6,2,5,FALSE,3,5,FALSE,NA,NA,NA
K722,Uuemõisa,K061,Haapsalu linn,K722__Uuemõisa__1,Uuemõisa,107,2,1,TRUE,53,1,TRUE,NA,NA,NA
K722,Uuemõisa,K061,Haapsalu linn,K722__Rannarootsi__1,Rannarootsi,79,2,2,FALSE,39,2,FALSE,NA,NA,NA
K722,Uuemõisa,K061,Haapsalu linn,K722__Kutsehariduskeskus__1,Kutsehariduskeskus,50,1,3,FALSE,25,3,FALSE,NA,NA,NA
K722,Uuemõisa,K061,Haapsalu linn,K722__Ehitajate tee__1,Ehitajate tee,49,2,4,FALSE,24,4,FALSE,NA,NA,NA
K722,Uuemõisa,K061,Haapsalu linn,K722__Herjava__1,Herjava,27,2,5,FALSE,14,6,FALSE,NA,NA,NA
K722,Uuemõisa,K061,Haapsalu linn,K722__Silma__1,Silma,24,2,6,FALSE,12,10,FALSE,NA,NA,NA
K722,Uuemõisa,K061,Haapsalu linn,K722__Mõisa__1,Mõisa,23,1,7,FALSE,23,5,FALSE,NA,NA,NA
K722,Uuemõisa,K061,Haapsalu linn,K722__Kaluri__1,Kaluri,21,2,8,FALSE,12,7,FALSE,NA,NA,NA
K722,Uuemõisa,K061,Haapsalu linn,K722__Looduse__1,Looduse,21,2,9,FALSE,12,8,FALSE,NA,NA,NA
K722,Uuemõisa,K061,Haapsalu linn,K722__Pleesi tee__1,Pleesi tee,21,2,10,FALSE,12,9,FALSE,NA,NA,NA
K722,Uuemõisa,K061,Haapsalu linn,K722__Ridala raudteejaam__1,Ridala raudteejaam,8,2,11,FALSE,4,11,FALSE,NA,NA,NA
K722,Uuemõisa,K061,Haapsalu linn,K722__Võnnu tee__1,Võnnu tee,8,2,12,FALSE,4,12,FALSE,NA,NA,NA
K723,Uula (Rämsi),K674,Tartu linn,K723__Kaimi__1,Kaimi,20,2,1,TRUE,8,2,FALSE,NA,NA,NA
K723,Uula (Rämsi),K674,Tartu linn,K723__Rämsi__1,Rämsi,15,1,2,FALSE,9,1,TRUE,NA,NA,NA
K723,Uula (Rämsi),K674,Tartu linn,K723__Kaimi rist__1,Kaimi rist,7,1,3,FALSE,7,3,FALSE,NA,NA,NA
K723,Uula (Rämsi),K674,Tartu linn,K723__Nasja__1,Nasja,1,1,4,FALSE,NA,NA,NA,NA,NA,NA
K724,Uulu,K531,Pärnu linn,K724__Reiu__1,Reiu,51,2,1,TRUE,26,2,FALSE,NA,NA,NA
K724,Uulu,K531,Pärnu linn,K724__Lottemaa__1,Lottemaa,49,2,2,FALSE,25,3,FALSE,NA,NA,NA
K724,Uulu,K531,Pärnu linn,K724__Uulu__1,Uulu,29,2,3,FALSE,18,5,FALSE,NA,NA,NA
K724,Uulu,K531,Pärnu linn,K724__Linnapiir__1,Linnapiir,26,1,4,FALSE,26,1,TRUE,NA,NA,NA
K724,Uulu,K531,Pärnu linn,K724__Rae__1,Rae,24,1,5,FALSE,24,4,FALSE,NA,NA,NA
K724,Uulu,K531,Pärnu linn,K724__Rae__2,Rae,23,1,6,FALSE,NA,NA,NA,NA,NA,NA
K724,Uulu,K531,Pärnu linn,K724__Kõrgekalda__1,Kõrgekalda,21,2,7,FALSE,10,6,FALSE,NA,NA,NA
K724,Uulu,K531,Pärnu linn,K724__Laadi__1,Laadi,17,2,8,FALSE,9,7,FALSE,NA,NA,NA
K724,Uulu,K531,Pärnu linn,K724__Uulu kool__1,Uulu kool,15,2,9,FALSE,8,8,FALSE,NA,NA,NA
K724,Uulu,K531,Pärnu linn,K724__Pihla__1,Pihla,11,2,10,FALSE,6,9,FALSE,NA,NA,NA
K724,Uulu,K531,Pärnu linn,K724__Kotkapesa__1,Kotkapesa,9,2,11,FALSE,5,10,FALSE,NA,NA,NA
K724,Uulu,K531,Pärnu linn,K724__Lepaküla__1,Lepaküla,9,2,12,FALSE,5,11,FALSE,NA,NA,NA
K724,Uulu,K531,Pärnu linn,K724__Väljaotsa__1,Väljaotsa,9,2,13,FALSE,5,12,FALSE,NA,NA,NA
K724,Uulu,K531,Pärnu linn,K724__Mägra__1,Mägra,6,2,14,FALSE,3,13,FALSE,NA,NA,NA
K724,Uulu,K531,Pärnu linn,K724__Rootsi__1,Rootsi,6,2,15,FALSE,3,14,FALSE,NA,NA,NA
K724,Uulu,K531,Pärnu linn,K724__Siimu__1,Siimu,6,2,16,FALSE,3,15,FALSE,NA,NA,NA
K725,Uusküla,K118,Jõhvi linn,K725__Linnu tee__1,Linnu tee,8,2,1,TRUE,3,1,TRUE,NA,NA,NA
K725,Uusküla,K118,Jõhvi linn,K725__Uusküla__1,Uusküla,8,2,2,FALSE,3,2,FALSE,NA,NA,NA
K726,Uusna,K789,Viljandi linn,K726__Tusti__1,Tusti,27,2,1,TRUE,19,1,TRUE,NA,NA,NA
K726,Uusna,K789,Viljandi linn,K726__Kuudeküla__1,Kuudeküla,23,2,2,FALSE,17,2,FALSE,NA,NA,NA
K726,Uusna,K789,Viljandi linn,K726__Leemeti__1,Leemeti,17,2,3,FALSE,14,3,FALSE,NA,NA,NA
K726,Uusna,K789,Viljandi linn,K726__Uusna__1,Uusna,14,2,4,FALSE,12,4,FALSE,NA,NA,NA
K726,Uusna,K789,Viljandi linn,K726__Jaaguri__1,Jaaguri,5,2,5,FALSE,3,5,FALSE,NA,NA,NA
K726,Uusna,K789,Viljandi linn,K726__Nõmmejõe__1,Nõmmejõe,5,2,6,FALSE,3,6,FALSE,NA,NA,NA
K726,Uusna,K789,Viljandi linn,K726__Paju__1,Paju,5,2,7,FALSE,3,7,FALSE,NA,NA,NA
K726,Uusna,K789,Viljandi linn,K726__Saaresilla__1,Saaresilla,5,2,8,FALSE,3,8,FALSE,NA,NA,NA
K726,Uusna,K789,Viljandi linn,K726__Vasara__1,Vasara,5,2,9,FALSE,3,9,FALSE,NA,NA,NA
K727,Vaabina,K813,Võru linn,K727__Vaabina__1,Vaabina,11,1,1,TRUE,7,1,TRUE,NA,NA,NA
K727,Vaabina,K813,Võru linn,K727__Matteuse__1,Matteuse,9,2,2,FALSE,5,4,FALSE,NA,NA,NA
K727,Vaabina,K813,Võru linn,K727__Palumõisa__1,Palumõisa,8,2,3,FALSE,6,2,FALSE,NA,NA,NA
K727,Vaabina,K813,Võru linn,K727__Vaabina tee__1,Vaabina tee,8,2,4,FALSE,6,3,FALSE,NA,NA,NA
K728,Vadi,K674,Tartu linn,K728__Vadi__1,Vadi,4,2,1,TRUE,NA,NA,NA,NA,NA,NA
K728,Vadi,K674,Tartu linn,K728__Vadi koolimaja__1,Vadi koolimaja,4,2,2,FALSE,NA,NA,NA,NA,NA,NA
K729,Vahastu,K663,Tallinn,K729__Aeli__1,Aeli,4,2,1,TRUE,NA,NA,NA,NA,NA,NA
K729,Vahastu,K663,Tallinn,K729__Leinakase__1,Leinakase,4,2,2,FALSE,NA,NA,NA,NA,NA,NA
K729,Vahastu,K663,Tallinn,K729__Ruudu__1,Ruudu,4,2,3,FALSE,NA,NA,NA,NA,NA,NA
K729,Vahastu,K663,Tallinn,K729__Suurekivi__1,Suurekivi,4,2,4,FALSE,NA,NA,NA,NA,NA,NA
K729,Vahastu,K663,Tallinn,K729__Uuepargi__1,Uuepargi,4,2,5,FALSE,NA,NA,NA,NA,NA,NA
K729,Vahastu,K663,Tallinn,K729__Vahastu__1,Vahastu,4,2,6,FALSE,NA,NA,NA,NA,NA,NA
K729,Vahastu,K663,Tallinn,K729__Vahastu side__1,Vahastu side,4,2,7,FALSE,NA,NA,NA,NA,NA,NA
K730,Vahenurme,K531,Pärnu linn,K730__Kablima__1,Kablima,6,3,1,TRUE,2,1,TRUE,NA,NA,NA
K730,Vahenurme,K531,Pärnu linn,K730__Naartse__1,Naartse,6,2,2,FALSE,2,2,FALSE,NA,NA,NA
K730,Vahenurme,K531,Pärnu linn,K730__Roodi__1,Roodi,6,2,3,FALSE,2,3,FALSE,NA,NA,NA
K730,Vahenurme,K531,Pärnu linn,K730__Vahenurme__1,Vahenurme,6,4,4,FALSE,2,4,FALSE,NA,NA,NA
K730,Vahenurme,K531,Pärnu linn,K730__Vakalepa__1,Vakalepa,6,2,5,FALSE,2,5,FALSE,NA,NA,NA
K730,Vahenurme,K531,Pärnu linn,K730__Vee__1,Vee,6,2,6,FALSE,2,6,FALSE,NA,NA,NA
K730,Vahenurme,K531,Pärnu linn,K730__Helenurme__1,Helenurme,4,2,7,FALSE,1,7,FALSE,NA,NA,NA
K730,Vahenurme,K531,Pärnu linn,K730__Linnamäe__1,Linnamäe,4,2,8,FALSE,1,8,FALSE,NA,NA,NA
K730,Vahenurme,K531,Pärnu linn,K730__Maima__1,Maima,4,1,9,FALSE,1,9,FALSE,NA,NA,NA
K730,Vahenurme,K531,Pärnu linn,K730__Nuki__1,Nuki,4,2,10,FALSE,1,10,FALSE,NA,NA,NA
K730,Vahenurme,K531,Pärnu linn,K730__Sauna__1,Sauna,4,2,11,FALSE,1,11,FALSE,NA,NA,NA
K730,Vahenurme,K531,Pärnu linn,K730__Sõõrike__1,Sõõrike,4,2,12,FALSE,1,12,FALSE,NA,NA,NA
K731,Vahi,K674,Tartu linn,K731__Mõisa puiestee__1,Mõisa puiestee,28,2,1,TRUE,14,6,FALSE,NA,NA,NA
K731,Vahi,K674,Tartu linn,K731__Savimäe__1,Savimäe,28,2,2,FALSE,14,7,FALSE,NA,NA,NA
K731,Vahi,K674,Tartu linn,K731__Savioja__1,Savioja,28,2,3,FALSE,14,8,FALSE,NA,NA,NA
K731,Vahi,K674,Tartu linn,K731__Vahi tööstuspark__1,Vahi tööstuspark,28,2,4,FALSE,14,9,FALSE,NA,NA,NA
K731,Vahi,K674,Tartu linn,K731__Vahipargi__1,Vahipargi,28,2,5,FALSE,14,10,FALSE,NA,NA,NA
K731,Vahi,K674,Tartu linn,K731__Musta tee__1,Musta tee,23,2,6,FALSE,13,11,FALSE,NA,NA,NA
K731,Vahi,K674,Tartu linn,K731__Maramaa__1,Maramaa,22,2,7,FALSE,17,2,FALSE,NA,NA,NA
K731,Vahi,K674,Tartu linn,K731__Nõmmiku__1,Nõmmiku,22,2,8,FALSE,17,3,FALSE,NA,NA,NA
K731,Vahi,K674,Tartu linn,K731__Ranna tee__1,Ranna tee,22,2,9,FALSE,17,4,FALSE,NA,NA,NA
K731,Vahi,K674,Tartu linn,K731__Mõisavärava__1,Mõisavärava,20,1,10,FALSE,20,1,TRUE,NA,NA,NA
K731,Vahi,K674,Tartu linn,K731__Kärkna tee__1,Kärkna tee,14,1,11,FALSE,14,5,FALSE,NA,NA,NA
K731,Vahi,K674,Tartu linn,K731__Vahi tee__2,Vahi tee,12,1,12,FALSE,2,13,FALSE,NA,NA,NA
K731,Vahi,K674,Tartu linn,K731__Vahi tee__1,Vahi tee,11,1,13,FALSE,11,12,FALSE,NA,NA,NA
K732,Vaida,K663,Tallinn,K732__Vaida__1,Vaida,57,2,1,TRUE,28,1,TRUE,NA,NA,NA
K732,Vaida,K663,Tallinn,K732__Sillaotsa__1,Sillaotsa,53,2,2,FALSE,26,2,FALSE,NA,NA,NA
K732,Vaida,K663,Tallinn,K732__Ellaku__1,Ellaku,43,3,3,FALSE,21,3,FALSE,NA,NA,NA
K732,Vaida,K663,Tallinn,K732__Vaidasoo__1,Vaidasoo,43,2,4,FALSE,21,4,FALSE,NA,NA,NA
K732,Vaida,K663,Tallinn,K732__Allikavälja__1,Allikavälja,39,2,5,FALSE,19,5,FALSE,NA,NA,NA
K732,Vaida,K663,Tallinn,K732__Aruvalla__1,Aruvalla,39,2,6,FALSE,19,6,FALSE,NA,NA,NA
K732,Vaida,K663,Tallinn,K732__Tuhala tee__1,Tuhala tee,39,2,7,FALSE,19,7,FALSE,NA,NA,NA
K732,Vaida,K663,Tallinn,K732__Veeaugu__1,Veeaugu,39,2,8,FALSE,19,8,FALSE,NA,NA,NA
K732,Vaida,K663,Tallinn,K732__Urvaste__1,Urvaste,6,2,9,FALSE,3,10,FALSE,NA,NA,NA
K732,Vaida,K663,Tallinn,K732__Lilleoru__1,Lilleoru,4,2,10,FALSE,2,11,FALSE,NA,NA,NA
K732,Vaida,K663,Tallinn,K732__Salu küla__1,Salu küla,4,2,11,FALSE,2,12,FALSE,NA,NA,NA
K732,Vaida,K663,Tallinn,K732__Vaida Põhikool__1,Vaida Põhikool,4,1,12,FALSE,4,9,FALSE,NA,NA,NA
K732,Vaida,K663,Tallinn,K732__Golfi tee__1,Golfi tee,2,2,13,FALSE,1,13,FALSE,NA,NA,NA
K733,Vaikla,K118,Jõhvi linn,K733__Nurme__1,Nurme,2,2,1,TRUE,NA,NA,NA,NA,NA,NA
K733,Vaikla,K118,Jõhvi linn,K733__Rastani__1,Rastani,2,2,2,FALSE,NA,NA,NA,NA,NA,NA
K733,Vaikla,K118,Jõhvi linn,K733__Vaikla__1,Vaikla,2,2,3,FALSE,NA,NA,NA,NA,NA,NA
K734,Vaimastvere,K115,Jõgeva linn,K734__Vägeva__1,Vägeva,17,4,1,TRUE,10,1,TRUE,NA,NA,NA
K734,Vaimastvere,K115,Jõgeva linn,K734__Paduvere__1,Paduvere,11,2,2,FALSE,8,2,FALSE,NA,NA,NA
K734,Vaimastvere,K115,Jõgeva linn,K734__Vaimastvere__1,Vaimastvere,11,2,3,FALSE,8,3,FALSE,NA,NA,NA
K734,Vaimastvere,K115,Jõgeva linn,K734__Kärde__1,Kärde,9,2,4,FALSE,6,4,FALSE,NA,NA,NA
K734,Vaimastvere,K115,Jõgeva linn,K734__Pedja__2,Pedja,8,2,5,FALSE,4,6,FALSE,NA,NA,NA
K734,Vaimastvere,K115,Jõgeva linn,K734__Tooma__1,Tooma,7,2,6,FALSE,5,5,FALSE,NA,NA,NA
K734,Vaimastvere,K115,Jõgeva linn,K734__Kemba__1,Kemba,3,2,7,FALSE,3,7,FALSE,NA,NA,NA
K734,Vaimastvere,K115,Jõgeva linn,K734__Kärde mäealuse__1,Kärde mäealuse,3,2,8,FALSE,3,8,FALSE,NA,NA,NA
K734,Vaimastvere,K115,Jõgeva linn,K734__Kärde teerist__1,Kärde teerist,3,1,9,FALSE,3,9,FALSE,NA,NA,NA
K734,Vaimastvere,K115,Jõgeva linn,K734__Selli__1,Selli,3,2,10,FALSE,3,10,FALSE,NA,NA,NA
K734,Vaimastvere,K115,Jõgeva linn,K734__Pedja__1,Pedja,2,1,11,FALSE,2,11,FALSE,NA,NA,NA
K734,Vaimastvere,K115,Jõgeva linn,K734__Päde__1,Päde,2,2,12,FALSE,2,12,FALSE,NA,NA,NA
K734,Vaimastvere,K115,Jõgeva linn,K734__Ripuka__1,Ripuka,2,2,13,FALSE,2,13,FALSE,NA,NA,NA
K734,Vaimastvere,K115,Jõgeva linn,K734__Ripuka II__1,Ripuka II,2,2,14,FALSE,2,14,FALSE,NA,NA,NA
K734,Vaimastvere,K115,Jõgeva linn,K734__Sihi__1,Sihi,2,2,15,FALSE,2,15,FALSE,NA,NA,NA
K734,Vaimastvere,K115,Jõgeva linn,K734__Veski__1,Veski,2,2,16,FALSE,2,16,FALSE,NA,NA,NA
K734,Vaimastvere,K115,Jõgeva linn,K734__Kõola__1,Kõola,1,1,17,FALSE,1,17,FALSE,NA,NA,NA
K734,Vaimastvere,K115,Jõgeva linn,K734__Vägeva Kodu__1,Vägeva Kodu,1,1,18,FALSE,1,18,FALSE,NA,NA,NA
K735,Vaivara-Sõtke,K422,Narva linn,K735__Perjatsi__1,Perjatsi,47,4,1,TRUE,18,1,TRUE,NA,NA,NA
K735,Vaivara-Sõtke,K422,Narva linn,K735__Kurepesa__1,Kurepesa,6,2,2,FALSE,NA,NA,NA,NA,NA,NA
K735,Vaivara-Sõtke,K422,Narva linn,K735__Liiva__1,Liiva,6,2,3,FALSE,NA,NA,NA,NA,NA,NA
K735,Vaivara-Sõtke,K422,Narva linn,K735__Niine__1,Niine,6,2,4,FALSE,NA,NA,NA,NA,NA,NA
K735,Vaivara-Sõtke,K422,Narva linn,K735__Vaivara__1,Vaivara,6,2,5,FALSE,3,2,FALSE,NA,NA,NA
K735,Vaivara-Sõtke,K422,Narva linn,K735__Suvila tee__1,Suvila tee,4,2,6,FALSE,NA,NA,NA,NA,NA,NA
K735,Vaivara-Sõtke,K422,Narva linn,K735__Vaivara__2,Vaivara,4,2,7,FALSE,NA,NA,NA,NA,NA,NA
K736,Vaivere,K270,Kuressaare linn,K736__Muratsi__1,Muratsi,9,1,1,TRUE,9,1,TRUE,NA,NA,NA
K736,Vaivere,K270,Kuressaare linn,K736__Praakli__1,Praakli,7,2,2,FALSE,7,2,FALSE,NA,NA,NA
K736,Vaivere,K270,Kuressaare linn,K736__Vaivere__1,Vaivere,7,2,3,FALSE,7,3,FALSE,NA,NA,NA
K736,Vaivere,K270,Kuressaare linn,K736__Koduraja__1,Koduraja,4,2,4,FALSE,4,4,FALSE,NA,NA,NA
K736,Vaivere,K270,Kuressaare linn,K736__Muratsi 1__1,Muratsi 1,4,2,5,FALSE,4,5,FALSE,NA,NA,NA
K736,Vaivere,K270,Kuressaare linn,K736__Muratsi 2__1,Muratsi 2,4,2,6,FALSE,4,6,FALSE,NA,NA,NA
K736,Vaivere,K270,Kuressaare linn,K736__Muratsi sadam__1,Muratsi sadam,4,1,7,FALSE,4,7,FALSE,NA,NA,NA
K736,Vaivere,K270,Kuressaare linn,K736__Tamme tee__1,Tamme tee,4,1,8,FALSE,4,8,FALSE,NA,NA,NA
K736,Vaivere,K270,Kuressaare linn,K736__Vatsküla__1,Vatsküla,4,2,9,FALSE,4,9,FALSE,NA,NA,NA
K736,Vaivere,K270,Kuressaare linn,K736__Viljamaa__1,Viljamaa,4,2,10,FALSE,4,10,FALSE,NA,NA,NA
K736,Vaivere,K270,Kuressaare linn,K736__Kasti__1,Kasti,3,2,11,FALSE,3,11,FALSE,NA,NA,NA
K736,Vaivere,K270,Kuressaare linn,K736__Soera__1,Soera,3,2,12,FALSE,3,12,FALSE,NA,NA,NA
K737,Vajangu,K663,Tallinn,K737__Herne__1,Herne,14,2,1,TRUE,NA,NA,NA,NA,NA,NA
K737,Vajangu,K663,Tallinn,K737__Kerguta__1,Kerguta,14,2,2,FALSE,NA,NA,NA,NA,NA,NA
K737,Vajangu,K663,Tallinn,K737__Kursi__1,Kursi,14,2,3,FALSE,NA,NA,NA,NA,NA,NA
K737,Vajangu,K663,Tallinn,K737__Vajangu__1,Vajangu,14,2,4,FALSE,NA,NA,NA,NA,NA,NA
K737,Vajangu,K663,Tallinn,K737__Vajangu külatee__1,Vajangu külatee,14,2,5,FALSE,NA,NA,NA,NA,NA,NA
K737,Vajangu,K663,Tallinn,K737__Võhmuta__1,Võhmuta,14,2,6,FALSE,NA,NA,NA,NA,NA,NA
K737,Vajangu,K663,Tallinn,K737__Türje__1,Türje,10,2,7,FALSE,NA,NA,NA,NA,NA,NA
K738,Valaste,K118,Jõhvi linn,K738__Mägari__1,Mägari,5,2,1,TRUE,5,1,TRUE,NA,NA,NA
K738,Valaste,K118,Jõhvi linn,K738__Mõisa__1,Mõisa,5,2,2,FALSE,5,2,FALSE,NA,NA,NA
K738,Valaste,K118,Jõhvi linn,K738__Raja__1,Raja,5,2,3,FALSE,5,3,FALSE,NA,NA,NA
K738,Valaste,K118,Jõhvi linn,K738__Rose__1,Rose,5,2,4,FALSE,5,4,FALSE,NA,NA,NA
K738,Valaste,K118,Jõhvi linn,K738__Tuuletare__1,Tuuletare,5,2,5,FALSE,5,5,FALSE,NA,NA,NA
K738,Valaste,K118,Jõhvi linn,K738__Valaste__1,Valaste,5,2,6,FALSE,5,6,FALSE,NA,NA,NA
K739,Valasti,K458,Paide linn,K739__Aru__1,Aru,3,2,1,TRUE,1,1,TRUE,NA,NA,NA
K739,Valasti,K458,Paide linn,K739__Valasti__1,Valasti,3,2,2,FALSE,1,2,FALSE,NA,NA,NA
K740,Valga linn,K740,Valga linn,K740__Valga bussijaam__1,Valga bussijaam,74,1,1,TRUE,NA,NA,NA,39,1,TRUE
K740,Valga linn,K740,Valga linn,K740__Tartu__1,Tartu,55,2,2,FALSE,NA,NA,NA,26,3,FALSE
K740,Valga linn,K740,Valga linn,K740__Turu park__1,Turu park,45,2,3,FALSE,NA,NA,NA,29,2,FALSE
K740,Valga linn,K740,Valga linn,K740__Foori__1,Foori,44,2,4,FALSE,NA,NA,NA,25,4,FALSE
K740,Valga linn,K740,Valga linn,K740__Tolli__1,Tolli,39,3,5,FALSE,NA,NA,NA,22,5,FALSE
K740,Valga linn,K740,Valga linn,K740__Raekoja__1,Raekoja,38,1,6,FALSE,NA,NA,NA,21,6,FALSE
K740,Valga linn,K740,Valga linn,K740__Raja__1,Raja,38,1,7,FALSE,NA,NA,NA,21,7,FALSE
K740,Valga linn,K740,Valga linn,K740__Muusikakooli__1,Muusikakooli,37,1,8,FALSE,NA,NA,NA,12,11,FALSE
K740,Valga linn,K740,Valga linn,K740__Andrese__1,Andrese,28,2,9,FALSE,NA,NA,NA,10,20,FALSE
K740,Valga linn,K740,Valga linn,K740__Laatsi__1,Laatsi,28,2,10,FALSE,NA,NA,NA,10,21,FALSE
K740,Valga linn,K740,Valga linn,K740__Turu__1,Turu,27,2,11,FALSE,NA,NA,NA,10,23,FALSE
K740,Valga linn,K740,Valga linn,K740__Allika__1,Allika,26,2,12,FALSE,NA,NA,NA,11,14,FALSE
K740,Valga linn,K740,Valga linn,K740__Karja__1,Karja,26,2,13,FALSE,NA,NA,NA,12,10,FALSE
K740,Valga linn,K740,Valga linn,K740__Konnaoja__1,Konnaoja,26,2,14,FALSE,NA,NA,NA,11,15,FALSE
K740,Valga linn,K740,Valga linn,K740__Linnapargi__1,Linnapargi,26,2,15,FALSE,NA,NA,NA,11,16,FALSE
K740,Valga linn,K740,Valga linn,K740__Roheline__1,Roheline,26,2,16,FALSE,NA,NA,NA,12,12,FALSE
K740,Valga linn,K740,Valga linn,K740__Staadioni__1,Staadioni,26,1,17,FALSE,NA,NA,NA,9,32,FALSE
K740,Valga linn,K740,Valga linn,K740__Tööstuse__1,Tööstuse,26,2,18,FALSE,NA,NA,NA,10,24,FALSE
K740,Valga linn,K740,Valga linn,K740__Valge maja__1,Valge maja,26,2,19,FALSE,NA,NA,NA,11,19,FALSE
K740,Valga linn,K740,Valga linn,K740__Kampuse__1,Kampuse,24,1,20,FALSE,NA,NA,NA,12,9,FALSE
K740,Valga linn,K740,Valga linn,K740__Rükkeli__1,Rükkeli,24,2,21,FALSE,NA,NA,NA,9,31,FALSE
K740,Valga linn,K740,Valga linn,K740__Toogipalu__1,Toogipalu,23,2,22,FALSE,NA,NA,NA,10,22,FALSE
K740,Valga linn,K740,Valga linn,K740__Palu__1,Palu,21,2,23,FALSE,NA,NA,NA,8,33,FALSE
K740,Valga linn,K740,Valga linn,K740__Pudrumäe__1,Pudrumäe,21,1,24,FALSE,NA,NA,NA,11,17,FALSE
K740,Valga linn,K740,Valga linn,K740__Narva__1,Narva,16,2,25,FALSE,NA,NA,NA,2,37,FALSE
K740,Valga linn,K740,Valga linn,K740__Mööblivabriku__1,Mööblivabriku,15,1,26,FALSE,NA,NA,NA,14,8,FALSE
K740,Valga linn,K740,Valga linn,K740__Tambre__1,Tambre,15,2,27,FALSE,NA,NA,NA,12,13,FALSE
K740,Valga linn,K740,Valga linn,K740__Lepa__1,Lepa,14,1,28,FALSE,NA,NA,NA,NA,NA,NA
K740,Valga linn,K740,Valga linn,K740__Metsa__1,Metsa,14,1,29,FALSE,NA,NA,NA,1,38,FALSE
K740,Valga linn,K740,Valga linn,K740__Nurme__1,Nurme,14,1,30,FALSE,NA,NA,NA,NA,NA,NA
K740,Valga linn,K740,Valga linn,K740__Pagari__1,Pagari,14,2,31,FALSE,NA,NA,NA,NA,NA,NA
K740,Valga linn,K740,Valga linn,K740__Puraküla__1,Puraküla,14,1,32,FALSE,NA,NA,NA,NA,NA,NA
K740,Valga linn,K740,Valga linn,K740__Ränimõisa__1,Ränimõisa,14,1,33,FALSE,NA,NA,NA,NA,NA,NA
K740,Valga linn,K740,Valga linn,K740__Tiigi__1,Tiigi,14,2,34,FALSE,NA,NA,NA,NA,NA,NA
K740,Valga linn,K740,Valga linn,K740__Rohelise__1,Rohelise,13,1,35,FALSE,NA,NA,NA,9,29,FALSE
K740,Valga linn,K740,Valga linn,K740__Jaama__1,Jaama,12,2,36,FALSE,NA,NA,NA,9,25,FALSE
K740,Valga linn,K740,Valga linn,K740__Männiku__1,Männiku,12,2,37,FALSE,NA,NA,NA,9,27,FALSE
K740,Valga linn,K740,Valga linn,K740__Petseri__1,Petseri,12,2,38,FALSE,NA,NA,NA,9,28,FALSE
K740,Valga linn,K740,Valga linn,K740__Roosi__1,Roosi,12,2,39,FALSE,NA,NA,NA,9,30,FALSE
K740,Valga linn,K740,Valga linn,K740__Savi__1,Savi,12,1,40,FALSE,NA,NA,NA,11,18,FALSE
K740,Valga linn,K740,Valga linn,K740__Valga__1,Valga,10,2,41,FALSE,NA,NA,NA,4,36,FALSE
K740,Valga linn,K740,Valga linn,K740__Aiamaa__1,Aiamaa,9,2,42,FALSE,NA,NA,NA,NA,NA,NA
K740,Valga linn,K740,Valga linn,K740__Kannikese__1,Kannikese,9,2,43,FALSE,NA,NA,NA,9,26,FALSE
K740,Valga linn,K740,Valga linn,K740__Ploomi__1,Ploomi,9,1,44,FALSE,NA,NA,NA,6,34,FALSE
K740,Valga linn,K740,Valga linn,K740__Tibina__1,Tibina,9,1,45,FALSE,NA,NA,NA,6,35,FALSE
K741,Valgejõe,K663,Tallinn,K741__Soosilla__1,Soosilla,6,2,1,TRUE,2,1,TRUE,NA,NA,NA
K741,Valgejõe,K663,Tallinn,K741__Valgejõe__1,Valgejõe,6,2,2,FALSE,2,2,FALSE,NA,NA,NA
K742,Valgjärve,K674,Tartu linn,K742__Valgjärve__1,Valgjärve,6,1,1,TRUE,NA,NA,NA,NA,NA,NA
K742,Valgjärve,K674,Tartu linn,K742__Valgjärve kool__1,Valgjärve kool,5,2,2,FALSE,NA,NA,NA,NA,NA,NA
K742,Valgjärve,K674,Tartu linn,K742__Kitse__1,Kitse,4,2,3,FALSE,NA,NA,NA,NA,NA,NA
K742,Valgjärve,K674,Tartu linn,K742__Kitseaia__1,Kitseaia,4,2,4,FALSE,NA,NA,NA,NA,NA,NA
K742,Valgjärve,K674,Tartu linn,K742__Kooliküla__1,Kooliküla,4,2,5,FALSE,NA,NA,NA,NA,NA,NA
K742,Valgjärve,K674,Tartu linn,K742__Pikajärve__1,Pikajärve,4,2,6,FALSE,NA,NA,NA,NA,NA,NA
K742,Valgjärve,K674,Tartu linn,K742__Puugi__1,Puugi,2,1,7,FALSE,NA,NA,NA,NA,NA,NA
K742,Valgjärve,K674,Tartu linn,K742__Tamme__1,Tamme,2,1,8,FALSE,NA,NA,NA,NA,NA,NA
K743,Valgu,K292,Kärdla linn,K743__Ulja__1,Ulja,15,2,1,TRUE,5,3,FALSE,NA,NA,NA
K743,Valgu,K292,Kärdla linn,K743__Valgu__1,Valgu,15,2,2,FALSE,5,4,FALSE,NA,NA,NA
K743,Valgu,K292,Kärdla linn,K743__Harju__1,Harju,13,2,3,FALSE,5,1,TRUE,NA,NA,NA
K743,Valgu,K292,Kärdla linn,K743__Prassi__1,Prassi,13,2,4,FALSE,5,2,FALSE,NA,NA,NA
K744,Valgu,K663,Tallinn,K744__Valgu__1,Valgu,11,2,1,TRUE,NA,NA,NA,NA,NA,NA
K744,Valgu,K663,Tallinn,K744__Kinnita__1,Kinnita,8,2,2,FALSE,NA,NA,NA,NA,NA,NA
K744,Valgu,K663,Tallinn,K744__Vanamõisa__1,Vanamõisa,8,2,3,FALSE,NA,NA,NA,NA,NA,NA
K744,Valgu,K663,Tallinn,K744__Nurme__1,Nurme,6,2,4,FALSE,NA,NA,NA,NA,NA,NA
K744,Valgu,K663,Tallinn,K744__Nurtu__1,Nurtu,6,2,5,FALSE,NA,NA,NA,NA,NA,NA
K744,Valgu,K663,Tallinn,K744__Palu__1,Palu,6,2,6,FALSE,NA,NA,NA,NA,NA,NA
K744,Valgu,K663,Tallinn,K744__Tihkani__1,Tihkani,6,2,7,FALSE,NA,NA,NA,NA,NA,NA
K744,Valgu,K663,Tallinn,K744__Vana-Nurtu__1,Vana-Nurtu,6,2,8,FALSE,NA,NA,NA,NA,NA,NA
K744,Valgu,K663,Tallinn,K744__Kaldamäe__1,Kaldamäe,4,2,9,FALSE,NA,NA,NA,NA,NA,NA
K744,Valgu,K663,Tallinn,K744__Kilgi__1,Kilgi,4,2,10,FALSE,NA,NA,NA,NA,NA,NA
K744,Valgu,K663,Tallinn,K744__Mäe__1,Mäe,4,2,11,FALSE,NA,NA,NA,NA,NA,NA
K744,Valgu,K663,Tallinn,K744__Nurga__1,Nurga,4,2,12,FALSE,NA,NA,NA,NA,NA,NA
K744,Valgu,K663,Tallinn,K744__Ukuaru__1,Ukuaru,4,2,13,FALSE,NA,NA,NA,NA,NA,NA
K744,Valgu,K663,Tallinn,K744__Velise__1,Velise,4,2,14,FALSE,NA,NA,NA,NA,NA,NA
K744,Valgu,K663,Tallinn,K744__Velisemõisa__1,Velisemõisa,4,2,15,FALSE,NA,NA,NA,NA,NA,NA
K744,Valgu,K663,Tallinn,K744__Männiste__1,Männiste,2,2,16,FALSE,NA,NA,NA,NA,NA,NA
K744,Valgu,K663,Tallinn,K744__Paisumaa__1,Paisumaa,2,2,17,FALSE,NA,NA,NA,NA,NA,NA
K745,Valguta,K674,Tartu linn,K745__Valguta kool__1,Valguta kool,10,2,1,TRUE,6,2,FALSE,NA,NA,NA
K745,Valguta,K674,Tartu linn,K745__Valguta__1,Valguta,9,2,2,FALSE,6,1,TRUE,NA,NA,NA
K745,Valguta,K674,Tartu linn,K745__Lapetukme__1,Lapetukme,6,2,3,FALSE,4,3,FALSE,NA,NA,NA
K745,Valguta,K674,Tartu linn,K745__Lobjaku__1,Lobjaku,5,2,4,FALSE,3,4,FALSE,NA,NA,NA
K745,Valguta,K674,Tartu linn,K745__Tulimäe__1,Tulimäe,5,2,5,FALSE,3,5,FALSE,NA,NA,NA
K745,Valguta,K674,Tartu linn,K745__Arja__1,Arja,3,1,6,FALSE,2,6,FALSE,NA,NA,NA
K745,Valguta,K674,Tartu linn,K745__Aadu__1,Aadu,2,2,7,FALSE,NA,NA,NA,NA,NA,NA
K745,Valguta,K674,Tartu linn,K745__Haani__1,Haani,2,1,8,FALSE,NA,NA,NA,NA,NA,NA
K745,Valguta,K674,Tartu linn,K745__Rannaküla tee__1,Rannaküla tee,2,1,9,FALSE,NA,NA,NA,NA,NA,NA
K745,Valguta,K674,Tartu linn,K745__Sauli__1,Sauli,2,2,10,FALSE,NA,NA,NA,NA,NA,NA
K745,Valguta,K674,Tartu linn,K745__Taremetsa__1,Taremetsa,2,2,11,FALSE,NA,NA,NA,NA,NA,NA
K745,Valguta,K674,Tartu linn,K745__Valguta seltsimaja__1,Valguta seltsimaja,2,1,12,FALSE,NA,NA,NA,NA,NA,NA
K746,Valjala,K270,Kuressaare linn,K746__Valjala__1,Valjala,14,2,1,TRUE,10,1,TRUE,NA,NA,NA
K746,Valjala,K270,Kuressaare linn,K746__Võrsna__1,Võrsna,14,2,2,FALSE,10,2,FALSE,NA,NA,NA
K746,Valjala,K270,Kuressaare linn,K746__Valjala (kommertsliin)__1,Valjala (kommertsliin),10,2,3,FALSE,5,6,FALSE,NA,NA,NA
K746,Valjala,K270,Kuressaare linn,K746__Jööri tee__1,Jööri tee,6,2,4,FALSE,5,3,FALSE,NA,NA,NA
K746,Valjala,K270,Kuressaare linn,K746__Kõnnu__1,Kõnnu,6,2,5,FALSE,5,4,FALSE,NA,NA,NA
K746,Valjala,K270,Kuressaare linn,K746__Rahu__1,Rahu,6,2,6,FALSE,5,5,FALSE,NA,NA,NA
K746,Valjala,K270,Kuressaare linn,K746__Ariste (Valjala)__1,Ariste (Valjala),4,2,7,FALSE,2,7,FALSE,NA,NA,NA
K746,Valjala,K270,Kuressaare linn,K746__Jursi__1,Jursi,4,2,8,FALSE,2,8,FALSE,NA,NA,NA
K746,Valjala,K270,Kuressaare linn,K746__Vanalõve__1,Vanalõve,4,2,9,FALSE,2,9,FALSE,NA,NA,NA
K746,Valjala,K270,Kuressaare linn,K746__Liivapoe__1,Liivapoe,2,2,10,FALSE,1,10,FALSE,NA,NA,NA
K746,Valjala,K270,Kuressaare linn,K746__Rahu teerist__1,Rahu teerist,2,2,11,FALSE,1,11,FALSE,NA,NA,NA
K746,Valjala,K270,Kuressaare linn,K746__Veeriku__1,Veeriku,2,2,12,FALSE,1,13,FALSE,NA,NA,NA
K746,Valjala,K270,Kuressaare linn,K746__Veeriku II__1,Veeriku II,2,2,13,FALSE,1,14,FALSE,NA,NA,NA
K746,Valjala,K270,Kuressaare linn,K746__Valjala kool__1,Valjala kool,1,1,14,FALSE,1,12,FALSE,NA,NA,NA
K747,Valkla,K663,Tallinn,K747__Valkla tee__1,Valkla tee,14,1,1,TRUE,14,1,TRUE,NA,NA,NA
K747,Valkla,K663,Tallinn,K747__Valkla mõis__1,Valkla mõis,9,1,2,FALSE,5,2,FALSE,NA,NA,NA
K747,Valkla,K663,Tallinn,K747__Lamme__1,Lamme,8,2,3,FALSE,4,3,FALSE,NA,NA,NA
K747,Valkla,K663,Tallinn,K747__Valkla__1,Valkla,8,2,4,FALSE,4,6,FALSE,NA,NA,NA
K747,Valkla,K663,Tallinn,K747__Mutionu__1,Mutionu,7,2,5,FALSE,4,4,FALSE,NA,NA,NA
K747,Valkla,K663,Tallinn,K747__Salmistu__1,Salmistu,7,2,6,FALSE,4,5,FALSE,NA,NA,NA
K748,Valtu,K663,Tallinn,K748__Keava tee__1,Keava tee,30,2,1,TRUE,NA,NA,NA,NA,NA,NA
K748,Valtu,K663,Tallinn,K748__Nurme__1,Nurme,30,2,2,FALSE,NA,NA,NA,NA,NA,NA
K748,Valtu,K663,Tallinn,K748__Kaerepere__1,Kaerepere,21,1,3,FALSE,NA,NA,NA,NA,NA,NA
K748,Valtu,K663,Tallinn,K748__Valtu__1,Valtu,21,2,4,FALSE,NA,NA,NA,NA,NA,NA
K748,Valtu,K663,Tallinn,K748__Kaerepere tee__1,Kaerepere tee,20,1,5,FALSE,NA,NA,NA,NA,NA,NA
K748,Valtu,K663,Tallinn,K748__Kumma__1,Kumma,4,2,6,FALSE,NA,NA,NA,NA,NA,NA
K748,Valtu,K663,Tallinn,K748__Kumma II__1,Kumma II,4,1,7,FALSE,NA,NA,NA,NA,NA,NA
K749,Vana- Antsla,K674,Tartu linn,K749__Vana-Antsla__1,Vana-Antsla,17,2,1,TRUE,2,1,TRUE,NA,NA,NA
K750,Vana- Vastseliina,K813,Võru linn,K750__Vana-Vastseliina__1,Vana-Vastseliina,7,2,1,TRUE,6,1,TRUE,NA,NA,NA
K750,Vana- Vastseliina,K813,Võru linn,K750__Plessi__1,Plessi,6,2,2,FALSE,5,2,FALSE,NA,NA,NA
K750,Vana- Vastseliina,K813,Võru linn,K750__Asunduse kauplus__1,Asunduse kauplus,5,2,3,FALSE,4,3,FALSE,NA,NA,NA
K750,Vana- Vastseliina,K813,Võru linn,K750__Roosiku tee__1,Roosiku tee,4,2,4,FALSE,4,4,FALSE,NA,NA,NA
K750,Vana- Vastseliina,K813,Võru linn,K750__Juulamägi__1,Juulamägi,3,2,5,FALSE,3,5,FALSE,NA,NA,NA
K751,Vana-Kariste,K789,Viljandi linn,K751__Eke__1,Eke,2,2,1,TRUE,NA,NA,NA,NA,NA,NA
K751,Vana-Kariste,K789,Viljandi linn,K751__Ilbaku__1,Ilbaku,2,2,2,FALSE,NA,NA,NA,NA,NA,NA
K751,Vana-Kariste,K789,Viljandi linn,K751__Oja__1,Oja,2,2,3,FALSE,NA,NA,NA,NA,NA,NA
K751,Vana-Kariste,K789,Viljandi linn,K751__Vana-Kariste__1,Vana-Kariste,2,1,4,FALSE,NA,NA,NA,NA,NA,NA
K752,Vana-Kuuste,K674,Tartu linn,K752__Kuuste__1,Kuuste,27,2,1,TRUE,15,1,TRUE,NA,NA,NA
K752,Vana-Kuuste,K674,Tartu linn,K752__Rebase__1,Rebase,21,2,2,FALSE,10,3,FALSE,NA,NA,NA
K752,Vana-Kuuste,K674,Tartu linn,K752__Sirvaku__1,Sirvaku,21,2,3,FALSE,10,4,FALSE,NA,NA,NA
K752,Vana-Kuuste,K674,Tartu linn,K752__Liiva__1,Liiva,20,2,4,FALSE,10,2,FALSE,NA,NA,NA
K752,Vana-Kuuste,K674,Tartu linn,K752__Maidla__1,Maidla,19,2,5,FALSE,9,5,FALSE,NA,NA,NA
K752,Vana-Kuuste,K674,Tartu linn,K752__Reola gaas__1,Reola gaas,18,2,6,FALSE,9,6,FALSE,NA,NA,NA
K752,Vana-Kuuste,K674,Tartu linn,K752__Rebase__2,Rebase,4,2,7,FALSE,2,10,FALSE,NA,NA,NA
K752,Vana-Kuuste,K674,Tartu linn,K752__Trulli__1,Trulli,4,2,8,FALSE,2,11,FALSE,NA,NA,NA
K752,Vana-Kuuste,K674,Tartu linn,K752__Vana-Kuuste__2,Vana-Kuuste,4,2,9,FALSE,2,12,FALSE,NA,NA,NA
K752,Vana-Kuuste,K674,Tartu linn,K752__Voore__1,Voore,4,2,10,FALSE,4,7,FALSE,NA,NA,NA
K752,Vana-Kuuste,K674,Tartu linn,K752__Küti__1,Küti,3,2,11,FALSE,2,9,FALSE,NA,NA,NA
K752,Vana-Kuuste,K674,Tartu linn,K752__Vana-Kuuste__1,Vana-Kuuste,3,2,12,FALSE,3,8,FALSE,NA,NA,NA
K752,Vana-Kuuste,K674,Tartu linn,K752__Alasepa__1,Alasepa,2,1,13,FALSE,1,13,FALSE,NA,NA,NA
K752,Vana-Kuuste,K674,Tartu linn,K752__Veinioja__1,Veinioja,2,2,14,FALSE,1,15,FALSE,NA,NA,NA
K752,Vana-Kuuste,K674,Tartu linn,K752__Arujõe__1,Arujõe,1,1,15,FALSE,1,14,FALSE,NA,NA,NA
K752,Vana-Kuuste,K674,Tartu linn,K752__Sipe tee__1,Sipe tee,1,1,16,FALSE,NA,NA,NA,NA,NA,NA
K753,Vanassaare,K674,Tartu linn,K753__Saare__1,Saare,11,2,1,TRUE,4,1,TRUE,NA,NA,NA
K753,Vanassaare,K674,Tartu linn,K753__Vanasaare__1,Vanasaare,7,2,2,FALSE,3,2,FALSE,NA,NA,NA
K753,Vanassaare,K674,Tartu linn,K753__Saarejärve__1,Saarejärve,3,2,3,FALSE,NA,NA,NA,NA,NA,NA
K753,Vanassaare,K674,Tartu linn,K753__Kaiu__1,Kaiu,2,2,4,FALSE,NA,NA,NA,NA,NA,NA
K753,Vanassaare,K674,Tartu linn,K753__Särgjärve__1,Särgjärve,2,2,5,FALSE,NA,NA,NA,NA,NA,NA
K753,Vanassaare,K674,Tartu linn,K753__Saare__2,Saare,1,1,6,FALSE,NA,NA,NA,NA,NA,NA
K754,Vana-Vigala,K663,Tallinn,K754__Vana-Vigala__1,Vana-Vigala,16,1,1,TRUE,1,6,FALSE,NA,NA,NA
K754,Vana-Vigala,K663,Tallinn,K754__Araste__1,Araste,14,2,2,FALSE,1,1,TRUE,NA,NA,NA
K754,Vana-Vigala,K663,Tallinn,K754__Jaama__1,Jaama,14,2,3,FALSE,1,2,FALSE,NA,NA,NA
K754,Vana-Vigala,K663,Tallinn,K754__Kesk-Vigala__1,Kesk-Vigala,14,2,4,FALSE,1,3,FALSE,NA,NA,NA
K754,Vana-Vigala,K663,Tallinn,K754__Oese__1,Oese,14,2,5,FALSE,1,4,FALSE,NA,NA,NA
K754,Vana-Vigala,K663,Tallinn,K754__Tiduvere__1,Tiduvere,8,2,6,FALSE,1,5,FALSE,NA,NA,NA
K754,Vana-Vigala,K663,Tallinn,K754__Looritsa__1,Looritsa,6,2,7,FALSE,NA,NA,NA,NA,NA,NA
K755,Vao,K663,Tallinn,K755__Vao__1,Vao,12,2,1,TRUE,NA,NA,NA,NA,NA,NA
K755,Vao,K663,Tallinn,K755__Vao-Veski__1,Vao-Veski,10,2,2,FALSE,NA,NA,NA,NA,NA,NA
K756,Vara,K674,Tartu linn,K756__Vara__1,Vara,31,1,1,TRUE,16,1,TRUE,NA,NA,NA
K756,Vara,K674,Tartu linn,K756__Kauda__1,Kauda,30,2,2,FALSE,15,2,FALSE,NA,NA,NA
K756,Vara,K674,Tartu linn,K756__Kiriku__1,Kiriku,30,2,3,FALSE,15,3,FALSE,NA,NA,NA
K756,Vara,K674,Tartu linn,K756__Preedi__1,Preedi,29,2,4,FALSE,15,4,FALSE,NA,NA,NA
K756,Vara,K674,Tartu linn,K756__Konnamõisa__1,Konnamõisa,27,2,5,FALSE,13,5,FALSE,NA,NA,NA
K756,Vara,K674,Tartu linn,K756__Matjama__1,Matjama,27,2,6,FALSE,13,6,FALSE,NA,NA,NA
K756,Vara,K674,Tartu linn,K756__Sookalduse__1,Sookalduse,27,2,7,FALSE,13,7,FALSE,NA,NA,NA
K756,Vara,K674,Tartu linn,K756__Teini__1,Teini,27,2,8,FALSE,13,8,FALSE,NA,NA,NA
K756,Vara,K674,Tartu linn,K756__Varamõisa__1,Varamõisa,5,2,9,FALSE,4,9,FALSE,NA,NA,NA
K756,Vara,K674,Tartu linn,K756__Elmiku tee__1,Elmiku tee,4,2,10,FALSE,3,10,FALSE,NA,NA,NA
K756,Vara,K674,Tartu linn,K756__Kongimetsa__1,Kongimetsa,4,2,11,FALSE,3,11,FALSE,NA,NA,NA
K758,Varbla,K663,Tallinn,K758__Helmküla__1,Helmküla,8,2,1,TRUE,NA,NA,NA,NA,NA,NA
K758,Varbla,K663,Tallinn,K758__Raheste__1,Raheste,8,2,2,FALSE,NA,NA,NA,NA,NA,NA
K758,Varbla,K663,Tallinn,K758__Varbla__1,Varbla,8,2,3,FALSE,NA,NA,NA,NA,NA,NA
K758,Varbla,K663,Tallinn,K758__Nõmme__1,Nõmme,6,2,4,FALSE,NA,NA,NA,NA,NA,NA
K758,Varbla,K663,Tallinn,K758__Varbla kirik__1,Varbla kirik,4,2,5,FALSE,NA,NA,NA,NA,NA,NA
K759,Varbola,K663,Tallinn,K759__Varbola tee__1,Varbola tee,20,3,1,TRUE,8,1,TRUE,NA,NA,NA
K759,Varbola,K663,Tallinn,K759__Vardi__1,Vardi,10,4,2,FALSE,3,5,FALSE,NA,NA,NA
K759,Varbola,K663,Tallinn,K759__Käbiküla__1,Käbiküla,6,2,3,FALSE,3,2,FALSE,NA,NA,NA
K759,Varbola,K663,Tallinn,K759__Kükita tee__1,Kükita tee,6,2,4,FALSE,3,3,FALSE,NA,NA,NA
K759,Varbola,K663,Tallinn,K759__Ruunavere__1,Ruunavere,6,2,5,FALSE,3,4,FALSE,NA,NA,NA
K759,Varbola,K663,Tallinn,K759__Jaanilinna__1,Jaanilinna,4,2,6,FALSE,NA,NA,NA,NA,NA,NA
K759,Varbola,K663,Tallinn,K759__Kõrgemäe__1,Kõrgemäe,4,2,7,FALSE,NA,NA,NA,NA,NA,NA
K759,Varbola,K663,Tallinn,K759__Ohukotsu__1,Ohukotsu,4,2,8,FALSE,NA,NA,NA,NA,NA,NA
K759,Varbola,K663,Tallinn,K759__Pajaka__1,Pajaka,4,2,9,FALSE,NA,NA,NA,NA,NA,NA
K759,Varbola,K663,Tallinn,K759__Põlli__1,Põlli,4,2,10,FALSE,NA,NA,NA,NA,NA,NA
K759,Varbola,K663,Tallinn,K759__Varbola__1,Varbola,4,2,11,FALSE,NA,NA,NA,NA,NA,NA
K759,Varbola,K663,Tallinn,K759__Varbola linnus__1,Varbola linnus,4,2,12,FALSE,NA,NA,NA,NA,NA,NA
K761,Variku,K663,Tallinn,K761__Inka__1,Inka,3,2,1,TRUE,NA,NA,NA,NA,NA,NA
K761,Variku,K663,Tallinn,K761__Liiva__1,Liiva,3,2,2,FALSE,NA,NA,NA,NA,NA,NA
K761,Variku,K663,Tallinn,K761__Nõmmemaa__1,Nõmmemaa,3,2,3,FALSE,NA,NA,NA,NA,NA,NA
K761,Variku,K663,Tallinn,K761__Põlde__1,Põlde,3,2,4,FALSE,NA,NA,NA,NA,NA,NA
K761,Variku,K663,Tallinn,K761__Variku__1,Variku,3,2,5,FALSE,NA,NA,NA,NA,NA,NA
K761,Variku,K663,Tallinn,K761__Veskioja__1,Veskioja,3,2,6,FALSE,NA,NA,NA,NA,NA,NA
K762,Varja,K213,Kiviõli linn,K762__Varja__1,Varja,39,2,1,TRUE,14,5,FALSE,NA,NA,NA
K762,Varja,K213,Kiviõli linn,K762__Aia__1,Aia,28,2,2,FALSE,14,2,FALSE,NA,NA,NA
K762,Varja,K213,Kiviõli linn,K762__Moldova__1,Moldova,28,2,3,FALSE,14,4,FALSE,NA,NA,NA
K762,Varja,K213,Kiviõli linn,K762__Voorepera__1,Voorepera,28,2,4,FALSE,14,6,FALSE,NA,NA,NA
K762,Varja,K213,Kiviõli linn,K762__Aa__1,Aa,27,2,5,FALSE,14,1,TRUE,NA,NA,NA
K762,Varja,K213,Kiviõli linn,K762__Alu__1,Alu,25,2,6,FALSE,14,3,FALSE,NA,NA,NA
K762,Varja,K213,Kiviõli linn,K762__Pansionaadi__1,Pansionaadi,6,2,7,FALSE,3,7,FALSE,NA,NA,NA
K762,Varja,K213,Kiviõli linn,K762__Aa (2)__1,Aa (2),1,1,8,FALSE,NA,NA,NA,NA,NA,NA
K762,Varja,K213,Kiviõli linn,K762__Aa mõis__1,Aa mõis,1,1,9,FALSE,NA,NA,NA,NA,NA,NA
K762,Varja,K213,Kiviõli linn,K762__Alu (2)__1,Alu (2),1,1,10,FALSE,NA,NA,NA,NA,NA,NA
K763,Varstu,K813,Võru linn,K763__Matsi__1,Matsi,15,4,1,TRUE,10,1,TRUE,NA,NA,NA
K763,Varstu,K813,Võru linn,K763__Pilpa__1,Pilpa,13,2,2,FALSE,8,2,FALSE,NA,NA,NA
K763,Varstu,K813,Võru linn,K763__Varstu__1,Varstu,13,2,3,FALSE,8,3,FALSE,NA,NA,NA
K763,Varstu,K813,Võru linn,K763__Jaama__1,Jaama,11,2,4,FALSE,6,4,FALSE,NA,NA,NA
K763,Varstu,K813,Võru linn,K763__Kangsti__1,Kangsti,11,4,5,FALSE,6,5,FALSE,NA,NA,NA
K763,Varstu,K813,Võru linn,K763__Metstaga__1,Metstaga,4,2,6,FALSE,4,6,FALSE,NA,NA,NA
K763,Varstu,K813,Võru linn,K763__Savira__1,Savira,4,2,7,FALSE,4,7,FALSE,NA,NA,NA
K763,Varstu,K813,Võru linn,K763__Vana-Roosa__1,Vana-Roosa,4,2,8,FALSE,4,8,FALSE,NA,NA,NA
K763,Varstu,K813,Võru linn,K763__Kõrgepalu__1,Kõrgepalu,3,2,9,FALSE,1,10,FALSE,NA,NA,NA
K763,Varstu,K813,Võru linn,K763__Viru küla__1,Viru küla,2,1,10,FALSE,2,9,FALSE,NA,NA,NA
K764,Vasalemma,K663,Tallinn,K764__Murrangu__1,Murrangu,51,2,1,TRUE,20,1,TRUE,NA,NA,NA
K764,Vasalemma,K663,Tallinn,K764__Vasalemma__1,Vasalemma,51,2,2,FALSE,20,2,FALSE,NA,NA,NA
K764,Vasalemma,K663,Tallinn,K764__Vasalemma__2,Vasalemma,32,2,3,FALSE,16,3,FALSE,NA,NA,NA
K764,Vasalemma,K663,Tallinn,K764__Jaama pood__1,Jaama pood,3,1,4,FALSE,NA,NA,NA,NA,NA,NA
K764,Vasalemma,K663,Tallinn,K764__Vasalemma jaam__1,Vasalemma jaam,3,1,5,FALSE,NA,NA,NA,NA,NA,NA
K765,Vasavere,K118,Jõhvi linn,K765__Pannjärve rist__1,Pannjärve rist,14,2,1,TRUE,7,1,TRUE,NA,NA,NA
K765,Vasavere,K118,Jõhvi linn,K765__Rausvere__1,Rausvere,14,2,2,FALSE,7,2,FALSE,NA,NA,NA
K765,Vasavere,K118,Jõhvi linn,K765__Vasavere__1,Vasavere,14,2,3,FALSE,7,3,FALSE,NA,NA,NA
K766,Vasknarva-Jaama,K118,Jõhvi linn,K766__Papimäe__1,Papimäe,4,2,1,TRUE,2,1,TRUE,NA,NA,NA
K766,Vasknarva-Jaama,K118,Jõhvi linn,K766__Vasknarva__1,Vasknarva,4,1,2,FALSE,2,2,FALSE,NA,NA,NA
K766,Vasknarva-Jaama,K118,Jõhvi linn,K766__Jaamaküla__1,Jaamaküla,2,1,3,FALSE,NA,NA,NA,NA,NA,NA
K766,Vasknarva-Jaama,K118,Jõhvi linn,K766__Ketsemani__1,Ketsemani,2,2,4,FALSE,NA,NA,NA,NA,NA,NA
K766,Vasknarva-Jaama,K118,Jõhvi linn,K766__Struuga__1,Struuga,2,2,5,FALSE,NA,NA,NA,NA,NA,NA
K767,Vastse-Kuuste,K674,Tartu linn,K767__Risti__1,Risti,20,3,1,TRUE,10,1,TRUE,NA,NA,NA
K767,Vastse-Kuuste,K674,Tartu linn,K767__Koorvere__1,Koorvere,17,2,2,FALSE,8,2,FALSE,NA,NA,NA
K767,Vastse-Kuuste,K674,Tartu linn,K767__Marga__1,Marga,17,2,3,FALSE,8,3,FALSE,NA,NA,NA
K767,Vastse-Kuuste,K674,Tartu linn,K767__Tsopi__1,Tsopi,17,2,4,FALSE,8,5,FALSE,NA,NA,NA
K767,Vastse-Kuuste,K674,Tartu linn,K767__Vastse-Kuuste__2,Vastse-Kuuste,17,2,5,FALSE,7,7,FALSE,NA,NA,NA
K767,Vastse-Kuuste,K674,Tartu linn,K767__Vastse-Kuuste kool__1,Vastse-Kuuste kool,16,2,6,FALSE,7,8,FALSE,NA,NA,NA
K767,Vastse-Kuuste,K674,Tartu linn,K767__Valgemetsa tee__1,Valgemetsa tee,15,2,7,FALSE,8,6,FALSE,NA,NA,NA
K767,Vastse-Kuuste,K674,Tartu linn,K767__Kiidjärve park__1,Kiidjärve park,11,3,8,FALSE,4,9,FALSE,NA,NA,NA
K767,Vastse-Kuuste,K674,Tartu linn,K767__Maarja küla__1,Maarja küla,11,2,9,FALSE,4,11,FALSE,NA,NA,NA
K767,Vastse-Kuuste,K674,Tartu linn,K767__Kiidjärve raudteejaam__1,Kiidjärve raudteejaam,9,2,10,FALSE,4,10,FALSE,NA,NA,NA
K767,Vastse-Kuuste,K674,Tartu linn,K767__Männiku__1,Männiku,9,2,11,FALSE,4,12,FALSE,NA,NA,NA
K767,Vastse-Kuuste,K674,Tartu linn,K767__Sepa__1,Sepa,9,2,12,FALSE,4,13,FALSE,NA,NA,NA
K767,Vastse-Kuuste,K674,Tartu linn,K767__Simka__1,Simka,9,1,13,FALSE,8,4,FALSE,NA,NA,NA
K767,Vastse-Kuuste,K674,Tartu linn,K767__Valgemetsa__1,Valgemetsa,7,3,14,FALSE,3,14,FALSE,NA,NA,NA
K767,Vastse-Kuuste,K674,Tartu linn,K767__Kiidjärve__1,Kiidjärve,4,2,15,FALSE,2,15,FALSE,NA,NA,NA
K767,Vastse-Kuuste,K674,Tartu linn,K767__Kiidjärve__2,Kiidjärve,4,2,16,FALSE,NA,NA,NA,NA,NA,NA
K767,Vastse-Kuuste,K674,Tartu linn,K767__Taevaskoja__1,Taevaskoja,4,2,17,FALSE,2,16,FALSE,NA,NA,NA
K767,Vastse-Kuuste,K674,Tartu linn,K767__Vastse-Kuuste__1,Vastse-Kuuste,4,2,18,FALSE,2,17,FALSE,NA,NA,NA
K767,Vastse-Kuuste,K674,Tartu linn,K767__Kiviniidu tee__1,Kiviniidu tee,3,1,19,FALSE,1,18,FALSE,NA,NA,NA
K767,Vastse-Kuuste,K674,Tartu linn,K767__Annuka__1,Annuka,2,2,20,FALSE,NA,NA,NA,NA,NA,NA
K767,Vastse-Kuuste,K674,Tartu linn,K767__Laane raudteejaam__1,Laane raudteejaam,2,2,21,FALSE,NA,NA,NA,NA,NA,NA
K767,Vastse-Kuuste,K674,Tartu linn,K767__Lammi__1,Lammi,2,1,22,FALSE,NA,NA,NA,NA,NA,NA
K767,Vastse-Kuuste,K674,Tartu linn,K767__Leevijõe__1,Leevijõe,2,1,23,FALSE,NA,NA,NA,NA,NA,NA
K767,Vastse-Kuuste,K674,Tartu linn,K767__Londi__1,Londi,2,2,24,FALSE,NA,NA,NA,NA,NA,NA
K767,Vastse-Kuuste,K674,Tartu linn,K767__Lootvina__1,Lootvina,2,2,25,FALSE,NA,NA,NA,NA,NA,NA
K767,Vastse-Kuuste,K674,Tartu linn,K767__Maarja__1,Maarja,2,1,26,FALSE,1,20,FALSE,NA,NA,NA
K767,Vastse-Kuuste,K674,Tartu linn,K767__Virga__1,Virga,2,2,27,FALSE,NA,NA,NA,NA,NA,NA
K767,Vastse-Kuuste,K674,Tartu linn,K767__Annuka põik__1,Annuka põik,1,1,28,FALSE,NA,NA,NA,NA,NA,NA
K767,Vastse-Kuuste,K674,Tartu linn,K767__Kuke__1,Kuke,1,1,29,FALSE,1,19,FALSE,NA,NA,NA
K767,Vastse-Kuuste,K674,Tartu linn,K767__Rässa__1,Rässa,1,1,30,FALSE,NA,NA,NA,NA,NA,NA
K767,Vastse-Kuuste,K674,Tartu linn,K767__Tigete__1,Tigete,1,1,31,FALSE,NA,NA,NA,NA,NA,NA
K768,Vastseliina,K813,Võru linn,K768__Vastseliina__1,Vastseliina,22,1,1,TRUE,17,1,TRUE,NA,NA,NA
K768,Vastseliina,K813,Võru linn,K768__Teemeistri__1,Teemeistri,20,2,2,FALSE,15,2,FALSE,NA,NA,NA
K768,Vastseliina,K813,Võru linn,K768__Hinsa__1,Hinsa,16,2,3,FALSE,12,3,FALSE,NA,NA,NA
K768,Vastseliina,K813,Võru linn,K768__Juraski__1,Juraski,16,2,4,FALSE,12,4,FALSE,NA,NA,NA
K768,Vastseliina,K813,Võru linn,K768__Metsatuka__1,Metsatuka,11,2,5,FALSE,9,5,FALSE,NA,NA,NA
K768,Vastseliina,K813,Võru linn,K768__Võidu__1,Võidu,7,1,6,FALSE,4,6,FALSE,NA,NA,NA
K768,Vastseliina,K813,Võru linn,K768__Kapera__1,Kapera,4,2,7,FALSE,3,7,FALSE,NA,NA,NA
K768,Vastseliina,K813,Võru linn,K768__Kerepäälse__1,Kerepäälse,4,2,8,FALSE,3,8,FALSE,NA,NA,NA
K768,Vastseliina,K813,Võru linn,K768__Külaoru__1,Külaoru,4,1,9,FALSE,3,9,FALSE,NA,NA,NA
K768,Vastseliina,K813,Võru linn,K768__Mutsu__1,Mutsu,3,2,10,FALSE,2,11,FALSE,NA,NA,NA
K768,Vastseliina,K813,Võru linn,K768__Pedajamäe__1,Pedajamäe,3,2,11,FALSE,2,12,FALSE,NA,NA,NA
K768,Vastseliina,K813,Võru linn,K768__Kornitsa__1,Kornitsa,2,1,12,FALSE,2,10,FALSE,NA,NA,NA
K768,Vastseliina,K813,Võru linn,K768__Rauba__1,Rauba,2,2,13,FALSE,2,13,FALSE,NA,NA,NA
K768,Vastseliina,K813,Võru linn,K768__Vana-Saaluse__1,Vana-Saaluse,2,2,14,FALSE,2,14,FALSE,NA,NA,NA
K768,Vastseliina,K813,Võru linn,K768__Kaagu__1,Kaagu,1,1,15,FALSE,1,15,FALSE,NA,NA,NA
K768,Vastseliina,K813,Võru linn,K768__Kõrve__1,Kõrve,1,1,16,FALSE,1,16,FALSE,NA,NA,NA
K768,Vastseliina,K813,Võru linn,K768__Punga__1,Punga,1,1,17,FALSE,1,17,FALSE,NA,NA,NA
K769,Vastsemõisa,K789,Viljandi linn,K769__Vaalamäe__1,Vaalamäe,23,2,1,TRUE,12,1,TRUE,NA,NA,NA
K769,Vastsemõisa,K789,Viljandi linn,K769__Vastemõisa__1,Vastemõisa,23,2,2,FALSE,12,2,FALSE,NA,NA,NA
K769,Vastsemõisa,K789,Viljandi linn,K769__Kalju__1,Kalju,18,2,3,FALSE,10,3,FALSE,NA,NA,NA
K769,Vastsemõisa,K789,Viljandi linn,K769__Roosu tee__1,Roosu tee,18,2,4,FALSE,10,4,FALSE,NA,NA,NA
K769,Vastsemõisa,K789,Viljandi linn,K769__Jaanioja__1,Jaanioja,10,2,5,FALSE,6,5,FALSE,NA,NA,NA
K769,Vastsemõisa,K789,Viljandi linn,K769__Teeääre__1,Teeääre,8,2,6,FALSE,4,6,FALSE,NA,NA,NA
K769,Vastsemõisa,K789,Viljandi linn,K769__Aruküla__1,Aruküla,5,2,7,FALSE,2,7,FALSE,NA,NA,NA
K769,Vastsemõisa,K789,Viljandi linn,K769__Kadaka__1,Kadaka,5,2,8,FALSE,2,8,FALSE,NA,NA,NA
K769,Vastsemõisa,K789,Viljandi linn,K769__Kildu__1,Kildu,5,2,9,FALSE,2,9,FALSE,NA,NA,NA
K769,Vastsemõisa,K789,Viljandi linn,K769__Leppoja__1,Leppoja,5,2,10,FALSE,2,10,FALSE,NA,NA,NA
K769,Vastsemõisa,K789,Viljandi linn,K769__Liivaku__1,Liivaku,5,2,11,FALSE,2,11,FALSE,NA,NA,NA
K769,Vastsemõisa,K789,Viljandi linn,K769__Metsküla__1,Metsküla,5,2,12,FALSE,2,12,FALSE,NA,NA,NA
K769,Vastsemõisa,K789,Viljandi linn,K769__Miku__1,Miku,5,2,13,FALSE,2,13,FALSE,NA,NA,NA
K770,Vatla,K663,Tallinn,K770__Linnuse__1,Linnuse,10,2,1,TRUE,NA,NA,NA,NA,NA,NA
K770,Vatla,K663,Tallinn,K770__Lõo__1,Lõo,10,2,2,FALSE,NA,NA,NA,NA,NA,NA
K770,Vatla,K663,Tallinn,K770__Vatlamäe__1,Vatlamäe,10,2,3,FALSE,NA,NA,NA,NA,NA,NA
K770,Vatla,K663,Tallinn,K770__Vatla__1,Vatla,8,3,4,FALSE,NA,NA,NA,NA,NA,NA
K770,Vatla,K663,Tallinn,K770__Nehatu__1,Nehatu,2,2,5,FALSE,NA,NA,NA,NA,NA,NA
K770,Vatla,K663,Tallinn,K770__Pivarootsi__1,Pivarootsi,2,2,6,FALSE,NA,NA,NA,NA,NA,NA
K770,Vatla,K663,Tallinn,K770__Rame__1,Rame,2,2,7,FALSE,NA,NA,NA,NA,NA,NA
K771,Vedu,K674,Tartu linn,K771__Kobratu__1,Kobratu,17,2,1,TRUE,9,1,TRUE,NA,NA,NA
K771,Vedu,K674,Tartu linn,K771__Vedu__1,Vedu,16,2,2,FALSE,8,5,FALSE,NA,NA,NA
K771,Vedu,K674,Tartu linn,K771__Toolamaa tee__1,Toolamaa tee,15,2,3,FALSE,9,2,FALSE,NA,NA,NA
K771,Vedu,K674,Tartu linn,K771__Igavere__1,Igavere,13,2,4,FALSE,8,3,FALSE,NA,NA,NA
K771,Vedu,K674,Tartu linn,K771__Kukemetsa__1,Kukemetsa,13,2,5,FALSE,8,4,FALSE,NA,NA,NA
K771,Vedu,K674,Tartu linn,K771__Nigula tee__1,Nigula tee,5,2,6,FALSE,3,6,FALSE,NA,NA,NA
K771,Vedu,K674,Tartu linn,K771__Vedu keskus__1,Vedu keskus,5,1,7,FALSE,3,7,FALSE,NA,NA,NA
K771,Vedu,K674,Tartu linn,K771__Nurga__1,Nurga,4,1,8,FALSE,2,11,FALSE,NA,NA,NA
K771,Vedu,K674,Tartu linn,K771__Roosimäe__1,Roosimäe,4,1,9,FALSE,2,13,FALSE,NA,NA,NA
K771,Vedu,K674,Tartu linn,K771__Soeküla__1,Soeküla,4,1,10,FALSE,2,15,FALSE,NA,NA,NA
K771,Vedu,K674,Tartu linn,K771__Juula tee__1,Juula tee,3,2,11,FALSE,2,8,FALSE,NA,NA,NA
K771,Vedu,K674,Tartu linn,K771__Jõusa__1,Jõusa,3,2,12,FALSE,2,9,FALSE,NA,NA,NA
K771,Vedu,K674,Tartu linn,K771__Nigula veski__1,Nigula veski,3,2,13,FALSE,2,10,FALSE,NA,NA,NA
K771,Vedu,K674,Tartu linn,K771__Sireli__1,Sireli,3,2,14,FALSE,2,14,FALSE,NA,NA,NA
K771,Vedu,K674,Tartu linn,K771__Pihlaka__1,Pihlaka,2,2,15,FALSE,2,12,FALSE,NA,NA,NA
K771,Vedu,K674,Tartu linn,K771__Vedu tee__1,Vedu tee,2,2,16,FALSE,2,16,FALSE,NA,NA,NA
K771,Vedu,K674,Tartu linn,K771__Jõusaotsa__1,Jõusaotsa,1,1,17,FALSE,NA,NA,NA,NA,NA,NA
K771,Vedu,K674,Tartu linn,K771__Kikivere__1,Kikivere,1,1,18,FALSE,NA,NA,NA,NA,NA,NA
K771,Vedu,K674,Tartu linn,K771__Kivioru__1,Kivioru,1,1,19,FALSE,NA,NA,NA,NA,NA,NA
K771,Vedu,K674,Tartu linn,K771__Toolamaa__1,Toolamaa,1,1,20,FALSE,1,17,FALSE,NA,NA,NA
K772,Veelikse,K531,Pärnu linn,K772__Veelikse__1,Veelikse,5,2,1,TRUE,1,2,FALSE,NA,NA,NA
K772,Veelikse,K531,Pärnu linn,K772__Merioja__1,Merioja,4,1,2,FALSE,1,1,TRUE,NA,NA,NA
K773,Vellavere,K674,Tartu linn,K773__Kobilu teerist__1,Kobilu teerist,9,2,1,TRUE,6,1,TRUE,NA,NA,NA
K773,Vellavere,K674,Tartu linn,K773__Mäeotsa__1,Mäeotsa,9,2,2,FALSE,6,2,FALSE,NA,NA,NA
K773,Vellavere,K674,Tartu linn,K773__Mäeotsa-Ropka__1,Mäeotsa-Ropka,9,2,3,FALSE,6,3,FALSE,NA,NA,NA
K773,Vellavere,K674,Tartu linn,K773__Uueküla__1,Uueküla,8,2,4,FALSE,5,4,FALSE,NA,NA,NA
K773,Vellavere,K674,Tartu linn,K773__Erumäe__1,Erumäe,7,2,5,FALSE,3,9,FALSE,NA,NA,NA
K773,Vellavere,K674,Tartu linn,K773__Kübaramäe__1,Kübaramäe,7,2,6,FALSE,4,5,FALSE,NA,NA,NA
K773,Vellavere,K674,Tartu linn,K773__Poolemõisa__1,Poolemõisa,7,2,7,FALSE,4,8,FALSE,NA,NA,NA
K773,Vellavere,K674,Tartu linn,K773__Laane__1,Laane,6,2,8,FALSE,4,6,FALSE,NA,NA,NA
K773,Vellavere,K674,Tartu linn,K773__Lauri-Hansu__1,Lauri-Hansu,6,2,9,FALSE,4,7,FALSE,NA,NA,NA
K773,Vellavere,K674,Tartu linn,K773__Karijärve__1,Karijärve,5,2,10,FALSE,2,11,FALSE,NA,NA,NA
K773,Vellavere,K674,Tartu linn,K773__Karuputke__1,Karuputke,5,2,11,FALSE,2,12,FALSE,NA,NA,NA
K773,Vellavere,K674,Tartu linn,K773__Kasemäe__1,Kasemäe,5,2,12,FALSE,3,10,FALSE,NA,NA,NA
K773,Vellavere,K674,Tartu linn,K773__Põrgumäe__1,Põrgumäe,5,2,13,FALSE,2,14,FALSE,NA,NA,NA
K773,Vellavere,K674,Tartu linn,K773__Metsalaane__1,Metsalaane,3,2,14,FALSE,2,13,FALSE,NA,NA,NA
K773,Vellavere,K674,Tartu linn,K773__Aru__1,Aru,2,2,15,FALSE,1,15,FALSE,NA,NA,NA
K773,Vellavere,K674,Tartu linn,K773__Aru koorejaam__1,Aru koorejaam,2,2,16,FALSE,1,16,FALSE,NA,NA,NA
K774,Veltsi,K545,Rakvere linn,K774__Põhjakeskus__1,Põhjakeskus,47,2,1,TRUE,24,2,FALSE,NA,NA,NA
K774,Veltsi,K545,Rakvere linn,K774__Aiand__1,Aiand,42,2,2,FALSE,27,1,TRUE,NA,NA,NA
K774,Veltsi,K545,Rakvere linn,K774__Karivärava__1,Karivärava,33,2,3,FALSE,16,3,FALSE,NA,NA,NA
K774,Veltsi,K545,Rakvere linn,K774__Kullaaru tee__1,Kullaaru tee,33,2,4,FALSE,16,4,FALSE,NA,NA,NA
K774,Veltsi,K545,Rakvere linn,K774__Ristmiku__1,Ristmiku,33,2,5,FALSE,16,6,FALSE,NA,NA,NA
K774,Veltsi,K545,Rakvere linn,K774__Päide__1,Päide,29,2,6,FALSE,15,7,FALSE,NA,NA,NA
K774,Veltsi,K545,Rakvere linn,K774__Suvilad__1,Suvilad,25,2,7,FALSE,13,8,FALSE,NA,NA,NA
K774,Veltsi,K545,Rakvere linn,K774__Tõrremäe__1,Tõrremäe,25,2,8,FALSE,13,9,FALSE,NA,NA,NA
K774,Veltsi,K545,Rakvere linn,K774__Näituse__1,Näituse,22,2,9,FALSE,11,10,FALSE,NA,NA,NA
K774,Veltsi,K545,Rakvere linn,K774__Kõrgemäe__1,Kõrgemäe,16,1,10,FALSE,16,5,FALSE,NA,NA,NA
K774,Veltsi,K545,Rakvere linn,K774__Pahnimäe__1,Pahnimäe,10,1,11,FALSE,1,15,FALSE,NA,NA,NA
K774,Veltsi,K545,Rakvere linn,K774__Pahnimäe__2,Pahnimäe,10,1,12,FALSE,10,11,FALSE,NA,NA,NA
K774,Veltsi,K545,Rakvere linn,K774__Veltsi__1,Veltsi,6,2,13,FALSE,3,12,FALSE,NA,NA,NA
K774,Veltsi,K545,Rakvere linn,K774__Veltsi tee__1,Veltsi tee,6,2,14,FALSE,3,13,FALSE,NA,NA,NA
K774,Veltsi,K545,Rakvere linn,K774__Kloodi__1,Kloodi,1,1,15,FALSE,1,14,FALSE,NA,NA,NA
K775,Venevere,K663,Tallinn,K775__Venevere__1,Venevere,6,2,1,TRUE,NA,NA,NA,NA,NA,NA
K775,Venevere,K663,Tallinn,K775__Arukse__1,Arukse,4,2,2,FALSE,NA,NA,NA,NA,NA,NA
K775,Venevere,K663,Tallinn,K775__Kaasiksaare__1,Kaasiksaare,4,2,3,FALSE,NA,NA,NA,NA,NA,NA
K775,Venevere,K663,Tallinn,K775__Põrna__1,Põrna,4,2,4,FALSE,NA,NA,NA,NA,NA,NA
K775,Venevere,K663,Tallinn,K775__Sivi__1,Sivi,4,2,5,FALSE,NA,NA,NA,NA,NA,NA
K776,Vergi,K663,Tallinn,K776__Altja__1,Altja,4,2,1,TRUE,NA,NA,NA,NA,NA,NA
K776,Vergi,K663,Tallinn,K776__Pedassaare__1,Pedassaare,4,2,2,FALSE,NA,NA,NA,NA,NA,NA
K776,Vergi,K663,Tallinn,K776__Pihlaspea__1,Pihlaspea,4,2,3,FALSE,NA,NA,NA,NA,NA,NA
K776,Vergi,K663,Tallinn,K776__Vergi__1,Vergi,4,2,4,FALSE,NA,NA,NA,NA,NA,NA
K777,Veriora,K523,Põlva linn,K777__Vinso__1,Vinso,17,4,1,TRUE,6,1,TRUE,NA,NA,NA
K777,Veriora,K523,Põlva linn,K777__Paisjärve__1,Paisjärve,16,2,2,FALSE,5,2,FALSE,NA,NA,NA
K777,Veriora,K523,Põlva linn,K777__Viluste__1,Viluste,16,2,3,FALSE,5,3,FALSE,NA,NA,NA
K777,Veriora,K523,Põlva linn,K777__Veriora__2,Veriora,15,1,4,FALSE,4,5,FALSE,NA,NA,NA
K777,Veriora,K523,Põlva linn,K777__Kirmsi__1,Kirmsi,11,1,5,FALSE,1,10,FALSE,NA,NA,NA
K777,Veriora,K523,Põlva linn,K777__Kullamäe tee__1,Kullamäe tee,11,2,6,FALSE,1,11,FALSE,NA,NA,NA
K777,Veriora,K523,Põlva linn,K777__Pahtpää__1,Pahtpää,11,2,7,FALSE,1,12,FALSE,NA,NA,NA
K777,Veriora,K523,Põlva linn,K777__Verioramõisa__1,Verioramõisa,9,2,8,FALSE,3,6,FALSE,NA,NA,NA
K777,Veriora,K523,Põlva linn,K777__Ilumetsa__1,Ilumetsa,8,4,9,FALSE,4,4,FALSE,NA,NA,NA
K777,Veriora,K523,Põlva linn,K777__Vahi__1,Vahi,6,2,10,FALSE,1,13,FALSE,NA,NA,NA
K777,Veriora,K523,Põlva linn,K777__Veriora__1,Veriora,4,2,11,FALSE,2,8,FALSE,NA,NA,NA
K777,Veriora,K523,Põlva linn,K777__Kikka__1,Kikka,3,2,12,FALSE,2,7,FALSE,NA,NA,NA
K777,Veriora,K523,Põlva linn,K777__Põdrasilla__1,Põdrasilla,3,2,13,FALSE,NA,NA,NA,NA,NA,NA
K777,Veriora,K523,Põlva linn,K777__Veerksu__1,Veerksu,3,2,14,FALSE,NA,NA,NA,NA,NA,NA
K777,Veriora,K523,Põlva linn,K777__Vändramaa__1,Vändramaa,3,2,15,FALSE,2,9,FALSE,NA,NA,NA
K777,Veriora,K523,Põlva linn,K777__Tammesalu__1,Tammesalu,1,1,16,FALSE,NA,NA,NA,NA,NA,NA
K777,Veriora,K523,Põlva linn,K777__Veriora raudteejaam__1,Veriora raudteejaam,1,1,17,FALSE,NA,NA,NA,NA,NA,NA
K778,Veski,K674,Tartu linn,K778__Tuleviku__1,Tuleviku,5,2,1,TRUE,NA,NA,NA,NA,NA,NA
K778,Veski,K674,Tartu linn,K778__Luka__1,Luka,3,2,2,FALSE,NA,NA,NA,NA,NA,NA
K778,Veski,K674,Tartu linn,K778__Savikoja__1,Savikoja,2,2,3,FALSE,NA,NA,NA,NA,NA,NA
K778,Veski,K674,Tartu linn,K778__Veski põik__1,Veski põik,2,2,4,FALSE,NA,NA,NA,NA,NA,NA
K778,Veski,K674,Tartu linn,K778__Veski__1,Veski,1,1,5,FALSE,NA,NA,NA,NA,NA,NA
K779,Vidrike,K674,Tartu linn,K779__Vidrike rist__1,Vidrike rist,7,2,1,TRUE,NA,NA,NA,NA,NA,NA
K779,Vidrike,K674,Tartu linn,K779__Ilmjärve__1,Ilmjärve,5,2,2,FALSE,NA,NA,NA,NA,NA,NA
K779,Vidrike,K674,Tartu linn,K779__Ilmjärve kool__1,Ilmjärve kool,5,2,3,FALSE,NA,NA,NA,NA,NA,NA
K779,Vidrike,K674,Tartu linn,K779__Kassiratta__1,Kassiratta,5,2,4,FALSE,NA,NA,NA,NA,NA,NA
K779,Vidrike,K674,Tartu linn,K779__Soekõrtsi__1,Soekõrtsi,5,2,5,FALSE,NA,NA,NA,NA,NA,NA
K779,Vidrike,K674,Tartu linn,K779__Inni__1,Inni,4,2,6,FALSE,NA,NA,NA,NA,NA,NA
K779,Vidrike,K674,Tartu linn,K779__Anne__1,Anne,2,2,7,FALSE,NA,NA,NA,NA,NA,NA
K779,Vidrike,K674,Tartu linn,K779__Kantsu__1,Kantsu,2,2,8,FALSE,NA,NA,NA,NA,NA,NA
K779,Vidrike,K674,Tartu linn,K779__Mälle__1,Mälle,2,2,9,FALSE,NA,NA,NA,NA,NA,NA
K779,Vidrike,K674,Tartu linn,K779__Rundsa__1,Rundsa,2,2,10,FALSE,NA,NA,NA,NA,NA,NA
K779,Vidrike,K674,Tartu linn,K779__Truuta__1,Truuta,2,2,11,FALSE,NA,NA,NA,NA,NA,NA
K779,Vidrike,K674,Tartu linn,K779__Vidrike asula__1,Vidrike asula,2,2,12,FALSE,NA,NA,NA,NA,NA,NA
K780,Vihterpalu,K663,Tallinn,K780__Tamse__1,Tamse,8,2,1,TRUE,4,1,TRUE,NA,NA,NA
K780,Vihterpalu,K663,Tallinn,K780__Vihterpalu__1,Vihterpalu,8,2,2,FALSE,4,2,FALSE,NA,NA,NA
K780,Vihterpalu,K663,Tallinn,K780__Vihterpalu mõis__1,Vihterpalu mõis,8,1,3,FALSE,4,3,FALSE,NA,NA,NA
K780,Vihterpalu,K663,Tallinn,K780__Maissoo__1,Maissoo,6,2,4,FALSE,3,4,FALSE,NA,NA,NA
K780,Vihterpalu,K663,Tallinn,K780__Suurekivi__1,Suurekivi,6,2,5,FALSE,3,5,FALSE,NA,NA,NA
K781,Vihtra,K663,Tallinn,K781__Püti__1,Püti,7,2,1,TRUE,NA,NA,NA,NA,NA,NA
K781,Vihtra,K663,Tallinn,K781__Vihtra__1,Vihtra,7,2,2,FALSE,NA,NA,NA,NA,NA,NA
K781,Vihtra,K663,Tallinn,K781__Asinoja__1,Asinoja,6,2,3,FALSE,NA,NA,NA,NA,NA,NA
K781,Vihtra,K663,Tallinn,K781__Jenseni__1,Jenseni,6,2,4,FALSE,NA,NA,NA,NA,NA,NA
K781,Vihtra,K663,Tallinn,K781__Kavasoo__1,Kavasoo,6,2,5,FALSE,NA,NA,NA,NA,NA,NA
K781,Vihtra,K663,Tallinn,K781__Rahnoja__1,Rahnoja,6,2,6,FALSE,NA,NA,NA,NA,NA,NA
K782,Vihula,K545,Rakvere linn,K782__Potsu tee__1,Potsu tee,8,2,1,TRUE,3,2,FALSE,NA,NA,NA
K782,Vihula,K545,Rakvere linn,K782__Paasi__1,Paasi,6,2,2,FALSE,3,1,TRUE,NA,NA,NA
K782,Vihula,K545,Rakvere linn,K782__Paisjärve__1,Paisjärve,5,2,3,FALSE,2,3,FALSE,NA,NA,NA
K782,Vihula,K545,Rakvere linn,K782__Tiigi__1,Tiigi,5,1,4,FALSE,2,6,FALSE,NA,NA,NA
K782,Vihula,K545,Rakvere linn,K782__Vihula__1,Vihula,5,1,5,FALSE,2,7,FALSE,NA,NA,NA
K782,Vihula,K545,Rakvere linn,K782__Sikkani__1,Sikkani,3,2,6,FALSE,2,4,FALSE,NA,NA,NA
K782,Vihula,K545,Rakvere linn,K782__Söeaugu__1,Söeaugu,3,2,7,FALSE,2,5,FALSE,NA,NA,NA
K782,Vihula,K545,Rakvere linn,K782__Kulli__1,Kulli,2,2,8,FALSE,NA,NA,NA,NA,NA,NA
K782,Vihula,K545,Rakvere linn,K782__Pajuveski__1,Pajuveski,2,2,9,FALSE,NA,NA,NA,NA,NA,NA
K782,Vihula,K545,Rakvere linn,K782__Vainupea tee__1,Vainupea tee,2,2,10,FALSE,NA,NA,NA,NA,NA,NA
K783,Viimsi-Haabneeme,K663,Tallinn,K783__Viimsi keskus 2__1,Viimsi keskus 2,267,1,1,TRUE,154,3,FALSE,NA,NA,NA
K783,Viimsi-Haabneeme,K663,Tallinn,K783__Mõisapargi__1,Mõisapargi,230,1,2,FALSE,24,17,FALSE,NA,NA,NA
K783,Viimsi-Haabneeme,K663,Tallinn,K783__Viimsi kool__1,Viimsi kool,230,1,3,FALSE,24,19,FALSE,NA,NA,NA
K783,Viimsi-Haabneeme,K663,Tallinn,K783__Viimsi keskus 1__1,Viimsi keskus 1,215,1,4,FALSE,53,4,FALSE,NA,NA,NA
K783,Viimsi-Haabneeme,K663,Tallinn,K783__Mõisapargi__2,Mõisapargi,164,1,5,FALSE,164,1,TRUE,NA,NA,NA
K783,Viimsi-Haabneeme,K663,Tallinn,K783__Merivälja__1,Merivälja,154,1,6,FALSE,154,2,FALSE,NA,NA,NA
K783,Viimsi-Haabneeme,K663,Tallinn,K783__Viimsi vallamaja__1,Viimsi vallamaja,144,2,7,FALSE,28,11,FALSE,NA,NA,NA
K783,Viimsi-Haabneeme,K663,Tallinn,K783__Haabneeme rand__1,Haabneeme rand,136,2,8,FALSE,24,14,FALSE,NA,NA,NA
K783,Viimsi-Haabneeme,K663,Tallinn,K783__Meremärgi__1,Meremärgi,136,2,9,FALSE,24,16,FALSE,NA,NA,NA
K783,Viimsi-Haabneeme,K663,Tallinn,K783__Poe__1,Poe,136,2,10,FALSE,24,18,FALSE,NA,NA,NA
K783,Viimsi-Haabneeme,K663,Tallinn,K783__Karulaugu__1,Karulaugu,121,2,11,FALSE,43,6,FALSE,NA,NA,NA
K783,Viimsi-Haabneeme,K663,Tallinn,K783__Krillimäe__1,Krillimäe,121,2,12,FALSE,43,7,FALSE,NA,NA,NA
K783,Viimsi-Haabneeme,K663,Tallinn,K783__Vehema__1,Vehema,107,2,13,FALSE,46,5,FALSE,NA,NA,NA
K783,Viimsi-Haabneeme,K663,Tallinn,K783__Kuremarja__1,Kuremarja,72,2,14,FALSE,28,8,FALSE,NA,NA,NA
K783,Viimsi-Haabneeme,K663,Tallinn,K783__Tulbiaia__1,Tulbiaia,72,2,15,FALSE,28,9,FALSE,NA,NA,NA
K783,Viimsi-Haabneeme,K663,Tallinn,K783__Tulika__1,Tulika,72,2,16,FALSE,28,10,FALSE,NA,NA,NA
K783,Viimsi-Haabneeme,K663,Tallinn,K783__Kalatööstuse__1,Kalatööstuse,68,1,17,FALSE,NA,NA,NA,NA,NA,NA
K783,Viimsi-Haabneeme,K663,Tallinn,K783__Lahe__1,Lahe,68,1,18,FALSE,24,15,FALSE,NA,NA,NA
K783,Viimsi-Haabneeme,K663,Tallinn,K783__Farmi__1,Farmi,67,2,19,FALSE,25,12,FALSE,NA,NA,NA
K783,Viimsi-Haabneeme,K663,Tallinn,K783__Metskitse__1,Metskitse,67,2,20,FALSE,25,13,FALSE,NA,NA,NA
K783,Viimsi-Haabneeme,K663,Tallinn,K783__Kelvingi__1,Kelvingi,54,2,21,FALSE,NA,NA,NA,NA,NA,NA
K783,Viimsi-Haabneeme,K663,Tallinn,K783__Lubjamäe__1,Lubjamäe,54,2,22,FALSE,18,20,FALSE,NA,NA,NA
K783,Viimsi-Haabneeme,K663,Tallinn,K783__Paekaare__1,Paekaare,54,2,23,FALSE,18,21,FALSE,NA,NA,NA
K783,Viimsi-Haabneeme,K663,Tallinn,K783__Vainu__1,Vainu,54,2,24,FALSE,18,22,FALSE,NA,NA,NA
K783,Viimsi-Haabneeme,K663,Tallinn,K783__Viimsi mõis__1,Viimsi mõis,54,2,25,FALSE,18,23,FALSE,NA,NA,NA
K783,Viimsi-Haabneeme,K663,Tallinn,K783__Vikerkaare__1,Vikerkaare,35,2,26,FALSE,18,24,FALSE,NA,NA,NA
K783,Viimsi-Haabneeme,K663,Tallinn,K783__Aiandi__1,Aiandi,19,2,27,FALSE,NA,NA,NA,NA,NA,NA
K783,Viimsi-Haabneeme,K663,Tallinn,K783__Sooheina__1,Sooheina,19,1,28,FALSE,NA,NA,NA,NA,NA,NA
K783,Viimsi-Haabneeme,K663,Tallinn,K783__Soosepa__1,Soosepa,19,1,29,FALSE,NA,NA,NA,NA,NA,NA
K783,Viimsi-Haabneeme,K663,Tallinn,K783__Viievelle tee__1,Viievelle tee,19,2,30,FALSE,NA,NA,NA,NA,NA,NA
K783,Viimsi-Haabneeme,K663,Tallinn,K783__Metsise__1,Metsise,14,1,31,FALSE,NA,NA,NA,NA,NA,NA
K784,Viiratsi,K789,Viljandi linn,K784__Viiratsi__1,Viiratsi,78,2,1,TRUE,43,1,TRUE,NA,NA,NA
K784,Viiratsi,K789,Viljandi linn,K784__Mäe__1,Mäe,41,3,2,FALSE,39,2,FALSE,NA,NA,NA
K784,Viiratsi,K789,Viljandi linn,K784__Vallamaja__1,Vallamaja,41,2,3,FALSE,7,15,FALSE,NA,NA,NA
K784,Viiratsi,K789,Viljandi linn,K784__Mustla tee__1,Mustla tee,36,1,4,FALSE,3,16,FALSE,NA,NA,NA
K784,Viiratsi,K789,Viljandi linn,K784__Viiratsi puiestee__1,Viiratsi puiestee,36,1,5,FALSE,3,23,FALSE,NA,NA,NA
K784,Viiratsi,K789,Viljandi linn,K784__Vana-Võidu teerist__1,Vana-Võidu teerist,29,2,6,FALSE,20,3,FALSE,NA,NA,NA
K784,Viiratsi,K789,Viljandi linn,K784__Teemeistri__1,Teemeistri,25,2,7,FALSE,18,4,FALSE,NA,NA,NA
K784,Viiratsi,K789,Viljandi linn,K784__Ekseko__1,Ekseko,21,2,8,FALSE,10,8,FALSE,NA,NA,NA
K784,Viiratsi,K789,Viljandi linn,K784__Kangilaski__1,Kangilaski,21,2,9,FALSE,10,9,FALSE,NA,NA,NA
K784,Viiratsi,K789,Viljandi linn,K784__Laidu__1,Laidu,21,2,10,FALSE,10,10,FALSE,NA,NA,NA
K784,Viiratsi,K789,Viljandi linn,K784__Pingu__1,Pingu,16,2,11,FALSE,8,13,FALSE,NA,NA,NA
K784,Viiratsi,K789,Viljandi linn,K784__Viiratsi tee__1,Viiratsi tee,16,2,12,FALSE,8,14,FALSE,NA,NA,NA
K784,Viiratsi,K789,Viljandi linn,K784__Aruküla__1,Aruküla,15,2,13,FALSE,13,5,FALSE,NA,NA,NA
K784,Viiratsi,K789,Viljandi linn,K784__Nuia__1,Nuia,15,2,14,FALSE,13,6,FALSE,NA,NA,NA
K784,Viiratsi,K789,Viljandi linn,K784__Piima__1,Piima,15,2,15,FALSE,13,7,FALSE,NA,NA,NA
K784,Viiratsi,K789,Viljandi linn,K784__Vana-Võidu__1,Vana-Võidu,10,1,16,FALSE,9,11,FALSE,NA,NA,NA
K784,Viiratsi,K789,Viljandi linn,K784__Vana-Võidu tee__1,Vana-Võidu tee,10,1,17,FALSE,9,12,FALSE,NA,NA,NA
K784,Viiratsi,K789,Viljandi linn,K784__Mustriku__1,Mustriku,5,2,18,FALSE,2,24,FALSE,NA,NA,NA
K784,Viiratsi,K789,Viljandi linn,K784__Mäeotsa__1,Mäeotsa,5,2,19,FALSE,3,17,FALSE,NA,NA,NA
K784,Viiratsi,K789,Viljandi linn,K784__Pingu tee__1,Pingu tee,5,2,20,FALSE,2,25,FALSE,NA,NA,NA
K784,Viiratsi,K789,Viljandi linn,K784__Saarenurga__1,Saarenurga,5,2,21,FALSE,3,18,FALSE,NA,NA,NA
K784,Viiratsi,K789,Viljandi linn,K784__Sammuli__1,Sammuli,5,2,22,FALSE,2,26,FALSE,NA,NA,NA
K784,Viiratsi,K789,Viljandi linn,K784__Sepamaa__1,Sepamaa,5,2,23,FALSE,3,19,FALSE,NA,NA,NA
K784,Viiratsi,K789,Viljandi linn,K784__Tõigaste__1,Tõigaste,5,2,24,FALSE,2,27,FALSE,NA,NA,NA
K784,Viiratsi,K789,Viljandi linn,K784__Varese__1,Varese,5,2,25,FALSE,3,20,FALSE,NA,NA,NA
K784,Viiratsi,K789,Viljandi linn,K784__Vennijaagu__1,Vennijaagu,5,2,26,FALSE,3,21,FALSE,NA,NA,NA
K784,Viiratsi,K789,Viljandi linn,K784__Verilaske__1,Verilaske,5,2,27,FALSE,3,22,FALSE,NA,NA,NA
K785,Viisu,K458,Paide linn,K785__Vodja tee__1,Vodja tee,26,2,1,TRUE,15,1,TRUE,NA,NA,NA
K785,Viisu,K458,Paide linn,K785__Kirisaare__1,Kirisaare,17,2,2,FALSE,8,3,FALSE,NA,NA,NA
K785,Viisu,K458,Paide linn,K785__Koordi mõis__1,Koordi mõis,17,2,3,FALSE,8,4,FALSE,NA,NA,NA
K785,Viisu,K458,Paide linn,K785__Miili__1,Miili,17,2,4,FALSE,8,5,FALSE,NA,NA,NA
K785,Viisu,K458,Paide linn,K785__Vodja mõis__1,Vodja mõis,16,2,5,FALSE,10,2,FALSE,NA,NA,NA
K785,Viisu,K458,Paide linn,K785__Olli__1,Olli,8,2,6,FALSE,5,6,FALSE,NA,NA,NA
K785,Viisu,K458,Paide linn,K785__Sirtsu__1,Sirtsu,8,2,7,FALSE,4,9,FALSE,NA,NA,NA
K785,Viisu,K458,Paide linn,K785__Viisu__1,Viisu,8,2,8,FALSE,5,7,FALSE,NA,NA,NA
K785,Viisu,K458,Paide linn,K785__Viisu tee__1,Viisu tee,8,2,9,FALSE,5,8,FALSE,NA,NA,NA
K785,Viisu,K458,Paide linn,K785__Koordi__1,Koordi,3,1,10,FALSE,2,10,FALSE,NA,NA,NA
K785,Viisu,K458,Paide linn,K785__Koordi tee__1,Koordi tee,2,1,11,FALSE,2,11,FALSE,NA,NA,NA
K785,Viisu,K458,Paide linn,K785__Vedruka__1,Vedruka,2,1,12,FALSE,2,12,FALSE,NA,NA,NA
K785,Viisu,K458,Paide linn,K785__Olliküla__1,Olliküla,1,1,13,FALSE,NA,NA,NA,NA,NA,NA
K786,Viitina,K813,Võru linn,K786__Viitina__1,Viitina,6,2,1,TRUE,5,1,TRUE,NA,NA,NA
K786,Viitina,K813,Võru linn,K786__Haki tee__1,Haki tee,3,2,2,FALSE,2,2,FALSE,NA,NA,NA
K786,Viitina,K813,Võru linn,K786__Savioru__1,Savioru,3,2,3,FALSE,2,4,FALSE,NA,NA,NA
K786,Viitina,K813,Võru linn,K786__Töökoja__1,Töökoja,3,2,4,FALSE,2,5,FALSE,NA,NA,NA
K786,Viitina,K813,Võru linn,K786__Heibri tee__1,Heibri tee,2,1,5,FALSE,2,3,FALSE,NA,NA,NA
K787,Viitka,K813,Võru linn,K787__Illi__1,Illi,10,2,1,TRUE,7,1,TRUE,NA,NA,NA
K787,Viitka,K813,Võru linn,K787__Viitka__1,Viitka,10,2,2,FALSE,7,2,FALSE,NA,NA,NA
K787,Viitka,K813,Võru linn,K787__Järvemäe__1,Järvemäe,7,2,3,FALSE,4,4,FALSE,NA,NA,NA
K787,Viitka,K813,Võru linn,K787__Illi põik__1,Illi põik,5,2,4,FALSE,4,3,FALSE,NA,NA,NA
K787,Viitka,K813,Võru linn,K787__Järveotsa__1,Järveotsa,3,2,5,FALSE,3,5,FALSE,NA,NA,NA
K788,Viivikonna-Mustanina,K118,Jõhvi linn,K788__Agnese__1,Agnese,4,2,1,TRUE,NA,NA,NA,NA,NA,NA
K788,Viivikonna-Mustanina,K118,Jõhvi linn,K788__Imesaare__1,Imesaare,4,2,2,FALSE,NA,NA,NA,NA,NA,NA
K788,Viivikonna-Mustanina,K118,Jõhvi linn,K788__Kaevurite__1,Kaevurite,4,2,3,FALSE,NA,NA,NA,NA,NA,NA
K788,Viivikonna-Mustanina,K118,Jõhvi linn,K788__Lehesaare__1,Lehesaare,4,2,4,FALSE,NA,NA,NA,NA,NA,NA
K788,Viivikonna-Mustanina,K118,Jõhvi linn,K788__Metsavahi__1,Metsavahi,4,2,5,FALSE,NA,NA,NA,NA,NA,NA
K788,Viivikonna-Mustanina,K118,Jõhvi linn,K788__Mustanina__1,Mustanina,4,2,6,FALSE,NA,NA,NA,NA,NA,NA
K788,Viivikonna-Mustanina,K118,Jõhvi linn,K788__Sirgala__1,Sirgala,4,1,7,FALSE,NA,NA,NA,NA,NA,NA
K788,Viivikonna-Mustanina,K118,Jõhvi linn,K788__Viivikonna__1,Viivikonna,4,1,8,FALSE,NA,NA,NA,NA,NA,NA
K789,Viljandi linn,K789,Viljandi linn,K789__Viljandi bussijaam__1,Viljandi bussijaam,190,1,1,TRUE,NA,NA,NA,95,1,TRUE
K789,Viljandi linn,K789,Viljandi linn,K789__Vabaduse plats__1,Vabaduse plats,166,2,2,FALSE,NA,NA,NA,94,2,FALSE
K789,Viljandi linn,K789,Viljandi linn,K789__Reinu tee__1,Reinu tee,142,2,3,FALSE,NA,NA,NA,83,3,FALSE
K789,Viljandi linn,K789,Viljandi linn,K789__Jakobsoni kool__1,Jakobsoni kool,140,2,4,FALSE,NA,NA,NA,81,4,FALSE
K789,Viljandi linn,K789,Viljandi linn,K789__Huntaugu__1,Huntaugu,137,2,5,FALSE,NA,NA,NA,80,5,FALSE
K789,Viljandi linn,K789,Viljandi linn,K789__Kesklinna kool__1,Kesklinna kool,129,2,6,FALSE,NA,NA,NA,78,6,FALSE
K789,Viljandi linn,K789,Viljandi linn,K789__Raamatukogu__1,Raamatukogu,123,2,7,FALSE,NA,NA,NA,72,7,FALSE
K789,Viljandi linn,K789,Viljandi linn,K789__Ugala__1,Ugala,119,2,8,FALSE,NA,NA,NA,69,9,FALSE
K789,Viljandi linn,K789,Viljandi linn,K789__Männimäe__1,Männimäe,113,2,9,FALSE,NA,NA,NA,69,8,FALSE
K789,Viljandi linn,K789,Viljandi linn,K789__Turg__1,Turg,100,2,10,FALSE,NA,NA,NA,52,13,FALSE
K789,Viljandi linn,K789,Viljandi linn,K789__Kantreküla__1,Kantreküla,96,2,11,FALSE,NA,NA,NA,52,12,FALSE
K789,Viljandi linn,K789,Viljandi linn,K789__Kösti__1,Kösti,80,2,12,FALSE,NA,NA,NA,35,19,FALSE
K789,Viljandi linn,K789,Viljandi linn,K789__Paalalinna kool__1,Paalalinna kool,79,4,13,FALSE,NA,NA,NA,38,17,FALSE
K789,Viljandi linn,K789,Viljandi linn,K789__Lääne__1,Lääne,70,2,14,FALSE,NA,NA,NA,40,15,FALSE
K789,Viljandi linn,K789,Viljandi linn,K789__Riia mnt__1,Riia mnt,70,1,15,FALSE,NA,NA,NA,46,14,FALSE
K789,Viljandi linn,K789,Viljandi linn,K789__Uku__1,Uku,69,2,16,FALSE,NA,NA,NA,59,11,FALSE
K789,Viljandi linn,K789,Viljandi linn,K789__Maramaa__1,Maramaa,67,1,17,FALSE,NA,NA,NA,67,10,FALSE
K789,Viljandi linn,K789,Viljandi linn,K789__Pärnu mnt__1,Pärnu mnt,67,2,18,FALSE,NA,NA,NA,35,20,FALSE
K789,Viljandi linn,K789,Viljandi linn,K789__Suur-Kaare__1,Suur-Kaare,62,3,19,FALSE,NA,NA,NA,29,22,FALSE
K789,Viljandi linn,K789,Viljandi linn,K789__Valuoja pst__1,Valuoja pst,58,2,20,FALSE,NA,NA,NA,12,41,FALSE
K789,Viljandi linn,K789,Viljandi linn,K789__Kauge__1,Kauge,57,2,21,FALSE,NA,NA,NA,11,42,FALSE
K789,Viljandi linn,K789,Viljandi linn,K789__Paala järv__1,Paala järv,57,2,22,FALSE,NA,NA,NA,11,43,FALSE
K789,Viljandi linn,K789,Viljandi linn,K789__Tallinna__1,Tallinna,56,2,23,FALSE,NA,NA,NA,40,16,FALSE
K789,Viljandi linn,K789,Viljandi linn,K789__Uueveski tee__1,Uueveski tee,54,2,24,FALSE,NA,NA,NA,30,21,FALSE
K789,Viljandi linn,K789,Viljandi linn,K789__Peetrimõisa__1,Peetrimõisa,50,2,25,FALSE,NA,NA,NA,28,23,FALSE
K789,Viljandi linn,K789,Viljandi linn,K789__Paala tee__1,Paala tee,49,2,26,FALSE,NA,NA,NA,25,26,FALSE
K789,Viljandi linn,K789,Viljandi linn,K789__Teatri__1,Teatri,49,2,27,FALSE,NA,NA,NA,26,25,FALSE
K789,Viljandi linn,K789,Viljandi linn,K789__Kirikumõis__1,Kirikumõis,48,1,28,FALSE,NA,NA,NA,26,24,FALSE
K789,Viljandi linn,K789,Viljandi linn,K789__Planeedi__1,Planeedi,47,2,29,FALSE,NA,NA,NA,25,28,FALSE
K789,Viljandi linn,K789,Viljandi linn,K789__Näituse__1,Näituse,43,2,30,FALSE,NA,NA,NA,23,33,FALSE
K789,Viljandi linn,K789,Viljandi linn,K789__Pirni__1,Pirni,43,2,31,FALSE,NA,NA,NA,25,27,FALSE
K789,Viljandi linn,K789,Viljandi linn,K789__Kösti veski__1,Kösti veski,41,2,32,FALSE,NA,NA,NA,24,29,FALSE
K789,Viljandi linn,K789,Viljandi linn,K789__Metsakalmistu__1,Metsakalmistu,41,2,33,FALSE,NA,NA,NA,24,30,FALSE
K789,Viljandi linn,K789,Viljandi linn,K789__Oja tee__1,Oja tee,41,2,34,FALSE,NA,NA,NA,24,32,FALSE
K789,Viljandi linn,K789,Viljandi linn,K789__Muusikakool__1,Muusikakool,39,1,35,FALSE,NA,NA,NA,2,48,FALSE
K789,Viljandi linn,K789,Viljandi linn,K789__Saeveski__1,Saeveski,37,2,36,FALSE,NA,NA,NA,18,37,FALSE
K789,Viljandi linn,K789,Viljandi linn,K789__Kösti oja__1,Kösti oja,36,1,37,FALSE,NA,NA,NA,36,18,FALSE
K789,Viljandi linn,K789,Viljandi linn,K789__Metalli__1,Metalli,36,2,38,FALSE,NA,NA,NA,17,38,FALSE
K789,Viljandi linn,K789,Viljandi linn,K789__Musta tee__1,Musta tee,30,2,39,FALSE,NA,NA,NA,24,31,FALSE
K789,Viljandi linn,K789,Viljandi linn,K789__Reinumõisa__1,Reinumõisa,28,2,40,FALSE,NA,NA,NA,21,34,FALSE
K789,Viljandi linn,K789,Viljandi linn,K789__Kamari__1,Kamari,27,2,41,FALSE,NA,NA,NA,19,35,FALSE
K789,Viljandi linn,K789,Viljandi linn,K789__Reinu põik__1,Reinu põik,26,2,42,FALSE,NA,NA,NA,19,36,FALSE
K789,Viljandi linn,K789,Viljandi linn,K789__Raudteejaam__1,Raudteejaam,23,1,43,FALSE,NA,NA,NA,14,40,FALSE
K789,Viljandi linn,K789,Viljandi linn,K789__Puidu__1,Puidu,18,2,44,FALSE,NA,NA,NA,4,46,FALSE
K789,Viljandi linn,K789,Viljandi linn,K789__Kagu__1,Kagu,14,1,45,FALSE,NA,NA,NA,14,39,FALSE
K789,Viljandi linn,K789,Viljandi linn,K789__Meierei__1,Meierei,14,2,46,FALSE,NA,NA,NA,8,44,FALSE
K789,Viljandi linn,K789,Viljandi linn,K789__Viljandi__1,Viljandi,10,2,47,FALSE,NA,NA,NA,5,45,FALSE
K789,Viljandi linn,K789,Viljandi linn,K789__Roheline__1,Roheline,6,2,48,FALSE,NA,NA,NA,3,47,FALSE
K789,Viljandi linn,K789,Viljandi linn,K789__Järve__1,Järve,2,1,49,FALSE,NA,NA,NA,1,49,FALSE
K789,Viljandi linn,K789,Viljandi linn,K789__Kõrgemäe__1,Kõrgemäe,2,2,50,FALSE,NA,NA,NA,1,50,FALSE
K789,Viljandi linn,K789,Viljandi linn,K789__Tartu__1,Tartu,2,1,51,FALSE,NA,NA,NA,1,51,FALSE
K789,Viljandi linn,K789,Viljandi linn,K789__Tikuvabriku__1,Tikuvabriku,1,1,52,FALSE,NA,NA,NA,NA,NA,NA
K790,Vilsandi,K270,Kuressaare linn,K790__Vilsandi sadam__1,Vilsandi sadam,4,1,1,TRUE,NA,NA,NA,NA,NA,NA
K791,Viluvere,K663,Tallinn,K791__Tootsi tee__1,Tootsi tee,9,2,1,TRUE,2,1,TRUE,NA,NA,NA
K791,Viluvere,K663,Tallinn,K791__Viluvere__1,Viluvere,9,2,2,FALSE,2,2,FALSE,NA,NA,NA
K792,Vinni-Pajusti,K545,Rakvere linn,K792__Pajusti__1,Pajusti,30,2,1,TRUE,22,1,TRUE,NA,NA,NA
K792,Vinni-Pajusti,K545,Rakvere linn,K792__Vilgu tee__1,Vilgu tee,29,2,2,FALSE,21,2,FALSE,NA,NA,NA
K792,Vinni-Pajusti,K545,Rakvere linn,K792__Kakumäe__1,Kakumäe,22,2,3,FALSE,14,4,FALSE,NA,NA,NA
K792,Vinni-Pajusti,K545,Rakvere linn,K792__Vinni__1,Vinni,18,2,4,FALSE,15,3,FALSE,NA,NA,NA
K792,Vinni-Pajusti,K545,Rakvere linn,K792__Vinni tee__1,Vinni tee,15,2,5,FALSE,14,5,FALSE,NA,NA,NA
K792,Vinni-Pajusti,K545,Rakvere linn,K792__Mõdriku tee__1,Mõdriku tee,13,2,6,FALSE,11,6,FALSE,NA,NA,NA
K792,Vinni-Pajusti,K545,Rakvere linn,K792__Koeravere__1,Koeravere,10,2,7,FALSE,5,8,FALSE,NA,NA,NA
K792,Vinni-Pajusti,K545,Rakvere linn,K792__Koeravere tee__1,Koeravere tee,10,2,8,FALSE,5,9,FALSE,NA,NA,NA
K792,Vinni-Pajusti,K545,Rakvere linn,K792__Mõdriku__1,Mõdriku,10,2,9,FALSE,10,7,FALSE,NA,NA,NA
K792,Vinni-Pajusti,K545,Rakvere linn,K792__Inju__1,Inju,8,2,10,FALSE,4,10,FALSE,NA,NA,NA
K792,Vinni-Pajusti,K545,Rakvere linn,K792__Vana-Vinni__1,Vana-Vinni,8,2,11,FALSE,4,11,FALSE,NA,NA,NA
K792,Vinni-Pajusti,K545,Rakvere linn,K792__Väljataguse__1,Väljataguse,8,2,12,FALSE,4,12,FALSE,NA,NA,NA
K792,Vinni-Pajusti,K545,Rakvere linn,K792__Inju tee__1,Inju tee,2,2,13,FALSE,1,13,FALSE,NA,NA,NA
K793,Virtsu,K663,Tallinn,K793__Virtsu sadam__1,Virtsu sadam,63,3,1,TRUE,4,1,TRUE,NA,NA,NA
K793,Virtsu,K663,Tallinn,K793__Virtsu__1,Virtsu,16,2,2,FALSE,2,2,FALSE,NA,NA,NA
K793,Virtsu,K663,Tallinn,K793__Virtsu kool__1,Virtsu kool,1,1,3,FALSE,NA,NA,NA,NA,NA,NA
K794,Viru-Jaagupi,K545,Rakvere linn,K794__Viru-Jaagupi__1,Viru-Jaagupi,24,2,1,TRUE,15,1,TRUE,NA,NA,NA
K794,Viru-Jaagupi,K545,Rakvere linn,K794__Kehala__1,Kehala,22,2,2,FALSE,14,2,FALSE,NA,NA,NA
K794,Viru-Jaagupi,K545,Rakvere linn,K794__Voore__1,Voore,18,2,3,FALSE,11,3,FALSE,NA,NA,NA
K794,Viru-Jaagupi,K545,Rakvere linn,K794__Kalmistu__1,Kalmistu,3,2,4,FALSE,2,4,FALSE,NA,NA,NA
K795,Viru-Kabala,K545,Rakvere linn,K795__Liiva__1,Liiva,12,2,1,TRUE,6,1,TRUE,NA,NA,NA
K795,Viru-Kabala,K545,Rakvere linn,K795__Viru-Kabala raudteejaam__1,Viru-Kabala raudteejaam,12,2,2,FALSE,6,2,FALSE,NA,NA,NA
K795,Viru-Kabala,K545,Rakvere linn,K795__Haansalu__1,Haansalu,10,2,3,FALSE,5,3,FALSE,NA,NA,NA
K795,Viru-Kabala,K545,Rakvere linn,K795__Liivakünka__1,Liivakünka,10,2,4,FALSE,5,4,FALSE,NA,NA,NA
K795,Viru-Kabala,K545,Rakvere linn,K795__Uljaste tee__1,Uljaste tee,10,2,5,FALSE,5,5,FALSE,NA,NA,NA
K795,Viru-Kabala,K545,Rakvere linn,K795__Viru-Kabala__1,Viru-Kabala,10,2,6,FALSE,5,6,FALSE,NA,NA,NA
K795,Viru-Kabala,K545,Rakvere linn,K795__Kabala__1,Kabala,6,2,7,FALSE,3,7,FALSE,NA,NA,NA
K796,Viru-Nigula,K545,Rakvere linn,K796__Viru-Nigula__1,Viru-Nigula,16,2,1,TRUE,4,3,FALSE,NA,NA,NA
K796,Viru-Nigula,K545,Rakvere linn,K796__Konnatiigi__1,Konnatiigi,10,2,2,FALSE,1,6,FALSE,NA,NA,NA
K796,Viru-Nigula,K545,Rakvere linn,K796__Kurna__1,Kurna,10,2,3,FALSE,1,7,FALSE,NA,NA,NA
K796,Viru-Nigula,K545,Rakvere linn,K796__Mahu tee__1,Mahu tee,10,2,4,FALSE,1,9,FALSE,NA,NA,NA
K796,Viru-Nigula,K545,Rakvere linn,K796__Padaorg__1,Padaorg,10,3,5,FALSE,4,1,TRUE,NA,NA,NA
K796,Viru-Nigula,K545,Rakvere linn,K796__Tüükri tee__1,Tüükri tee,10,2,6,FALSE,1,11,FALSE,NA,NA,NA
K796,Viru-Nigula,K545,Rakvere linn,K796__Kaarhalli__1,Kaarhalli,8,1,7,FALSE,NA,NA,NA,NA,NA,NA
K796,Viru-Nigula,K545,Rakvere linn,K796__Kanguristi__1,Kanguristi,8,2,8,FALSE,NA,NA,NA,NA,NA,NA
K796,Viru-Nigula,K545,Rakvere linn,K796__Pikaristi__1,Pikaristi,8,2,9,FALSE,4,2,FALSE,NA,NA,NA
K796,Viru-Nigula,K545,Rakvere linn,K796__Tüükri__1,Tüükri,6,2,10,FALSE,3,4,FALSE,NA,NA,NA
K796,Viru-Nigula,K545,Rakvere linn,K796__Koila__1,Koila,2,2,11,FALSE,1,5,FALSE,NA,NA,NA
K796,Viru-Nigula,K545,Rakvere linn,K796__Mahu__1,Mahu,2,1,12,FALSE,1,8,FALSE,NA,NA,NA
K796,Viru-Nigula,K545,Rakvere linn,K796__Pärna tee__1,Pärna tee,2,2,13,FALSE,1,10,FALSE,NA,NA,NA
K796,Viru-Nigula,K545,Rakvere linn,K796__Unukse__1,Unukse,2,2,14,FALSE,1,12,FALSE,NA,NA,NA
K798,Vohnja,K663,Tallinn,K798__Kallukse__1,Kallukse,7,2,1,TRUE,NA,NA,NA,NA,NA,NA
K798,Vohnja,K663,Tallinn,K798__Vohnja__1,Vohnja,7,2,2,FALSE,NA,NA,NA,NA,NA,NA
K798,Vohnja,K663,Tallinn,K798__Kolu__1,Kolu,5,2,3,FALSE,NA,NA,NA,NA,NA,NA
K798,Vohnja,K663,Tallinn,K798__Kuusiku__1,Kuusiku,5,2,4,FALSE,NA,NA,NA,NA,NA,NA
K798,Vohnja,K663,Tallinn,K798__Kõrveküla__1,Kõrveküla,5,2,5,FALSE,NA,NA,NA,NA,NA,NA
K798,Vohnja,K663,Tallinn,K798__Miilimägi__1,Miilimägi,5,2,6,FALSE,NA,NA,NA,NA,NA,NA
K798,Vohnja,K663,Tallinn,K798__Põima__1,Põima,5,2,7,FALSE,NA,NA,NA,NA,NA,NA
K798,Vohnja,K663,Tallinn,K798__Rannavärava__1,Rannavärava,5,2,8,FALSE,NA,NA,NA,NA,NA,NA
K798,Vohnja,K663,Tallinn,K798__Vanamõisa__1,Vanamõisa,5,2,9,FALSE,NA,NA,NA,NA,NA,NA
K798,Vohnja,K663,Tallinn,K798__Voorse__1,Voorse,5,2,10,FALSE,NA,NA,NA,NA,NA,NA
K798,Vohnja,K663,Tallinn,K798__Uku tee__1,Uku tee,3,1,11,FALSE,NA,NA,NA,NA,NA,NA
K798,Vohnja,K663,Tallinn,K798__Kadrina tee__1,Kadrina tee,2,1,12,FALSE,NA,NA,NA,NA,NA,NA
K798,Vohnja,K663,Tallinn,K798__Leikude__1,Leikude,1,1,13,FALSE,NA,NA,NA,NA,NA,NA
K799,Voka,K118,Jõhvi linn,K799__Oru rist__1,Oru rist,79,3,1,TRUE,48,1,TRUE,NA,NA,NA
K799,Voka,K118,Jõhvi linn,K799__Voka rist__1,Voka rist,56,2,2,FALSE,37,2,FALSE,NA,NA,NA
K799,Voka,K118,Jõhvi linn,K799__Konju__1,Konju,38,2,3,FALSE,19,4,FALSE,NA,NA,NA
K799,Voka,K118,Jõhvi linn,K799__Luhamäe__1,Luhamäe,31,2,4,FALSE,16,6,FALSE,NA,NA,NA
K799,Voka,K118,Jõhvi linn,K799__Maie__1,Maie,31,2,5,FALSE,16,7,FALSE,NA,NA,NA
K799,Voka,K118,Jõhvi linn,K799__Voka__1,Voka,28,1,6,FALSE,22,3,FALSE,NA,NA,NA
K799,Voka,K118,Jõhvi linn,K799__Vanakooli__1,Vanakooli,18,2,7,FALSE,18,5,FALSE,NA,NA,NA
K800,Voki,K813,Võru linn,K800__Halla__1,Halla,2,2,1,TRUE,2,1,TRUE,NA,NA,NA
K800,Voki,K813,Võru linn,K800__Voki__1,Voki,2,2,2,FALSE,2,2,FALSE,NA,NA,NA
K800,Voki,K813,Võru linn,K800__Kopra__1,Kopra,1,2,3,FALSE,1,3,FALSE,NA,NA,NA
K801,Voore,K674,Tartu linn,K801__Leedimäe__1,Leedimäe,11,2,1,TRUE,3,1,TRUE,NA,NA,NA
K801,Voore,K674,Tartu linn,K801__Voore__1,Voore,11,2,2,FALSE,3,3,FALSE,NA,NA,NA
K801,Voore,K674,Tartu linn,K801__Levala__1,Levala,8,2,3,FALSE,3,2,FALSE,NA,NA,NA
K801,Voore,K674,Tartu linn,K801__Sirguvere__1,Sirguvere,6,2,4,FALSE,2,4,FALSE,NA,NA,NA
K801,Voore,K674,Tartu linn,K801__Veia__1,Veia,5,2,5,FALSE,1,5,FALSE,NA,NA,NA
K801,Voore,K674,Tartu linn,K801__Kallivere__1,Kallivere,3,2,6,FALSE,NA,NA,NA,NA,NA,NA
K801,Voore,K674,Tartu linn,K801__Maardla__1,Maardla,3,2,7,FALSE,NA,NA,NA,NA,NA,NA
K801,Voore,K674,Tartu linn,K801__Lannu__1,Lannu,2,1,8,FALSE,NA,NA,NA,NA,NA,NA
K802,Voose,K663,Tallinn,K802__Vetla__1,Vetla,8,2,1,TRUE,2,1,TRUE,NA,NA,NA
K802,Voose,K663,Tallinn,K802__Voose__1,Voose,8,1,2,FALSE,2,2,FALSE,NA,NA,NA
K802,Voose,K663,Tallinn,K802__Kreo__1,Kreo,2,2,3,FALSE,NA,NA,NA,NA,NA,NA
K803,Vorbuse (Tähtvere),K674,Tartu linn,K803__Vorbuse tee__1,Vorbuse tee,19,2,1,TRUE,13,1,TRUE,NA,NA,NA
K803,Vorbuse (Tähtvere),K674,Tartu linn,K803__Muide__1,Muide,17,2,2,FALSE,11,3,FALSE,NA,NA,NA
K803,Vorbuse (Tähtvere),K674,Tartu linn,K803__Tiksoja__1,Tiksoja,17,2,3,FALSE,11,4,FALSE,NA,NA,NA
K803,Vorbuse (Tähtvere),K674,Tartu linn,K803__Külasüda__1,Külasüda,15,2,4,FALSE,11,2,FALSE,NA,NA,NA
K803,Vorbuse (Tähtvere),K674,Tartu linn,K803__Vorbuse__1,Vorbuse,15,2,5,FALSE,11,5,FALSE,NA,NA,NA
K803,Vorbuse (Tähtvere),K674,Tartu linn,K803__Rähni__1,Rähni,11,2,6,FALSE,9,6,FALSE,NA,NA,NA
K803,Vorbuse (Tähtvere),K674,Tartu linn,K803__Vanaaseme tee__1,Vanaaseme tee,11,2,7,FALSE,9,7,FALSE,NA,NA,NA
K803,Vorbuse (Tähtvere),K674,Tartu linn,K803__Iie__1,Iie,5,1,8,FALSE,5,8,FALSE,NA,NA,NA
K803,Vorbuse (Tähtvere),K674,Tartu linn,K803__Kardla kool__1,Kardla kool,5,1,9,FALSE,5,9,FALSE,NA,NA,NA
K803,Vorbuse (Tähtvere),K674,Tartu linn,K803__Kivisäki__1,Kivisäki,5,1,10,FALSE,5,10,FALSE,NA,NA,NA
K803,Vorbuse (Tähtvere),K674,Tartu linn,K803__Kärnise__1,Kärnise,5,1,11,FALSE,5,11,FALSE,NA,NA,NA
K803,Vorbuse (Tähtvere),K674,Tartu linn,K803__Mudaniku__1,Mudaniku,5,1,12,FALSE,5,12,FALSE,NA,NA,NA
K803,Vorbuse (Tähtvere),K674,Tartu linn,K803__Soomeküla__1,Soomeküla,5,1,13,FALSE,5,13,FALSE,NA,NA,NA
K803,Vorbuse (Tähtvere),K674,Tartu linn,K803__Tamme__1,Tamme,5,1,14,FALSE,5,14,FALSE,NA,NA,NA
K803,Vorbuse (Tähtvere),K674,Tartu linn,K803__Tõnise__1,Tõnise,5,1,15,FALSE,5,15,FALSE,NA,NA,NA
K804,Vormsi,K663,Tallinn,K804__Hullo__1,Hullo,6,2,1,TRUE,NA,NA,NA,NA,NA,NA
K804,Vormsi,K663,Tallinn,K804__Sviby__1,Sviby,6,2,2,FALSE,NA,NA,NA,NA,NA,NA
K804,Vormsi,K663,Tallinn,K804__Sviby sadam__1,Sviby sadam,4,1,3,FALSE,NA,NA,NA,NA,NA,NA
K804,Vormsi,K663,Tallinn,K804__Diby__1,Diby,3,1,4,FALSE,NA,NA,NA,NA,NA,NA
K804,Vormsi,K663,Tallinn,K804__Fällarna teerist__1,Fällarna teerist,3,1,5,FALSE,NA,NA,NA,NA,NA,NA
K804,Vormsi,K663,Tallinn,K804__Förby teerist__1,Förby teerist,3,1,6,FALSE,NA,NA,NA,NA,NA,NA
K804,Vormsi,K663,Tallinn,K804__Hosby teerist__1,Hosby teerist,3,1,7,FALSE,NA,NA,NA,NA,NA,NA
K804,Vormsi,K663,Tallinn,K804__Kersleti__1,Kersleti,3,1,8,FALSE,NA,NA,NA,NA,NA,NA
K804,Vormsi,K663,Tallinn,K804__Kärre teerist__1,Kärre teerist,3,1,9,FALSE,NA,NA,NA,NA,NA,NA
K804,Vormsi,K663,Tallinn,K804__Norrby__1,Norrby,3,1,10,FALSE,NA,NA,NA,NA,NA,NA
K804,Vormsi,K663,Tallinn,K804__Rumpo__1,Rumpo,3,1,11,FALSE,NA,NA,NA,NA,NA,NA
K804,Vormsi,K663,Tallinn,K804__Rälby__1,Rälby,3,1,12,FALSE,NA,NA,NA,NA,NA,NA
K804,Vormsi,K663,Tallinn,K804__Saxby__1,Saxby,3,1,13,FALSE,NA,NA,NA,NA,NA,NA
K804,Vormsi,K663,Tallinn,K804__Suuremõisa__1,Suuremõisa,3,1,14,FALSE,NA,NA,NA,NA,NA,NA
K804,Vormsi,K663,Tallinn,K804__Söderby__1,Söderby,3,1,15,FALSE,NA,NA,NA,NA,NA,NA
K805,Võhma linn,K789,Viljandi linn,K805__Võhma__1,Võhma,35,1,1,TRUE,10,1,TRUE,NA,NA,NA
K805,Võhma linn,K789,Viljandi linn,K805__Võhma jaam__1,Võhma jaam,14,2,2,FALSE,3,3,FALSE,NA,NA,NA
K805,Võhma linn,K789,Viljandi linn,K805__Võhma__2,Võhma,10,2,3,FALSE,5,2,FALSE,NA,NA,NA
K805,Võhma linn,K789,Viljandi linn,K805__Võhma kool__1,Võhma kool,6,2,4,FALSE,NA,NA,NA,NA,NA,NA
K806,Võhma,K663,Tallinn,K806__Ilumäe__1,Ilumäe,5,2,1,TRUE,NA,NA,NA,NA,NA,NA
K806,Võhma,K663,Tallinn,K806__Tõugu__1,Tõugu,2,2,2,FALSE,NA,NA,NA,NA,NA,NA
K806,Võhma,K663,Tallinn,K806__Vatku__1,Vatku,2,2,3,FALSE,NA,NA,NA,NA,NA,NA
K806,Võhma,K663,Tallinn,K806__Võhma__1,Võhma,2,2,4,FALSE,NA,NA,NA,NA,NA,NA
K807,Võhma,K270,Kuressaare linn,K807__Möldri tee__1,Möldri tee,4,2,1,TRUE,4,1,TRUE,NA,NA,NA
K807,Võhma,K270,Kuressaare linn,K807__Albi__1,Albi,3,2,2,FALSE,3,2,FALSE,NA,NA,NA
K807,Võhma,K270,Kuressaare linn,K807__Järise__1,Järise,3,2,3,FALSE,3,3,FALSE,NA,NA,NA
K807,Võhma,K270,Kuressaare linn,K807__Kõue__1,Kõue,3,2,4,FALSE,3,4,FALSE,NA,NA,NA
K807,Võhma,K270,Kuressaare linn,K807__Liiküla__1,Liiküla,3,2,5,FALSE,3,5,FALSE,NA,NA,NA
K807,Võhma,K270,Kuressaare linn,K807__Liivaranna__1,Liivaranna,3,2,6,FALSE,3,6,FALSE,NA,NA,NA
K807,Võhma,K270,Kuressaare linn,K807__Mäe__1,Mäe,3,2,7,FALSE,3,7,FALSE,NA,NA,NA
K807,Võhma,K270,Kuressaare linn,K807__Pahapilli__1,Pahapilli,3,2,8,FALSE,3,8,FALSE,NA,NA,NA
K807,Võhma,K270,Kuressaare linn,K807__Panga__1,Panga,3,2,9,FALSE,3,9,FALSE,NA,NA,NA
K807,Võhma,K270,Kuressaare linn,K807__Pangadi__1,Pangadi,3,2,10,FALSE,3,10,FALSE,NA,NA,NA
K807,Võhma,K270,Kuressaare linn,K807__Pöitse__1,Pöitse,3,2,11,FALSE,3,11,FALSE,NA,NA,NA
K807,Võhma,K270,Kuressaare linn,K807__Tiskre__1,Tiskre,3,2,12,FALSE,3,12,FALSE,NA,NA,NA
K807,Võhma,K270,Kuressaare linn,K807__Võhma__1,Võhma,3,2,13,FALSE,3,13,FALSE,NA,NA,NA
K807,Võhma,K270,Kuressaare linn,K807__Paatsa__1,Paatsa,2,2,14,FALSE,2,14,FALSE,NA,NA,NA
K807,Võhma,K270,Kuressaare linn,K807__Sariku__1,Sariku,2,2,15,FALSE,2,15,FALSE,NA,NA,NA
K808,Võisiku,K521,Põltsamaa linn,K808__Võisiku__1,Võisiku,17,2,1,TRUE,13,1,TRUE,NA,NA,NA
K808,Võisiku,K521,Põltsamaa linn,K808__Kase__1,Kase,8,2,2,FALSE,4,2,FALSE,NA,NA,NA
K808,Võisiku,K521,Põltsamaa linn,K808__Metsavahi__1,Metsavahi,8,2,3,FALSE,4,3,FALSE,NA,NA,NA
K808,Võisiku,K521,Põltsamaa linn,K808__Külmoja__1,Külmoja,4,1,4,FALSE,NA,NA,NA,NA,NA,NA
K809,Võiste,K531,Pärnu linn,K809__Metsaküla__1,Metsaküla,21,2,1,TRUE,10,1,TRUE,NA,NA,NA
K809,Võiste,K531,Pärnu linn,K809__Tahkuranna__1,Tahkuranna,21,2,2,FALSE,10,2,FALSE,NA,NA,NA
K809,Võiste,K531,Pärnu linn,K809__Võiste__1,Võiste,21,2,3,FALSE,10,3,FALSE,NA,NA,NA
K809,Võiste,K531,Pärnu linn,K809__Kaasiku__1,Kaasiku,20,2,4,FALSE,9,4,FALSE,NA,NA,NA
K809,Võiste,K531,Pärnu linn,K809__Rannaku tee__1,Rannaku tee,20,2,5,FALSE,9,5,FALSE,NA,NA,NA
K809,Võiste,K531,Pärnu linn,K809__Raudsika__1,Raudsika,19,2,6,FALSE,9,6,FALSE,NA,NA,NA
K809,Võiste,K531,Pärnu linn,K809__Jõulumäe__1,Jõulumäe,2,2,7,FALSE,1,7,FALSE,NA,NA,NA
K809,Võiste,K531,Pärnu linn,K809__Keskküla__1,Keskküla,2,2,8,FALSE,1,8,FALSE,NA,NA,NA
K809,Võiste,K531,Pärnu linn,K809__Leina__1,Leina,2,2,9,FALSE,1,9,FALSE,NA,NA,NA
K810,Võnnu,K061,Haapsalu linn,K810__Võnnu__1,Võnnu,8,2,1,TRUE,4,1,TRUE,NA,NA,NA
K810,Võnnu,K061,Haapsalu linn,K810__Üsse__1,Üsse,8,2,2,FALSE,4,2,FALSE,NA,NA,NA
K811,Võnnu,K674,Tartu linn,K811__Hammaste__1,Hammaste,24,2,1,TRUE,12,1,TRUE,NA,NA,NA
K811,Võnnu,K674,Tartu linn,K811__Poka__1,Poka,22,2,2,FALSE,11,2,FALSE,NA,NA,NA
K811,Võnnu,K674,Tartu linn,K811__Võnnu__1,Võnnu,17,2,3,FALSE,10,3,FALSE,NA,NA,NA
K811,Võnnu,K674,Tartu linn,K811__Issaku__1,Issaku,15,2,4,FALSE,8,4,FALSE,NA,NA,NA
K811,Võnnu,K674,Tartu linn,K811__Rookse__1,Rookse,14,2,5,FALSE,6,9,FALSE,NA,NA,NA
K811,Võnnu,K674,Tartu linn,K811__Kurista__1,Kurista,13,2,6,FALSE,6,8,FALSE,NA,NA,NA
K811,Võnnu,K674,Tartu linn,K811__Lääniste__1,Lääniste,12,2,7,FALSE,7,5,FALSE,NA,NA,NA
K811,Võnnu,K674,Tartu linn,K811__Terikeste__1,Terikeste,12,2,8,FALSE,7,6,FALSE,NA,NA,NA
K811,Võnnu,K674,Tartu linn,K811__Uus-Lääniste__1,Uus-Lääniste,12,2,9,FALSE,7,7,FALSE,NA,NA,NA
K811,Võnnu,K674,Tartu linn,K811__Tulba__1,Tulba,7,2,10,FALSE,5,10,FALSE,NA,NA,NA
K811,Võnnu,K674,Tartu linn,K811__Hiiepärna__1,Hiiepärna,5,2,11,FALSE,4,11,FALSE,NA,NA,NA
K811,Võnnu,K674,Tartu linn,K811__Kõnnuring__1,Kõnnuring,5,2,12,FALSE,3,13,FALSE,NA,NA,NA
K811,Võnnu,K674,Tartu linn,K811__Metsavahe__1,Metsavahe,5,2,13,FALSE,3,14,FALSE,NA,NA,NA
K811,Võnnu,K674,Tartu linn,K811__Padari__1,Padari,5,2,14,FALSE,3,15,FALSE,NA,NA,NA
K811,Võnnu,K674,Tartu linn,K811__Tornimäe__1,Tornimäe,5,2,15,FALSE,4,12,FALSE,NA,NA,NA
K811,Võnnu,K674,Tartu linn,K811__Karja__1,Karja,4,2,16,FALSE,2,16,FALSE,NA,NA,NA
K811,Võnnu,K674,Tartu linn,K811__Tulba rist__1,Tulba rist,3,1,17,FALSE,1,18,FALSE,NA,NA,NA
K811,Võnnu,K674,Tartu linn,K811__Hammastepõik__1,Hammastepõik,2,1,18,FALSE,1,17,FALSE,NA,NA,NA
K811,Võnnu,K674,Tartu linn,K811__Kurista mõis__1,Kurista mõis,2,1,19,FALSE,NA,NA,NA,NA,NA,NA
K813,Võru linn,K813,Võru linn,K813__Võru bussijaam__1,Võru bussijaam,132,1,1,TRUE,NA,NA,NA,82,3,FALSE
K813,Võru linn,K813,Võru linn,K813__Kesklinn__1,Kesklinn,113,2,2,FALSE,NA,NA,NA,100,1,TRUE
K813,Võru linn,K813,Võru linn,K813__Soo__1,Soo,95,2,3,FALSE,NA,NA,NA,72,4,FALSE
K813,Võru linn,K813,Võru linn,K813__Paju__1,Paju,84,1,4,FALSE,NA,NA,NA,84,2,FALSE
K813,Võru linn,K813,Võru linn,K813__Turu__1,Turu,78,2,5,FALSE,NA,NA,NA,55,6,FALSE
K813,Võru linn,K813,Võru linn,K813__Laane__1,Laane,68,2,6,FALSE,NA,NA,NA,54,7,FALSE
K813,Võru linn,K813,Võru linn,K813__Kalmistu__1,Kalmistu,64,3,7,FALSE,NA,NA,NA,43,9,FALSE
K813,Võru linn,K813,Võru linn,K813__Market__1,Market,56,1,8,FALSE,NA,NA,NA,56,5,FALSE
K813,Võru linn,K813,Võru linn,K813__Kaitseväe__1,Kaitseväe,53,2,9,FALSE,NA,NA,NA,41,11,FALSE
K813,Võru linn,K813,Võru linn,K813__Autobussijaam__1,Autobussijaam,52,2,10,FALSE,NA,NA,NA,46,8,FALSE
K813,Võru linn,K813,Võru linn,K813__Maxima__1,Maxima,49,2,11,FALSE,NA,NA,NA,31,19,FALSE
K813,Võru linn,K813,Võru linn,K813__Autobaas__1,Autobaas,47,4,12,FALSE,NA,NA,NA,41,10,FALSE
K813,Võru linn,K813,Võru linn,K813__Kubija__1,Kubija,42,2,13,FALSE,NA,NA,NA,39,13,FALSE
K813,Võru linn,K813,Võru linn,K813__Käbi__1,Käbi,42,2,14,FALSE,NA,NA,NA,39,14,FALSE
K813,Võru linn,K813,Võru linn,K813__Vindi__1,Vindi,42,2,15,FALSE,NA,NA,NA,39,15,FALSE
K813,Võru linn,K813,Võru linn,K813__Katariina__1,Katariina,41,1,16,FALSE,NA,NA,NA,40,12,FALSE
K813,Võru linn,K813,Võru linn,K813__Seminari väljak__1,Seminari väljak,41,1,17,FALSE,NA,NA,NA,30,23,FALSE
K813,Võru linn,K813,Võru linn,K813__Linavabrik__1,Linavabrik,40,2,18,FALSE,NA,NA,NA,33,17,FALSE
K813,Võru linn,K813,Võru linn,K813__Kalevi__1,Kalevi,37,2,19,FALSE,NA,NA,NA,30,20,FALSE
K813,Võru linn,K813,Võru linn,K813__Luha__1,Luha,37,2,20,FALSE,NA,NA,NA,30,21,FALSE
K813,Võru linn,K813,Võru linn,K813__Wermo__1,Wermo,37,2,21,FALSE,NA,NA,NA,33,18,FALSE
K813,Võru linn,K813,Võru linn,K813__Koidula__1,Koidula,35,1,22,FALSE,NA,NA,NA,3,45,FALSE
K813,Võru linn,K813,Võru linn,K813__Koreli__1,Koreli,35,2,23,FALSE,NA,NA,NA,34,16,FALSE
K813,Võru linn,K813,Võru linn,K813__Leivakombinaat__1,Leivakombinaat,31,2,24,FALSE,NA,NA,NA,26,28,FALSE
K813,Võru linn,K813,Võru linn,K813__Kaubamaja__1,Kaubamaja,30,2,25,FALSE,NA,NA,NA,25,32,FALSE
K813,Võru linn,K813,Võru linn,K813__Pärna__1,Pärna,30,2,26,FALSE,NA,NA,NA,30,22,FALSE
K813,Võru linn,K813,Võru linn,K813__Tellisetehas__1,Tellisetehas,30,2,27,FALSE,NA,NA,NA,30,24,FALSE
K813,Võru linn,K813,Võru linn,K813__Aida__1,Aida,28,2,28,FALSE,NA,NA,NA,26,25,FALSE
K813,Võru linn,K813,Võru linn,K813__KEK__1,KEK,28,2,29,FALSE,NA,NA,NA,26,26,FALSE
K813,Võru linn,K813,Võru linn,K813__Kaubabaas__1,Kaubabaas,28,2,30,FALSE,NA,NA,NA,26,27,FALSE
K813,Võru linn,K813,Võru linn,K813__Luhasoo__1,Luhasoo,28,2,31,FALSE,NA,NA,NA,25,33,FALSE
K813,Võru linn,K813,Võru linn,K813__Nöörimaa__1,Nöörimaa,28,2,32,FALSE,NA,NA,NA,14,42,FALSE
K813,Võru linn,K813,Võru linn,K813__Raudteejaam__1,Raudteejaam,28,2,33,FALSE,NA,NA,NA,26,29,FALSE
K813,Võru linn,K813,Võru linn,K813__Soo ristmik__1,Soo ristmik,28,2,34,FALSE,NA,NA,NA,26,30,FALSE
K813,Võru linn,K813,Võru linn,K813__Naftabaas__1,Naftabaas,26,2,35,FALSE,NA,NA,NA,23,35,FALSE
K813,Võru linn,K813,Võru linn,K813__Vilja__2,Vilja,26,1,36,FALSE,NA,NA,NA,26,31,FALSE
K813,Võru linn,K813,Võru linn,K813__Lauluväljak__1,Lauluväljak,24,1,37,FALSE,NA,NA,NA,24,34,FALSE
K813,Võru linn,K813,Võru linn,K813__Postimaja__1,Postimaja,24,1,38,FALSE,NA,NA,NA,10,43,FALSE
K813,Võru linn,K813,Võru linn,K813__Vilja__1,Vilja,24,1,39,FALSE,NA,NA,NA,10,44,FALSE
K813,Võru linn,K813,Võru linn,K813__Polikliinik__1,Polikliinik,22,1,40,FALSE,NA,NA,NA,16,37,FALSE
K813,Võru linn,K813,Võru linn,K813__Liiva__1,Liiva,19,1,41,FALSE,NA,NA,NA,15,38,FALSE
K813,Võru linn,K813,Võru linn,K813__Sauna__1,Sauna,19,1,42,FALSE,NA,NA,NA,15,40,FALSE
K813,Võru linn,K813,Võru linn,K813__Vanalinna__1,Vanalinna,19,1,43,FALSE,NA,NA,NA,15,41,FALSE
K813,Võru linn,K813,Võru linn,K813__Olevi__1,Olevi,18,2,44,FALSE,NA,NA,NA,18,36,FALSE
K813,Võru linn,K813,Võru linn,K813__Nooruse__1,Nooruse,15,1,45,FALSE,NA,NA,NA,15,39,FALSE
K813,Võru linn,K813,Võru linn,K813__Tööstuspargi__1,Tööstuspargi,15,1,46,FALSE,NA,NA,NA,NA,NA,NA
K813,Võru linn,K813,Võru linn,K813__Võrukivi__1,Võrukivi,15,1,47,FALSE,NA,NA,NA,NA,NA,NA
K814,Võru ümbrus,K813,Võru linn,K814__Linnuse__1,Linnuse,42,2,1,TRUE,35,2,FALSE,NA,NA,NA
K814,Võru ümbrus,K813,Võru linn,K814__Toome__1,Toome,41,2,2,FALSE,34,3,FALSE,NA,NA,NA
K814,Võru ümbrus,K813,Võru linn,K814__Veskijärve__1,Veskijärve,39,1,3,FALSE,39,1,TRUE,NA,NA,NA
K814,Võru ümbrus,K813,Võru linn,K814__Kirumpää__1,Kirumpää,37,2,4,FALSE,32,5,FALSE,NA,NA,NA
K814,Võru ümbrus,K813,Võru linn,K814__Valla__1,Valla,34,1,5,FALSE,34,4,FALSE,NA,NA,NA
K814,Võru ümbrus,K813,Võru linn,K814__Mustjärve__1,Mustjärve,28,2,6,FALSE,17,6,FALSE,NA,NA,NA
K814,Võru ümbrus,K813,Võru linn,K814__Kubja__1,Kubja,24,2,7,FALSE,16,7,FALSE,NA,NA,NA
K815,Võsu,K663,Tallinn,K815__Võsu__1,Võsu,18,2,1,TRUE,3,3,FALSE,NA,NA,NA
K815,Võsu,K663,Tallinn,K815__Eha__1,Eha,14,2,2,FALSE,3,1,TRUE,NA,NA,NA
K815,Võsu,K663,Tallinn,K815__Vergi tee__1,Vergi tee,14,2,3,FALSE,1,7,FALSE,NA,NA,NA
K815,Võsu,K663,Tallinn,K815__Lepispea__1,Lepispea,10,2,4,FALSE,1,6,FALSE,NA,NA,NA
K815,Võsu,K663,Tallinn,K815__Koljaku__1,Koljaku,8,2,5,FALSE,1,4,FALSE,NA,NA,NA
K815,Võsu,K663,Tallinn,K815__Eru__1,Eru,6,2,6,FALSE,3,2,FALSE,NA,NA,NA
K815,Võsu,K663,Tallinn,K815__Koolimäe__1,Koolimäe,4,2,7,FALSE,NA,NA,NA,NA,NA,NA
K815,Võsu,K663,Tallinn,K815__Lahe__1,Lahe,4,2,8,FALSE,NA,NA,NA,NA,NA,NA
K815,Võsu,K663,Tallinn,K815__Koljaku__2,Koljaku,3,2,9,FALSE,NA,NA,NA,NA,NA,NA
K815,Võsu,K663,Tallinn,K815__Laviku__1,Laviku,3,2,10,FALSE,NA,NA,NA,NA,NA,NA
K815,Võsu,K663,Tallinn,K815__Korjuse__1,Korjuse,2,2,11,FALSE,1,5,FALSE,NA,NA,NA
K816,Võtikvere,K674,Tartu linn,K816__Tellise__1,Tellise,27,2,1,TRUE,NA,NA,NA,NA,NA,NA
K816,Võtikvere,K674,Tartu linn,K816__Luige__1,Luige,24,3,2,FALSE,NA,NA,NA,NA,NA,NA
K816,Võtikvere,K674,Tartu linn,K816__Teelahkme__1,Teelahkme,20,2,3,FALSE,NA,NA,NA,NA,NA,NA
K816,Võtikvere,K674,Tartu linn,K816__Võtikvere__1,Võtikvere,9,2,4,FALSE,NA,NA,NA,NA,NA,NA
K817,Võõpste,K674,Tartu linn,K817__Võõpste__1,Võõpste,9,2,1,TRUE,7,4,FALSE,NA,NA,NA
K817,Võõpste,K674,Tartu linn,K817__Aruaia__1,Aruaia,8,2,2,FALSE,7,1,TRUE,NA,NA,NA
K817,Võõpste,K674,Tartu linn,K817__Kastre__1,Kastre,8,2,3,FALSE,7,2,FALSE,NA,NA,NA
K817,Võõpste,K674,Tartu linn,K817__Kivi__1,Kivi,8,2,4,FALSE,7,3,FALSE,NA,NA,NA
K817,Võõpste,K674,Tartu linn,K817__Tani__1,Tani,6,2,5,FALSE,5,5,FALSE,NA,NA,NA
K817,Võõpste,K674,Tartu linn,K817__Tuule__1,Tuule,6,2,6,FALSE,5,6,FALSE,NA,NA,NA
K817,Võõpste,K674,Tartu linn,K817__Viira metsavaht__1,Viira metsavaht,6,2,7,FALSE,5,7,FALSE,NA,NA,NA
K817,Võõpste,K674,Tartu linn,K817__Alvimi__1,Alvimi,5,2,8,FALSE,4,8,FALSE,NA,NA,NA
K817,Võõpste,K674,Tartu linn,K817__Kaarlimõisa__1,Kaarlimõisa,3,2,9,FALSE,2,9,FALSE,NA,NA,NA
K817,Võõpste,K674,Tartu linn,K817__Lüüsi__1,Lüüsi,3,2,10,FALSE,2,10,FALSE,NA,NA,NA
K818,Võõpsu aleviku ümbrus,K674,Tartu linn,K818__Võõpsu__1,Võõpsu,27,2,1,TRUE,5,1,TRUE,NA,NA,NA
K819,Võõpsu,K674,Tartu linn,K819__Töökoja__1,Töökoja,22,2,1,TRUE,4,1,TRUE,NA,NA,NA
K819,Võõpsu,K674,Tartu linn,K819__Varesmäe tee__1,Varesmäe tee,22,2,2,FALSE,4,2,FALSE,NA,NA,NA
K819,Võõpsu,K674,Tartu linn,K819__Beresje__1,Beresje,4,1,3,FALSE,NA,NA,NA,NA,NA,NA
K819,Võõpsu,K674,Tartu linn,K819__Beresje tee__1,Beresje tee,4,2,4,FALSE,NA,NA,NA,NA,NA,NA
K819,Võõpsu,K674,Tartu linn,K819__Lüübnitsa__1,Lüübnitsa,4,1,5,FALSE,NA,NA,NA,NA,NA,NA
K820,Väike-Kareda,K458,Paide linn,K820__Kahala__1,Kahala,10,2,1,TRUE,5,1,TRUE,NA,NA,NA
K820,Väike-Kareda,K458,Paide linn,K820__Piiri__1,Piiri,10,2,2,FALSE,5,2,FALSE,NA,NA,NA
K821,Väike-Maarja,K663,Tallinn,K821__Väike-Maarja__1,Väike-Maarja,31,2,1,TRUE,NA,NA,NA,NA,NA,NA
K821,Väike-Maarja,K663,Tallinn,K821__Kaarma__1,Kaarma,18,4,2,FALSE,NA,NA,NA,NA,NA,NA
K821,Väike-Maarja,K663,Tallinn,K821__Koonu__1,Koonu,17,2,3,FALSE,NA,NA,NA,NA,NA,NA
K821,Väike-Maarja,K663,Tallinn,K821__Ebavere__1,Ebavere,14,2,4,FALSE,NA,NA,NA,NA,NA,NA
K821,Väike-Maarja,K663,Tallinn,K821__Aburi__1,Aburi,13,2,5,FALSE,NA,NA,NA,NA,NA,NA
K821,Väike-Maarja,K663,Tallinn,K821__Ilumäe__1,Ilumäe,10,2,6,FALSE,NA,NA,NA,NA,NA,NA
K821,Väike-Maarja,K663,Tallinn,K821__Pandivere__1,Pandivere,10,2,7,FALSE,NA,NA,NA,NA,NA,NA
K821,Väike-Maarja,K663,Tallinn,K821__Ärina__1,Ärina,10,2,8,FALSE,NA,NA,NA,NA,NA,NA
K821,Väike-Maarja,K663,Tallinn,K821__Kruusiaugu__1,Kruusiaugu,9,2,9,FALSE,NA,NA,NA,NA,NA,NA
K821,Väike-Maarja,K663,Tallinn,K821__Põllu__1,Põllu,5,2,10,FALSE,NA,NA,NA,NA,NA,NA
K821,Väike-Maarja,K663,Tallinn,K821__Ugrani__1,Ugrani,5,2,11,FALSE,NA,NA,NA,NA,NA,NA
K821,Väike-Maarja,K663,Tallinn,K821__Äntu__1,Äntu,4,2,12,FALSE,NA,NA,NA,NA,NA,NA
K821,Väike-Maarja,K663,Tallinn,K821__Nõmme__1,Nõmme,2,2,13,FALSE,NA,NA,NA,NA,NA,NA
K822,Väike-Pungerja,K118,Jõhvi linn,K822__Estonia kaevandus__1,Estonia kaevandus,14,2,1,TRUE,7,1,TRUE,NA,NA,NA
K822,Väike-Pungerja,K118,Jõhvi linn,K822__Väike-Pungerja__1,Väike-Pungerja,14,2,2,FALSE,7,2,FALSE,NA,NA,NA
K823,Väimela-Parksepa,K813,Võru linn,K823__Väimela__1,Väimela,39,2,1,TRUE,32,1,TRUE,NA,NA,NA
K823,Väimela-Parksepa,K813,Võru linn,K823__Lapi__1,Lapi,27,2,2,FALSE,25,2,FALSE,NA,NA,NA
K823,Väimela-Parksepa,K813,Võru linn,K823__Aia__1,Aia,21,2,3,FALSE,21,3,FALSE,NA,NA,NA
K823,Väimela-Parksepa,K813,Võru linn,K823__Parksepa__1,Parksepa,21,1,4,FALSE,21,4,FALSE,NA,NA,NA
K823,Väimela-Parksepa,K813,Võru linn,K823__Õnne__1,Õnne,21,2,5,FALSE,21,5,FALSE,NA,NA,NA
K823,Väimela-Parksepa,K813,Võru linn,K823__Raiste__1,Raiste,8,2,6,FALSE,6,6,FALSE,NA,NA,NA
K823,Väimela-Parksepa,K813,Võru linn,K823__Lepa tee__1,Lepa tee,3,1,7,FALSE,1,12,FALSE,NA,NA,NA
K823,Väimela-Parksepa,K813,Võru linn,K823__Kungla__1,Kungla,2,2,8,FALSE,2,7,FALSE,NA,NA,NA
K823,Väimela-Parksepa,K813,Võru linn,K823__Lambaristi__1,Lambaristi,2,2,9,FALSE,2,8,FALSE,NA,NA,NA
K823,Väimela-Parksepa,K813,Võru linn,K823__Runda__1,Runda,2,2,10,FALSE,2,9,FALSE,NA,NA,NA
K823,Väimela-Parksepa,K813,Võru linn,K823__Suureküla__1,Suureküla,2,2,11,FALSE,2,10,FALSE,NA,NA,NA
K823,Väimela-Parksepa,K813,Võru linn,K823__Võru khk__1,Võru khk,2,1,12,FALSE,2,11,FALSE,NA,NA,NA
K824,Välgi,K674,Tartu linn,K824__Kärgandi tee__1,Kärgandi tee,4,2,1,TRUE,3,1,TRUE,NA,NA,NA
K824,Välgi,K674,Tartu linn,K824__Mustametsa__1,Mustametsa,4,2,2,FALSE,3,2,FALSE,NA,NA,NA
K824,Välgi,K674,Tartu linn,K824__Sahkri__1,Sahkri,4,2,3,FALSE,3,3,FALSE,NA,NA,NA
K824,Välgi,K674,Tartu linn,K824__Särgla__1,Särgla,4,2,4,FALSE,3,4,FALSE,NA,NA,NA
K824,Välgi,K674,Tartu linn,K824__Tootsi__1,Tootsi,4,2,5,FALSE,3,5,FALSE,NA,NA,NA
K824,Välgi,K674,Tartu linn,K824__Välgi__1,Välgi,4,2,6,FALSE,3,6,FALSE,NA,NA,NA
K824,Välgi,K674,Tartu linn,K824__Välgi kirik__1,Välgi kirik,4,2,7,FALSE,3,7,FALSE,NA,NA,NA
K824,Välgi,K674,Tartu linn,K824__Järvepere__1,Järvepere,2,2,8,FALSE,2,8,FALSE,NA,NA,NA
K825,Väluste,K789,Viljandi linn,K825__Jõgeva__1,Jõgeva,5,2,1,TRUE,3,1,TRUE,NA,NA,NA
K825,Väluste,K789,Viljandi linn,K825__Kalbuse__1,Kalbuse,5,2,2,FALSE,3,2,FALSE,NA,NA,NA
K825,Väluste,K789,Viljandi linn,K825__Kuusiku__1,Kuusiku,5,2,3,FALSE,3,3,FALSE,NA,NA,NA
K825,Väluste,K789,Viljandi linn,K825__Kõksi__1,Kõksi,5,2,4,FALSE,3,4,FALSE,NA,NA,NA
K825,Väluste,K789,Viljandi linn,K825__Laanesilla__1,Laanesilla,5,2,5,FALSE,3,5,FALSE,NA,NA,NA
K825,Väluste,K789,Viljandi linn,K825__Palke__1,Palke,5,2,6,FALSE,3,6,FALSE,NA,NA,NA
K825,Väluste,K789,Viljandi linn,K825__Puidu__1,Puidu,5,2,7,FALSE,3,7,FALSE,NA,NA,NA
K825,Väluste,K789,Viljandi linn,K825__Väike-Taari__1,Väike-Taari,5,2,8,FALSE,3,8,FALSE,NA,NA,NA
K825,Väluste,K789,Viljandi linn,K825__Väluste__1,Väluste,5,2,9,FALSE,3,9,FALSE,NA,NA,NA
K826,Vändra alev,K663,Tallinn,K826__Allikõnnu__1,Allikõnnu,36,4,1,TRUE,2,1,TRUE,NA,NA,NA
K826,Vändra alev,K663,Tallinn,K826__Söörike__1,Söörike,22,2,2,FALSE,1,2,FALSE,NA,NA,NA
K826,Vändra alev,K663,Tallinn,K826__Juurikaru__1,Juurikaru,12,2,3,FALSE,NA,NA,NA,NA,NA,NA
K826,Vändra alev,K663,Tallinn,K826__Säästla__1,Säästla,12,2,4,FALSE,NA,NA,NA,NA,NA,NA
K826,Vändra alev,K663,Tallinn,K826__Vaki__1,Vaki,9,1,5,FALSE,1,3,FALSE,NA,NA,NA
K826,Vändra alev,K663,Tallinn,K826__Keraamika__1,Keraamika,7,2,6,FALSE,NA,NA,NA,NA,NA,NA
K826,Vändra alev,K663,Tallinn,K826__Pendre__1,Pendre,7,2,7,FALSE,NA,NA,NA,NA,NA,NA
K826,Vändra alev,K663,Tallinn,K826__Teeääre__1,Teeääre,7,2,8,FALSE,NA,NA,NA,NA,NA,NA
K826,Vändra alev,K663,Tallinn,K826__Kalmaru__1,Kalmaru,4,2,9,FALSE,NA,NA,NA,NA,NA,NA
K826,Vändra alev,K663,Tallinn,K826__Kobra__1,Kobra,4,2,10,FALSE,NA,NA,NA,NA,NA,NA
K826,Vändra alev,K663,Tallinn,K826__Tammiku__1,Tammiku,4,2,11,FALSE,NA,NA,NA,NA,NA,NA
K826,Vändra alev,K663,Tallinn,K826__Pihlaka__1,Pihlaka,1,1,12,FALSE,NA,NA,NA,NA,NA,NA
K826,Vändra alev,K663,Tallinn,K826__Tammaru tee__1,Tammaru tee,1,1,13,FALSE,NA,NA,NA,NA,NA,NA
K827,Vändra,K663,Tallinn,K827__Vändra__1,Vändra,52,2,1,TRUE,2,1,TRUE,NA,NA,NA
K827,Vändra,K663,Tallinn,K827__Vihtra tee__1,Vihtra tee,14,2,2,FALSE,NA,NA,NA,NA,NA,NA
K827,Vändra,K663,Tallinn,K827__Kooli__1,Kooli,8,2,3,FALSE,NA,NA,NA,NA,NA,NA
K827,Vändra,K663,Tallinn,K827__Rukkilille__1,Rukkilille,3,1,4,FALSE,NA,NA,NA,NA,NA,NA
K828,Värska,K674,Tartu linn,K828__Värska__1,Värska,31,1,1,TRUE,5,1,TRUE,NA,NA,NA
K828,Värska,K674,Tartu linn,K828__Lobotka__1,Lobotka,28,3,2,FALSE,4,2,FALSE,NA,NA,NA
K828,Värska,K674,Tartu linn,K828__Väike-Rõsna__1,Väike-Rõsna,22,2,3,FALSE,2,5,FALSE,NA,NA,NA
K828,Värska,K674,Tartu linn,K828__Värska sanatoorium__1,Värska sanatoorium,22,1,4,FALSE,3,4,FALSE,NA,NA,NA
K828,Värska,K674,Tartu linn,K828__Tonja__1,Tonja,21,2,5,FALSE,4,3,FALSE,NA,NA,NA
K828,Värska,K674,Tartu linn,K828__Värska veekeskus__1,Värska veekeskus,20,1,6,FALSE,2,6,FALSE,NA,NA,NA
K828,Värska,K674,Tartu linn,K828__Reha__1,Reha,18,2,7,FALSE,1,7,FALSE,NA,NA,NA
K828,Värska,K674,Tartu linn,K828__Treski__1,Treski,18,2,8,FALSE,1,8,FALSE,NA,NA,NA
K828,Värska,K674,Tartu linn,K828__Värska kool__1,Värska kool,7,2,9,FALSE,NA,NA,NA,NA,NA,NA
K828,Värska,K674,Tartu linn,K828__Lutepää__1,Lutepää,4,2,10,FALSE,NA,NA,NA,NA,NA,NA
K828,Värska,K674,Tartu linn,K828__Seto talumuuseum__1,Seto talumuuseum,4,2,11,FALSE,NA,NA,NA,NA,NA,NA
K828,Värska,K674,Tartu linn,K828__Verhulitsa__1,Verhulitsa,4,2,12,FALSE,NA,NA,NA,NA,NA,NA
K828,Värska,K674,Tartu linn,K828__Podmotsa__1,Podmotsa,1,1,13,FALSE,NA,NA,NA,NA,NA,NA
K828,Värska,K674,Tartu linn,K828__Velna__1,Velna,1,2,14,FALSE,NA,NA,NA,NA,NA,NA
K829,Vätta,K270,Kuressaare linn,K829__Kailuka__1,Kailuka,3,2,1,TRUE,3,1,TRUE,NA,NA,NA
K829,Vätta,K270,Kuressaare linn,K829__Kärsa teerist__1,Kärsa teerist,3,1,2,FALSE,3,2,FALSE,NA,NA,NA
K829,Vätta,K270,Kuressaare linn,K829__Suure-Rootsi__1,Suure-Rootsi,3,1,3,FALSE,3,3,FALSE,NA,NA,NA
K829,Vätta,K270,Kuressaare linn,K829__Vanamõisa__1,Vanamõisa,3,2,4,FALSE,3,4,FALSE,NA,NA,NA
K830,Vääna,K663,Tallinn,K830__Liikva__1,Liikva,34,2,1,TRUE,20,1,TRUE,NA,NA,NA
K830,Vääna,K663,Tallinn,K830__Metsatuka__1,Metsatuka,20,2,2,FALSE,13,2,FALSE,NA,NA,NA
K830,Vääna,K663,Tallinn,K830__Vaila tee__1,Vaila tee,20,2,3,FALSE,13,3,FALSE,NA,NA,NA
K830,Vääna,K663,Tallinn,K830__Vääna kool__1,Vääna kool,20,2,4,FALSE,13,4,FALSE,NA,NA,NA
K830,Vääna,K663,Tallinn,K830__Väänatammi tee__1,Väänatammi tee,20,2,5,FALSE,13,5,FALSE,NA,NA,NA
K830,Vääna,K663,Tallinn,K830__Lätte tee__1,Lätte tee,14,2,6,FALSE,7,6,FALSE,NA,NA,NA
K830,Vääna,K663,Tallinn,K830__Vääna__1,Vääna,13,2,7,FALSE,7,7,FALSE,NA,NA,NA
K830,Vääna,K663,Tallinn,K830__Kruusiaugu__1,Kruusiaugu,7,2,8,FALSE,6,8,FALSE,NA,NA,NA
K830,Vääna,K663,Tallinn,K830__Vahi__1,Vahi,7,2,9,FALSE,6,9,FALSE,NA,NA,NA
K831,Vääna-Jõesuu,K663,Tallinn,K831__Vääna-Jõesuu__1,Vääna-Jõesuu,152,2,1,TRUE,76,1,TRUE,NA,NA,NA
K831,Vääna-Jõesuu,K663,Tallinn,K831__Naage__1,Naage,39,2,2,FALSE,20,2,FALSE,NA,NA,NA
K831,Vääna-Jõesuu,K663,Tallinn,K831__Rannasüdame__1,Rannasüdame,39,2,3,FALSE,20,3,FALSE,NA,NA,NA
K831,Vääna-Jõesuu,K663,Tallinn,K831__Viljapuu tee__1,Viljapuu tee,14,2,4,FALSE,7,5,FALSE,NA,NA,NA
K831,Vääna-Jõesuu,K663,Tallinn,K831__Viti tankla__1,Viti tankla,14,2,5,FALSE,7,6,FALSE,NA,NA,NA
K831,Vääna-Jõesuu,K663,Tallinn,K831__Tisleri__1,Tisleri,13,2,6,FALSE,7,4,FALSE,NA,NA,NA
K832,Väätsa,K458,Paide linn,K832__Väätsa kool__1,Väätsa kool,14,2,1,TRUE,6,3,FALSE,NA,NA,NA
K832,Väätsa,K458,Paide linn,K832__Alveti__1,Alveti,10,2,2,FALSE,6,1,TRUE,NA,NA,NA
K832,Väätsa,K458,Paide linn,K832__Röa__1,Röa,10,2,3,FALSE,6,2,FALSE,NA,NA,NA
K832,Väätsa,K458,Paide linn,K832__Kandelini__1,Kandelini,8,2,4,FALSE,5,4,FALSE,NA,NA,NA
K832,Väätsa,K458,Paide linn,K832__Kuivamäe__1,Kuivamäe,8,2,5,FALSE,5,5,FALSE,NA,NA,NA
K832,Väätsa,K458,Paide linn,K832__Väätsa vallamaja__1,Väätsa vallamaja,8,3,6,FALSE,5,6,FALSE,NA,NA,NA
K832,Väätsa,K458,Paide linn,K832__Reopalu__1,Reopalu,6,1,7,FALSE,2,7,FALSE,NA,NA,NA
K832,Väätsa,K458,Paide linn,K832__Aasuvälja__1,Aasuvälja,4,2,8,FALSE,NA,NA,NA,NA,NA,NA
K832,Väätsa,K458,Paide linn,K832__Töökoda__1,Töökoda,2,1,9,FALSE,2,8,FALSE,NA,NA,NA
K832,Väätsa,K458,Paide linn,K832__Väätsa-Nõmme__1,Väätsa-Nõmme,2,1,10,FALSE,2,9,FALSE,NA,NA,NA
K833,Õisu,K789,Viljandi linn,K833__Õisu__1,Õisu,20,1,1,TRUE,10,1,TRUE,NA,NA,NA
K833,Õisu,K789,Viljandi linn,K833__Kaarli__1,Kaarli,18,2,2,FALSE,9,2,FALSE,NA,NA,NA
K833,Õisu,K789,Viljandi linn,K833__Karuküla__1,Karuküla,18,2,3,FALSE,9,3,FALSE,NA,NA,NA
K833,Õisu,K789,Viljandi linn,K833__Pärna__1,Pärna,18,2,4,FALSE,9,4,FALSE,NA,NA,NA
K833,Õisu,K789,Viljandi linn,K833__Variku__1,Variku,18,2,5,FALSE,9,6,FALSE,NA,NA,NA
K833,Õisu,K789,Viljandi linn,K833__Õisu järv__1,Õisu järv,18,2,6,FALSE,9,7,FALSE,NA,NA,NA
K833,Õisu,K789,Viljandi linn,K833__Ülemõisa__1,Ülemõisa,18,2,7,FALSE,9,8,FALSE,NA,NA,NA
K833,Õisu,K789,Viljandi linn,K833__Raadi__1,Raadi,9,1,8,FALSE,9,5,FALSE,NA,NA,NA
K834,Õru,K740,Valga linn,K834__Saksamatsi__1,Saksamatsi,14,2,1,TRUE,7,1,TRUE,NA,NA,NA
K834,Õru,K740,Valga linn,K834__Õruste__1,Õruste,14,2,2,FALSE,7,2,FALSE,NA,NA,NA
K834,Õru,K740,Valga linn,K834__Antsi__1,Antsi,9,2,3,FALSE,5,3,FALSE,NA,NA,NA
K834,Õru,K740,Valga linn,K834__Lota__1,Lota,9,2,4,FALSE,5,4,FALSE,NA,NA,NA
K834,Õru,K740,Valga linn,K834__Raudtee__1,Raudtee,9,2,5,FALSE,5,6,FALSE,NA,NA,NA
K834,Õru,K740,Valga linn,K834__Parmu__1,Parmu,8,2,6,FALSE,5,5,FALSE,NA,NA,NA
K834,Õru,K740,Valga linn,K834__Kikka__1,Kikka,6,2,7,FALSE,3,7,FALSE,NA,NA,NA
K834,Õru,K740,Valga linn,K834__Mõneku__1,Mõneku,4,2,8,FALSE,1,10,FALSE,NA,NA,NA
K834,Õru,K740,Valga linn,K834__Kiilatsi__1,Kiilatsi,3,2,9,FALSE,2,8,FALSE,NA,NA,NA
K834,Õru,K740,Valga linn,K834__Uniküla__1,Uniküla,3,2,10,FALSE,2,9,FALSE,NA,NA,NA
K834,Õru,K740,Valga linn,K834__Õruste__2,Õruste,1,1,11,FALSE,1,11,FALSE,NA,NA,NA
K835,Äigrumäe,K663,Tallinn,K835__Ämmamägi__1,Ämmamägi,50,2,1,TRUE,38,1,TRUE,NA,NA,NA
K835,Äigrumäe,K663,Tallinn,K835__Iru__1,Iru,33,1,2,FALSE,33,2,FALSE,NA,NA,NA
K836,Äksi,K674,Tartu linn,K836__Puhtaleiva__1,Puhtaleiva,20,2,1,TRUE,12,3,FALSE,NA,NA,NA
K836,Äksi,K674,Tartu linn,K836__Pooli__1,Pooli,17,2,2,FALSE,13,1,TRUE,NA,NA,NA
K836,Äksi,K674,Tartu linn,K836__Rüütlivälja__1,Rüütlivälja,17,2,3,FALSE,13,2,FALSE,NA,NA,NA
K836,Äksi,K674,Tartu linn,K836__Rüütlimäe__1,Rüütlimäe,15,2,4,FALSE,11,5,FALSE,NA,NA,NA
K836,Äksi,K674,Tartu linn,K836__Äksi keskus__1,Äksi keskus,15,1,5,FALSE,11,6,FALSE,NA,NA,NA
K836,Äksi,K674,Tartu linn,K836__Kukulinna__1,Kukulinna,12,2,6,FALSE,11,4,FALSE,NA,NA,NA
K836,Äksi,K674,Tartu linn,K836__Saadjärve__1,Saadjärve,8,2,7,FALSE,8,7,FALSE,NA,NA,NA
K836,Äksi,K674,Tartu linn,K836__Saadjärve tee__1,Saadjärve tee,8,2,8,FALSE,8,8,FALSE,NA,NA,NA
K836,Äksi,K674,Tartu linn,K836__Hiire__1,Hiire,7,2,9,FALSE,7,9,FALSE,NA,NA,NA
K836,Äksi,K674,Tartu linn,K836__Kalmumäe__1,Kalmumäe,7,2,10,FALSE,7,10,FALSE,NA,NA,NA
K836,Äksi,K674,Tartu linn,K836__Vana-Kubja__1,Vana-Kubja,7,2,11,FALSE,7,11,FALSE,NA,NA,NA
K836,Äksi,K674,Tartu linn,K836__Äksi kalmistu__1,Äksi kalmistu,6,2,12,FALSE,3,13,FALSE,NA,NA,NA
K836,Äksi,K674,Tartu linn,K836__Mäe__1,Mäe,4,2,13,FALSE,3,12,FALSE,NA,NA,NA
K836,Äksi,K674,Tartu linn,K836__Saluküla__1,Saluküla,3,2,14,FALSE,2,16,FALSE,NA,NA,NA
K836,Äksi,K674,Tartu linn,K836__Karjamõisa__1,Karjamõisa,2,2,15,FALSE,2,14,FALSE,NA,NA,NA
K836,Äksi,K674,Tartu linn,K836__Mihkli__1,Mihkli,2,2,16,FALSE,2,15,FALSE,NA,NA,NA
K836,Äksi,K674,Tartu linn,K836__Mäekuru__1,Mäekuru,1,1,17,FALSE,1,17,FALSE,NA,NA,NA
K836,Äksi,K674,Tartu linn,K836__Rehevälja__1,Rehevälja,1,1,18,FALSE,NA,NA,NA,NA,NA,NA
K837,Änari,K709,Türi linn,K837__Murro__1,Murro,4,2,1,TRUE,2,1,TRUE,NA,NA,NA
K837,Änari,K709,Türi linn,K837__Määrasmaa__1,Määrasmaa,4,2,2,FALSE,2,2,FALSE,NA,NA,NA
K837,Änari,K709,Türi linn,K837__Änari__1,Änari,4,2,3,FALSE,2,3,FALSE,NA,NA,NA
K838,Ääsmäe,K663,Tallinn,K838__Harutee__1,Harutee,26,1,1,TRUE,NA,NA,NA,NA,NA,NA
K838,Ääsmäe,K663,Tallinn,K838__Harutee__2,Harutee,25,1,2,FALSE,22,1,TRUE,NA,NA,NA
K838,Ääsmäe,K663,Tallinn,K838__Ääsmäe__1,Ääsmäe,21,2,3,FALSE,7,5,FALSE,NA,NA,NA
K838,Ääsmäe,K663,Tallinn,K838__Ääsmäe kool__1,Ääsmäe kool,21,1,4,FALSE,7,6,FALSE,NA,NA,NA
K838,Ääsmäe,K663,Tallinn,K838__Toominga__1,Toominga,20,2,5,FALSE,7,4,FALSE,NA,NA,NA
K838,Ääsmäe,K663,Tallinn,K838__Pähkli__1,Pähkli,17,2,6,FALSE,7,3,FALSE,NA,NA,NA
K838,Ääsmäe,K663,Tallinn,K838__Jõgisoo__1,Jõgisoo,15,1,7,FALSE,12,2,FALSE,NA,NA,NA
K838,Ääsmäe,K663,Tallinn,K838__Esku__1,Esku,6,2,8,FALSE,3,7,FALSE,NA,NA,NA
K838,Ääsmäe,K663,Tallinn,K838__Karjatse__1,Karjatse,4,2,9,FALSE,NA,NA,NA,NA,NA,NA
K838,Ääsmäe,K663,Tallinn,K838__Koolitare__1,Koolitare,4,2,10,FALSE,NA,NA,NA,NA,NA,NA
K838,Ääsmäe,K663,Tallinn,K838__Pällu__1,Pällu,4,2,11,FALSE,NA,NA,NA,NA,NA,NA
K838,Ääsmäe,K663,Tallinn,K838__Suurearu__1,Suurearu,4,2,12,FALSE,NA,NA,NA,NA,NA,NA
K838,Ääsmäe,K663,Tallinn,K838__Tuula__1,Tuula,4,2,13,FALSE,NA,NA,NA,NA,NA,NA
K838,Ääsmäe,K663,Tallinn,K838__Suurenõmme__1,Suurenõmme,1,1,14,FALSE,1,8,FALSE,NA,NA,NA
K839,Üdruma,K663,Tallinn,K839__Silla__1,Silla,8,2,1,TRUE,NA,NA,NA,NA,NA,NA
K839,Üdruma,K663,Tallinn,K839__Turpla__1,Turpla,8,2,2,FALSE,NA,NA,NA,NA,NA,NA
K839,Üdruma,K663,Tallinn,K839__Amanda parkla__1,Amanda parkla,6,1,3,FALSE,NA,NA,NA,NA,NA,NA
K839,Üdruma,K663,Tallinn,K839__Päri__1,Päri,6,2,4,FALSE,NA,NA,NA,NA,NA,NA
K839,Üdruma,K663,Tallinn,K839__Soo-Otsa__1,Soo-Otsa,2,2,5,FALSE,NA,NA,NA,NA,NA,NA
K839,Üdruma,K663,Tallinn,K839__Üdruma__1,Üdruma,2,2,6,FALSE,NA,NA,NA,NA,NA,NA
K840,Ülenurme,K674,Tartu linn,K840__Tõrvandi__1,Tõrvandi,120,2,1,TRUE,64,1,TRUE,NA,NA,NA
K840,Ülenurme,K674,Tartu linn,K840__Vana-Linnavere__1,Vana-Linnavere,95,2,2,FALSE,54,2,FALSE,NA,NA,NA
K840,Ülenurme,K674,Tartu linn,K840__Tõrvandi tee__1,Tõrvandi tee,60,1,3,FALSE,24,8,FALSE,NA,NA,NA
K840,Ülenurme,K674,Tartu linn,K840__Ülenurme__1,Ülenurme,59,2,4,FALSE,32,4,FALSE,NA,NA,NA
K840,Ülenurme,K674,Tartu linn,K840__Ülenurme Gümnaasium__1,Ülenurme Gümnaasium,59,2,5,FALSE,42,3,FALSE,NA,NA,NA
K840,Ülenurme,K674,Tartu linn,K840__Rehe__1,Rehe,44,2,6,FALSE,27,5,FALSE,NA,NA,NA
K840,Ülenurme,K674,Tartu linn,K840__Ülenurme keskus__1,Ülenurme keskus,44,2,7,FALSE,27,6,FALSE,NA,NA,NA
K840,Ülenurme,K674,Tartu linn,K840__Ülevälja__1,Ülevälja,44,2,8,FALSE,27,7,FALSE,NA,NA,NA
K840,Ülenurme,K674,Tartu linn,K840__Ept__1,Ept,40,2,9,FALSE,21,10,FALSE,NA,NA,NA
K840,Ülenurme,K674,Tartu linn,K840__Männi__1,Männi,40,2,10,FALSE,23,9,FALSE,NA,NA,NA
K840,Ülenurme,K674,Tartu linn,K840__Poldri__1,Poldri,21,2,11,FALSE,15,11,FALSE,NA,NA,NA
K840,Ülenurme,K674,Tartu linn,K840__Küla__1,Küla,15,1,12,FALSE,9,12,FALSE,NA,NA,NA
K840,Ülenurme,K674,Tartu linn,K840__Küla__2,Küla,14,1,13,FALSE,9,13,FALSE,NA,NA,NA
K840,Ülenurme,K674,Tartu linn,K840__Ülenurme__2,Ülenurme,4,2,14,FALSE,2,14,FALSE,NA,NA,NA
