kant_CODE,kant_name,keskus_CODE,keskus_name,population,workers,share_to_center,top_pt_dest,n_trips_to_top,total_outbound_trips,n_trips_to_keskus,n_services_to_keskus,median_travel_time_min,avg_travel_time_min,min_travel_time_min,max_travel_time_min,first_departure_hour,last_departure_hour,service_span_hours,avg_frequency_min,am_peak_services,off_peak_services,hours_with_service,cv_hourly,pm_return_services,pm_return_hours_covered,prop_to_keskus,pt_matches_commute,has_pt_service,has_am_service,has_pm_return,return_feasible,is_center
K001,Aakre,K674,Tartu linn,NA,NA,NA,K049,9,23,6,6,66,70.7,55,98,6,20,14,171.2,1,5,5,0.37267799624996506,2,2,0.2608695652173913,FALSE,TRUE,TRUE,TRUE,TRUE,FALSE
K002,Aardla,K674,Tartu linn,NA,NA,NA,K674,18,26,18,18,22.5,30.8,17,88,6,19,13,46.9,4,14,10,0.5105203241514897,6,4,0.6923076923076923,TRUE,TRUE,TRUE,TRUE,TRUE,FALSE
K003,Aarna,K523,Põlva linn,NA,NA,NA,K523,8,11,8,8,5,5.4,5,7,7,19,12,102.9,2,6,7,0.33071891388307384,2,2,0.7272727272727273,TRUE,TRUE,TRUE,TRUE,TRUE,FALSE
K004,Aaspere,K663,Tallinn,NA,NA,NA,K070,13,28,6,6,61,61,56,65,8,18,10,119,0,6,6,0,3,3,0.21428571428571427,FALSE,TRUE,FALSE,TRUE,FALSE,FALSE
K006,Abja-Paluoja linn,K789,Viljandi linn,NA,NA,NA,K789,17,35,17,17,49,48.6,39,70,4,19,15,55.2,5,12,11,0.44488636238091855,6,4,0.4857142857142857,TRUE,TRUE,TRUE,TRUE,TRUE,FALSE
K005,Abja,K789,Viljandi linn,NA,NA,NA,K006,14,28,12,12,55.5,54.8,46,66,4,19,15,79.9,2,10,10,0.35136418446315326,4,3,0.42857142857142855,FALSE,TRUE,TRUE,TRUE,TRUE,FALSE
K008,Adavere,K521,Põltsamaa linn,NA,NA,NA,K522,26,41,13,13,10,10.4,10,12,6,20,14,68.3,2,11,11,0.3422860840197998,5,4,0.3170731707317073,FALSE,TRUE,TRUE,TRUE,TRUE,FALSE
K009,Adila-Pihali,K663,Tallinn,NA,NA,NA,K065,2,3,0,NA,NA,NA,NA,NA,NA,NA,NA,NA,NA,NA,NA,NA,0,0,0,FALSE,FALSE,FALSE,FALSE,FALSE,FALSE
K010,Aegviidu alev,K663,Tallinn,NA,NA,NA,K663,23,39,23,23,54,50.7,43,58,5,23,18,49.5,4,19,16,0.437671561464971,5,4,0.5897435897435898,TRUE,TRUE,TRUE,TRUE,TRUE,FALSE
K011,Ahja,K674,Tartu linn,NA,NA,NA,K399,11,20,6,6,42.5,41.3,37,44,6,18,12,141.8,1,5,6,0,2,2,0.3,FALSE,TRUE,TRUE,TRUE,TRUE,FALSE
K225,Kohtla-Järve linn,K225,Kohtla-Järve linn,NA,NA,NA,K118,349,414,0,NA,NA,NA,NA,NA,NA,NA,NA,NA,NA,NA,NA,NA,0,0,0,FALSE,FALSE,FALSE,FALSE,FALSE,TRUE
K012,Ahula,K663,Tallinn,NA,NA,NA,K030,8,16,0,NA,NA,NA,NA,NA,NA,NA,NA,NA,NA,NA,NA,NA,0,0,0,FALSE,FALSE,FALSE,FALSE,FALSE,FALSE
K013,Ahunapalu,K674,Tartu linn,NA,NA,NA,K674,3,5,3,3,75,72,66,75,6,17,11,340,1,2,3,0,2,2,0.6,TRUE,TRUE,TRUE,TRUE,TRUE,FALSE
K014,Aidu,K213,Kiviõli linn,NA,NA,NA,K380,3,3,1,1,19,19,19,19,16,16,0,NA,0,1,1,NA,2,2,0.3333333333333333,FALSE,TRUE,FALSE,TRUE,FALSE,FALSE
K015,Aidu,K115,Jõgeva linn,NA,NA,NA,K115,13,24,13,13,19,18.7,14,24,7,18,11,57.3,3,10,9,0.36487819155789,3,2,0.5416666666666666,TRUE,TRUE,TRUE,TRUE,TRUE,FALSE
K017,Alatskivi,K674,Tartu linn,NA,NA,NA,K674,18,33,18,18,65,65.8,47,102,6,18,12,43.2,6,12,10,0.6829292190587324,7,4,0.5454545454545454,TRUE,TRUE,TRUE,TRUE,TRUE,FALSE
K018,Alavere,K663,Tallinn,NA,NA,NA,K189,6,19,2,2,69.5,69.5,69,70,6,15,9,545,1,1,2,0,1,1,0.10526315789473684,FALSE,TRUE,TRUE,TRUE,TRUE,FALSE
K019,Albu,K663,Tallinn,NA,NA,NA,K010,2,4,0,NA,NA,NA,NA,NA,NA,NA,NA,NA,NA,NA,NA,NA,0,0,0,FALSE,FALSE,FALSE,FALSE,FALSE,FALSE
K020,Alu,K554,Rapla,NA,NA,NA,K554,23,31,23,23,5,5.2,5,9,6,22,16,43,5,18,16,0.5662198468208594,6,4,0.7419354838709677,TRUE,TRUE,TRUE,TRUE,TRUE,FALSE
K021,Ambla,K663,Tallinn,NA,NA,NA,K012,6,12,0,NA,NA,NA,NA,NA,NA,NA,NA,NA,NA,NA,NA,NA,0,0,0,FALSE,FALSE,FALSE,FALSE,FALSE,FALSE
K022,Andineeme,K663,Tallinn,NA,NA,NA,K663,2,4,2,2,78.5,78.5,78,79,6,13,7,418,1,1,2,0,0,0,0.5,TRUE,TRUE,TRUE,FALSE,FALSE,FALSE
K023,Anija,K663,Tallinn,NA,NA,NA,K190,4,5,0,NA,NA,NA,NA,NA,NA,NA,NA,NA,NA,NA,NA,NA,0,0,0,FALSE,FALSE,FALSE,FALSE,FALSE,FALSE
K024,Anna,K458,Paide linn,NA,NA,NA,K458,8,18,8,8,19,20.1,11,36,6,20,14,115.6,1,7,8,0,3,2,0.4444444444444444,TRUE,TRUE,TRUE,TRUE,TRUE,FALSE
K025,Annikoru,K674,Tartu linn,NA,NA,NA,K237,11,20,10,10,65.5,72.2,52,128,6,21,15,99.2,4,6,6,0.7266360849833982,3,2,0.5,FALSE,TRUE,TRUE,TRUE,TRUE,FALSE
K026,Annikvere,K663,Tallinn,NA,NA,NA,K070,6,11,0,NA,NA,NA,NA,NA,NA,NA,NA,NA,NA,NA,NA,NA,0,0,0,FALSE,FALSE,FALSE,FALSE,FALSE,FALSE
K027,Anseküla,K270,Kuressaare linn,NA,NA,NA,K095,5,6,4,4,39.5,52.5,36,95,7,15,8,170.3,1,3,4,0,2,2,0.6666666666666666,FALSE,TRUE,TRUE,TRUE,TRUE,FALSE
K030,Aravete,K663,Tallinn,NA,NA,NA,K012,8,17,0,NA,NA,NA,NA,NA,NA,NA,NA,NA,NA,NA,NA,NA,0,0,0,FALSE,FALSE,FALSE,FALSE,FALSE,FALSE
K031,Ardu,K663,Tallinn,NA,NA,NA,K663,12,23,12,12,52.5,51.1,35,69,6,20,14,75,3,9,11,0.27638539919628335,5,3,0.5217391304347826,TRUE,TRUE,TRUE,TRUE,TRUE,FALSE
K032,Are,K531,Pärnu linn,NA,NA,NA,K531,33,61,33,33,17,19.2,14,46,6,22,16,29.7,7,26,16,0.5152109294317602,11,4,0.5409836065573771,TRUE,TRUE,TRUE,TRUE,TRUE,FALSE
K033,Arkna,K545,Rakvere linn,NA,NA,NA,K545,14,27,14,14,10,10,9,12,6,21,15,67.2,3,11,13,0.25753937681885647,4,4,0.5185185185185185,TRUE,TRUE,TRUE,TRUE,TRUE,FALSE
K034,Aruküla,K663,Tallinn,NA,NA,NA,K663,24,42,24,24,27,34.1,26,50,5,21,16,41.3,3,21,15,0.4604927485081296,6,4,0.5714285714285714,TRUE,TRUE,TRUE,TRUE,TRUE,FALSE
K035,Aruvälja,K531,Pärnu linn,NA,NA,NA,K531,11,22,11,11,23,23,21,25,6,18,12,73.7,3,8,9,0.5454545454545455,3,3,0.5,TRUE,TRUE,TRUE,TRUE,TRUE,FALSE
K037,Assamalla,K545,Rakvere linn,NA,NA,NA,K545,13,23,13,13,19,30.2,15,91,7,20,13,68.6,5,8,9,0.5029498781008469,5,3,0.5652173913043478,TRUE,TRUE,TRUE,TRUE,TRUE,FALSE
K038,Aste,K270,Kuressaare linn,NA,NA,NA,K270,11,14,11,11,15,17.7,15,30,6,21,15,85,3,8,10,0.28747978728803447,3,3,0.7857142857142857,TRUE,TRUE,TRUE,TRUE,TRUE,FALSE
K039,Asuküla,K061,Haapsalu linn,NA,NA,NA,K061,8,12,8,8,16,17.4,15,21,7,19,12,105.9,2,6,6,0.38729833462074176,2,2,0.6666666666666666,TRUE,TRUE,TRUE,TRUE,TRUE,FALSE
K040,Atsalama,K118,Jõhvi linn,NA,NA,NA,K225,18,23,13,13,25,28.7,21,51,6,19,13,62.3,2,11,10,0.3715737627228061,4,3,0.5652173913043478,FALSE,TRUE,TRUE,TRUE,TRUE,FALSE
K041,Audla,K270,Kuressaare linn,NA,NA,NA,K447,9,14,6,6,51,69,40,165,6,18,12,141.4,2,4,6,0,3,2,0.42857142857142855,FALSE,TRUE,TRUE,TRUE,TRUE,FALSE
K042,Audru,K531,Pärnu linn,NA,NA,NA,K531,70,120,70,70,7,8.8,5,18,5,23,18,15.6,11,59,19,0.4792047456031887,21,4,0.5833333333333334,TRUE,TRUE,TRUE,TRUE,TRUE,FALSE
K043,Auvere,K422,Narva linn,NA,NA,NA,K422,4,5,4,4,22,22.8,22,25,10,18,8,161.7,0,4,3,0.4330127018922193,1,2,0.8,TRUE,TRUE,FALSE,TRUE,FALSE,FALSE
K044,Avinurme,K663,Tallinn,NA,NA,NA,K403,7,15,0,NA,NA,NA,NA,NA,NA,NA,NA,NA,NA,NA,NA,NA,0,0,0,FALSE,FALSE,FALSE,FALSE,FALSE,FALSE
K045,Edise,K118,Jõhvi linn,NA,NA,NA,K225,35,49,33,33,5,6.2,4,22,6,22,16,30.8,5,28,16,0.37425571480919306,8,4,0.673469387755102,FALSE,TRUE,TRUE,TRUE,TRUE,FALSE
K046,Eidapere-Lokuta,K663,Tallinn,NA,NA,NA,K553,7,12,0,NA,NA,NA,NA,NA,NA,NA,NA,NA,NA,NA,NA,NA,0,0,0,FALSE,FALSE,FALSE,FALSE,FALSE,FALSE
K047,Eikla,K270,Kuressaare linn,NA,NA,NA,K270,9,11,9,9,27,27.8,23,40,7,20,13,98.6,3,6,6,0.3651483716701107,3,3,0.8181818181818182,TRUE,TRUE,TRUE,TRUE,TRUE,FALSE
K048,Elistvere,K674,Tartu linn,NA,NA,NA,K674,9,14,9,9,51,57.3,26,80,7,22,15,112.4,1,8,8,0.3142696805273545,3,3,0.6428571428571429,TRUE,TRUE,TRUE,TRUE,TRUE,FALSE
K049,Elva linn,K049,Elva linn,NA,NA,NA,K674,54,84,0,NA,NA,NA,NA,NA,NA,NA,NA,NA,NA,NA,NA,NA,0,0,0,FALSE,FALSE,FALSE,FALSE,FALSE,TRUE
K050,Elva ümbrus,K049,Elva linn,NA,NA,NA,K049,27,47,27,27,10,14.4,7,74,6,20,14,31.5,6,21,14,0.5170920549671202,9,4,0.574468085106383,TRUE,TRUE,TRUE,TRUE,TRUE,FALSE
K052,Enge,K531,Pärnu linn,NA,NA,NA,K531,3,5,3,3,43,43.7,43,45,7,16,9,256,1,2,3,0,1,1,0.6,TRUE,TRUE,TRUE,TRUE,TRUE,FALSE
K054,Erra-Liiva,K213,Kiviõli linn,NA,NA,NA,K371,22,34,17,17,6,5.6,4,10,6,21,15,53.8,3,14,13,0.36735282343519987,5,4,0.5,FALSE,TRUE,TRUE,TRUE,TRUE,FALSE
K053,Erra alevik,K213,Kiviõli linn,NA,NA,NA,K213,17,20,17,17,5,4.6,3,9,6,21,15,53.8,3,14,13,0.36735282343519987,1,1,0.85,TRUE,TRUE,TRUE,TRUE,TRUE,FALSE
K055,Ervita,K663,Tallinn,NA,NA,NA,K221,5,5,0,NA,NA,NA,NA,NA,NA,NA,NA,NA,NA,NA,NA,NA,0,0,0,FALSE,FALSE,FALSE,FALSE,FALSE,FALSE
K056,Esku,K521,Põltsamaa linn,NA,NA,NA,K521,15,20,15,15,9,8.8,5,13,6,19,13,55.4,3,12,11,0.4944132324730442,6,4,0.75,TRUE,TRUE,TRUE,TRUE,TRUE,FALSE
K057,Essu,K545,Rakvere linn,NA,NA,NA,K545,14,27,14,14,11,11,10,13,6,21,15,67.2,3,11,13,0.25753937681885647,4,4,0.5185185185185185,TRUE,TRUE,TRUE,TRUE,TRUE,FALSE
K058,Haage,K674,Tartu linn,NA,NA,NA,K674,28,41,28,28,19,26.2,12,176,6,21,15,32.8,6,22,13,0.5309310266899467,7,4,0.6829268292682927,TRUE,TRUE,TRUE,TRUE,TRUE,FALSE
K059,Haamse-Hakjala,K270,Kuressaare linn,NA,NA,NA,K270,11,11,11,11,19,20.1,18,27,6,21,15,85.2,3,8,10,0.28747978728803447,3,3,1,TRUE,TRUE,TRUE,TRUE,TRUE,FALSE
K060,Haanja,K813,Võru linn,NA,NA,NA,K813,11,13,11,11,23,26.5,21,41,7,17,10,64.7,1,10,7,0.3401506715249038,4,3,0.8461538461538461,TRUE,TRUE,TRUE,TRUE,TRUE,FALSE
K061,Haapsalu linn,K061,Haapsalu linn,NA,NA,NA,K722,54,98,0,NA,NA,NA,NA,NA,NA,NA,NA,NA,NA,NA,NA,NA,0,0,0,FALSE,FALSE,FALSE,FALSE,FALSE,TRUE
K062,Habaja,K663,Tallinn,NA,NA,NA,K245,7,13,0,NA,NA,NA,NA,NA,NA,NA,NA,NA,NA,NA,NA,NA,0,0,0,FALSE,FALSE,FALSE,FALSE,FALSE,FALSE
K064,Haeska,K270,Kuressaare linn,NA,NA,NA,K270,5,6,5,5,25,50.2,21,109,6,15,9,140.5,2,3,4,0.4,2,2,0.8333333333333334,TRUE,TRUE,TRUE,TRUE,TRUE,FALSE
K065,Hageri,K663,Tallinn,NA,NA,NA,K663,21,29,21,21,47,46.5,42,52,5,22,17,49.5,4,17,18,0.3286992809345873,6,4,0.7241379310344828,TRUE,TRUE,TRUE,TRUE,TRUE,FALSE
K066,Hagudi,K663,Tallinn,NA,NA,NA,K554,19,36,15,15,40,41.5,39,53,5,21,16,68.1,4,11,12,0.36181361349331637,5,4,0.4166666666666667,FALSE,TRUE,TRUE,TRUE,TRUE,FALSE
K067,Haiba-Kernu,K663,Tallinn,NA,NA,NA,K663,13,19,13,13,64,54.7,32,70,6,22,16,80.8,3,10,9,0.36487819155789,4,4,0.6842105263157895,TRUE,TRUE,TRUE,TRUE,TRUE,FALSE
K068,Haimre-Kasti,K663,Tallinn,NA,NA,NA,K417,5,10,0,NA,NA,NA,NA,NA,NA,NA,NA,NA,NA,NA,NA,NA,0,0,0,FALSE,FALSE,FALSE,FALSE,FALSE,FALSE
K069,Halinga,K531,Pärnu linn,NA,NA,NA,K532,16,30,15,15,24,23.3,20,26,6,20,14,58.9,4,11,11,0.36998498468030955,5,3,0.5,FALSE,TRUE,TRUE,TRUE,TRUE,FALSE
K070,Haljala,K545,Rakvere linn,NA,NA,NA,K545,21,41,21,21,14,16.7,13,20,7,19,12,37.6,4,17,12,0.4948716593053935,7,3,0.5121951219512195,TRUE,TRUE,TRUE,TRUE,TRUE,FALSE
K071,Haljava,K663,Tallinn,NA,NA,NA,K540,9,9,5,5,55,54,51,56,6,19,13,193.8,2,3,5,0,2,3,0.5555555555555556,FALSE,TRUE,TRUE,TRUE,TRUE,FALSE
K072,Halliku,K674,Tartu linn,NA,NA,NA,K301,4,7,2,2,102.5,102.5,95,110,7,16,9,540,1,1,2,0,1,1,0.2857142857142857,FALSE,TRUE,TRUE,TRUE,TRUE,FALSE
K073,Halliste,K789,Viljandi linn,NA,NA,NA,K006,15,28,13,13,44,42.5,33,50,4,19,15,73.7,5,8,9,0.5029498781008469,5,4,0.4642857142857143,FALSE,TRUE,TRUE,TRUE,TRUE,FALSE
K074,Hanikase,K813,Võru linn,NA,NA,NA,K336,7,13,5,5,42,55.2,33,112,6,17,11,164.2,1,4,5,0,2,2,0.38461538461538464,FALSE,TRUE,TRUE,TRUE,TRUE,FALSE
K075,Hargla,K740,Valga linn,NA,NA,NA,K740,4,8,4,4,38,38.5,35,43,6,16,10,201.7,2,2,4,0,1,1,0.5,TRUE,TRUE,TRUE,TRUE,TRUE,FALSE
K076,Harju-Risti,K663,Tallinn,NA,NA,NA,K456,13,17,10,10,80.5,83.5,74,98,5,21,16,105.6,1,9,9,0.30000000000000004,3,4,0.5882352941176471,FALSE,TRUE,TRUE,TRUE,TRUE,FALSE
K077,Harku,K663,Tallinn,NA,NA,NA,K663,6,12,6,6,12.5,12.2,9,15,7,20,13,156,2,4,6,0,4,4,0.5,TRUE,TRUE,TRUE,TRUE,TRUE,FALSE
K078,Harkujärve,K663,Tallinn,NA,NA,NA,K663,375,494,375,375,10,12.7,1,59,0,23,23,3,66,309,20,0.43599452756906876,111,4,0.7591093117408907,TRUE,TRUE,TRUE,TRUE,TRUE,FALSE
K079,Heimtali,K789,Viljandi linn,NA,NA,NA,K789,44,67,44,44,11.5,15.2,7,33,5,23,18,24.5,11,33,18,0.6761798956911528,13,4,0.6567164179104478,TRUE,TRUE,TRUE,TRUE,TRUE,FALSE
K081,Hellenurme,K049,Elva linn,NA,NA,NA,K049,7,14,7,7,15,15,14,17,6,17,11,114.2,2,5,6,0.34992710611188255,3,3,0.5,TRUE,TRUE,TRUE,TRUE,TRUE,FALSE
K083,Himmaste,K523,Põlva linn,NA,NA,NA,K523,21,34,21,21,10,11.6,8,27,7,23,16,48.6,6,15,12,0.4948716593053935,5,4,0.6176470588235294,TRUE,TRUE,TRUE,TRUE,TRUE,FALSE
K084,Hirvli,K663,Tallinn,NA,NA,NA,NA,NA,NA,0,NA,NA,NA,NA,NA,NA,NA,NA,NA,NA,NA,NA,NA,0,0,NA,NA,FALSE,FALSE,FALSE,FALSE,FALSE
K085,Holdre-Koorküla,K740,Valga linn,NA,NA,NA,K082,5,6,2,2,59,59,37,81,6,17,11,634,1,1,2,0,1,1,0.3333333333333333,FALSE,TRUE,TRUE,TRUE,TRUE,FALSE
K086,Holstre,K789,Viljandi linn,NA,NA,NA,K402,11,21,10,10,14,15.9,13,30,5,20,15,96.9,2,8,9,0.30000000000000004,3,3,0.47619047619047616,FALSE,TRUE,TRUE,TRUE,TRUE,FALSE
K087,Holvandi,K523,Põlva linn,NA,NA,NA,K523,5,9,5,5,16,31.8,6,110,6,16,10,141.8,0,5,5,0,3,3,0.5555555555555556,TRUE,TRUE,FALSE,TRUE,FALSE,FALSE
K088,Hulja,K545,Rakvere linn,NA,NA,NA,K145,18,35,17,17,12,11.8,11,13,6,21,15,57.6,4,13,13,0.36735282343519987,4,4,0.4857142857142857,FALSE,TRUE,TRUE,TRUE,TRUE,FALSE
K089,Hummuli,K740,Valga linn,NA,NA,NA,K740,13,26,13,13,20,20.4,17,24,7,21,14,69.2,2,11,10,0.3715737627228061,5,4,0.5,TRUE,TRUE,TRUE,TRUE,TRUE,FALSE
K090,Härgla,K663,Tallinn,NA,NA,NA,K553,6,9,0,NA,NA,NA,NA,NA,NA,NA,NA,NA,NA,NA,NA,NA,0,0,0,FALSE,FALSE,FALSE,FALSE,FALSE,FALSE
K091,Häädemeeste,K531,Pärnu linn,NA,NA,NA,K531,15,28,15,15,41,45.7,37,115,6,19,13,53.5,4,11,10,0.35136418446315326,4,3,0.5357142857142857,TRUE,TRUE,TRUE,TRUE,TRUE,FALSE
K092,Hüüru,K663,Tallinn,NA,NA,NA,K663,61,109,61,61,22,23.9,9,56,6,23,17,17.1,15,46,18,0.5999668011745806,22,4,0.5596330275229358,TRUE,TRUE,TRUE,TRUE,TRUE,FALSE
K093,Ignase,K674,Tartu linn,NA,NA,NA,K570,13,14,9,9,47,48.3,35,69,6,18,12,89.8,0,9,7,0.5879447357921312,4,4,0.6428571428571429,FALSE,TRUE,FALSE,TRUE,FALSE,FALSE
K094,Ihamaru,K523,Põlva linn,NA,NA,NA,K258,8,11,7,7,9,9.6,9,11,7,19,12,120,2,5,6,0.34992710611188255,1,1,0.6363636363636364,FALSE,TRUE,TRUE,TRUE,TRUE,FALSE
K095,Iide,K270,Kuressaare linn,NA,NA,NA,K648,6,6,4,4,75,75.2,61,90,6,16,10,198.7,1,3,4,0,2,2,0.6666666666666666,FALSE,TRUE,TRUE,TRUE,TRUE,FALSE
K096,Iisaku,K118,Jõhvi linn,NA,NA,NA,K118,12,26,12,12,37.5,35.1,27,40,6,18,12,63.3,2,10,9,0.375,4,4,0.46153846153846156,TRUE,TRUE,TRUE,TRUE,TRUE,FALSE
K097,Illuka,K118,Jõhvi linn,NA,NA,NA,K118,7,14,7,7,22,22.1,20,24,6,19,13,129.7,2,5,7,0,2,2,0.5,TRUE,TRUE,TRUE,TRUE,TRUE,FALSE
K098,Ilmatsalu,K674,Tartu linn,NA,NA,NA,K674,22,30,22,22,24,24,18,33,6,21,15,40.7,5,17,14,0.41122210987382257,8,3,0.7333333333333333,TRUE,TRUE,TRUE,TRUE,TRUE,FALSE
K100,Imavere,K663,Tallinn,NA,NA,NA,K522,9,19,3,3,80,81,79,84,17,19,2,73,0,3,2,0.47140452079103173,1,1,0.15789473684210525,FALSE,TRUE,FALSE,TRUE,FALSE,FALSE
K101,Ingliste,K554,Rapla,NA,NA,NA,K554,8,15,8,8,13.5,13.4,12,14,7,19,12,100.6,3,5,7,0.3307189138830739,3,3,0.5333333333333333,TRUE,TRUE,TRUE,TRUE,TRUE,FALSE
K102,Irta,K531,Pärnu linn,NA,NA,NA,K241,7,12,5,5,40,40.6,40,42,5,16,11,156.2,1,4,5,0,2,2,0.4166666666666667,FALSE,TRUE,TRUE,TRUE,TRUE,FALSE
K103,Jaama,K674,Tartu linn,NA,NA,NA,K301,3,6,2,2,71,71,66,76,6,15,9,520,1,1,2,0,1,1,0.3333333333333333,FALSE,TRUE,TRUE,TRUE,TRUE,FALSE
K104,Jaanimõisa,K523,Põlva linn,NA,NA,NA,K329,10,21,5,5,48,46.6,26,75,7,15,8,122.8,2,3,4,0.4,2,1,0.23809523809523808,FALSE,TRUE,TRUE,TRUE,TRUE,FALSE
K105,Jalase-Koikse,K554,Rapla,NA,NA,NA,K554,14,24,14,14,16,18,16,28,7,19,12,54.8,3,11,12,0.33364240464065276,6,4,0.5833333333333334,TRUE,TRUE,TRUE,TRUE,TRUE,FALSE
K106,Jalgsema,K663,Tallinn,NA,NA,NA,K124,3,4,0,NA,NA,NA,NA,NA,NA,NA,NA,NA,NA,NA,NA,NA,0,0,0,FALSE,FALSE,FALSE,FALSE,FALSE,FALSE
K107,Jalukse,K061,Haapsalu linn,NA,NA,NA,K257,1,2,0,NA,NA,NA,NA,NA,NA,NA,NA,NA,NA,NA,NA,NA,0,0,0,FALSE,FALSE,FALSE,FALSE,FALSE,FALSE
K109,Jeti,K740,Valga linn,NA,NA,NA,K085,3,3,1,1,30,30,30,30,17,17,0,NA,0,1,1,NA,0,0,0.3333333333333333,FALSE,TRUE,FALSE,FALSE,FALSE,FALSE
K110,Joaveski,K663,Tallinn,NA,NA,NA,NA,NA,NA,0,NA,NA,NA,NA,NA,NA,NA,NA,NA,NA,NA,NA,NA,0,0,NA,NA,FALSE,FALSE,FALSE,FALSE,FALSE
K111,Juminda,K663,Tallinn,NA,NA,NA,K663,2,3,2,2,88.5,88.5,88,89,6,13,7,418,1,1,2,0,0,0,0.6666666666666666,TRUE,TRUE,TRUE,FALSE,FALSE,FALSE
K112,Juuru,K663,Tallinn,NA,NA,NA,K553,13,20,0,NA,NA,NA,NA,NA,NA,NA,NA,NA,NA,NA,NA,NA,0,0,0,FALSE,FALSE,FALSE,FALSE,FALSE,FALSE
K113,Jõelähtme,K663,Tallinn,NA,NA,NA,K663,39,71,39,39,30,32.7,10,71,6,22,16,25.9,9,30,15,0.455083060238432,14,4,0.5492957746478874,TRUE,TRUE,TRUE,TRUE,TRUE,FALSE
K114,Jõesuu,K531,Pärnu linn,NA,NA,NA,K683,5,8,4,4,47.5,48,36,61,6,18,12,236,2,2,4,0,1,1,0.5,FALSE,TRUE,TRUE,TRUE,TRUE,FALSE
K115,Jõgeva linn,K115,Jõgeva linn,NA,NA,NA,K619,45,98,0,NA,NA,NA,NA,NA,NA,NA,NA,NA,NA,NA,NA,NA,0,0,0,FALSE,FALSE,FALSE,FALSE,FALSE,TRUE
K116,Jõgeva ümbrus,K115,Jõgeva linn,NA,NA,NA,K115,35,57,35,35,8,14.6,5,63,6,19,13,22.8,8,27,14,0.5602197371087115,17,4,0.6140350877192983,TRUE,TRUE,TRUE,TRUE,TRUE,FALSE
K117,Jõgeveste,K674,Tartu linn,NA,NA,NA,K703,22,35,2,2,77,77,67,87,6,8,2,160,1,1,2,0,1,1,0.05714285714285714,FALSE,TRUE,TRUE,TRUE,TRUE,FALSE
K118,Jõhvi linn,K118,Jõhvi linn,NA,NA,NA,K225,347,418,0,NA,NA,NA,NA,NA,NA,NA,NA,NA,NA,NA,NA,NA,0,0,0,FALSE,FALSE,FALSE,FALSE,FALSE,TRUE
K119,Jõuga,K118,Jõhvi linn,NA,NA,NA,K118,7,14,7,7,34,33.3,29,34,6,18,12,114.2,2,5,7,0,3,3,0.5,TRUE,TRUE,TRUE,TRUE,TRUE,FALSE
K120,Jõõpre,K531,Pärnu linn,NA,NA,NA,K531,10,20,10,10,23,23.6,22,25,6,19,13,87.1,2,8,9,0.30000000000000004,3,3,0.5,TRUE,TRUE,TRUE,TRUE,TRUE,FALSE
K121,Jämejala,K789,Viljandi linn,NA,NA,NA,K789,54,55,54,54,10,8.3,2,12,6,20,14,16.3,10,44,15,0.3450327796711771,9,4,0.9818181818181818,TRUE,TRUE,TRUE,TRUE,TRUE,FALSE
K122,Jäneda,K663,Tallinn,NA,NA,NA,K010,16,32,8,8,50,50,49,51,6,23,17,145.3,2,6,8,0,2,3,0.25,FALSE,TRUE,TRUE,TRUE,TRUE,FALSE
K123,Järlepa,K663,Tallinn,NA,NA,NA,K090,4,7,0,NA,NA,NA,NA,NA,NA,NA,NA,NA,NA,NA,NA,NA,0,0,0,FALSE,FALSE,FALSE,FALSE,FALSE,FALSE
K125,Järva-Jaani,K663,Tallinn,NA,NA,NA,K124,16,16,0,NA,NA,NA,NA,NA,NA,NA,NA,NA,NA,NA,NA,NA,0,0,0,FALSE,FALSE,FALSE,FALSE,FALSE,FALSE
K124,Järva-Jaani alev,K663,Tallinn,NA,NA,NA,K125,16,22,0,NA,NA,NA,NA,NA,NA,NA,NA,NA,NA,NA,NA,NA,0,0,0,FALSE,FALSE,FALSE,FALSE,FALSE,FALSE
K127,Järvakandi,K663,Tallinn,NA,NA,NA,K126,16,16,2,2,83,83,82,84,7,16,9,562,1,1,2,0,0,0,0.125,FALSE,TRUE,TRUE,FALSE,FALSE,FALSE
K126,Järvakandi alev,K663,Tallinn,NA,NA,NA,K127,16,22,2,2,80,80,79,81,7,16,9,562,1,1,2,0,0,0,0.09090909090909091,FALSE,TRUE,TRUE,FALSE,FALSE,FALSE
K128,Järve,K225,Kohtla-Järve linn,NA,NA,NA,K225,128,131,128,128,3,8.2,1,20,5,23,18,8.3,18,110,19,0.45305764585618685,37,4,0.9770992366412213,TRUE,TRUE,TRUE,TRUE,TRUE,FALSE
K129,Järvselja,K674,Tartu linn,NA,NA,NA,K389,3,4,2,2,120,120,80,160,7,16,9,505,0,2,2,0,1,1,0.5,FALSE,TRUE,FALSE,TRUE,FALSE,FALSE
K130,Jäärja,K531,Pärnu linn,NA,NA,NA,K208,2,2,0,NA,NA,NA,NA,NA,NA,NA,NA,NA,NA,NA,NA,NA,0,0,0,FALSE,FALSE,FALSE,FALSE,FALSE,FALSE
K131,Jüri,K663,Tallinn,NA,NA,NA,K663,115,174,115,115,28,28.4,19,44,0,23,23,9.8,21,94,20,0.5667116316306996,30,4,0.6609195402298851,TRUE,TRUE,TRUE,TRUE,TRUE,FALSE
K132,Kaagjärve,K740,Valga linn,NA,NA,NA,K740,20,30,20,20,13,13.2,7,19,7,20,13,42.3,6,14,11,0.4806245936279166,7,4,0.6666666666666666,TRUE,TRUE,TRUE,TRUE,TRUE,FALSE
K133,Kaagvere,K674,Tartu linn,NA,NA,NA,K674,23,36,23,23,27,28.1,19,65,6,20,14,38.4,5,18,12,0.5653693927569556,6,4,0.6388888888888888,TRUE,TRUE,TRUE,TRUE,TRUE,FALSE
K134,Kaalepi,K663,Tallinn,NA,NA,NA,K012,7,16,0,NA,NA,NA,NA,NA,NA,NA,NA,NA,NA,NA,NA,NA,0,0,0,FALSE,FALSE,FALSE,FALSE,FALSE,FALSE
K135,Kaansoo,K531,Pärnu linn,NA,NA,NA,K639,6,8,3,3,76,80.3,63,102,13,17,4,110,0,3,3,0,1,1,0.375,FALSE,TRUE,FALSE,TRUE,FALSE,FALSE
K136,Kaarepere,K674,Tartu linn,NA,NA,NA,K115,11,20,9,9,38,45.2,28,74,6,17,11,85.1,2,7,9,0,3,2,0.45,FALSE,TRUE,TRUE,TRUE,TRUE,FALSE
K137,Kaarma,K270,Kuressaare linn,NA,NA,NA,K270,15,18,15,15,9,22.3,7,123,6,20,14,59.1,4,11,12,0.4972652484064488,5,4,0.8333333333333334,TRUE,TRUE,TRUE,TRUE,TRUE,FALSE
K139,Kabala,K663,Tallinn,NA,NA,NA,K440,10,19,6,6,97.5,97.5,92,101,7,16,9,111,1,5,6,0,3,3,0.3157894736842105,FALSE,TRUE,TRUE,TRUE,TRUE,FALSE
K140,Kabala,K663,Tallinn,NA,NA,NA,K553,6,6,0,NA,NA,NA,NA,NA,NA,NA,NA,NA,NA,NA,NA,NA,0,0,0,FALSE,FALSE,FALSE,FALSE,FALSE,FALSE
K141,Kaberneeme,K663,Tallinn,NA,NA,NA,K663,4,7,4,4,55.5,55.5,53,58,6,19,13,256.7,1,3,4,0,1,2,0.5714285714285714,TRUE,TRUE,TRUE,TRUE,TRUE,FALSE
K142,Kabli,K531,Pärnu linn,NA,NA,NA,K531,9,18,9,9,53,56,47,94,6,17,11,85.8,2,7,9,0,2,2,0.5,TRUE,TRUE,TRUE,TRUE,TRUE,FALSE
K143,Kadila,K545,Rakvere linn,NA,NA,NA,K545,5,10,5,5,20,20.2,19,21,7,16,9,145.8,1,4,4,0.4,2,2,0.5,TRUE,TRUE,TRUE,TRUE,TRUE,FALSE
K144,Kadjaste,K663,Tallinn,NA,NA,NA,K827,5,8,0,NA,NA,NA,NA,NA,NA,NA,NA,NA,NA,NA,NA,NA,0,0,0,FALSE,FALSE,FALSE,FALSE,FALSE,FALSE
K145,Kadrina,K663,Tallinn,NA,NA,NA,K670,26,52,4,4,77.5,77.8,76,80,6,18,12,258.7,1,3,4,0,1,1,0.07692307692307693,FALSE,TRUE,TRUE,TRUE,TRUE,FALSE
K146,Kahala,K663,Tallinn,NA,NA,NA,K663,22,45,22,22,59,60.2,34,74,6,22,16,45.3,5,17,15,0.43632305006058036,7,4,0.4888888888888889,TRUE,TRUE,TRUE,TRUE,TRUE,FALSE
K147,Kahkva,K523,Põlva linn,NA,NA,NA,K828,12,27,8,8,74.5,74.5,24,143,6,21,15,128.7,1,7,7,0.3307189138830739,1,1,0.2962962962962963,FALSE,TRUE,TRUE,TRUE,TRUE,FALSE
K148,Kahula,K118,Jõhvi linn,NA,NA,NA,K224,12,23,11,11,12,11.2,9,12,6,20,14,87.5,2,9,10,0.28747978728803447,2,2,0.4782608695652174,FALSE,TRUE,TRUE,TRUE,TRUE,FALSE
K150,Kaisma,K663,Tallinn,NA,NA,NA,K530,5,11,2,2,95,95,93,97,6,16,10,564,1,1,2,0,0,0,0.18181818181818182,FALSE,TRUE,TRUE,FALSE,FALSE,FALSE
K151,Kaiu,K663,Tallinn,NA,NA,NA,K259,12,20,0,NA,NA,NA,NA,NA,NA,NA,NA,NA,NA,NA,NA,NA,0,0,0,FALSE,FALSE,FALSE,FALSE,FALSE,FALSE
K152,Kajamaa,K663,Tallinn,NA,NA,NA,K205,32,63,31,31,27,29.3,14,61,6,22,16,31.8,7,24,15,0.49973978660740864,11,4,0.49206349206349204,FALSE,TRUE,TRUE,TRUE,TRUE,FALSE
K153,Kalana,K521,Põltsamaa linn,NA,NA,NA,K521,8,10,8,8,21.5,22.4,9,40,6,18,12,101.3,3,5,7,0.33071891388307384,3,3,0.8,TRUE,TRUE,TRUE,TRUE,TRUE,FALSE
K154,Kallaste linn,K674,Tartu linn,NA,NA,NA,K017,12,23,11,11,66,69.8,55,85,6,18,12,74,4,7,9,0.5454545454545455,5,4,0.4782608695652174,FALSE,TRUE,TRUE,TRUE,TRUE,FALSE
K155,Kallaste ümbrus,K674,Tartu linn,NA,NA,NA,K154,14,23,10,10,67,69.4,59,84,6,18,12,82.2,3,7,9,0.30000000000000004,5,4,0.43478260869565216,FALSE,TRUE,TRUE,TRUE,TRUE,FALSE
K156,Kallavere,K663,Tallinn,NA,NA,NA,K374,81,81,40,40,47,42.4,22,56,5,22,17,26.4,4,36,18,0.4514681931340952,11,4,0.49382716049382713,FALSE,TRUE,TRUE,TRUE,TRUE,FALSE
K157,Kalma-Vilusi,K663,Tallinn,NA,NA,NA,K403,8,10,0,NA,NA,NA,NA,NA,NA,NA,NA,NA,NA,NA,NA,NA,0,0,0,FALSE,FALSE,FALSE,FALSE,FALSE,FALSE
K159,Kamari,K521,Põltsamaa linn,NA,NA,NA,K521,9,9,9,9,12,14.1,7,25,6,18,12,85.1,4,5,6,0.5577733510227171,2,2,1,TRUE,TRUE,TRUE,TRUE,TRUE,FALSE
K160,Kambja,K674,Tartu linn,NA,NA,NA,K674,26,46,26,26,29,34.7,22,106,6,22,16,39.8,6,20,12,0.6769866467290042,7,4,0.5652173913043478,TRUE,TRUE,TRUE,TRUE,TRUE,FALSE
K162,Kanama-Tänassilma,K663,Tallinn,NA,NA,NA,K308,78,80,75,75,29,29.6,3,43,0,23,23,15.5,12,63,20,0.404651319111256,3,2,0.9375,FALSE,TRUE,TRUE,TRUE,TRUE,FALSE
K163,Kanepi,K674,Tartu linn,NA,NA,NA,K613,11,29,8,8,49,51.5,48,65,7,19,12,101,1,7,7,0.3307189138830739,4,3,0.27586206896551724,FALSE,TRUE,TRUE,TRUE,TRUE,FALSE
K164,Karala,K270,Kuressaare linn,NA,NA,NA,K373,3,3,0,NA,NA,NA,NA,NA,NA,NA,NA,NA,NA,NA,NA,NA,1,1,0,FALSE,FALSE,FALSE,TRUE,FALSE,FALSE
K165,Kareda,K458,Paide linn,NA,NA,NA,K785,7,9,6,6,24,25.2,23,32,7,18,11,138,3,3,5,0.37267799624996506,3,2,0.6666666666666666,FALSE,TRUE,TRUE,TRUE,TRUE,FALSE
K167,Karilatsi,K674,Tartu linn,NA,NA,NA,K094,2,3,1,1,50,50,50,50,8,8,0,NA,0,1,1,NA,1,1,0.3333333333333333,FALSE,TRUE,FALSE,TRUE,FALSE,FALSE
K168,Karinu,K663,Tallinn,NA,NA,NA,K124,5,5,0,NA,NA,NA,NA,NA,NA,NA,NA,NA,NA,NA,NA,NA,0,0,0,FALSE,FALSE,FALSE,FALSE,FALSE,FALSE
K169,Karitsa,K545,Rakvere linn,NA,NA,NA,K545,31,41,31,31,8,14.7,5,103,6,20,14,28.6,8,23,15,0.465072631317704,10,4,0.7560975609756098,TRUE,TRUE,TRUE,TRUE,TRUE,FALSE
K170,Karja,K270,Kuressaare linn,NA,NA,NA,K270,8,11,8,8,45,51.6,30,94,6,19,13,112.7,2,6,8,0,3,3,0.7272727272727273,TRUE,TRUE,TRUE,TRUE,TRUE,FALSE
K171,Karjaküla,K663,Tallinn,NA,NA,NA,K192,42,71,25,25,44,44,39,49,6,23,17,40.8,4,21,18,0.4375331920182136,7,4,0.352112676056338,FALSE,TRUE,TRUE,TRUE,TRUE,FALSE
K174,Karksi-Nuia,K789,Viljandi linn,NA,NA,NA,K789,11,27,11,11,45,44.1,36,52,6,19,13,73.3,4,7,9,0.5454545454545455,3,2,0.4074074074074074,TRUE,TRUE,TRUE,TRUE,TRUE,FALSE
K172,Karksi,K789,Viljandi linn,NA,NA,NA,K789,10,20,10,10,39,38.5,33,42,6,19,13,81.4,3,7,9,0.30000000000000004,3,2,0.5,TRUE,TRUE,TRUE,TRUE,TRUE,FALSE
K175,Karkuse,K663,Tallinn,NA,NA,NA,NA,NA,NA,0,NA,NA,NA,NA,NA,NA,NA,NA,NA,NA,NA,NA,NA,0,0,NA,NA,FALSE,FALSE,FALSE,FALSE,FALSE
K176,Karula,K789,Viljandi linn,NA,NA,NA,K789,44,62,44,44,16,18.5,3,69,6,20,14,19.3,10,34,14,0.5834657616156663,13,4,0.7096774193548387,TRUE,TRUE,TRUE,TRUE,TRUE,FALSE
K177,Kasari,K663,Tallinn,NA,NA,NA,K210,7,14,0,NA,NA,NA,NA,NA,NA,NA,NA,NA,NA,NA,NA,NA,0,0,0,FALSE,FALSE,FALSE,FALSE,FALSE,FALSE
K179,Kassinurme,K115,Jõgeva linn,NA,NA,NA,K115,12,22,12,12,12.5,12.2,9,18,6,21,15,80.7,2,10,9,0.375,5,4,0.5454545454545454,TRUE,TRUE,TRUE,TRUE,TRUE,FALSE
K180,Kastna,K531,Pärnu linn,NA,NA,NA,K531,4,8,4,4,57.5,60,53,72,6,19,13,267.7,1,3,4,0,2,2,0.5,TRUE,TRUE,TRUE,TRUE,TRUE,FALSE
K182,Kauksi-Kuru,K118,Jõhvi linn,NA,NA,NA,K096,12,22,10,10,50.5,48,38,57,7,18,11,71.3,1,9,8,0.3703280399090206,3,3,0.45454545454545453,FALSE,TRUE,TRUE,TRUE,TRUE,FALSE
K181,Kauksi,K523,Põlva linn,NA,NA,NA,K523,11,21,11,11,20,29.5,15,100,7,22,15,90.3,2,9,10,0.28747978728803447,3,2,0.5238095238095238,TRUE,TRUE,TRUE,TRUE,TRUE,FALSE
K184,Kavandi,K270,Kuressaare linn,NA,NA,NA,K447,3,4,2,2,65,65,63,67,9,15,6,389,0,2,2,0,0,0,0.5,FALSE,TRUE,FALSE,FALSE,FALSE,FALSE
K185,Kavaru,K531,Pärnu linn,NA,NA,NA,K531,11,21,11,11,47,43.9,33,53,6,20,14,87.3,1,10,9,0.36078426969062594,4,4,0.5238095238095238,TRUE,TRUE,TRUE,TRUE,TRUE,FALSE
K186,Kavastu,K674,Tartu linn,NA,NA,NA,K674,5,5,5,5,41,43.2,31,60,6,17,11,157.2,2,3,5,0,3,3,1,TRUE,TRUE,TRUE,TRUE,TRUE,FALSE
K187,Keava,K663,Tallinn,NA,NA,NA,K554,12,25,8,8,46,48.1,44,54,6,21,15,129,2,6,8,0,3,3,0.32,FALSE,TRUE,TRUE,TRUE,TRUE,FALSE
K188,Keeni,K674,Tartu linn,NA,NA,NA,K689,11,21,4,4,56,56.8,56,59,6,17,11,223,2,2,4,0,2,2,0.19047619047619047,FALSE,TRUE,TRUE,TRUE,TRUE,FALSE
K189,Kehra,K663,Tallinn,NA,NA,NA,K190,25,45,15,15,47,46.8,46,50,5,21,16,67.8,2,13,14,0.24944382578492935,3,3,0.3333333333333333,FALSE,TRUE,TRUE,TRUE,TRUE,FALSE
K190,Kehra linn,K663,Tallinn,NA,NA,NA,K189,25,56,23,23,42,38.9,32,43,5,23,18,49.5,4,19,17,0.44816365495844135,5,4,0.4107142857142857,FALSE,TRUE,TRUE,TRUE,TRUE,FALSE
K191,Kehtna,K663,Tallinn,NA,NA,NA,K553,20,32,0,NA,NA,NA,NA,NA,NA,NA,NA,NA,NA,NA,NA,NA,0,0,0,FALSE,FALSE,FALSE,FALSE,FALSE,FALSE
K193,Keila-Joa,K663,Tallinn,NA,NA,NA,K325,34,61,27,27,49,47.1,35,52,6,23,17,40.2,7,20,15,0.6012919658690733,7,4,0.4426229508196721,FALSE,TRUE,TRUE,TRUE,TRUE,FALSE
K192,Keila linn,K663,Tallinn,NA,NA,NA,K663,100,196,100,100,27,30.9,19,58,5,23,18,10.9,20,80,19,0.4603863112165211,32,4,0.5102040816326531,TRUE,TRUE,TRUE,TRUE,TRUE,FALSE
K194,Kelvingi,K663,Tallinn,NA,NA,NA,NA,NA,NA,0,NA,NA,NA,NA,NA,NA,NA,NA,NA,NA,NA,NA,NA,0,0,NA,NA,FALSE,FALSE,FALSE,FALSE,FALSE
K663,Tallinn,K663,Tallinn,NA,NA,NA,K078,374,1617,0,NA,NA,NA,NA,NA,NA,NA,NA,NA,NA,NA,NA,NA,0,0,0,FALSE,FALSE,FALSE,FALSE,FALSE,TRUE
K196,Kestla,K213,Kiviõli linn,NA,NA,NA,NA,NA,NA,0,NA,NA,NA,NA,NA,NA,NA,NA,NA,NA,NA,NA,NA,0,0,NA,NA,FALSE,FALSE,FALSE,FALSE,FALSE
K197,Kihelkonna,K270,Kuressaare linn,NA,NA,NA,K270,9,15,9,9,43,46.7,35,70,6,19,13,99.6,2,7,8,0.3142696805273545,4,3,0.6,TRUE,TRUE,TRUE,TRUE,TRUE,FALSE
K198,Kihlepa-Soomra,K531,Pärnu linn,NA,NA,NA,K042,10,12,7,7,22,22,21,23,6,19,13,133.5,1,6,7,0,2,2,0.5833333333333334,FALSE,TRUE,TRUE,TRUE,TRUE,FALSE
K199,Kihlevere-Ama,K663,Tallinn,NA,NA,NA,K004,4,8,0,NA,NA,NA,NA,NA,NA,NA,NA,NA,NA,NA,NA,NA,0,0,0,FALSE,FALSE,FALSE,FALSE,FALSE,FALSE
K201,Kiideva,K061,Haapsalu linn,NA,NA,NA,K061,3,3,3,3,48,49,47,52,6,19,13,370,1,2,3,0,1,1,1,TRUE,TRUE,TRUE,TRUE,TRUE,FALSE
K202,Kiikla,K225,Kohtla-Järve linn,NA,NA,NA,K225,13,13,13,13,23,27.5,18,35,6,19,13,65.6,2,11,10,0.3715737627228061,4,2,1,TRUE,TRUE,TRUE,TRUE,TRUE,FALSE
K204,Kiili,K663,Tallinn,NA,NA,NA,K203,73,73,45,45,33,33.2,28,45,0,23,23,25.1,8,37,19,0.5666545629305267,15,4,0.6164383561643836,FALSE,TRUE,TRUE,TRUE,TRUE,FALSE
K203,Kiili alev,K663,Tallinn,NA,NA,NA,K204,74,103,58,58,28,28,12,42,0,23,23,19.4,12,46,19,0.582674731543903,15,4,0.5631067961165048,FALSE,TRUE,TRUE,TRUE,TRUE,FALSE
K205,Kiisa-Kurtna,K663,Tallinn,NA,NA,NA,K663,49,98,49,49,40,35.5,14,67,5,22,17,20.6,12,37,18,0.5607386306837644,17,4,0.5,TRUE,TRUE,TRUE,TRUE,TRUE,FALSE
K206,Kiiu,K663,Tallinn,NA,NA,NA,K663,27,53,27,27,46,48.2,25,73,6,22,16,37.7,6,21,16,0.6389291452695652,8,4,0.5094339622641509,TRUE,TRUE,TRUE,TRUE,TRUE,FALSE
K207,Kikepera,K531,Pärnu linn,NA,NA,NA,K531,2,2,2,2,38,38,36,40,8,16,8,491,0,2,2,0,1,1,1,TRUE,TRUE,FALSE,TRUE,FALSE,FALSE
K208,Kilingi-Nõmme linn,K531,Pärnu linn,NA,NA,NA,K531,17,38,17,17,40,44.9,30,94,6,19,13,48.1,4,13,12,0.36347904744313214,6,4,0.4473684210526316,TRUE,TRUE,TRUE,TRUE,TRUE,FALSE
K209,Kiltsi-Vao,K663,Tallinn,NA,NA,NA,K544,7,18,4,4,95.5,97,89,108,7,22,15,304.3,1,3,4,0,1,2,0.2222222222222222,FALSE,TRUE,TRUE,TRUE,TRUE,FALSE
K210,Kirbla,K663,Tallinn,NA,NA,NA,K340,12,21,2,2,69,69,69,69,15,20,5,280,0,2,2,0,0,0,0.09523809523809523,FALSE,TRUE,FALSE,FALSE,FALSE,FALSE
K211,Kirna,K458,Paide linn,NA,NA,NA,K708,29,57,27,27,9,10.7,8,41,0,22,22,43.8,5,22,19,0.42713194795077025,8,4,0.47368421052631576,FALSE,TRUE,TRUE,TRUE,TRUE,FALSE
K212,Kivi-Vigala,K663,Tallinn,NA,NA,NA,K416,7,12,1,1,110,110,110,110,12,12,0,NA,0,1,1,NA,0,0,0.08333333333333333,FALSE,TRUE,FALSE,FALSE,FALSE,FALSE
K213,Kiviõli linn,K213,Kiviõli linn,NA,NA,NA,K371,23,44,0,NA,NA,NA,NA,NA,NA,NA,NA,NA,NA,NA,NA,NA,0,0,0,FALSE,FALSE,FALSE,FALSE,FALSE,TRUE
K214,Klooga,K663,Tallinn,NA,NA,NA,K663,32,62,32,32,35,44.8,29,90,5,22,17,31.5,7,25,18,0.45475429694312447,10,4,0.5161290322580645,TRUE,TRUE,TRUE,TRUE,TRUE,FALSE
K215,Kloogaranna,K663,Tallinn,NA,NA,NA,K663,41,86,41,41,52,52.7,34,65,6,23,17,25.8,7,34,18,0.44684568269425207,11,4,0.47674418604651164,TRUE,TRUE,TRUE,TRUE,TRUE,FALSE
K218,Kodasema,K458,Paide linn,NA,NA,NA,NA,NA,NA,0,NA,NA,NA,NA,NA,NA,NA,NA,NA,NA,NA,NA,NA,0,0,NA,NA,FALSE,FALSE,FALSE,FALSE,FALSE
K219,Kodasoo,K663,Tallinn,NA,NA,NA,K113,25,45,22,22,42,40,22,46,6,22,16,45.1,5,17,14,0.48104569292083477,6,4,0.4888888888888889,FALSE,TRUE,TRUE,TRUE,TRUE,FALSE
K220,Kodila,K663,Tallinn,NA,NA,NA,K020,8,12,0,NA,NA,NA,NA,NA,NA,NA,NA,NA,NA,NA,NA,NA,0,0,0,FALSE,FALSE,FALSE,FALSE,FALSE,FALSE
K221,Koeru,K663,Tallinn,NA,NA,NA,K414,6,16,0,NA,NA,NA,NA,NA,NA,NA,NA,NA,NA,NA,NA,NA,0,0,0,FALSE,FALSE,FALSE,FALSE,FALSE,FALSE
K223,Kohila,K663,Tallinn,NA,NA,NA,K222,48,59,28,28,28,37.6,20,72,6,22,16,35.3,7,21,14,0.4385290096535146,10,4,0.4745762711864407,FALSE,TRUE,TRUE,TRUE,TRUE,FALSE
K222,Kohila alev,K663,Tallinn,NA,NA,NA,K223,48,61,22,22,35,43.8,26,69,6,21,15,45.4,5,17,11,0.31622776601683794,8,4,0.36065573770491804,FALSE,TRUE,TRUE,TRUE,TRUE,FALSE
K226,Kohtla-Nõmme alev,K225,Kohtla-Järve linn,NA,NA,NA,K225,19,22,19,19,18,17.2,15,18,6,22,16,52.7,3,16,14,0.46665956383542695,6,4,0.8636363636363636,TRUE,TRUE,TRUE,TRUE,TRUE,FALSE
K224,Kohtla,K225,Kohtla-Järve linn,NA,NA,NA,K225,52,68,52,52,12,12.5,4,43,6,22,16,18.9,9,43,17,0.45462571574881055,15,4,0.7647058823529411,TRUE,TRUE,TRUE,TRUE,TRUE,FALSE
K227,Koigi,K458,Paide linn,NA,NA,NA,K605,13,26,12,12,21,28.8,19,69,6,18,12,66.5,3,9,10,0.3513641844631533,3,2,0.46153846153846156,FALSE,TRUE,TRUE,TRUE,TRUE,FALSE
K228,Koikküla,K740,Valga linn,NA,NA,NA,K740,4,8,4,4,19,20.5,17,27,6,17,11,202.3,2,2,4,0,1,1,0.5,TRUE,TRUE,TRUE,TRUE,TRUE,FALSE
K229,Kokora,K674,Tartu linn,NA,NA,NA,K017,7,10,6,6,82.5,81.8,56,100,7,18,11,136.2,2,4,4,0.6666666666666666,3,3,0.6,FALSE,TRUE,TRUE,TRUE,TRUE,FALSE
K230,Koksvere,K663,Tallinn,NA,NA,NA,K443,13,29,6,6,105,104.7,99,108,7,16,9,111,1,5,6,0,3,3,0.20689655172413793,FALSE,TRUE,TRUE,TRUE,TRUE,FALSE
K232,Kolga-Jaani,K789,Viljandi linn,NA,NA,NA,K789,7,11,7,7,41,43.4,28,77,7,20,13,129.3,2,5,5,0.3912303982179758,2,2,0.6363636363636364,TRUE,TRUE,TRUE,TRUE,TRUE,FALSE
K231,Kolga,K663,Tallinn,NA,NA,NA,K233,21,42,20,20,73,70.6,50,84,5,21,16,51.2,4,16,15,0.5428101483418094,6,4,0.47619047619047616,FALSE,TRUE,TRUE,TRUE,TRUE,FALSE
K233,Kolgaküla,K663,Tallinn,NA,NA,NA,K663,26,53,26,26,75.5,74.8,57,92,5,21,16,39,6,20,15,0.5545096758018778,9,4,0.49056603773584906,TRUE,TRUE,TRUE,TRUE,TRUE,FALSE
K234,Koljala-Vainu,K213,Kiviõli linn,NA,NA,NA,NA,NA,NA,0,NA,NA,NA,NA,NA,NA,NA,NA,NA,NA,NA,NA,NA,0,0,NA,NA,FALSE,FALSE,FALSE,FALSE,FALSE
K235,Kolu,K709,Türi linn,NA,NA,NA,K709,4,5,4,4,19,19,12,26,6,14,8,151.7,1,3,4,0,1,1,0.8,TRUE,TRUE,TRUE,TRUE,TRUE,FALSE
K236,Koluvere,K663,Tallinn,NA,NA,NA,K262,8,18,2,2,51,51,51,51,15,20,5,280,0,2,2,0,0,0,0.1111111111111111,FALSE,TRUE,FALSE,FALSE,FALSE,FALSE
K237,Konguta,K674,Tartu linn,NA,NA,NA,K025,10,17,8,8,66,76.9,55,122,6,21,15,129,3,5,5,0.5590169943749473,2,1,0.47058823529411764,FALSE,TRUE,TRUE,TRUE,TRUE,FALSE
K238,Konuvere,K663,Tallinn,NA,NA,NA,K417,8,12,2,2,65.5,65.5,65,66,8,21,13,798,0,2,2,0,1,1,0.16666666666666666,FALSE,TRUE,FALSE,TRUE,FALSE,FALSE
K239,Koogi,K674,Tartu linn,NA,NA,NA,K313,3,7,1,1,52,52,52,52,8,8,0,NA,0,1,1,NA,1,1,0.14285714285714285,FALSE,TRUE,FALSE,TRUE,FALSE,FALSE
K240,Koogu,K545,Rakvere linn,NA,NA,NA,K545,3,6,3,3,32,31.7,31,32,7,17,10,315,1,2,3,0,2,2,0.5,TRUE,TRUE,TRUE,TRUE,TRUE,FALSE
K241,Koonga,K531,Pärnu linn,NA,NA,NA,K102,7,13,6,6,47,53,46,81,5,16,11,125,1,5,5,0.37267799624996495,2,2,0.46153846153846156,FALSE,TRUE,TRUE,TRUE,TRUE,FALSE
K242,Kooraste,K674,Tartu linn,NA,NA,NA,K163,2,2,0,NA,NA,NA,NA,NA,NA,NA,NA,NA,NA,NA,NA,NA,0,0,0,FALSE,FALSE,FALSE,FALSE,FALSE,FALSE
K243,Koosa,K674,Tartu linn,NA,NA,NA,K674,19,35,19,19,45,46.9,38,60,6,19,13,42.5,6,13,10,0.4608394925110069,8,4,0.5428571428571428,TRUE,TRUE,TRUE,TRUE,TRUE,FALSE
K244,Kootsi,K789,Viljandi linn,NA,NA,NA,K135,2,4,1,1,45,45,45,45,9,9,0,NA,0,1,1,NA,1,1,0.25,FALSE,TRUE,FALSE,TRUE,FALSE,FALSE
K248,Kose-Uuemõisa,K663,Tallinn,NA,NA,NA,K245,39,55,34,34,50,44.4,25,71,4,22,18,33.7,6,28,19,0.5128116404165497,7,4,0.6181818181818182,FALSE,TRUE,TRUE,TRUE,TRUE,FALSE
K245,Kose,K663,Tallinn,NA,NA,NA,K248,39,73,25,25,62,60.2,39,81,5,22,17,42.5,6,19,16,0.5709407441524325,11,4,0.3424657534246575,FALSE,TRUE,TRUE,TRUE,TRUE,FALSE
K246,Kose,K118,Jõhvi linn,NA,NA,NA,K118,89,96,89,89,6,6.8,4,15,5,23,18,12.1,16,73,19,0.4447003709831906,6,3,0.9270833333333334,TRUE,TRUE,TRUE,TRUE,TRUE,FALSE
K247,Kose,K813,Võru linn,NA,NA,NA,K813,47,53,47,47,9,21.4,6,118,5,23,18,23,7,40,19,0.5930367364643084,12,4,0.8867924528301887,TRUE,TRUE,TRUE,TRUE,TRUE,FALSE
K249,Kostivere,K663,Tallinn,NA,NA,NA,K663,19,24,19,19,43,43.6,40,49,6,21,15,52.5,4,15,14,0.46665956383542695,8,4,0.7916666666666666,TRUE,TRUE,TRUE,TRUE,TRUE,FALSE
K250,Kotinuka,K118,Jõhvi linn,NA,NA,NA,K118,2,2,2,2,11,11,11,11,7,17,10,605,1,1,2,0,1,1,1,TRUE,TRUE,TRUE,TRUE,TRUE,FALSE
K251,Krabi,K813,Võru linn,NA,NA,NA,K813,5,5,5,5,45,72.2,38,123,6,18,12,170.8,2,3,4,0.4,2,2,1,TRUE,TRUE,TRUE,TRUE,TRUE,FALSE
K252,Krootuse,K674,Tartu linn,NA,NA,NA,K094,7,9,0,NA,NA,NA,NA,NA,NA,NA,NA,NA,NA,NA,NA,NA,1,1,0,FALSE,FALSE,FALSE,TRUE,FALSE,FALSE
K253,Kudina,K674,Tartu linn,NA,NA,NA,K115,2,3,0,NA,NA,NA,NA,NA,NA,NA,NA,NA,NA,NA,NA,NA,0,0,0,FALSE,FALSE,FALSE,FALSE,FALSE,FALSE
K254,Kudjape,K270,Kuressaare linn,NA,NA,NA,K270,38,38,38,38,6,15.6,1,42,6,22,16,24.5,8,30,15,0.49182071303603137,13,4,1,TRUE,TRUE,TRUE,TRUE,TRUE,FALSE
K255,Kudruküla,K422,Narva linn,NA,NA,NA,K422,37,54,37,37,14,16.3,6,33,6,22,16,27.2,5,32,17,0.40563056810280096,10,4,0.6851851851851852,TRUE,TRUE,TRUE,TRUE,TRUE,FALSE
K256,Kuigatsi,K740,Valga linn,NA,NA,NA,K740,12,24,12,12,37,37.5,25,51,6,21,15,80.5,2,10,9,0.375,4,3,0.5,TRUE,TRUE,TRUE,TRUE,TRUE,FALSE
K257,Kuijõe,K663,Tallinn,NA,NA,NA,K491,4,5,0,NA,NA,NA,NA,NA,NA,NA,NA,NA,NA,NA,NA,NA,0,0,0,FALSE,FALSE,FALSE,FALSE,FALSE,FALSE
K258,Kuima-Tännassilma,K523,Põlva linn,NA,NA,NA,K523,13,19,13,13,3,4.2,2,9,7,19,12,61.6,5,8,8,0.4578608056263661,3,2,0.6842105263157895,TRUE,TRUE,TRUE,TRUE,TRUE,FALSE
K259,Kuimetsa,K663,Tallinn,NA,NA,NA,K151,12,18,0,NA,NA,NA,NA,NA,NA,NA,NA,NA,NA,NA,NA,NA,0,0,0,FALSE,FALSE,FALSE,FALSE,FALSE,FALSE
K260,Kukruse,K118,Jõhvi linn,NA,NA,NA,K225,149,163,90,90,8,9.6,5,29,5,22,17,11.4,16,74,18,0.4115966043420213,25,4,0.5521472392638037,FALSE,TRUE,TRUE,TRUE,TRUE,FALSE
K261,Kuldre,K674,Tartu linn,NA,NA,NA,K028,9,17,2,2,89,89,89,89,6,14,8,515,1,1,2,0,1,1,0.11764705882352941,FALSE,TRUE,TRUE,TRUE,TRUE,FALSE
K262,Kullamaa,K663,Tallinn,NA,NA,NA,K236,8,18,3,3,54,57,54,63,10,20,10,292,0,3,3,0,1,1,0.16666666666666666,FALSE,TRUE,FALSE,TRUE,FALSE,FALSE
K263,Kullimaa,K709,Türi linn,NA,NA,NA,NA,NA,NA,0,NA,NA,NA,NA,NA,NA,NA,NA,NA,NA,NA,NA,NA,0,0,NA,NA,FALSE,FALSE,FALSE,FALSE,FALSE
K265,Kunda,K545,Rakvere linn,NA,NA,NA,K264,17,21,14,14,28,27.6,25,30,6,21,15,67.3,3,11,13,0.25753937681885647,4,4,0.6666666666666666,FALSE,TRUE,TRUE,TRUE,TRUE,FALSE
K264,Kunda linn,K663,Tallinn,NA,NA,NA,K265,16,31,1,1,126,126,126,126,7,7,0,NA,0,1,1,NA,0,0,0.03225806451612903,FALSE,TRUE,FALSE,FALSE,FALSE,FALSE
K266,Kungla,K674,Tartu linn,NA,NA,NA,K684,13,27,2,2,83,83,78,88,6,15,9,520,1,1,2,0,1,1,0.07407407407407407,FALSE,TRUE,TRUE,TRUE,TRUE,FALSE
K267,Kuremaa,K115,Jõgeva linn,NA,NA,NA,K115,15,23,15,15,17,17.8,12,42,7,19,12,50.6,3,12,10,0.35136418446315326,6,4,0.6521739130434783,TRUE,TRUE,TRUE,TRUE,TRUE,FALSE
K270,Kuressaare linn,K270,Kuressaare linn,NA,NA,NA,K316,46,108,0,NA,NA,NA,NA,NA,NA,NA,NA,NA,NA,NA,NA,NA,0,0,0,FALSE,FALSE,FALSE,FALSE,FALSE,TRUE
K271,Kurtna,K118,Jõhvi linn,NA,NA,NA,K118,7,14,7,7,20,20.1,18,22,6,19,13,129.7,2,5,7,0,2,2,0.5,TRUE,TRUE,TRUE,TRUE,TRUE,FALSE
K272,Kuusalu,K663,Tallinn,NA,NA,NA,K663,32,60,32,32,50,50.3,25,78,5,22,17,31.6,6,26,17,0.5597807536772768,10,4,0.5333333333333333,TRUE,TRUE,TRUE,TRUE,TRUE,FALSE
K273,Kuusiku,K554,Rapla,NA,NA,NA,K554,15,26,15,15,9,12.6,9,35,7,19,12,50.9,4,11,11,0.36998498468030955,7,4,0.5769230769230769,TRUE,TRUE,TRUE,TRUE,TRUE,FALSE
K274,Kuusna,K663,Tallinn,NA,NA,NA,NA,NA,NA,0,NA,NA,NA,NA,NA,NA,NA,NA,NA,NA,NA,NA,NA,0,0,NA,NA,FALSE,FALSE,FALSE,FALSE,FALSE
K275,Kuutsi,K813,Võru linn,NA,NA,NA,K606,4,4,2,2,89.5,89.5,68,111,10,12,2,120,0,2,2,0,1,1,0.5,FALSE,TRUE,FALSE,TRUE,FALSE,FALSE
K276,Kõima,K531,Pärnu linn,NA,NA,NA,K241,5,8,3,3,59,62.7,53,76,8,11,3,91.5,0,3,2,0.47140452079103173,1,1,0.375,FALSE,TRUE,FALSE,TRUE,FALSE,FALSE
K278,Kõljala,K270,Kuressaare linn,NA,NA,NA,K270,17,26,17,17,22,25.2,16,75,5,19,14,50.8,5,12,10,0.4842780013815086,7,3,0.6538461538461539,TRUE,TRUE,TRUE,TRUE,TRUE,FALSE
K279,Kõmsi,K663,Tallinn,NA,NA,NA,K340,13,27,3,3,92,94.7,92,100,10,19,9,291.5,0,3,3,0,0,0,0.1111111111111111,FALSE,TRUE,FALSE,FALSE,FALSE,FALSE
K280,Kõnnu,K663,Tallinn,NA,NA,NA,K663,16,24,16,16,60,53.8,37,64,6,22,16,60.3,1,15,11,0.6422616289332566,3,3,0.6666666666666666,TRUE,TRUE,TRUE,TRUE,TRUE,FALSE
K281,Kõo,K521,Põltsamaa linn,NA,NA,NA,K230,10,16,6,6,24,23,16,27,6,17,11,128.8,2,4,5,0.37267799624996495,3,3,0.375,FALSE,TRUE,TRUE,TRUE,TRUE,FALSE
K283,Kõpu,K789,Viljandi linn,NA,NA,NA,K789,9,13,9,9,25,27.8,24,42,6,19,13,100,2,7,6,0.3651483716701107,3,3,0.6923076923076923,TRUE,TRUE,TRUE,TRUE,TRUE,FALSE
K284,Kõrgessaare,K292,Kärdla linn,NA,NA,NA,K323,10,11,6,6,15,15,14,16,7,20,13,157.2,2,4,6,0,2,2,0.5454545454545454,FALSE,TRUE,TRUE,TRUE,TRUE,FALSE
K286,Kõrveküla,K674,Tartu linn,NA,NA,NA,K674,71,98,71,71,20,19.7,8,60,6,22,16,14.4,14,57,17,0.4577193924813773,22,4,0.7244897959183674,TRUE,TRUE,TRUE,TRUE,TRUE,FALSE
K287,Kõrvemetsa,K663,Tallinn,NA,NA,NA,NA,NA,NA,0,NA,NA,NA,NA,NA,NA,NA,NA,NA,NA,NA,NA,NA,0,0,NA,NA,FALSE,FALSE,FALSE,FALSE,FALSE
K288,Kõue,K663,Tallinn,NA,NA,NA,NA,NA,NA,0,NA,NA,NA,NA,NA,NA,NA,NA,NA,NA,NA,NA,NA,0,0,NA,NA,FALSE,FALSE,FALSE,FALSE,FALSE
K289,Kädva,K663,Tallinn,NA,NA,NA,K191,3,5,0,NA,NA,NA,NA,NA,NA,NA,NA,NA,NA,NA,NA,NA,0,0,0,FALSE,FALSE,FALSE,FALSE,FALSE,FALSE
K291,Käravete,K663,Tallinn,NA,NA,NA,K030,8,14,0,NA,NA,NA,NA,NA,NA,NA,NA,NA,NA,NA,NA,NA,0,0,0,FALSE,FALSE,FALSE,FALSE,FALSE,FALSE
K292,Kärdla linn,K292,Kärdla linn,NA,NA,NA,K692,17,23,0,NA,NA,NA,NA,NA,NA,NA,NA,NA,NA,NA,NA,NA,0,0,0,FALSE,FALSE,FALSE,FALSE,FALSE,TRUE
K293,Kärevere,K674,Tartu linn,NA,NA,NA,K674,9,17,9,9,28,31.8,23,58,6,18,12,88.6,3,6,7,0.3795166950355407,4,4,0.5294117647058824,TRUE,TRUE,TRUE,TRUE,TRUE,FALSE
K294,Kärkna,K674,Tartu linn,NA,NA,NA,K674,14,15,14,14,20,34.1,10,133,6,23,17,77.2,4,10,12,0.33364240464065276,3,3,0.9333333333333333,TRUE,TRUE,TRUE,TRUE,TRUE,FALSE
K295,Kärla,K270,Kuressaare linn,NA,NA,NA,K453,14,15,10,10,13,13.1,10,17,7,20,13,88.7,4,6,8,0.3703280399090206,4,3,0.6666666666666666,FALSE,TRUE,TRUE,TRUE,TRUE,FALSE
K296,Kärstna,K789,Viljandi linn,NA,NA,NA,K789,2,5,2,2,40,40,39,41,6,15,9,542,1,1,2,0,0,0,0.4,TRUE,TRUE,TRUE,FALSE,FALSE,FALSE
K297,Käru,K663,Tallinn,NA,NA,NA,K599,3,3,0,NA,NA,NA,NA,NA,NA,NA,NA,NA,NA,NA,NA,NA,0,0,0,FALSE,FALSE,FALSE,FALSE,FALSE,FALSE
K298,Käru,K663,Tallinn,NA,NA,NA,K335,11,20,8,8,62.5,64.6,60,72,6,21,15,128.6,2,6,8,0,3,3,0.4,FALSE,TRUE,TRUE,TRUE,TRUE,FALSE
K299,Käsmu,K663,Tallinn,NA,NA,NA,K815,8,8,3,3,88,85,71,96,6,19,13,394,1,2,3,0,0,0,0.375,FALSE,TRUE,TRUE,FALSE,FALSE,FALSE
K300,Käsukonna,K458,Paide linn,NA,NA,NA,K458,7,11,7,7,22,24.6,22,31,7,17,10,103.3,2,5,6,0.34992710611188255,2,2,0.6363636363636364,TRUE,TRUE,TRUE,TRUE,TRUE,FALSE
K301,Kääpa,K674,Tartu linn,NA,NA,NA,K403,7,18,6,6,59,70.5,42,112,6,16,10,110.4,2,4,6,0,3,2,0.3333333333333333,FALSE,TRUE,TRUE,TRUE,TRUE,FALSE
K302,Kääpa,K813,Võru linn,NA,NA,NA,K813,17,28,17,17,10,20.5,8,87,6,18,12,42.9,5,12,11,0.44488636238091855,6,3,0.6071428571428571,TRUE,TRUE,TRUE,TRUE,TRUE,FALSE
K303,Külitse,K674,Tartu linn,NA,NA,NA,K674,56,86,56,56,23,32.4,12,148,5,21,16,18,13,43,17,0.6852642217213946,15,4,0.6511627906976745,TRUE,TRUE,TRUE,TRUE,TRUE,FALSE
K304,Kündja,K813,Võru linn,NA,NA,NA,K060,4,4,3,3,39,41,38,46,8,17,9,267.5,0,3,3,0,1,1,0.75,FALSE,TRUE,FALSE,TRUE,FALSE,FALSE
K305,Küti,K545,Rakvere linn,NA,NA,NA,K545,13,21,13,13,27,37,24,90,6,21,15,74.8,2,11,10,0.3715737627228061,3,3,0.6190476190476191,TRUE,TRUE,TRUE,TRUE,TRUE,FALSE
K306,Kütimäe,K521,Põltsamaa linn,NA,NA,NA,K521,6,9,6,6,24,25.3,20,32,6,18,12,137,2,4,6,0,2,2,0.6666666666666666,TRUE,TRUE,TRUE,TRUE,TRUE,FALSE
K307,Laagna,K422,Narva linn,NA,NA,NA,K422,25,49,25,25,19,19.2,12,29,6,21,15,39,4,21,15,0.3703280399090206,6,4,0.5102040816326531,TRUE,TRUE,TRUE,TRUE,TRUE,FALSE
K308,Laagri,K663,Tallinn,NA,NA,NA,K663,295,383,295,295,16,21.1,1,59,0,23,23,3.9,40,255,20,0.30941519743746865,77,4,0.7702349869451697,TRUE,TRUE,TRUE,TRUE,TRUE,FALSE
K310,Laatre,K740,Valga linn,NA,NA,NA,K740,12,22,12,12,26,25.5,22,28,7,20,13,71.9,3,9,8,0.5039526306789696,5,4,0.5454545454545454,TRUE,TRUE,TRUE,TRUE,TRUE,FALSE
K311,Laekannu,K663,Tallinn,NA,NA,NA,K044,6,9,0,NA,NA,NA,NA,NA,NA,NA,NA,NA,NA,NA,NA,NA,0,0,0,FALSE,FALSE,FALSE,FALSE,FALSE,FALSE
K312,Laekvere,K663,Tallinn,NA,NA,NA,K545,9,13,0,NA,NA,NA,NA,NA,NA,NA,NA,NA,NA,NA,NA,NA,0,0,0,FALSE,FALSE,FALSE,FALSE,FALSE,FALSE
K313,Laeva,K674,Tartu linn,NA,NA,NA,K674,7,15,7,7,29,30.1,25,40,6,18,12,118.2,2,5,6,0.34992710611188255,4,4,0.4666666666666667,TRUE,TRUE,TRUE,TRUE,TRUE,FALSE
K314,Lagedi,K663,Tallinn,NA,NA,NA,K663,62,79,62,62,24,23.8,18,41,5,22,17,16.5,9,53,18,0.45874018105288306,19,4,0.7848101265822784,TRUE,TRUE,TRUE,TRUE,TRUE,FALSE
K315,Laheda,K523,Põlva linn,NA,NA,NA,K523,14,25,14,14,18.5,21.6,10,67,7,19,12,57.3,5,9,10,0.6900655593423544,5,3,0.56,TRUE,TRUE,TRUE,TRUE,TRUE,FALSE
K316,Laheküla,K270,Kuressaare linn,NA,NA,NA,K270,46,55,46,46,6,12.8,3,42,7,21,14,18.9,11,35,15,0.48471088236339555,16,4,0.8363636363636363,TRUE,TRUE,TRUE,TRUE,TRUE,FALSE
K317,Laiksaare,K531,Pärnu linn,NA,NA,NA,K386,6,9,5,5,59,66.2,46,101,6,18,12,171.2,3,2,4,0.4,2,1,0.5555555555555556,FALSE,TRUE,TRUE,TRUE,TRUE,FALSE
K319,Laitse-Ruila,K663,Tallinn,NA,NA,NA,K564,31,74,30,30,39,42.4,30,62,6,22,16,33.1,6,24,17,0.42638662684886774,10,4,0.40540540540540543,FALSE,TRUE,TRUE,TRUE,TRUE,FALSE
K320,Laiuse,K115,Jõgeva linn,NA,NA,NA,K115,13,22,13,13,10,20.7,7,95,6,19,13,64,3,10,11,0.3422860840197998,6,4,0.5909090909090909,TRUE,TRUE,TRUE,TRUE,TRUE,FALSE
K321,Lasila,K545,Rakvere linn,NA,NA,NA,K545,13,23,13,13,14,26.9,11,96,7,20,13,67.8,5,8,8,0.4578608056263661,5,3,0.5652173913043478,TRUE,TRUE,TRUE,TRUE,TRUE,FALSE
K322,Lasva,K813,Võru linn,NA,NA,NA,K813,16,26,16,16,19,23.9,16,79,6,18,12,45.1,4,12,9,0.37500000000000006,6,3,0.6153846153846154,TRUE,TRUE,TRUE,TRUE,TRUE,FALSE
K323,Lauka,K292,Kärdla linn,NA,NA,NA,K284,11,11,6,6,18,18,17,19,7,20,13,157.2,2,4,6,0,2,2,0.5454545454545454,FALSE,TRUE,TRUE,TRUE,TRUE,FALSE
K324,Laukna,K663,Tallinn,NA,NA,NA,K236,5,10,0,NA,NA,NA,NA,NA,NA,NA,NA,NA,NA,NA,NA,NA,0,0,0,FALSE,FALSE,FALSE,FALSE,FALSE,FALSE
K325,Laulasmaa,K663,Tallinn,NA,NA,NA,K193,36,48,21,21,56,54.5,49,59,6,23,17,51.4,5,16,16,0.4587274125254208,6,4,0.4375,FALSE,TRUE,TRUE,TRUE,TRUE,FALSE
K326,Laupa,K709,Türi linn,NA,NA,NA,K709,8,12,8,8,9.5,10,9,13,7,16,9,77.1,3,5,6,0.38729833462074165,3,1,0.6666666666666666,TRUE,TRUE,TRUE,TRUE,TRUE,FALSE
K327,Lavassaare alev,K531,Pärnu linn,NA,NA,NA,K531,10,10,10,10,30,30.5,29,32,6,19,13,87.2,2,8,9,0.30000000000000004,3,3,1,TRUE,TRUE,TRUE,TRUE,TRUE,FALSE
K329,Leevaku,K523,Põlva linn,NA,NA,NA,K583,19,38,13,13,36,38.8,28,64,6,22,16,76.2,4,9,11,0.3422860840197999,3,2,0.34210526315789475,FALSE,TRUE,TRUE,TRUE,TRUE,FALSE
K330,Leevi,K523,Põlva linn,NA,NA,NA,K777,7,12,3,3,40,40.7,37,45,7,14,7,221.5,1,2,3,0,2,2,0.25,FALSE,TRUE,TRUE,TRUE,TRUE,FALSE
K331,Lehola,K663,Tallinn,NA,NA,NA,K192,85,168,80,80,42.5,41.2,26,65,6,23,17,12.8,13,67,18,0.3294380241634319,25,4,0.47619047619047616,FALSE,TRUE,TRUE,TRUE,TRUE,FALSE
K332,Lehtse,K663,Tallinn,NA,NA,NA,K670,18,36,8,8,56,55.9,55,57,6,23,17,145.3,2,6,8,0,2,3,0.2222222222222222,FALSE,TRUE,TRUE,TRUE,TRUE,FALSE
K333,Leie,K789,Viljandi linn,NA,NA,NA,K789,19,32,19,19,31,33.2,23,54,6,22,16,53.1,4,15,13,0.45173309437135906,5,4,0.59375,TRUE,TRUE,TRUE,TRUE,TRUE,FALSE
K334,Leisi,K270,Kuressaare linn,NA,NA,NA,K270,8,10,8,8,50,53.8,40,79,6,19,13,112.9,2,6,6,0.38729833462074176,3,3,0.8,TRUE,TRUE,TRUE,TRUE,TRUE,FALSE
K335,Lelle,K663,Tallinn,NA,NA,NA,K554,17,34,8,8,55,57.1,53,63,6,21,15,129,2,6,8,0,3,3,0.23529411764705882,FALSE,TRUE,TRUE,TRUE,TRUE,FALSE
K336,Lepassaare,K813,Võru linn,NA,NA,NA,K813,11,19,11,11,34,44.2,25,108,6,18,12,68.2,3,8,8,0.54110822483116,4,3,0.5789473684210527,TRUE,TRUE,TRUE,TRUE,TRUE,FALSE
K337,Lepna,K545,Rakvere linn,NA,NA,NA,K321,10,11,3,3,99,68,6,99,12,20,8,232.5,0,3,3,0,6,3,0.2727272727272727,FALSE,TRUE,FALSE,TRUE,FALSE,FALSE
K338,Libatse,K531,Pärnu linn,NA,NA,NA,K533,13,20,12,12,35,43.3,29,104,6,22,16,87.1,3,9,8,0.6172133998483676,3,2,0.6,FALSE,TRUE,TRUE,TRUE,TRUE,FALSE
K340,Lihula,K663,Tallinn,NA,NA,NA,K339,27,35,3,3,77,79.7,77,85,10,20,10,291.5,0,3,3,0,0,0,0.08571428571428572,FALSE,TRUE,FALSE,FALSE,FALSE,FALSE
K339,Lihula linn,K663,Tallinn,NA,NA,NA,K340,28,40,0,NA,NA,NA,NA,NA,NA,NA,NA,NA,NA,NA,NA,NA,0,0,0,FALSE,FALSE,FALSE,FALSE,FALSE,FALSE
K342,Liivi,K663,Tallinn,NA,NA,NA,K061,3,6,0,NA,NA,NA,NA,NA,NA,NA,NA,NA,NA,NA,NA,NA,0,0,0,FALSE,FALSE,FALSE,FALSE,FALSE,FALSE
K343,Lilli,K789,Viljandi linn,NA,NA,NA,K173,3,3,2,2,80,80,78,82,7,14,7,425,1,1,2,0,1,1,0.6666666666666666,FALSE,TRUE,TRUE,TRUE,TRUE,FALSE
K344,Lindi,K531,Pärnu linn,NA,NA,NA,K531,12,24,12,12,24.5,24.9,20,31,6,21,15,83.1,1,11,11,0.27638539919628335,4,4,0.5,TRUE,TRUE,TRUE,TRUE,TRUE,FALSE
K346,Linnamäe,K061,Haapsalu linn,NA,NA,NA,K061,27,49,27,27,17,15.9,11,23,6,23,17,38.8,5,22,17,0.5006854012813249,8,4,0.5510204081632653,TRUE,TRUE,TRUE,TRUE,TRUE,FALSE
K347,Linnamäe,K813,Võru linn,NA,NA,NA,K813,6,8,6,6,31.5,63.5,25,138,6,18,12,133.2,2,4,6,0,3,3,0.75,TRUE,TRUE,TRUE,TRUE,TRUE,FALSE
K348,Linte,K674,Tartu linn,NA,NA,NA,K583,4,5,1,1,101,101,101,101,15,15,0,NA,0,1,1,NA,0,0,0.2,FALSE,TRUE,FALSE,FALSE,FALSE,FALSE
K349,Lipa,K663,Tallinn,NA,NA,NA,K553,6,7,0,NA,NA,NA,NA,NA,NA,NA,NA,NA,NA,NA,NA,NA,0,0,0,FALSE,FALSE,FALSE,FALSE,FALSE,FALSE
K350,Lodja,K531,Pärnu linn,NA,NA,NA,K531,12,23,12,12,35,35.7,26,44,6,20,14,76.5,3,9,11,0.27638539919628335,4,4,0.5217391304347826,TRUE,TRUE,TRUE,TRUE,TRUE,FALSE
K351,Lohkva,K674,Tartu linn,NA,NA,NA,K674,97,109,97,97,13,13.5,1,78,5,21,16,10.4,14,83,17,0.2684127084938161,27,4,0.8899082568807339,TRUE,TRUE,TRUE,TRUE,TRUE,FALSE
K352,Lohusuu,K663,Tallinn,NA,NA,NA,K403,11,16,0,NA,NA,NA,NA,NA,NA,NA,NA,NA,NA,NA,NA,NA,0,0,0,FALSE,FALSE,FALSE,FALSE,FALSE,FALSE
K353,Loksa linn,K663,Tallinn,NA,NA,NA,K233,27,37,26,26,83.5,81.8,65,114,5,21,16,39,7,19,15,0.5098356355895405,9,4,0.7027027027027027,FALSE,TRUE,TRUE,TRUE,TRUE,FALSE
K354,Loo,K663,Tallinn,NA,NA,NA,K374,103,210,78,78,25.5,24.9,10,39,5,22,17,13.6,13,65,18,0.4335398938281805,48,4,0.37142857142857144,FALSE,TRUE,TRUE,TRUE,TRUE,FALSE
K355,Loobu-Viitna,K663,Tallinn,NA,NA,NA,K004,9,19,5,5,51,50.8,48,53,8,17,9,133.8,0,5,5,0,3,3,0.2631578947368421,FALSE,TRUE,FALSE,TRUE,FALSE,FALSE
K356,Loona-Kuusnõmme,K270,Kuressaare linn,NA,NA,NA,K373,8,11,6,6,41.5,43.2,33,64,6,19,13,161.4,3,3,5,0.37267799624996506,2,1,0.5454545454545454,FALSE,TRUE,TRUE,TRUE,TRUE,FALSE
K357,Loosi,K813,Võru linn,NA,NA,NA,K813,6,9,6,6,27.5,35,26,71,6,16,10,122.2,1,5,5,0.37267799624996495,2,2,0.6666666666666666,TRUE,TRUE,TRUE,TRUE,TRUE,FALSE
K360,Luige,K663,Tallinn,NA,NA,NA,K663,49,97,49,49,18,17.9,15,21,0,23,23,23,10,39,18,0.5009240059528135,15,4,0.5051546391752577,TRUE,TRUE,TRUE,TRUE,TRUE,FALSE
K361,Luke,K674,Tartu linn,NA,NA,NA,K667,6,10,4,4,40,58,34,118,7,22,15,307,1,3,3,0.4330127018922193,2,2,0.4,FALSE,TRUE,TRUE,TRUE,TRUE,FALSE
K362,Lustivere,K521,Põltsamaa linn,NA,NA,NA,K522,24,42,23,23,11,12,8,27,7,22,15,41.5,5,18,12,0.519759088641194,9,4,0.5476190476190477,FALSE,TRUE,TRUE,TRUE,TRUE,FALSE
K363,Luua,K674,Tartu linn,NA,NA,NA,K115,6,10,2,2,46.5,46.5,45,48,8,11,3,185,0,2,2,0,1,1,0.2,FALSE,TRUE,FALSE,TRUE,FALSE,FALSE
K364,Luunja,K674,Tartu linn,NA,NA,NA,K351,36,55,34,34,25,27.9,17,70,6,20,14,25.6,8,26,14,0.5527774861203785,13,4,0.6181818181818182,FALSE,TRUE,TRUE,TRUE,TRUE,FALSE
K366,Lõpe,K531,Pärnu linn,NA,NA,NA,K531,11,24,11,11,33,39.5,31,105,5,18,13,73.7,3,8,10,0.28747978728803447,2,2,0.4583333333333333,TRUE,TRUE,TRUE,TRUE,TRUE,FALSE
K368,Lõõla,K663,Tallinn,NA,NA,NA,K458,5,7,0,NA,NA,NA,NA,NA,NA,NA,NA,NA,NA,NA,NA,NA,0,0,0,FALSE,FALSE,FALSE,FALSE,FALSE,FALSE
K369,Lähte,K674,Tartu linn,NA,NA,NA,K674,30,47,30,30,30,35,16,110,6,22,16,32.6,6,24,15,0.4629100498862757,11,4,0.6382978723404256,TRUE,TRUE,TRUE,TRUE,TRUE,FALSE
K370,Lähtru,K663,Tallinn,NA,NA,NA,K061,4,8,0,NA,NA,NA,NA,NA,NA,NA,NA,NA,NA,NA,NA,NA,0,0,0,FALSE,FALSE,FALSE,FALSE,FALSE,FALSE
K372,Lüllemäe,K740,Valga linn,NA,NA,NA,K132,5,6,4,4,29,29,29,29,6,16,10,195,1,3,4,0,2,2,0.6666666666666666,FALSE,TRUE,TRUE,TRUE,TRUE,FALSE
K373,Lümanda,K270,Kuressaare linn,NA,NA,NA,K270,8,12,8,8,45,50.1,35,70,5,20,15,121.4,3,5,7,0.33071891388307384,3,2,0.6666666666666666,TRUE,TRUE,TRUE,TRUE,TRUE,FALSE
K374,Maardu linn,K663,Tallinn,NA,NA,NA,K663,253,290,253,253,35,29.8,2,62,0,23,23,4.6,41,212,21,0.5086159496052478,72,4,0.8724137931034482,TRUE,TRUE,TRUE,TRUE,TRUE,FALSE
K375,Maaritsa,K674,Tartu linn,NA,NA,NA,K160,11,23,10,10,33.5,41,30,71,6,19,13,88.9,2,8,9,0.30000000000000004,5,3,0.43478260869565216,FALSE,TRUE,TRUE,TRUE,TRUE,FALSE
K376,Maarja,K674,Tartu linn,NA,NA,NA,K674,12,20,12,12,45,55.8,30,133,7,18,11,62.3,2,10,8,0.5039526306789696,4,3,0.6,TRUE,TRUE,TRUE,TRUE,TRUE,FALSE
K378,Madise,K663,Tallinn,NA,NA,NA,K214,6,9,1,1,83,83,83,83,7,7,0,NA,1,0,1,NA,1,2,0.1111111111111111,FALSE,TRUE,TRUE,TRUE,TRUE,FALSE
K380,Maidla-Savala,K213,Kiviõli linn,NA,NA,NA,K213,13,15,13,13,8,7.9,5,13,6,20,14,66.9,3,10,11,0.3422860840197998,4,4,0.8666666666666667,TRUE,TRUE,TRUE,TRUE,TRUE,FALSE
K379,Maidla,K663,Tallinn,NA,NA,NA,NA,NA,NA,0,NA,NA,NA,NA,NA,NA,NA,NA,NA,NA,NA,NA,NA,0,0,NA,NA,FALSE,FALSE,FALSE,FALSE,FALSE
K381,Malla,K545,Rakvere linn,NA,NA,NA,K036,4,8,0,NA,NA,NA,NA,NA,NA,NA,NA,NA,NA,NA,NA,NA,0,0,0,FALSE,FALSE,FALSE,FALSE,FALSE,FALSE
K382,Malvaste,K292,Kärdla linn,NA,NA,NA,K292,6,11,6,6,8,7.8,7,9,7,20,13,157,2,4,6,0,2,2,0.5454545454545454,TRUE,TRUE,TRUE,TRUE,TRUE,FALSE
K383,Mammaste,K523,Põlva linn,NA,NA,NA,K767,12,19,9,9,4,5.9,3,13,7,23,16,117.8,1,8,8,0.3142696805273545,3,3,0.47368421052631576,FALSE,TRUE,TRUE,TRUE,TRUE,FALSE
K385,Martna,K663,Tallinn,NA,NA,NA,K061,5,9,0,NA,NA,NA,NA,NA,NA,NA,NA,NA,NA,NA,NA,NA,0,0,0,FALSE,FALSE,FALSE,FALSE,FALSE,FALSE
K386,Massiaru,K531,Pärnu linn,NA,NA,NA,K531,6,9,6,6,55.5,63.2,48,103,6,18,12,137.4,3,3,5,0.37267799624996506,2,1,0.6666666666666666,TRUE,TRUE,TRUE,TRUE,TRUE,FALSE
K387,Matsalu,K663,Tallinn,NA,NA,NA,K339,2,2,0,NA,NA,NA,NA,NA,NA,NA,NA,NA,NA,NA,NA,NA,0,0,0,FALSE,FALSE,FALSE,FALSE,FALSE,FALSE
K389,Meeksi,K674,Tartu linn,NA,NA,NA,K674,4,10,4,4,88.5,100,74,149,6,16,10,196.7,1,3,4,0,2,2,0.4,TRUE,TRUE,TRUE,TRUE,TRUE,FALSE
K390,Meerapalu,K674,Tartu linn,NA,NA,NA,K674,2,2,2,2,112.5,112.5,100,125,7,17,10,610,0,2,2,0,1,1,1,TRUE,TRUE,FALSE,TRUE,FALSE,FALSE
K391,Meeri,K674,Tartu linn,NA,NA,NA,K674,33,60,33,33,37,45,25,136,5,21,16,31.2,5,28,17,0.4632995409521411,10,4,0.55,TRUE,TRUE,TRUE,TRUE,TRUE,FALSE
K392,Melliste,K674,Tartu linn,NA,NA,NA,K674,17,32,17,17,30,32.2,22,55,6,18,12,48.2,3,14,11,0.44488636238091855,6,3,0.53125,TRUE,TRUE,TRUE,TRUE,TRUE,FALSE
K394,Metsküla,K270,Kuressaare linn,NA,NA,NA,K270,4,6,4,4,60,59.5,43,75,7,19,12,243.3,1,3,4,0,2,2,0.6666666666666666,TRUE,TRUE,TRUE,TRUE,TRUE,FALSE
K395,Mihkli,K531,Pärnu linn,NA,NA,NA,K241,3,6,2,2,74,74,61,87,8,11,3,184,0,2,2,0,0,0,0.3333333333333333,FALSE,TRUE,FALSE,FALSE,FALSE,FALSE
K396,Miiaste,K523,Põlva linn,NA,NA,NA,K523,11,20,11,11,17,25.9,13,97,7,22,15,91.9,3,8,9,0.5454545454545455,2,2,0.55,TRUE,TRUE,TRUE,TRUE,TRUE,FALSE
K397,Mikitamäe,K674,Tartu linn,NA,NA,NA,K583,14,30,5,5,94,92.2,86,95,5,17,12,177.2,1,4,5,0,1,1,0.16666666666666666,FALSE,TRUE,TRUE,TRUE,TRUE,FALSE
K398,Misso,K813,Võru linn,NA,NA,NA,K813,9,10,9,9,57,59.7,51,72,6,18,12,89.9,3,6,8,0.3142696805273545,3,2,0.9,TRUE,TRUE,TRUE,TRUE,TRUE,FALSE
K399,Mooste,K674,Tartu linn,NA,NA,NA,K104,11,24,7,7,53,56.7,45,91,6,18,12,118.2,1,6,7,0,2,2,0.2916666666666667,FALSE,TRUE,TRUE,TRUE,TRUE,FALSE
K400,Mustjala,K270,Kuressaare linn,NA,NA,NA,K270,5,6,5,5,35,45.2,35,71,7,18,11,170,2,3,4,0.4,1,1,0.8333333333333334,TRUE,TRUE,TRUE,TRUE,TRUE,FALSE
K401,Mustla,K663,Tallinn,NA,NA,NA,K024,3,6,0,NA,NA,NA,NA,NA,NA,NA,NA,NA,NA,NA,NA,NA,0,0,0,FALSE,FALSE,FALSE,FALSE,FALSE,FALSE
K402,Mustla,K789,Viljandi linn,NA,NA,NA,K789,14,20,14,14,29,34.8,24,77,5,19,14,67.3,2,12,11,0.367006645104718,4,3,0.7,TRUE,TRUE,TRUE,TRUE,TRUE,FALSE
K403,Mustvee linn,K663,Tallinn,NA,NA,NA,K543,17,43,0,NA,NA,NA,NA,NA,NA,NA,NA,NA,NA,NA,NA,NA,0,0,0,FALSE,FALSE,FALSE,FALSE,FALSE,FALSE
K404,Muuga,K663,Tallinn,NA,NA,NA,K547,38,45,31,31,18,13.2,5,21,6,23,17,34.8,7,24,17,0.5563931713116239,7,4,0.6888888888888889,FALSE,TRUE,TRUE,TRUE,TRUE,FALSE
K405,Muuga,K663,Tallinn,NA,NA,NA,K545,8,12,0,NA,NA,NA,NA,NA,NA,NA,NA,NA,NA,NA,NA,NA,0,0,0,FALSE,FALSE,FALSE,FALSE,FALSE,FALSE
K407,Mõisaküla,K531,Pärnu linn,NA,NA,NA,K531,4,4,4,4,35,38,35,47,6,18,12,230.7,1,3,4,0,2,2,1,TRUE,TRUE,TRUE,TRUE,TRUE,FALSE
K409,Mõniste,K813,Võru linn,NA,NA,NA,K606,8,13,7,7,57,64.1,41,117,6,17,11,116.2,2,5,5,0.63887656499994006,3,2,0.5384615384615384,FALSE,TRUE,TRUE,TRUE,TRUE,FALSE
K410,Mäetaguse,K118,Jõhvi linn,NA,NA,NA,K225,25,37,20,20,27,25.8,15,49,6,19,13,39.5,3,17,13,0.42914643965279103,6,4,0.5405405405405406,FALSE,TRUE,TRUE,TRUE,TRUE,FALSE
K411,Mäksa,K674,Tartu linn,NA,NA,NA,K674,7,8,7,7,39,47,31,71,6,18,12,117,2,5,7,0,2,3,0.875,TRUE,TRUE,TRUE,TRUE,TRUE,FALSE
K413,Männiku,K663,Tallinn,NA,NA,NA,K663,45,90,45,45,21,17.2,8,24,5,22,17,23.2,10,35,18,0.43925069888457574,16,4,0.5,TRUE,TRUE,TRUE,TRUE,TRUE,FALSE
K414,Mäo,K458,Paide linn,NA,NA,NA,K458,41,72,41,41,6,8.4,5,89,6,22,16,24.5,12,29,15,0.7506264911224562,13,4,0.5694444444444444,TRUE,TRUE,TRUE,TRUE,TRUE,FALSE
K415,Märja,K674,Tartu linn,NA,NA,NA,K674,173,191,173,173,11,13.2,2,181,5,22,17,5.9,23,150,18,0.32146335074201726,49,4,0.9057591623036649,TRUE,TRUE,TRUE,TRUE,TRUE,FALSE
K417,Märjamaa,K663,Tallinn,NA,NA,NA,K416,31,41,7,7,57,61.1,53,74,6,22,16,161.7,2,5,6,0.34992710611188255,2,2,0.17073170731707318,FALSE,TRUE,TRUE,TRUE,TRUE,FALSE
K416,Märjamaa alev,K663,Tallinn,NA,NA,NA,K417,31,78,19,19,45,48.5,42,69,6,22,16,54.1,3,16,12,0.3252180950806972,6,4,0.24358974358974358,FALSE,TRUE,TRUE,TRUE,TRUE,FALSE
K418,Mündi,K458,Paide linn,NA,NA,NA,K458,4,4,4,4,20,31.8,4,83,7,16,9,177.3,1,3,4,0,1,1,1,TRUE,TRUE,TRUE,TRUE,TRUE,FALSE
K419,Müüsleri,K663,Tallinn,NA,NA,NA,K221,6,12,0,NA,NA,NA,NA,NA,NA,NA,NA,NA,NA,NA,NA,NA,0,0,0,FALSE,FALSE,FALSE,FALSE,FALSE,FALSE
K420,Nabala,K663,Tallinn,NA,NA,NA,K663,22,22,22,22,41,40.1,35,43,0,22,22,52.6,4,18,14,0.41122210987382257,7,4,1,TRUE,TRUE,TRUE,TRUE,TRUE,FALSE
K423,Narva-Jõesuu linn,K422,Narva linn,NA,NA,NA,K422,29,35,29,29,23,21.1,2,44,6,22,16,35,5,24,16,0.4602296554020119,6,4,0.8285714285714286,TRUE,TRUE,TRUE,TRUE,TRUE,FALSE
K422,Narva linn,K422,Narva linn,NA,NA,NA,K441,82,108,0,NA,NA,NA,NA,NA,NA,NA,NA,NA,NA,NA,NA,NA,0,0,0,FALSE,FALSE,FALSE,FALSE,FALSE,TRUE
K424,Nasva-Keskranna,K270,Kuressaare linn,NA,NA,NA,K600,11,15,10,10,19,18.7,15,22,6,21,15,96.8,2,8,9,0.30000000000000004,4,3,0.6666666666666666,FALSE,TRUE,TRUE,TRUE,TRUE,FALSE
K425,Navi,K813,Võru linn,NA,NA,NA,K813,75,90,75,75,10,14.3,6,158,5,23,18,15.2,11,64,19,0.4885655496412905,21,4,0.8333333333333334,TRUE,TRUE,TRUE,TRUE,TRUE,FALSE
K426,Neeme,K663,Tallinn,NA,NA,NA,K113,5,5,3,3,50,50,48,52,6,16,10,303,1,2,3,0,2,3,0.6,FALSE,TRUE,TRUE,TRUE,TRUE,FALSE
K427,Neeruti,K545,Rakvere linn,NA,NA,NA,K597,20,37,15,15,23,23.4,23,25,6,21,15,66.1,4,11,12,0.36181361349331637,4,4,0.40540540540540543,FALSE,TRUE,TRUE,TRUE,TRUE,FALSE
K428,Noodasküla,K813,Võru linn,NA,NA,NA,K813,2,3,2,2,63,63,19,107,7,17,10,563,0,2,2,0,0,0,0.6666666666666666,TRUE,TRUE,FALSE,FALSE,FALSE,FALSE
K429,Nursi,K813,Võru linn,NA,NA,NA,K813,7,12,7,7,18,39.3,17,148,6,18,12,115.7,1,6,6,0.34992710611188255,2,2,0.5833333333333334,TRUE,TRUE,TRUE,TRUE,TRUE,FALSE
K431,Nõgiaru,K674,Tartu linn,NA,NA,NA,K674,47,71,47,47,27,36.2,19,145,5,21,16,21.5,9,38,17,0.6461397718749027,10,4,0.6619718309859155,TRUE,TRUE,TRUE,TRUE,TRUE,FALSE
K432,Nõo,K674,Tartu linn,NA,NA,NA,K674,47,76,47,47,32,40.6,17,138,5,21,16,21.6,10,37,17,0.7404897257572279,12,4,0.618421052631579,TRUE,TRUE,TRUE,TRUE,TRUE,FALSE
K433,Nõuni,K674,Tartu linn,NA,NA,NA,K674,14,22,14,14,48.5,53,34,94,5,18,13,58.1,4,10,11,0.5080976926793926,4,3,0.6363636363636364,TRUE,TRUE,TRUE,TRUE,TRUE,FALSE
K434,Nõva,K674,Tartu linn,NA,NA,NA,K674,3,6,3,3,87,87.3,85,90,5,16,11,311,2,1,3,0,3,2,0.5,TRUE,TRUE,TRUE,TRUE,TRUE,FALSE
K435,Nõva,K663,Tallinn,NA,NA,NA,K663,3,5,3,3,107,106.7,104,109,8,19,11,330,0,3,3,0,1,1,0.6,TRUE,TRUE,FALSE,TRUE,FALSE,FALSE
K436,Nüri,K545,Rakvere linn,NA,NA,NA,NA,NA,NA,0,NA,NA,NA,NA,NA,NA,NA,NA,NA,NA,NA,NA,NA,0,0,NA,NA,FALSE,FALSE,FALSE,FALSE,FALSE
K437,Oandu,K213,Kiviõli linn,NA,NA,NA,K380,4,4,2,2,24,24,19,29,6,16,10,555,1,1,2,0,2,2,0.5,FALSE,TRUE,TRUE,TRUE,TRUE,FALSE
K439,Oidrema,K531,Pärnu linn,NA,NA,NA,K366,8,15,6,6,43,57.3,42,100,6,18,12,134,1,5,6,0,1,1,0.4,FALSE,TRUE,TRUE,TRUE,TRUE,FALSE
K441,Olgino,K422,Narva linn,NA,NA,NA,K422,83,120,83,83,10,13.1,7,31,6,22,16,12,13,70,17,0.4152477412362757,23,4,0.6916666666666667,TRUE,TRUE,TRUE,TRUE,TRUE,FALSE
K442,Ollepa,K663,Tallinn,NA,NA,NA,K709,8,12,4,4,88.5,88.8,87,91,6,18,12,241,1,3,4,0,2,2,0.3333333333333333,FALSE,TRUE,TRUE,TRUE,TRUE,FALSE
K443,Olustvere,K789,Viljandi linn,NA,NA,NA,K789,23,52,23,23,18,21.8,13,50,6,21,15,41.4,4,19,13,0.40978885552459976,6,4,0.4423076923076923,TRUE,TRUE,TRUE,TRUE,TRUE,FALSE
K444,Oonga,K061,Haapsalu linn,NA,NA,NA,K061,6,12,6,6,22.5,22.5,20,25,5,20,15,177,1,5,6,0,2,2,0.5,TRUE,TRUE,TRUE,TRUE,TRUE,FALSE
K445,Oonurme,K663,Tallinn,NA,NA,NA,K489,1,2,0,NA,NA,NA,NA,NA,NA,NA,NA,NA,NA,NA,NA,NA,0,0,0,FALSE,FALSE,FALSE,FALSE,FALSE,FALSE
K446,Orava,K813,Võru linn,NA,NA,NA,K147,8,16,5,5,50,79.6,40,203,6,17,11,164.5,1,4,5,0,2,2,0.3125,FALSE,TRUE,TRUE,TRUE,TRUE,FALSE
K448,Oru,K663,Tallinn,NA,NA,NA,K663,5,10,5,5,57,56.8,52,61,6,21,15,227.8,1,4,5,0,3,3,0.5,TRUE,TRUE,TRUE,TRUE,TRUE,FALSE
K450,Osula,K813,Võru linn,NA,NA,NA,K813,15,24,15,15,15,15.9,10,25,6,23,17,70.6,2,13,11,0.36998498468030955,3,2,0.625,TRUE,TRUE,TRUE,TRUE,TRUE,FALSE
K452,Otepää,K674,Tartu linn,NA,NA,NA,K451,32,34,14,14,57.5,60.9,45,80,5,18,13,58.1,2,12,13,0.2575393768188564,5,4,0.4117647058823529,FALSE,TRUE,TRUE,TRUE,TRUE,FALSE
K451,Otepää linn,K674,Tartu linn,NA,NA,NA,K452,32,48,13,13,59,60.8,44,79,5,18,13,62.9,2,11,12,0.2664693550105965,4,3,0.2708333333333333,FALSE,TRUE,TRUE,TRUE,TRUE,FALSE
K453,Paadla,K270,Kuressaare linn,NA,NA,NA,K295,14,15,10,10,17,17.1,14,20,6,20,14,88.8,4,6,9,0.30000000000000004,4,3,0.6666666666666666,FALSE,TRUE,TRUE,TRUE,TRUE,FALSE
K454,Paadrema,K531,Pärnu linn,NA,NA,NA,K531,2,3,2,2,48,48,47,49,7,17,10,620,1,1,2,0,0,0,0.6666666666666666,TRUE,TRUE,TRUE,FALSE,FALSE,FALSE
K455,Paatsalu,K663,Tallinn,NA,NA,NA,K042,3,6,0,NA,NA,NA,NA,NA,NA,NA,NA,NA,NA,NA,NA,NA,0,0,0,FALSE,FALSE,FALSE,FALSE,FALSE,FALSE
K456,Padise,K663,Tallinn,NA,NA,NA,K576,18,33,14,14,69.5,72.1,63,87,5,21,16,73.1,3,11,12,0.33364240464065276,5,4,0.42424242424242425,FALSE,TRUE,TRUE,TRUE,TRUE,FALSE
K457,Pagari,K118,Jõhvi linn,NA,NA,NA,K225,21,29,16,16,23,25.6,15,54,7,19,12,49.5,3,13,10,0.4370036867375632,5,4,0.5517241379310345,FALSE,TRUE,TRUE,TRUE,TRUE,FALSE
K458,Paide linn,K458,Paide linn,NA,NA,NA,K414,41,89,0,NA,NA,NA,NA,NA,NA,NA,NA,NA,NA,NA,NA,NA,0,0,0,FALSE,FALSE,FALSE,FALSE,FALSE,TRUE
K459,Paikuse,K531,Pärnu linn,NA,NA,NA,K531,98,177,98,98,18,15.8,6,24,0,22,22,11.7,14,84,19,0.4535940973651606,32,4,0.5536723163841808,TRUE,TRUE,TRUE,TRUE,TRUE,FALSE
K460,Paistu,K789,Viljandi linn,NA,NA,NA,K789,22,44,22,22,15,17.2,14,28,5,20,15,42.2,7,15,12,0.5617403460484771,7,4,0.5,TRUE,TRUE,TRUE,TRUE,TRUE,FALSE
K461,Paju,K740,Valga linn,NA,NA,NA,K740,35,59,35,35,9,10.1,4,16,6,21,15,25.3,7,28,15,0.4485155301191002,13,4,0.5932203389830508,TRUE,TRUE,TRUE,TRUE,TRUE,FALSE
K462,Pajusi,K521,Põltsamaa linn,NA,NA,NA,K521,13,14,13,13,9,9.8,7,19,7,19,12,63.2,3,10,9,0.5029498781008469,4,3,0.9285714285714286,TRUE,TRUE,TRUE,TRUE,TRUE,FALSE
K463,Pala,K674,Tartu linn,NA,NA,NA,K072,4,10,3,3,78,82.7,77,93,6,16,10,309.5,2,1,3,0,2,2,0.3,FALSE,TRUE,TRUE,TRUE,TRUE,FALSE
K464,Palade-Hellamaa,K292,Kärdla linn,NA,NA,NA,K292,12,14,12,12,5,15.6,4,80,7,20,13,71.5,4,8,9,0.375,4,3,0.8571428571428571,TRUE,TRUE,TRUE,TRUE,TRUE,FALSE
K465,Palamuse,K674,Tartu linn,NA,NA,NA,K115,10,16,2,2,52.5,52.5,52,53,8,11,3,183,0,2,2,0,1,1,0.125,FALSE,TRUE,FALSE,TRUE,FALSE,FALSE
K466,Paldiski linn,K663,Tallinn,NA,NA,NA,K192,50,52,42,42,63,57.5,33,97,6,22,16,24.5,8,34,17,0.35395401779329766,12,4,0.8076923076923077,FALSE,TRUE,TRUE,TRUE,TRUE,FALSE
K467,Palivere,K061,Haapsalu linn,NA,NA,NA,K061,17,34,17,17,30,31.4,24,53,6,22,16,57.9,3,14,12,0.4719232400622504,5,4,0.5,TRUE,TRUE,TRUE,TRUE,TRUE,FALSE
K468,Palmse,K663,Tallinn,NA,NA,NA,K004,5,7,0,NA,NA,NA,NA,NA,NA,NA,NA,NA,NA,NA,NA,NA,0,0,0,FALSE,FALSE,FALSE,FALSE,FALSE,FALSE
K469,Palupera,K674,Tartu linn,NA,NA,NA,K049,11,23,5,5,38,43.2,38,60,7,18,11,167.2,2,3,5,0,3,3,0.21739130434782608,FALSE,TRUE,TRUE,TRUE,TRUE,FALSE
K470,Palupõhja,K674,Tartu linn,NA,NA,NA,NA,NA,NA,0,NA,NA,NA,NA,NA,NA,NA,NA,NA,NA,NA,NA,NA,0,0,NA,NA,FALSE,FALSE,FALSE,FALSE,FALSE
K471,Pamma,K270,Kuressaare linn,NA,NA,NA,K270,4,6,4,4,35.5,35.8,35,37,6,20,14,263,1,3,4,0,1,1,0.6666666666666666,TRUE,TRUE,TRUE,TRUE,TRUE,FALSE
K472,Pangodi,K674,Tartu linn,NA,NA,NA,K674,14,24,14,14,43.5,51.4,31,97,5,18,13,58.1,4,10,10,0.49943278484292936,4,3,0.5833333333333334,TRUE,TRUE,TRUE,TRUE,TRUE,FALSE
K473,Paralepa,K061,Haapsalu linn,NA,NA,NA,K061,40,63,40,40,3.5,4.6,2,23,5,20,15,22.7,8,32,16,0.43817804600413285,11,4,0.6349206349206349,TRUE,TRUE,TRUE,TRUE,TRUE,FALSE
K474,Parila,K663,Tallinn,NA,NA,NA,K663,15,30,15,15,38,37.6,37,38,5,21,16,67.8,2,13,14,0.24944382578492935,3,3,0.5,TRUE,TRUE,TRUE,TRUE,TRUE,FALSE
K475,Parila,K061,Haapsalu linn,NA,NA,NA,K061,10,20,10,10,9,9.6,7,12,5,20,15,98.3,2,8,9,0.30000000000000004,3,2,0.5,TRUE,TRUE,TRUE,TRUE,TRUE,FALSE
K476,Paunküla,K663,Tallinn,NA,NA,NA,K031,7,14,6,6,60.5,59.8,56,63,6,20,14,165,2,4,6,0,2,2,0.42857142857142855,FALSE,TRUE,TRUE,TRUE,TRUE,FALSE
K477,Peedu,K663,Tallinn,NA,NA,NA,K010,2,4,0,NA,NA,NA,NA,NA,NA,NA,NA,NA,NA,NA,NA,NA,0,0,0,FALSE,FALSE,FALSE,FALSE,FALSE,FALSE
K478,Peeri,K118,Jõhvi linn,NA,NA,NA,NA,NA,NA,0,NA,NA,NA,NA,NA,NA,NA,NA,NA,NA,NA,NA,NA,0,0,NA,NA,FALSE,FALSE,FALSE,FALSE,FALSE
K479,Peeterristi,K422,Narva linn,NA,NA,NA,K422,49,69,49,49,15,18.3,3,38,6,21,15,19.5,8,41,15,0.391800289850317,13,4,0.7101449275362319,TRUE,TRUE,TRUE,TRUE,TRUE,FALSE
K480,Peetri,K663,Tallinn,NA,NA,NA,K663,172,246,172,172,22,22.7,16,31,0,23,23,6.8,27,145,21,0.4908368038184316,49,4,0.6991869918699187,TRUE,TRUE,TRUE,TRUE,TRUE,FALSE
K481,Peetri,K458,Paide linn,NA,NA,NA,K458,7,12,7,7,33,33.6,30,40,6,18,12,114.8,3,4,6,0.34992710611188255,4,4,0.5833333333333334,TRUE,TRUE,TRUE,TRUE,TRUE,FALSE
K482,Peipsiääre,K674,Tartu linn,NA,NA,NA,K017,6,11,5,5,59,60.6,50,72,6,19,13,191,1,4,5,0,3,3,0.45454545454545453,FALSE,TRUE,TRUE,TRUE,TRUE,FALSE
K484,Peri,K523,Põlva linn,NA,NA,NA,K523,15,22,15,15,14,18.6,6,71,7,19,12,52.6,4,11,9,0.5999999999999999,7,4,0.6818181818181818,TRUE,TRUE,TRUE,TRUE,TRUE,FALSE
K485,Pidula,K270,Kuressaare linn,NA,NA,NA,K197,8,9,5,5,58,59.6,36,94,7,19,12,186.5,1,4,5,0,3,3,0.5555555555555556,FALSE,TRUE,TRUE,TRUE,TRUE,FALSE
K486,Pihtla,K270,Kuressaare linn,NA,NA,NA,K270,4,4,4,4,11,11.2,11,12,7,18,11,223.3,1,3,4,0,2,2,1,TRUE,TRUE,TRUE,TRUE,TRUE,FALSE
K487,Piibe,K663,Tallinn,NA,NA,NA,K544,2,2,0,NA,NA,NA,NA,NA,NA,NA,NA,NA,NA,NA,NA,NA,0,0,0,FALSE,FALSE,FALSE,FALSE,FALSE,FALSE
K488,Piilsi,K674,Tartu linn,NA,NA,NA,NA,NA,NA,0,NA,NA,NA,NA,NA,NA,NA,NA,NA,NA,NA,NA,NA,0,0,NA,NA,FALSE,FALSE,FALSE,FALSE,FALSE
K489,Piira,K545,Rakvere linn,NA,NA,NA,K545,53,66,53,53,10,16,6,44,5,22,17,18.8,10,43,17,0.6793107934865921,18,4,0.803030303030303,TRUE,TRUE,TRUE,TRUE,TRUE,FALSE
K491,Piirsalu,K663,Tallinn,NA,NA,NA,K566,4,6,0,NA,NA,NA,NA,NA,NA,NA,NA,NA,NA,NA,NA,NA,0,0,0,FALSE,FALSE,FALSE,FALSE,FALSE,FALSE
K492,Piiumetsa,K663,Tallinn,NA,NA,NA,K458,2,2,0,NA,NA,NA,NA,NA,NA,NA,NA,NA,NA,NA,NA,NA,0,0,0,FALSE,FALSE,FALSE,FALSE,FALSE,FALSE
K493,Pikasilla,K674,Tartu linn,NA,NA,NA,K703,9,12,3,3,59,64.7,57,78,6,15,9,270.5,1,2,3,0,2,2,0.25,FALSE,TRUE,TRUE,TRUE,TRUE,FALSE
K494,Pikavere,K663,Tallinn,NA,NA,NA,K663,5,11,5,5,58,59,57,63,6,18,12,187.5,1,4,4,0.4,2,2,0.45454545454545453,TRUE,TRUE,TRUE,TRUE,TRUE,FALSE
K495,Pikevere,K663,Tallinn,NA,NA,NA,K209,6,10,0,NA,NA,NA,NA,NA,NA,NA,NA,NA,NA,NA,NA,NA,0,0,0,FALSE,FALSE,FALSE,FALSE,FALSE,FALSE
K496,Pilistvere,K663,Tallinn,NA,NA,NA,K230,5,8,0,NA,NA,NA,NA,NA,NA,NA,NA,NA,NA,NA,NA,NA,0,0,0,FALSE,FALSE,FALSE,FALSE,FALSE,FALSE
K497,Pillapalu,K663,Tallinn,NA,NA,NA,K189,17,32,15,15,50,49.8,49,53,5,21,16,67.8,2,13,13,0.32546263368615136,3,3,0.46875,FALSE,TRUE,TRUE,TRUE,TRUE,FALSE
K498,Pilu,K663,Tallinn,NA,NA,NA,NA,NA,NA,0,NA,NA,NA,NA,NA,NA,NA,NA,NA,NA,NA,NA,NA,0,0,NA,NA,FALSE,FALSE,FALSE,FALSE,FALSE
K499,Polli,K789,Viljandi linn,NA,NA,NA,K173,5,8,3,3,45,45,43,47,7,14,7,212.5,1,2,3,0,1,1,0.375,FALSE,TRUE,TRUE,TRUE,TRUE,FALSE
K501,Pootsi,K531,Pärnu linn,NA,NA,NA,K615,10,23,9,9,56,54.3,38,65,5,20,15,107.9,1,8,9,0,4,4,0.391304347826087,FALSE,TRUE,TRUE,TRUE,TRUE,FALSE
K502,Porkuni,K663,Tallinn,NA,NA,NA,K668,12,18,0,NA,NA,NA,NA,NA,NA,NA,NA,NA,NA,NA,NA,NA,0,0,0,FALSE,FALSE,FALSE,FALSE,FALSE,FALSE
K505,Prangli,K674,Tartu linn,NA,NA,NA,K674,1,3,1,1,38,38,38,38,9,9,0,NA,0,1,1,NA,0,0,0.3333333333333333,TRUE,TRUE,FALSE,FALSE,FALSE,FALSE
K506,Priipalu,K740,Valga linn,NA,NA,NA,K740,3,6,3,3,28,31.3,27,39,7,18,11,353.5,1,2,3,0,1,1,0.5,TRUE,TRUE,TRUE,TRUE,TRUE,FALSE
K507,Pringi,K663,Tallinn,NA,NA,NA,K783,95,95,24,24,42,41.3,37,43,0,22,22,46,5,19,18,0.44556639433950335,7,4,0.25263157894736843,FALSE,TRUE,TRUE,TRUE,TRUE,FALSE
K508,Prääma,K458,Paide linn,NA,NA,NA,NA,NA,NA,0,NA,NA,NA,NA,NA,NA,NA,NA,NA,NA,NA,NA,NA,0,0,NA,NA,FALSE,FALSE,FALSE,FALSE,FALSE
K509,Puhja,K674,Tartu linn,NA,NA,NA,K674,22,40,22,22,39,47.8,32,148,6,20,14,41.3,4,18,13,0.5597864606639746,6,3,0.55,TRUE,TRUE,TRUE,TRUE,TRUE,FALSE
K510,Puhkova,K422,Narva linn,NA,NA,NA,K422,10,10,10,10,42,29.7,3,57,6,21,15,95,3,7,8,0.3703280399090206,1,2,1,TRUE,TRUE,TRUE,TRUE,TRUE,FALSE
K511,Puiatu,K789,Viljandi linn,NA,NA,NA,K789,7,14,7,7,15,14.9,13,18,6,18,12,115.7,4,3,6,0.34992710611188255,3,3,0.5,TRUE,TRUE,TRUE,TRUE,TRUE,FALSE
K512,Puide,K740,Valga linn,NA,NA,NA,K117,12,23,11,11,26,26,22,30,7,21,14,83.2,2,9,9,0.36078426969062594,5,4,0.4782608695652174,FALSE,TRUE,TRUE,TRUE,TRUE,FALSE
K513,Puiga-Meegomäe,K813,Võru linn,NA,NA,NA,K813,85,94,85,85,12,19,4,154,5,23,18,12.4,12,73,19,0.5128116404165498,26,4,0.9042553191489362,TRUE,TRUE,TRUE,TRUE,TRUE,FALSE
K514,Puise,K061,Haapsalu linn,NA,NA,NA,K061,3,3,3,3,28,29,28,31,7,19,12,369,1,2,3,0,0,0,1,TRUE,TRUE,TRUE,FALSE,FALSE,FALSE
K515,Puka,K674,Tartu linn,NA,NA,NA,K740,12,28,7,7,49,56.6,45,71,7,18,11,111.5,2,5,7,0,3,2,0.25,FALSE,TRUE,TRUE,TRUE,TRUE,FALSE
K516,Purku,K663,Tallinn,NA,NA,NA,K553,10,20,2,2,73,73,72,74,7,16,9,562,1,1,2,0,0,0,0.1,FALSE,TRUE,TRUE,FALSE,FALSE,FALSE
K518,Puru,K118,Jõhvi linn,NA,NA,NA,K225,28,42,23,23,18,20.3,11,58,6,19,13,35,4,19,13,0.4702892967996508,9,4,0.5476190476190477,FALSE,TRUE,TRUE,TRUE,TRUE,FALSE
K519,Puurmani,K674,Tartu linn,NA,NA,NA,K522,15,36,11,11,46,46.5,36,62,1,18,17,113.6,2,9,8,0.54110822483116,7,4,0.3055555555555556,FALSE,TRUE,TRUE,TRUE,TRUE,FALSE
K520,Põlgaste,K674,Tartu linn,NA,NA,NA,K258,8,10,0,NA,NA,NA,NA,NA,NA,NA,NA,NA,NA,NA,NA,NA,0,0,0,FALSE,FALSE,FALSE,FALSE,FALSE,FALSE
K521,Põltsamaa linn,K521,Põltsamaa linn,NA,NA,NA,K522,69,73,0,NA,NA,NA,NA,NA,NA,NA,NA,NA,NA,NA,NA,NA,0,0,0,FALSE,FALSE,FALSE,FALSE,FALSE,TRUE
K522,Põltsamaa ümbrus,K521,Põltsamaa linn,NA,NA,NA,K521,71,143,71,71,6,7.1,3,47,6,22,16,13.6,16,55,16,0.6477648383912027,27,4,0.4965034965034965,TRUE,TRUE,TRUE,TRUE,TRUE,FALSE
K523,Põlva linn,K523,Põlva linn,NA,NA,NA,K083,21,74,0,NA,NA,NA,NA,NA,NA,NA,NA,NA,NA,NA,NA,NA,0,0,0,FALSE,FALSE,FALSE,FALSE,FALSE,TRUE
K524,Päidre,K789,Viljandi linn,NA,NA,NA,NA,NA,NA,0,NA,NA,NA,NA,NA,NA,NA,NA,NA,NA,NA,NA,NA,0,0,NA,NA,FALSE,FALSE,FALSE,FALSE,FALSE
K525,Päinurme,K663,Tallinn,NA,NA,NA,K306,5,7,0,NA,NA,NA,NA,NA,NA,NA,NA,NA,NA,NA,NA,NA,0,0,0,FALSE,FALSE,FALSE,FALSE,FALSE,FALSE
K526,Päite,K118,Jõhvi linn,NA,NA,NA,K118,16,31,16,16,15,18.5,14,30,6,22,16,63.8,4,12,12,0.36927447293799825,4,3,0.5161290322580645,TRUE,TRUE,TRUE,TRUE,TRUE,FALSE
K528,Päri,K789,Viljandi linn,NA,NA,NA,K789,31,42,31,31,13,17.2,6,40,5,23,18,35.8,8,23,16,0.4793335644130764,10,4,0.7380952380952381,TRUE,TRUE,TRUE,TRUE,TRUE,FALSE
K529,Pärispea,K663,Tallinn,NA,NA,NA,K353,11,16,3,3,79,75.7,61,87,6,19,13,394,1,2,3,0,3,4,0.1875,FALSE,TRUE,TRUE,TRUE,TRUE,FALSE
K530,Pärnjõe,K531,Pärnu linn,NA,NA,NA,K827,20,36,12,12,54,53.1,40,70,6,20,14,74.2,2,10,9,0.375,4,3,0.3333333333333333,FALSE,TRUE,TRUE,TRUE,TRUE,FALSE
K533,Pärnu-Jaagupi,K531,Pärnu linn,NA,NA,NA,K532,29,52,26,26,28,29.8,22,81,6,22,16,38.2,5,21,17,0.40817279378444465,9,4,0.5,FALSE,TRUE,TRUE,TRUE,TRUE,FALSE
K532,Pärnu-Jaagupi alev,K531,Pärnu linn,NA,NA,NA,K533,29,36,17,17,26,29.5,21,101,6,20,14,51.5,4,13,12,0.36347904744313214,6,3,0.4722222222222222,FALSE,TRUE,TRUE,TRUE,TRUE,FALSE
K531,Pärnu linn,K531,Pärnu linn,NA,NA,NA,K459,98,346,0,NA,NA,NA,NA,NA,NA,NA,NA,NA,NA,NA,NA,NA,0,0,0,FALSE,FALSE,FALSE,FALSE,FALSE,TRUE
K534,Pärsama,K270,Kuressaare linn,NA,NA,NA,K270,14,20,14,14,40,51.9,31,171,6,21,15,67,3,11,10,0.49943278484292947,5,2,0.7,TRUE,TRUE,TRUE,TRUE,TRUE,FALSE
K535,Pärsti,K789,Viljandi linn,NA,NA,NA,K789,19,32,19,19,12,12.7,8,43,5,20,15,51,3,16,12,0.5008177649044795,4,3,0.59375,TRUE,TRUE,TRUE,TRUE,TRUE,FALSE
K536,Päärdu,K663,Tallinn,NA,NA,NA,K417,9,15,3,3,69,70.3,68,74,8,21,13,399,0,3,3,0,1,1,0.2,FALSE,TRUE,FALSE,TRUE,FALSE,FALSE
K537,Pöide,K270,Kuressaare linn,NA,NA,NA,K447,10,15,6,6,53.5,70.7,43,162,6,18,12,141.2,2,4,6,0,3,2,0.4,FALSE,TRUE,TRUE,TRUE,TRUE,FALSE
K538,Pürksi,K663,Tallinn,NA,NA,NA,K061,4,4,0,NA,NA,NA,NA,NA,NA,NA,NA,NA,NA,NA,NA,NA,0,0,0,FALSE,FALSE,FALSE,FALSE,FALSE,FALSE
K540,Raasiku,K663,Tallinn,NA,NA,NA,K663,20,39,20,20,31,37.2,30,59,5,21,16,49.9,4,16,14,0.529150262212918,5,4,0.5128205128205128,TRUE,TRUE,TRUE,TRUE,TRUE,FALSE
K541,Rabivere,K663,Tallinn,NA,NA,NA,K065,3,5,0,NA,NA,NA,NA,NA,NA,NA,NA,NA,NA,NA,NA,NA,0,0,0,FALSE,FALSE,FALSE,FALSE,FALSE,FALSE
K542,Raikküla,K663,Tallinn,NA,NA,NA,K553,14,24,2,2,66,66,65,67,7,16,9,562,1,1,2,0,0,0,0.08333333333333333,FALSE,TRUE,TRUE,FALSE,FALSE,FALSE
K543,Raja,K663,Tallinn,NA,NA,NA,K403,18,26,0,NA,NA,NA,NA,NA,NA,NA,NA,NA,NA,NA,NA,NA,0,0,0,FALSE,FALSE,FALSE,FALSE,FALSE,FALSE
K544,Rakke,K663,Tallinn,NA,NA,NA,K115,7,26,4,4,104.5,108.2,98,126,7,22,15,301.3,1,3,4,0,1,2,0.15384615384615385,FALSE,TRUE,TRUE,TRUE,TRUE,FALSE
K545,Rakvere linn,K545,Rakvere linn,NA,NA,NA,K774,57,198,0,NA,NA,NA,NA,NA,NA,NA,NA,NA,NA,NA,NA,NA,0,0,0,FALSE,FALSE,FALSE,FALSE,FALSE,TRUE
K546,Ramsi,K789,Viljandi linn,NA,NA,NA,K789,18,18,18,18,16.5,17.4,10,27,5,23,18,61.8,2,16,17,0.22906142364542562,4,4,1,TRUE,TRUE,TRUE,TRUE,TRUE,FALSE
K547,Randvere,K663,Tallinn,NA,NA,NA,K783,87,138,60,60,11,13.2,2,31,5,23,18,18.2,10,50,19,0.43857231902201227,16,4,0.43478260869565216,FALSE,TRUE,TRUE,TRUE,TRUE,FALSE
K548,Randvere,K270,Kuressaare linn,NA,NA,NA,K270,14,20,14,14,7,13.5,5,96,7,20,13,61.3,5,9,10,0.49943278484292947,5,3,0.7,TRUE,TRUE,TRUE,TRUE,TRUE,FALSE
K549,Ranna,K674,Tartu linn,NA,NA,NA,K154,10,20,6,6,72.5,75.3,68,86,6,16,10,123.8,2,4,6,0,2,2,0.3,FALSE,TRUE,TRUE,TRUE,TRUE,FALSE
K550,Rannapungerja,K663,Tallinn,NA,NA,NA,K096,7,14,0,NA,NA,NA,NA,NA,NA,NA,NA,NA,NA,NA,NA,NA,0,0,0,FALSE,FALSE,FALSE,FALSE,FALSE,FALSE
K552,Rannu,K674,Tartu linn,NA,NA,NA,K049,8,14,7,7,75,75.1,66,85,6,21,15,145.8,3,4,5,0.3912303982179758,2,1,0.5,FALSE,TRUE,TRUE,TRUE,TRUE,FALSE
K554,Rapla,K554,Rapla,NA,NA,NA,K553,66,120,0,NA,NA,NA,NA,NA,NA,NA,NA,NA,NA,NA,NA,NA,0,0,0,FALSE,FALSE,FALSE,FALSE,FALSE,TRUE
K553,Rapla linn,K554,Rapla,NA,NA,NA,K554,70,124,70,70,9,9,3,46,7,23,16,13.9,18,52,15,0.64115420703693915,28,4,0.5645161290322581,TRUE,TRUE,TRUE,TRUE,TRUE,FALSE
K555,Rasina,K674,Tartu linn,NA,NA,NA,K399,4,8,2,2,66.5,66.5,61,72,6,15,9,544,1,1,2,0,0,0,0.25,FALSE,TRUE,TRUE,FALSE,FALSE,FALSE
K556,Ravila,K663,Tallinn,NA,NA,NA,K245,22,28,7,7,49,53.7,45,87,6,20,14,143.5,3,4,6,0.34992710611188255,2,2,0.25,FALSE,TRUE,TRUE,TRUE,TRUE,FALSE
K557,Reegoldi,K789,Viljandi linn,NA,NA,NA,K443,15,27,9,9,30,35.4,25,58,6,18,12,89.4,3,6,7,0.3795166950355407,3,3,0.3333333333333333,FALSE,TRUE,TRUE,TRUE,TRUE,FALSE
K559,Reola,K674,Tartu linn,NA,NA,NA,K674,43,71,43,43,23,28.1,14,119,1,22,21,27.3,10,33,16,0.689042204735135,10,4,0.6056338028169014,TRUE,TRUE,TRUE,TRUE,TRUE,FALSE
K560,Reopalu,K458,Paide linn,NA,NA,NA,K458,31,55,31,31,5,6.3,5,37,0,22,22,38,6,25,19,0.46634942886454706,8,4,0.5636363636363636,TRUE,TRUE,TRUE,TRUE,TRUE,FALSE
K561,Riguldi,K663,Tallinn,NA,NA,NA,K061,1,2,0,NA,NA,NA,NA,NA,NA,NA,NA,NA,NA,NA,NA,NA,0,0,0,FALSE,FALSE,FALSE,FALSE,FALSE,FALSE
K563,Riidaku,K663,Tallinn,NA,NA,NA,K105,9,18,0,NA,NA,NA,NA,NA,NA,NA,NA,NA,NA,NA,NA,NA,0,0,0,FALSE,FALSE,FALSE,FALSE,FALSE,FALSE
K564,Riisipere,K663,Tallinn,NA,NA,NA,K696,29,61,26,26,49,48.7,38,76,6,21,15,36.9,6,20,16,0.5446530480964822,8,4,0.4262295081967213,FALSE,TRUE,TRUE,TRUE,TRUE,FALSE
K565,Rimmu,K789,Viljandi linn,NA,NA,NA,K789,3,6,3,3,28,26.3,23,28,7,16,9,287,2,1,2,0.47140452079103173,1,1,0.5,TRUE,TRUE,TRUE,TRUE,TRUE,FALSE
K566,Risti,K663,Tallinn,NA,NA,NA,K061,15,37,12,12,49,50.2,41,60,6,21,15,80.9,2,10,11,0.27638539919628335,4,3,0.32432432432432434,FALSE,TRUE,TRUE,TRUE,TRUE,FALSE
K567,Ristiküla,K531,Pärnu linn,NA,NA,NA,K531,12,23,12,12,31,32.1,23,40,6,19,13,69.5,4,8,10,0.3513641844631533,4,4,0.5217391304347826,TRUE,TRUE,TRUE,TRUE,TRUE,FALSE
K568,Roela,K545,Rakvere linn,NA,NA,NA,K545,14,19,14,14,33.5,40.6,29,85,6,21,15,69,2,12,11,0.367006645104718,3,3,0.7368421052631579,TRUE,TRUE,TRUE,TRUE,TRUE,FALSE
K569,Rohuküla,K061,Haapsalu linn,NA,NA,NA,K061,18,28,18,18,9,10.2,8,19,6,20,14,49.7,3,15,13,0.4697648479246601,6,3,0.6428571428571429,TRUE,TRUE,TRUE,TRUE,TRUE,FALSE
K570,Roiu,K674,Tartu linn,NA,NA,NA,K674,16,22,16,16,38,42.6,25,77,6,20,14,54.8,3,13,11,0.6422616289332566,5,4,0.7272727272727273,TRUE,TRUE,TRUE,TRUE,TRUE,FALSE
K571,Roosna-Alliku,K458,Paide linn,NA,NA,NA,K458,9,19,9,9,22,22.9,18,27,7,22,15,112,2,7,7,0.3795166950355407,3,2,0.47368421052631576,TRUE,TRUE,TRUE,TRUE,TRUE,FALSE
K572,Roostoja,K118,Jõhvi linn,NA,NA,NA,K044,2,4,0,NA,NA,NA,NA,NA,NA,NA,NA,NA,NA,NA,NA,NA,0,0,0,FALSE,FALSE,FALSE,FALSE,FALSE,FALSE
K573,Rosma,K523,Põlva linn,NA,NA,NA,K523,21,31,21,21,12,22,4,85,7,19,12,36.8,6,15,10,0.6127066370037709,8,4,0.6774193548387096,TRUE,TRUE,TRUE,TRUE,TRUE,FALSE
K575,Rulli,K674,Tartu linn,NA,NA,NA,K703,11,13,2,2,75,75,65,85,6,8,2,160,1,1,2,0,1,1,0.15384615384615385,FALSE,TRUE,TRUE,TRUE,TRUE,FALSE
K576,Rummu,K663,Tallinn,NA,NA,NA,K764,25,44,19,19,64,66,58,81,5,22,17,55,5,14,14,0.466659563835427,8,4,0.4318181818181818,FALSE,TRUE,TRUE,TRUE,TRUE,FALSE
K577,Ruusa,K523,Põlva linn,NA,NA,NA,K329,11,23,10,10,26,25.6,10,45,6,22,16,104.3,2,8,9,0.30000000000000004,4,3,0.43478260869565216,FALSE,TRUE,TRUE,TRUE,TRUE,FALSE
K578,Ruusmäe,K813,Võru linn,NA,NA,NA,K813,7,10,7,7,57,55.4,37,76,6,18,12,110.8,3,4,6,0.34992710611188255,3,3,0.7,TRUE,TRUE,TRUE,TRUE,TRUE,FALSE
K579,Rõngu,K674,Tartu linn,NA,NA,NA,K049,17,29,13,13,60,67.6,45,108,6,20,14,69.3,2,11,9,0.5029498781008469,5,3,0.4482758620689655,FALSE,TRUE,TRUE,TRUE,TRUE,FALSE
K580,Rõude,K663,Tallinn,NA,NA,NA,K061,6,12,0,NA,NA,NA,NA,NA,NA,NA,NA,NA,NA,NA,NA,NA,0,0,0,FALSE,FALSE,FALSE,FALSE,FALSE,FALSE
K581,Rõuge,K813,Võru linn,NA,NA,NA,K813,13,16,13,13,25,52.7,19,136,6,18,12,58.8,3,10,10,0.3715737627228061,6,4,0.8125,TRUE,TRUE,TRUE,TRUE,TRUE,FALSE
K582,Räni,K674,Tartu linn,NA,NA,NA,K674,154,201,154,154,11,12.6,1,152,5,22,17,6.6,16,138,18,0.292475049668173,47,4,0.7661691542288557,TRUE,TRUE,TRUE,TRUE,TRUE,FALSE
K583,Räpina linn,K674,Tartu linn,NA,NA,NA,K584,41,41,8,8,75,82.2,63,115,6,18,12,101.1,1,7,8,0,2,2,0.1951219512195122,FALSE,TRUE,TRUE,TRUE,TRUE,FALSE
K584,Räpina ümbrus,K674,Tartu linn,NA,NA,NA,K583,45,59,8,8,72,79.1,59,112,6,18,12,101.1,1,7,8,0,2,2,0.13559322033898305,FALSE,TRUE,TRUE,TRUE,TRUE,FALSE
K585,Rääsa,K213,Kiviõli linn,NA,NA,NA,K380,3,3,1,1,22,22,22,22,16,16,0,NA,0,1,1,NA,2,2,0.3333333333333333,FALSE,TRUE,FALSE,TRUE,FALSE,FALSE
K586,Saarde,K531,Pärnu linn,NA,NA,NA,K208,6,11,3,3,76,75.3,65,85,6,17,11,342.5,2,1,3,0,1,1,0.2727272727272727,FALSE,TRUE,TRUE,TRUE,TRUE,FALSE
K588,Saarepeedi,K789,Viljandi linn,NA,NA,NA,K789,16,19,16,16,15.5,24.9,10,61,6,20,14,54.5,4,12,11,0.3590351654086268,4,2,0.8421052631578947,TRUE,TRUE,TRUE,TRUE,TRUE,FALSE
K589,Saarlase,K813,Võru linn,NA,NA,NA,K813,5,6,5,5,43,71.4,35,125,6,18,12,171,2,3,4,0.4,2,2,0.8333333333333334,TRUE,TRUE,TRUE,TRUE,TRUE,FALSE
K591,Sadala,K115,Jõgeva linn,NA,NA,NA,K266,12,20,9,9,23,22.9,17,26,6,18,12,93.6,2,7,8,0.3142696805273545,4,4,0.45,FALSE,TRUE,TRUE,TRUE,TRUE,FALSE
K592,Saduküla,K115,Jõgeva linn,NA,NA,NA,K115,10,13,10,10,16.5,18.6,12,45,7,19,12,78.2,2,8,8,0.3703280399090206,4,4,0.7692307692307693,TRUE,TRUE,TRUE,TRUE,TRUE,FALSE
K593,Sagadi,K663,Tallinn,NA,NA,NA,K815,7,13,1,1,92,92,92,92,8,8,0,NA,0,1,1,NA,0,0,0.07692307692307693,FALSE,TRUE,FALSE,FALSE,FALSE,FALSE
K595,Saka,K225,Kohtla-Järve linn,NA,NA,NA,K118,19,33,16,16,7,7.3,7,9,6,20,14,55.4,4,12,13,0.4868050602311633,5,4,0.48484848484848486,FALSE,TRUE,TRUE,TRUE,TRUE,FALSE
K596,Sakla,K270,Kuressaare linn,NA,NA,NA,K701,9,13,7,7,37,60.4,25,180,7,18,11,117.8,2,5,6,0.34992710611188255,3,2,0.5384615384615384,FALSE,TRUE,TRUE,TRUE,TRUE,FALSE
K597,Saksi,K663,Tallinn,NA,NA,NA,K670,25,49,0,NA,NA,NA,NA,NA,NA,NA,NA,NA,NA,NA,NA,NA,0,0,0,FALSE,FALSE,FALSE,FALSE,FALSE,FALSE
K598,Saku,K663,Tallinn,NA,NA,NA,K663,33,49,33,33,25,24.2,16,28,5,22,17,31.9,6,27,18,0.46772341402502415,11,4,0.673469387755102,TRUE,TRUE,TRUE,TRUE,TRUE,FALSE
K599,Salla,K663,Tallinn,NA,NA,NA,K544,5,7,0,NA,NA,NA,NA,NA,NA,NA,NA,NA,NA,NA,NA,NA,0,0,0,FALSE,FALSE,FALSE,FALSE,FALSE,FALSE
K600,Salme,K270,Kuressaare linn,NA,NA,NA,K270,10,15,10,10,21,20.7,17,24,6,21,15,96.8,2,8,9,0.30000000000000004,4,3,0.6666666666666666,TRUE,TRUE,TRUE,TRUE,TRUE,FALSE
K601,Salutaguse,K663,Tallinn,NA,NA,NA,K090,4,7,0,NA,NA,NA,NA,NA,NA,NA,NA,NA,NA,NA,NA,NA,0,0,0,FALSE,FALSE,FALSE,FALSE,FALSE,FALSE
K602,Sandla,K270,Kuressaare linn,NA,NA,NA,K270,4,4,4,4,20,20,20,20,7,18,11,223.3,1,3,4,0,2,2,1,TRUE,TRUE,TRUE,TRUE,TRUE,FALSE
K603,Sangaste,K674,Tartu linn,NA,NA,NA,K461,10,21,3,3,73,72.7,72,73,6,15,9,257.5,1,2,3,0,1,1,0.14285714285714285,FALSE,TRUE,TRUE,TRUE,TRUE,FALSE
K604,Sangla,K674,Tartu linn,NA,NA,NA,K674,11,22,11,11,43,50.5,39,95,6,20,14,83.2,2,9,9,0.36078426969062594,3,2,0.5,TRUE,TRUE,TRUE,TRUE,TRUE,FALSE
K605,Sargvere,K458,Paide linn,NA,NA,NA,K458,19,46,19,19,13,17.3,13,73,6,20,14,45.4,5,14,13,0.5311184387094948,5,4,0.41304347826086957,TRUE,TRUE,TRUE,TRUE,TRUE,FALSE
K607,Saue linn,K663,Tallinn,NA,NA,NA,K608,97,141,82,82,20,26.3,14,47,5,22,17,13,16,66,18,0.36282823671232595,25,4,0.5815602836879432,FALSE,TRUE,TRUE,TRUE,TRUE,FALSE
K608,Saue ümbrus,K663,Tallinn,NA,NA,NA,K663,75,177,75,75,23,24.8,11,39,5,23,18,14.3,17,58,19,0.4885655496412905,30,4,0.423728813559322,TRUE,TRUE,TRUE,TRUE,TRUE,FALSE
K609,Saueaugu,K663,Tallinn,NA,NA,NA,K368,2,2,0,NA,NA,NA,NA,NA,NA,NA,NA,NA,NA,NA,NA,NA,0,0,0,FALSE,FALSE,FALSE,FALSE,FALSE,FALSE
K610,Sauga,K531,Pärnu linn,NA,NA,NA,K531,95,132,95,95,8,7.9,3,66,5,23,18,11.3,15,80,19,0.38873012632302,25,4,0.7196969696969697,TRUE,TRUE,TRUE,TRUE,TRUE,FALSE
K611,Saulepi,K531,Pärnu linn,NA,NA,NA,K531,4,8,4,4,71.5,75,69,88,6,19,13,267,1,3,4,0,2,2,0.5,TRUE,TRUE,TRUE,TRUE,TRUE,FALSE
K612,Sauvere,K270,Kuressaare linn,NA,NA,NA,K270,4,5,4,4,21.5,36.8,21,83,7,18,11,226.7,1,3,4,0,1,1,0.8,TRUE,TRUE,TRUE,TRUE,TRUE,FALSE
K613,Saverna,K674,Tartu linn,NA,NA,NA,K163,10,23,7,7,39,40.4,38,46,7,19,12,117.8,1,6,7,0,3,3,0.30434782608695654,FALSE,TRUE,TRUE,TRUE,TRUE,FALSE
K614,Savikoti,K789,Viljandi linn,NA,NA,NA,K789,10,18,10,10,12,13.4,11,21,5,20,15,102,1,9,8,0.3703280399090206,2,2,0.5555555555555556,TRUE,TRUE,TRUE,TRUE,TRUE,FALSE
K615,Seliste,K531,Pärnu linn,NA,NA,NA,K704,10,19,9,9,57,55.3,39,66,5,20,15,107.9,1,8,9,0,4,4,0.47368421052631576,FALSE,TRUE,TRUE,TRUE,TRUE,FALSE
K616,Selja,K531,Pärnu linn,NA,NA,NA,K683,19,34,16,16,38.5,39.7,32,61,6,20,14,56.3,4,12,13,0.4868050602311633,6,3,0.47058823529411764,FALSE,TRUE,TRUE,TRUE,TRUE,FALSE
K617,Seljametsa,K531,Pärnu linn,NA,NA,NA,K623,55,67,5,5,12,12.2,11,14,6,18,12,185.2,1,4,5,0,19,4,0.07462686567164178,FALSE,TRUE,TRUE,TRUE,TRUE,FALSE
K618,Sihva,K674,Tartu linn,NA,NA,NA,K451,11,18,4,4,61.5,64.2,59,75,6,15,9,171.7,1,3,4,0,1,1,0.2222222222222222,FALSE,TRUE,TRUE,TRUE,TRUE,FALSE
K619,Siimusti,K115,Jõgeva linn,NA,NA,NA,K115,45,61,45,45,6,7,3,36,6,19,13,18.3,12,33,14,0.6361684929144306,16,4,0.7377049180327869,TRUE,TRUE,TRUE,TRUE,TRUE,FALSE
K621,Simuna,K663,Tallinn,NA,NA,NA,K545,7,14,0,NA,NA,NA,NA,NA,NA,NA,NA,NA,NA,NA,NA,NA,0,0,0,FALSE,FALSE,FALSE,FALSE,FALSE,FALSE
K622,Sinalepa,K061,Haapsalu linn,NA,NA,NA,K061,4,7,4,4,18,18.8,18,21,7,19,12,246,1,3,4,0,1,1,0.5714285714285714,TRUE,TRUE,TRUE,TRUE,TRUE,FALSE
K623,Sindi linn,K531,Pärnu linn,NA,NA,NA,K531,76,94,76,76,33,28.4,11,33,0,22,22,15.1,12,64,19,0.47871355387816905,23,4,0.8085106382978723,TRUE,TRUE,TRUE,TRUE,TRUE,FALSE
K625,Sipa,K663,Tallinn,NA,NA,NA,K416,9,14,0,NA,NA,NA,NA,NA,NA,NA,NA,NA,NA,NA,NA,NA,0,0,0,FALSE,FALSE,FALSE,FALSE,FALSE,FALSE
K626,Soe,K789,Viljandi linn,NA,NA,NA,K789,7,13,7,7,41,42,33,56,6,19,13,129.8,2,5,7,0,2,2,0.5384615384615384,TRUE,TRUE,TRUE,TRUE,TRUE,FALSE
K628,Soohara,K523,Põlva linn,NA,NA,NA,K523,7,11,7,7,20,22.9,16,34,7,17,10,106.5,2,5,6,0.34992710611188255,1,1,0.6363636363636364,TRUE,TRUE,TRUE,TRUE,TRUE,FALSE
K629,Soometsa,K531,Pärnu linn,NA,NA,NA,K531,5,9,5,5,30,30,29,32,7,18,11,169.8,1,4,5,0,1,1,0.5555555555555556,TRUE,TRUE,TRUE,TRUE,TRUE,FALSE
K630,Sooru,K740,Valga linn,NA,NA,NA,K689,16,29,15,15,13,13,10,16,7,20,13,56.5,3,12,12,0.36181361349331637,6,3,0.5172413793103449,FALSE,TRUE,TRUE,TRUE,TRUE,FALSE
K631,Sudiste,K789,Viljandi linn,NA,NA,NA,NA,NA,NA,0,NA,NA,NA,NA,NA,NA,NA,NA,NA,NA,NA,NA,NA,0,0,NA,NA,FALSE,FALSE,FALSE,FALSE,FALSE
K632,Suigu,K531,Pärnu linn,NA,NA,NA,K531,6,8,6,6,30,30.7,28,36,7,20,13,157.8,2,4,5,0.37267799624996506,2,2,0.75,TRUE,TRUE,TRUE,TRUE,TRUE,FALSE
K633,Suislepa,K789,Viljandi linn,NA,NA,NA,K789,7,7,7,7,44,44.7,35,59,6,19,13,130,2,5,7,0,2,2,1,TRUE,TRUE,TRUE,TRUE,TRUE,FALSE
K634,Sulbi,K813,Võru linn,NA,NA,NA,K450,4,7,3,3,29,27.7,23,31,6,15,9,254,1,2,3,0,1,1,0.42857142857142855,FALSE,TRUE,TRUE,TRUE,TRUE,FALSE
K635,Surju,K531,Pärnu linn,NA,NA,NA,K531,16,29,16,16,21,22.6,14,34,6,19,13,50.4,5,11,9,0.546651740141747,6,4,0.5517241379310345,TRUE,TRUE,TRUE,TRUE,TRUE,FALSE
K636,Sutlepa,K061,Haapsalu linn,NA,NA,NA,K061,4,8,4,4,27.5,27.2,26,28,7,16,9,194,1,3,4,0,1,1,0.5,TRUE,TRUE,TRUE,TRUE,TRUE,FALSE
K638,Suure-Jaani,K789,Viljandi linn,NA,NA,NA,K637,28,29,19,19,30,38.4,25,85,5,20,15,51.1,4,15,14,0.466659563835427,5,3,0.6551724137931034,FALSE,TRUE,TRUE,TRUE,TRUE,FALSE
K637,Suure-Jaani linn,K789,Viljandi linn,NA,NA,NA,K638,27,47,19,19,35,34.4,21,81,5,20,15,51.2,4,15,14,0.5489078321767835,5,3,0.40425531914893614,FALSE,TRUE,TRUE,TRUE,TRUE,FALSE
K639,Suurejõe,K663,Tallinn,NA,NA,NA,K827,8,13,0,NA,NA,NA,NA,NA,NA,NA,NA,NA,NA,NA,NA,NA,0,0,0,FALSE,FALSE,FALSE,FALSE,FALSE,FALSE
K640,Suuremõisa,K292,Kärdla linn,NA,NA,NA,K292,11,22,11,11,26,27.6,20,37,7,20,13,79.3,3,8,8,0.3763993960049205,4,3,0.5,TRUE,TRUE,TRUE,TRUE,TRUE,FALSE
K641,Suurupi,K663,Tallinn,NA,NA,NA,K663,96,172,96,96,31,29.7,16,42,0,23,23,11.6,17,79,20,0.49945145348268327,30,4,0.5581395348837209,TRUE,TRUE,TRUE,TRUE,TRUE,FALSE
K642,Sõmerpalu,K813,Võru linn,NA,NA,NA,K813,14,21,14,14,14.5,33.6,11,153,7,21,14,64.6,3,11,11,0.5080976926793926,5,4,0.6666666666666666,TRUE,TRUE,TRUE,TRUE,TRUE,FALSE
K643,Sõmeru,K545,Rakvere linn,NA,NA,NA,K545,50,79,50,50,6,6.9,4,28,6,21,15,18.3,14,36,15,0.7050835816716038,19,4,0.6329113924050633,TRUE,TRUE,TRUE,TRUE,TRUE,FALSE
K644,Sõrandu,K663,Tallinn,NA,NA,NA,NA,NA,NA,0,NA,NA,NA,NA,NA,NA,NA,NA,NA,NA,NA,NA,NA,0,0,NA,NA,FALSE,FALSE,FALSE,FALSE,FALSE
K646,Sälliku Alliku,K118,Jõhvi linn,NA,NA,NA,K096,7,12,5,5,46,47.2,46,49,7,18,11,157,1,4,5,0,2,2,0.4166666666666667,FALSE,TRUE,TRUE,TRUE,TRUE,FALSE
K647,Sänna,K813,Võru linn,NA,NA,NA,K813,7,13,7,7,25,42.6,20,144,6,17,11,115.8,1,6,7,0,3,2,0.5384615384615384,TRUE,TRUE,TRUE,TRUE,TRUE,FALSE
K649,Sürgavere,K789,Viljandi linn,NA,NA,NA,K789,16,28,16,16,17,20.6,10,37,6,19,13,52.4,3,13,12,0.4885042104591971,4,3,0.5714285714285714,TRUE,TRUE,TRUE,TRUE,TRUE,FALSE
K652,Tabasalu,K663,Tallinn,NA,NA,NA,K663,134,235,134,134,23,22.3,7,56,0,23,23,8.3,28,106,20,0.517256809687799,41,4,0.5702127659574469,TRUE,TRUE,TRUE,TRUE,TRUE,FALSE
K653,Tabivere,K674,Tartu linn,NA,NA,NA,K674,21,36,21,21,32,35.5,19,66,6,23,17,51.2,5,16,13,0.40265558393542294,7,4,0.5833333333333334,TRUE,TRUE,TRUE,TRUE,TRUE,FALSE
K654,Taebla,K061,Haapsalu linn,NA,NA,NA,K061,25,48,25,25,21,21.1,15,27,6,23,17,42.1,4,21,16,0.6169170662793069,7,4,0.5208333333333334,TRUE,TRUE,TRUE,TRUE,TRUE,FALSE
K655,Taevaskoja,K523,Põlva linn,NA,NA,NA,K767,7,11,6,6,19,32.3,12,108,9,20,11,130.8,0,6,6,0,2,2,0.5454545454545454,FALSE,TRUE,FALSE,TRUE,FALSE,FALSE
K656,Tagamõisa,K270,Kuressaare linn,NA,NA,NA,K197,4,4,2,2,49,49,42,56,8,19,11,639,0,2,2,0,2,2,0.5,FALSE,TRUE,FALSE,TRUE,FALSE,FALSE
K657,Tagaranna,K270,Kuressaare linn,NA,NA,NA,K270,2,2,2,2,42,42,42,42,6,18,12,680,1,1,2,0,1,1,1,TRUE,TRUE,TRUE,TRUE,TRUE,FALSE
K658,Tagavere,K270,Kuressaare linn,NA,NA,NA,K270,9,17,9,9,39,44.4,36,81,7,20,13,103.9,1,8,8,0.3142696805273545,3,2,0.5294117647058824,TRUE,TRUE,TRUE,TRUE,TRUE,FALSE
K659,Tagula,K740,Valga linn,NA,NA,NA,K740,5,9,5,5,31,38.8,31,52,7,18,11,153.8,1,4,5,0,1,2,0.5555555555555556,TRUE,TRUE,TRUE,TRUE,TRUE,FALSE
K660,Tahula,K270,Kuressaare linn,NA,NA,NA,K270,27,41,27,27,6,9.4,3,65,5,21,16,36.4,6,21,14,0.6256789074100219,11,4,0.6585365853658537,TRUE,TRUE,TRUE,TRUE,TRUE,FALSE
K661,Taikse,K663,Tallinn,NA,NA,NA,K440,10,17,4,4,79.5,79.8,78,82,7,19,12,241,1,3,4,0,2,2,0.23529411764705882,FALSE,TRUE,TRUE,TRUE,TRUE,FALSE
K662,Tali,K531,Pärnu linn,NA,NA,NA,K208,4,7,3,3,74,73,68,77,6,18,12,342.5,2,1,3,0,1,1,0.42857142857142855,FALSE,TRUE,TRUE,TRUE,TRUE,FALSE
K664,Tammiku,K118,Jõhvi linn,NA,NA,NA,K225,30,46,24,24,12,15.5,5,59,6,20,14,38,5,19,13,0.578601842887311,9,4,0.5217391304347826,FALSE,TRUE,TRUE,TRUE,TRUE,FALSE
K665,Tammiste,K531,Pärnu linn,NA,NA,NA,K531,55,62,55,55,16,15.1,1,24,5,22,17,19.1,11,44,18,0.48245845864381565,16,4,0.8870967741935484,TRUE,TRUE,TRUE,TRUE,TRUE,FALSE
K666,Tammistu,K674,Tartu linn,NA,NA,NA,K364,6,9,5,5,35,38.2,30,60,7,16,9,145,3,2,3,0.692820323027551,4,4,0.5555555555555556,FALSE,TRUE,TRUE,TRUE,TRUE,FALSE
K667,Tamsa,K674,Tartu linn,NA,NA,NA,K674,18,23,18,18,48,55.5,38,114,6,22,16,55.9,6,12,12,0.778498944161523,4,4,0.782608695652174,TRUE,TRUE,TRUE,TRUE,TRUE,FALSE
K668,Tamsalu linn,K663,Tallinn,NA,NA,NA,K669,23,36,0,NA,NA,NA,NA,NA,NA,NA,NA,NA,NA,NA,NA,NA,0,0,0,FALSE,FALSE,FALSE,FALSE,FALSE,FALSE
K669,Tamsalu,K663,Tallinn,NA,NA,NA,K668,22,45,11,11,75,77.4,73,87,7,22,15,93.2,1,10,11,0,4,4,0.24444444444444444,FALSE,TRUE,TRUE,TRUE,TRUE,FALSE
K670,Tapa linn,K663,Tallinn,NA,NA,NA,K145,25,74,17,17,62,60.8,56,70,6,23,17,63.6,2,15,15,0.3104698017127927,6,4,0.22972972972972974,FALSE,TRUE,TRUE,TRUE,TRUE,FALSE
K671,Tapiku,K663,Tallinn,NA,NA,NA,K015,4,4,0,NA,NA,NA,NA,NA,NA,NA,NA,NA,NA,NA,NA,NA,0,0,0,FALSE,FALSE,FALSE,FALSE,FALSE,FALSE
K672,Tarbja,K458,Paide linn,NA,NA,NA,K458,8,11,8,8,10,19.2,9,83,6,19,13,115.3,3,5,7,0.3307189138830739,2,2,0.7272727272727273,TRUE,TRUE,TRUE,TRUE,TRUE,FALSE
K673,Taritu,K270,Kuressaare linn,NA,NA,NA,K270,5,8,5,5,45,47.4,43,55,6,19,13,193.8,2,3,4,0.4,2,2,0.625,TRUE,TRUE,TRUE,TRUE,TRUE,FALSE
K674,Tartu linn,K674,Tartu linn,NA,NA,NA,K415,175,587,0,NA,NA,NA,NA,NA,NA,NA,NA,NA,NA,NA,NA,NA,0,0,0,FALSE,FALSE,FALSE,FALSE,FALSE,TRUE
K675,Tarva,K663,Tallinn,NA,NA,NA,K366,3,5,0,NA,NA,NA,NA,NA,NA,NA,NA,NA,NA,NA,NA,NA,0,0,0,FALSE,FALSE,FALSE,FALSE,FALSE,FALSE
K676,Teenuse,K663,Tallinn,NA,NA,NA,K416,4,6,0,NA,NA,NA,NA,NA,NA,NA,NA,NA,NA,NA,NA,NA,0,0,0,FALSE,FALSE,FALSE,FALSE,FALSE,FALSE
K677,Tihemetsa,K531,Pärnu linn,NA,NA,NA,K208,16,23,10,10,48.5,48.3,36,61,6,20,14,94.8,2,8,9,0.30000000000000004,3,4,0.43478260869565216,FALSE,TRUE,TRUE,TRUE,TRUE,FALSE
K678,Tiirimetsa,K270,Kuressaare linn,NA,NA,NA,K270,4,7,4,4,35.5,36,34,39,6,19,13,258.3,1,3,4,0,2,2,0.5714285714285714,TRUE,TRUE,TRUE,TRUE,TRUE,FALSE
K679,Tipu,K789,Viljandi linn,NA,NA,NA,NA,NA,NA,0,NA,NA,NA,NA,NA,NA,NA,NA,NA,NA,NA,NA,NA,0,0,NA,NA,FALSE,FALSE,FALSE,FALSE,FALSE
K680,Toila,K118,Jõhvi linn,NA,NA,NA,K118,50,79,50,50,7,10.8,6,65,5,23,18,21,10,40,17,0.42449970553582245,13,4,0.6329113924050633,TRUE,TRUE,TRUE,TRUE,TRUE,FALSE
K681,Tootsi alev,K531,Pärnu linn,NA,NA,NA,K616,18,20,10,10,44,46.1,39,68,6,20,14,94,2,8,9,0.30000000000000004,5,4,0.5,FALSE,TRUE,TRUE,TRUE,TRUE,FALSE
K682,Topu,K061,Haapsalu linn,NA,NA,NA,K061,4,4,4,4,17.5,17.5,12,23,7,17,10,215.7,1,3,4,0,1,1,1,TRUE,TRUE,TRUE,TRUE,TRUE,FALSE
K683,Tori,K531,Pärnu linn,NA,NA,NA,K531,20,41,20,20,27.5,31,23,59,6,20,14,45.2,6,14,12,0.4670993664969137,7,4,0.4878048780487805,TRUE,TRUE,TRUE,TRUE,TRUE,FALSE
K684,Torma,K663,Tallinn,NA,NA,NA,K266,13,26,0,NA,NA,NA,NA,NA,NA,NA,NA,NA,NA,NA,NA,NA,0,0,0,FALSE,FALSE,FALSE,FALSE,FALSE,FALSE
K685,Tornimäe,K270,Kuressaare linn,NA,NA,NA,K447,6,8,3,3,60,91.7,60,155,7,14,7,192.5,1,2,3,0,1,1,0.375,FALSE,TRUE,TRUE,TRUE,TRUE,FALSE
K686,Treimani,K531,Pärnu linn,NA,NA,NA,K142,9,9,8,8,74,72.4,67,76,6,17,11,97.9,2,6,8,0,2,2,0.8888888888888888,FALSE,TRUE,TRUE,TRUE,TRUE,FALSE
K687,Triigi,K663,Tallinn,NA,NA,NA,K545,6,9,0,NA,NA,NA,NA,NA,NA,NA,NA,NA,NA,NA,NA,NA,0,0,0,FALSE,FALSE,FALSE,FALSE,FALSE,FALSE
K688,Tsiistre,K813,Võru linn,NA,NA,NA,K060,4,4,3,3,48,58.3,46,81,8,17,9,280.5,0,3,3,0,1,1,0.75,FALSE,TRUE,FALSE,TRUE,FALSE,FALSE
K689,Tsirguliina,K740,Valga linn,NA,NA,NA,K740,22,43,22,22,16,16,10,22,7,21,14,41.6,4,18,12,0.561740346048477,8,4,0.5116279069767442,TRUE,TRUE,TRUE,TRUE,TRUE,FALSE
K690,Tsolgo,K813,Võru linn,NA,NA,NA,K813,7,12,7,7,21,20.9,16,26,7,17,10,99,2,5,6,0.34992710611188255,2,2,0.5833333333333334,TRUE,TRUE,TRUE,TRUE,TRUE,FALSE
K691,Tsooru,K813,Võru linn,NA,NA,NA,K813,6,9,6,6,71.5,65.7,36,90,6,17,11,126.4,2,4,5,0.37267799624996495,2,2,0.6666666666666666,TRUE,TRUE,TRUE,TRUE,TRUE,FALSE
K692,Tubala-Nõmba,K292,Kärdla linn,NA,NA,NA,K292,16,28,16,16,9,14.9,5,109,5,20,15,59.8,5,11,10,0.4370036867375632,5,3,0.5714285714285714,TRUE,TRUE,TRUE,TRUE,TRUE,FALSE
K693,Tudu,K545,Rakvere linn,NA,NA,NA,K545,2,3,2,2,36,36,34,38,7,15,8,525,1,1,2,0,1,1,0.6666666666666666,TRUE,TRUE,TRUE,TRUE,TRUE,FALSE
K694,Tudulinna,K663,Tallinn,NA,NA,NA,K044,5,10,0,NA,NA,NA,NA,NA,NA,NA,NA,NA,NA,NA,NA,NA,0,0,0,FALSE,FALSE,FALSE,FALSE,FALSE,FALSE
K695,Tuhalaane,K789,Viljandi linn,NA,NA,NA,K789,11,22,11,11,33,33.7,29,40,6,19,13,73.3,4,7,8,0.54110822483116,2,2,0.5,TRUE,TRUE,TRUE,TRUE,TRUE,FALSE
K696,Turba,K663,Tallinn,NA,NA,NA,K663,29,48,29,29,54,49,30,57,6,21,15,32.8,5,24,16,0.4602296554020119,8,4,0.6041666666666666,TRUE,TRUE,TRUE,TRUE,TRUE,FALSE
K697,Tutermaa,K663,Tallinn,NA,NA,NA,K663,43,85,43,43,34,35.1,30,55,6,23,17,24.3,9,34,18,0.5768081690823076,15,4,0.5058823529411764,TRUE,TRUE,TRUE,TRUE,TRUE,FALSE
K698,Tuudi,K663,Tallinn,NA,NA,NA,K340,14,26,2,2,85,85,85,85,15,20,5,280,0,2,2,0,1,1,0.07692307692307693,FALSE,TRUE,FALSE,TRUE,FALSE,FALSE
K699,Tõhela,K531,Pärnu linn,NA,NA,NA,K704,3,3,1,1,77,77,77,77,7,7,0,NA,1,0,1,NA,1,1,0.3333333333333333,FALSE,TRUE,TRUE,TRUE,TRUE,FALSE
K700,Tõlla,K531,Pärnu linn,NA,NA,NA,K208,4,4,1,1,54,54,54,54,16,16,0,NA,0,1,1,NA,1,2,0.25,FALSE,TRUE,FALSE,TRUE,FALSE,FALSE
K701,Tõnija,K270,Kuressaare linn,NA,NA,NA,K270,8,14,8,8,41.5,56.2,27,177,6,18,12,101,2,6,6,0.38729833462074165,4,2,0.5714285714285714,TRUE,TRUE,TRUE,TRUE,TRUE,FALSE
K702,Tõravere,K674,Tartu linn,NA,NA,NA,K674,37,60,37,37,40,45,27,132,5,21,16,28,6,31,17,0.4661672516394687,6,3,0.6166666666666667,TRUE,TRUE,TRUE,TRUE,TRUE,FALSE
K704,Tõstamaa,K531,Pärnu linn,NA,NA,NA,K531,12,19,12,12,66.5,61.6,47,76,5,20,15,78.2,2,10,10,0.3513641844631533,5,4,0.631578947368421,TRUE,TRUE,TRUE,TRUE,TRUE,FALSE
K705,Tänassilma,K789,Viljandi linn,NA,NA,NA,K789,24,37,24,24,20,22.4,14,64,6,22,16,42,4,20,13,0.4336804165554443,6,4,0.6486486486486487,TRUE,TRUE,TRUE,TRUE,TRUE,FALSE
K706,Tärivere,K118,Jõhvi linn,NA,NA,NA,K096,7,7,0,NA,NA,NA,NA,NA,NA,NA,NA,NA,NA,NA,NA,NA,3,3,0,FALSE,FALSE,FALSE,TRUE,FALSE,FALSE
K707,Tääksi,K789,Viljandi linn,NA,NA,NA,K789,19,29,19,19,21,19.9,10,32,6,21,15,50.6,5,14,11,0.5236775984771684,5,2,0.6551724137931034,TRUE,TRUE,TRUE,TRUE,TRUE,FALSE
K708,Türi,K709,Türi linn,NA,NA,NA,K709,74,88,74,74,4,5.4,3,21,5,23,18,15.5,13,61,19,0.5798051498992463,23,4,0.8409090909090909,TRUE,TRUE,TRUE,TRUE,TRUE,FALSE
K709,Türi linn,K709,Türi linn,NA,NA,NA,K708,73,91,0,NA,NA,NA,NA,NA,NA,NA,NA,NA,NA,NA,NA,NA,0,0,0,FALSE,FALSE,FALSE,FALSE,FALSE,TRUE
K710,Türisalu,K663,Tallinn,NA,NA,NA,K193,9,16,8,8,45,45.4,40,55,6,22,16,135.7,4,4,6,0.6123724356957946,2,3,0.5,FALSE,TRUE,TRUE,TRUE,TRUE,FALSE
K711,Ubja,K545,Rakvere linn,NA,NA,NA,K545,21,34,21,21,22,22.4,19,32,6,21,15,43.8,4,17,14,0.34591634777518054,7,4,0.6176470588235294,TRUE,TRUE,TRUE,TRUE,TRUE,FALSE
K712,Uhtna,K545,Rakvere linn,NA,NA,NA,K545,11,15,11,11,23,19.8,12,27,6,18,12,71.1,3,8,10,0.28747978728803447,5,3,0.7333333333333333,TRUE,TRUE,TRUE,TRUE,TRUE,FALSE
K713,Ulila,K674,Tartu linn,NA,NA,NA,K674,16,29,16,16,29,41.1,27,162,6,17,11,44.3,3,13,9,0.546651740141747,4,2,0.5517241379310345,TRUE,TRUE,TRUE,TRUE,TRUE,FALSE
K714,Uljaste-Satsu,K213,Kiviõli linn,NA,NA,NA,K213,7,12,7,7,10,10.1,7,13,7,18,11,107.2,2,5,6,0.34992710611188255,2,2,0.5833333333333334,TRUE,TRUE,TRUE,TRUE,TRUE,FALSE
K716,Ulvi,K674,Tartu linn,NA,NA,NA,K044,6,9,0,NA,NA,NA,NA,NA,NA,NA,NA,NA,NA,NA,NA,NA,0,0,0,FALSE,FALSE,FALSE,FALSE,FALSE,FALSE
K715,Ulvi Adraku,K545,Rakvere linn,NA,NA,NA,K545,11,19,11,11,22,21.3,14,29,6,16,10,55.9,4,7,7,0.6210273191490665,4,3,0.5789473684210527,TRUE,TRUE,TRUE,TRUE,TRUE,FALSE
K717,Umbusi,K521,Põltsamaa linn,NA,NA,NA,K521,3,3,3,3,10,9.3,8,10,7,17,10,319,1,2,3,0,1,1,1,TRUE,TRUE,TRUE,TRUE,TRUE,FALSE
K718,Urge,K531,Pärnu linn,NA,NA,NA,K531,9,17,9,9,15,15.6,10,19,7,18,11,84.8,5,4,5,0.7243558228002943,4,2,0.5294117647058824,TRUE,TRUE,TRUE,TRUE,TRUE,FALSE
K720,Uue-Antsla,K674,Tartu linn,NA,NA,NA,K813,5,6,0,NA,NA,NA,NA,NA,NA,NA,NA,NA,NA,NA,NA,NA,0,0,0,FALSE,FALSE,FALSE,FALSE,FALSE,FALSE
K721,Uue-Kariste,K789,Viljandi linn,NA,NA,NA,K789,3,6,3,3,34,32,28,34,6,16,10,287.5,2,1,3,0,1,1,0.5,TRUE,TRUE,TRUE,TRUE,TRUE,FALSE
K722,Uuemõisa,K061,Haapsalu linn,NA,NA,NA,K061,53,89,53,53,6,7.2,3,13,5,23,18,20.7,9,44,19,0.5678169103409643,15,4,0.5955056179775281,TRUE,TRUE,TRUE,TRUE,TRUE,FALSE
K723,Uula (Rämsi),K674,Tartu linn,NA,NA,NA,K674,15,27,15,15,35,46.5,30,155,6,17,11,47.1,3,12,9,0.4242640687119285,4,2,0.5555555555555556,TRUE,TRUE,TRUE,TRUE,TRUE,FALSE
K724,Uulu,K531,Pärnu linn,NA,NA,NA,K531,27,53,27,27,5,5.1,4,7,6,19,13,31.2,6,21,13,0.5369305982217933,8,4,0.5094339622641509,TRUE,TRUE,TRUE,TRUE,TRUE,FALSE
K726,Uusna,K789,Viljandi linn,NA,NA,NA,K789,22,32,22,22,17,18.8,10,68,6,22,16,46.8,3,19,13,0.6095543239361042,6,3,0.6875,TRUE,TRUE,TRUE,TRUE,TRUE,FALSE
K727,Vaabina,K813,Võru linn,NA,NA,NA,K813,9,14,9,9,37,55.8,31,131,6,17,11,83.5,2,7,8,0.3142696805273545,3,3,0.6428571428571429,TRUE,TRUE,TRUE,TRUE,TRUE,FALSE
K728,Vadi,K674,Tartu linn,NA,NA,NA,K157,4,4,0,NA,NA,NA,NA,NA,NA,NA,NA,NA,NA,NA,NA,NA,0,0,0,FALSE,FALSE,FALSE,FALSE,FALSE,FALSE
K729,Vahastu,K663,Tallinn,NA,NA,NA,K112,2,2,0,NA,NA,NA,NA,NA,NA,NA,NA,NA,NA,NA,NA,NA,0,0,0,FALSE,FALSE,FALSE,FALSE,FALSE,FALSE
K730,Vahenurme,K531,Pärnu linn,NA,NA,NA,K241,3,6,2,2,63.5,63.5,56,71,8,9,1,34,0,2,2,0,1,1,0.3333333333333333,FALSE,TRUE,FALSE,TRUE,FALSE,FALSE
K731,Vahi,K674,Tartu linn,NA,NA,NA,K674,60,75,60,60,17,21.5,8,136,5,23,18,17.7,16,44,18,0.7348469228349533,15,4,0.8,TRUE,TRUE,TRUE,TRUE,TRUE,FALSE
K732,Vaida,K663,Tallinn,NA,NA,NA,K663,30,53,30,30,37,39.1,26,69,5,22,17,35.2,7,23,17,0.7636716862922471,11,4,0.5660377358490566,TRUE,TRUE,TRUE,TRUE,TRUE,FALSE
K734,Vaimastvere,K115,Jõgeva linn,NA,NA,NA,K115,12,19,12,12,23,23.8,15,36,7,22,15,82.8,3,9,8,0.5039526306789696,5,3,0.631578947368421,TRUE,TRUE,TRUE,TRUE,TRUE,FALSE
K736,Vaivere,K270,Kuressaare linn,NA,NA,NA,K270,11,11,11,11,27,26.6,7,51,6,17,11,67.5,3,8,6,0.41060326511404427,5,2,1,TRUE,TRUE,TRUE,TRUE,TRUE,FALSE
K737,Vajangu,K663,Tallinn,NA,NA,NA,K668,7,12,0,NA,NA,NA,NA,NA,NA,NA,NA,NA,NA,NA,NA,NA,0,0,0,FALSE,FALSE,FALSE,FALSE,FALSE,FALSE
K738,Valaste,K118,Jõhvi linn,NA,NA,NA,K118,5,5,5,5,32,32.4,26,40,6,18,12,180.8,1,4,5,0,2,2,1,TRUE,TRUE,TRUE,TRUE,TRUE,FALSE
K739,Valasti,K458,Paide linn,NA,NA,NA,K124,2,3,1,1,33,33,33,33,10,10,0,NA,0,1,1,NA,0,0,0.3333333333333333,FALSE,TRUE,FALSE,FALSE,FALSE,FALSE
K740,Valga linn,K740,Valga linn,NA,NA,NA,K461,35,58,0,NA,NA,NA,NA,NA,NA,NA,NA,NA,NA,NA,NA,NA,0,0,0,FALSE,FALSE,FALSE,FALSE,FALSE,TRUE
K741,Valgejõe,K663,Tallinn,NA,NA,NA,K355,4,6,2,2,43,43,43,43,9,14,5,285,0,2,2,0,1,1,0.3333333333333333,FALSE,TRUE,FALSE,TRUE,FALSE,FALSE
K742,Valgjärve,K674,Tartu linn,NA,NA,NA,K613,5,6,0,NA,NA,NA,NA,NA,NA,NA,NA,NA,NA,NA,NA,NA,0,0,0,FALSE,FALSE,FALSE,FALSE,FALSE,FALSE
K744,Valgu,K663,Tallinn,NA,NA,NA,K417,5,7,0,NA,NA,NA,NA,NA,NA,NA,NA,NA,NA,NA,NA,NA,0,0,0,FALSE,FALSE,FALSE,FALSE,FALSE,FALSE
K745,Valguta,K674,Tartu linn,NA,NA,NA,K049,9,10,6,6,78,80,75,91,6,20,14,165.2,1,5,6,0,3,2,0.6,FALSE,TRUE,TRUE,TRUE,TRUE,FALSE
K746,Valjala,K270,Kuressaare linn,NA,NA,NA,K270,19,28,19,19,30,34.2,24,95,5,21,16,52.7,4,15,13,0.6000923289995463,7,2,0.6785714285714286,TRUE,TRUE,TRUE,TRUE,TRUE,FALSE
K747,Valkla,K663,Tallinn,NA,NA,NA,K663,22,29,22,22,45,45.4,24,62,6,22,16,45.1,5,17,14,0.5966637484671762,2,3,0.7586206896551724,TRUE,TRUE,TRUE,TRUE,TRUE,FALSE
K748,Valtu,K663,Tallinn,NA,NA,NA,K553,21,39,0,NA,NA,NA,NA,NA,NA,NA,NA,NA,NA,NA,NA,NA,0,0,0,FALSE,FALSE,FALSE,FALSE,FALSE,FALSE
K749,Vana- Antsla,K674,Tartu linn,NA,NA,NA,K261,11,17,2,2,95,95,95,95,6,14,8,515,1,1,2,0,1,1,0.11764705882352941,FALSE,TRUE,TRUE,TRUE,TRUE,FALSE
K750,Vana- Vastseliina,K813,Võru linn,NA,NA,NA,K813,7,8,7,7,55,62.6,36,123,8,17,9,97.7,0,7,6,0.34992710611188255,1,2,0.875,TRUE,TRUE,FALSE,TRUE,FALSE,FALSE
K752,Vana-Kuuste,K674,Tartu linn,NA,NA,NA,K674,19,34,19,19,26,30.5,23,54,6,20,14,49.3,3,16,13,0.45173309437135906,6,4,0.5588235294117647,TRUE,TRUE,TRUE,TRUE,TRUE,FALSE
K754,Vana-Vigala,K663,Tallinn,NA,NA,NA,K416,9,15,1,1,101,101,101,101,13,13,0,NA,0,1,1,NA,0,0,0.06666666666666667,FALSE,TRUE,FALSE,FALSE,FALSE,FALSE
K753,Vanassaare,K674,Tartu linn,NA,NA,NA,K301,6,12,4,4,43.5,44.5,37,54,7,15,8,173.3,1,3,4,0,2,2,0.3333333333333333,FALSE,TRUE,TRUE,TRUE,TRUE,FALSE
K755,Vao,K663,Tallinn,NA,NA,NA,K221,6,12,0,NA,NA,NA,NA,NA,NA,NA,NA,NA,NA,NA,NA,NA,0,0,0,FALSE,FALSE,FALSE,FALSE,FALSE,FALSE
K756,Vara,K674,Tartu linn,NA,NA,NA,K674,16,31,16,16,31,31.2,25,47,6,19,13,51.2,5,11,11,0.4726917600297259,5,4,0.5161290322580645,TRUE,TRUE,TRUE,TRUE,TRUE,FALSE
K757,Varangu,K663,Tallinn,NA,NA,NA,NA,NA,NA,0,NA,NA,NA,NA,NA,NA,NA,NA,NA,NA,NA,NA,NA,0,0,NA,NA,FALSE,FALSE,FALSE,FALSE,FALSE
K758,Varbla,K663,Tallinn,NA,NA,NA,K042,4,7,0,NA,NA,NA,NA,NA,NA,NA,NA,NA,NA,NA,NA,NA,0,0,0,FALSE,FALSE,FALSE,FALSE,FALSE,FALSE
K759,Varbola,K663,Tallinn,NA,NA,NA,K663,8,18,8,8,44.5,46.5,39,58,6,22,16,138.3,2,6,8,0,3,3,0.4444444444444444,TRUE,TRUE,TRUE,TRUE,TRUE,FALSE
K760,Varesmetsa,K118,Jõhvi linn,NA,NA,NA,NA,NA,NA,0,NA,NA,NA,NA,NA,NA,NA,NA,NA,NA,NA,NA,NA,0,0,NA,NA,FALSE,FALSE,FALSE,FALSE,FALSE
K761,Variku,K663,Tallinn,NA,NA,NA,K435,2,3,0,NA,NA,NA,NA,NA,NA,NA,NA,NA,NA,NA,NA,NA,0,0,0,FALSE,FALSE,FALSE,FALSE,FALSE,FALSE
K762,Varja,K213,Kiviõli linn,NA,NA,NA,K118,20,39,14,14,23,24.1,20,38,6,20,14,66.3,2,12,14,0,3,3,0.358974358974359,FALSE,TRUE,TRUE,TRUE,TRUE,FALSE
K763,Varstu,K813,Võru linn,NA,NA,NA,K813,11,16,11,11,53,60.5,27,130,6,17,11,70.1,2,9,7,0.5006882315714639,4,3,0.6875,TRUE,TRUE,TRUE,TRUE,TRUE,FALSE
K764,Vasalemma,K663,Tallinn,NA,NA,NA,K192,40,83,36,36,51.5,48.9,36,74,5,22,17,28.3,7,29,18,0.3834824944236852,12,4,0.43373493975903615,FALSE,TRUE,TRUE,TRUE,TRUE,FALSE
K765,Vasavere,K118,Jõhvi linn,NA,NA,NA,K118,7,14,7,7,17,17.1,15,19,7,20,13,129.7,2,5,7,0,2,2,0.5,TRUE,TRUE,TRUE,TRUE,TRUE,FALSE
K766,Vasknarva-Jaama,K118,Jõhvi linn,NA,NA,NA,K118,2,2,2,2,99,99,99,99,8,17,9,550,0,2,2,0,1,1,1,TRUE,TRUE,FALSE,TRUE,FALSE,FALSE
K767,Vastse-Kuuste,K674,Tartu linn,NA,NA,NA,K523,14,31,13,13,45,43.7,34,53,5,20,15,74,2,11,12,0.2664693550105965,3,2,0.41935483870967744,FALSE,TRUE,TRUE,TRUE,TRUE,FALSE
K768,Vastseliina,K813,Võru linn,NA,NA,NA,K813,17,21,17,17,34,45.1,24,93,6,20,14,53.3,3,14,10,0.5580489988532434,4,3,0.8095238095238095,TRUE,TRUE,TRUE,TRUE,TRUE,FALSE
K769,Vastsemõisa,K789,Viljandi linn,NA,NA,NA,K789,12,23,12,12,20,22.3,17,33,5,20,15,83.6,2,10,11,0.27638539919628335,3,2,0.5217391304347826,TRUE,TRUE,TRUE,TRUE,TRUE,FALSE
K770,Vatla,K663,Tallinn,NA,NA,NA,K279,5,9,0,NA,NA,NA,NA,NA,NA,NA,NA,NA,NA,NA,NA,NA,0,0,0,FALSE,FALSE,FALSE,FALSE,FALSE,FALSE
K771,Vedu,K674,Tartu linn,NA,NA,NA,K674,10,17,10,10,31.5,38.7,15,120,7,18,11,76.4,1,9,7,0.37416573867739417,4,3,0.5882352941176471,TRUE,TRUE,TRUE,TRUE,TRUE,FALSE
K773,Vellavere,K674,Tartu linn,NA,NA,NA,K674,8,15,8,8,60,67.8,35,140,7,21,14,123,2,6,5,0.5590169943749473,2,2,0.5333333333333333,TRUE,TRUE,TRUE,TRUE,TRUE,FALSE
K774,Veltsi,K545,Rakvere linn,NA,NA,NA,K545,45,77,45,45,6,7.2,5,15,6,21,15,21.1,10,35,15,0.45425676257949793,15,4,0.5844155844155844,TRUE,TRUE,TRUE,TRUE,TRUE,FALSE
K775,Venevere,K663,Tallinn,NA,NA,NA,K044,3,6,0,NA,NA,NA,NA,NA,NA,NA,NA,NA,NA,NA,NA,NA,0,0,0,FALSE,FALSE,FALSE,FALSE,FALSE,FALSE
K776,Vergi,K663,Tallinn,NA,NA,NA,K026,3,4,0,NA,NA,NA,NA,NA,NA,NA,NA,NA,NA,NA,NA,NA,0,0,0,FALSE,FALSE,FALSE,FALSE,FALSE,FALSE
K777,Veriora,K523,Põlva linn,NA,NA,NA,K583,9,24,8,8,25,26.5,19,39,6,17,11,97.7,2,6,7,0.33071891388307384,3,3,0.3333333333333333,FALSE,TRUE,TRUE,TRUE,TRUE,FALSE
K778,Veski,K674,Tartu linn,NA,NA,NA,K252,6,7,0,NA,NA,NA,NA,NA,NA,NA,NA,NA,NA,NA,NA,NA,0,0,0,FALSE,FALSE,FALSE,FALSE,FALSE,FALSE
K779,Vidrike,K674,Tartu linn,NA,NA,NA,K451,4,7,0,NA,NA,NA,NA,NA,NA,NA,NA,NA,NA,NA,NA,NA,0,0,0,FALSE,FALSE,FALSE,FALSE,FALSE,FALSE
K780,Vihterpalu,K663,Tallinn,NA,NA,NA,K663,4,7,4,4,89,91.2,85,102,8,19,11,220,0,4,4,0,1,1,0.5714285714285714,TRUE,TRUE,FALSE,TRUE,FALSE,FALSE
K781,Vihtra,K663,Tallinn,NA,NA,NA,K826,4,7,0,NA,NA,NA,NA,NA,NA,NA,NA,NA,NA,NA,NA,NA,0,0,0,FALSE,FALSE,FALSE,FALSE,FALSE,FALSE
K783,Viimsi-Haabneeme,K663,Tallinn,NA,NA,NA,K663,207,309,207,207,12,16.7,9,38,0,23,23,5.5,32,175,20,0.3906147300957586,57,4,0.6699029126213593,TRUE,TRUE,TRUE,TRUE,TRUE,FALSE
K784,Viiratsi,K789,Viljandi linn,NA,NA,NA,K789,69,91,69,69,7,11.3,2,78,5,23,18,16.6,11,58,19,0.4516326914983669,18,4,0.7582417582417582,TRUE,TRUE,TRUE,TRUE,TRUE,FALSE
K785,Viisu,K458,Paide linn,NA,NA,NA,K458,15,26,15,15,11,10.9,9,12,7,22,15,64.2,5,10,11,0.4944132324730442,5,2,0.5769230769230769,TRUE,TRUE,TRUE,TRUE,TRUE,FALSE
K786,Viitina,K813,Võru linn,NA,NA,NA,K813,5,6,5,5,35,48.6,26,102,6,18,12,170.5,2,3,5,0,1,1,0.8333333333333334,TRUE,TRUE,TRUE,TRUE,TRUE,FALSE
K787,Viitka,K813,Võru linn,NA,NA,NA,K813,11,15,11,11,38,49.6,30,89,6,18,12,72,3,8,8,0.3763993960049205,4,3,0.7333333333333333,TRUE,TRUE,TRUE,TRUE,TRUE,FALSE
K788,Viivikonna-Mustanina,K118,Jõhvi linn,NA,NA,NA,K620,4,4,0,NA,NA,NA,NA,NA,NA,NA,NA,NA,NA,NA,NA,NA,0,0,0,FALSE,FALSE,FALSE,FALSE,FALSE,FALSE
K789,Viljandi linn,K789,Viljandi linn,NA,NA,NA,K784,69,209,0,NA,NA,NA,NA,NA,NA,NA,NA,NA,NA,NA,NA,NA,0,0,0,FALSE,FALSE,FALSE,FALSE,FALSE,TRUE
K791,Viluvere,K663,Tallinn,NA,NA,NA,K530,5,9,2,2,102.5,102.5,101,104,6,16,10,563,1,1,2,0,0,0,0.2222222222222222,FALSE,TRUE,TRUE,FALSE,FALSE,FALSE
K792,Vinni-Pajusti,K545,Rakvere linn,NA,NA,NA,K545,29,45,29,29,13,16.8,10,103,7,22,15,31.9,6,23,13,0.6380086936265709,9,4,0.6444444444444445,TRUE,TRUE,TRUE,TRUE,TRUE,FALSE
K793,Virtsu,K663,Tallinn,NA,NA,NA,K080,25,38,4,4,100,102,100,108,10,19,9,194.3,0,4,4,0,1,1,0.10526315789473684,FALSE,TRUE,FALSE,TRUE,FALSE,FALSE
K794,Viru-Jaagupi,K545,Rakvere linn,NA,NA,NA,K545,15,24,15,15,20,30.5,17,97,7,21,14,63.9,2,13,10,0.35136418446315326,3,3,0.625,TRUE,TRUE,TRUE,TRUE,TRUE,FALSE
K796,Viru-Nigula,K545,Rakvere linn,NA,NA,NA,K036,9,18,4,4,22,21.8,21,22,7,17,10,210,2,2,4,0,2,2,0.2222222222222222,FALSE,TRUE,TRUE,TRUE,TRUE,FALSE
K797,Virunurme,K118,Jõhvi linn,NA,NA,NA,NA,NA,NA,0,NA,NA,NA,NA,NA,NA,NA,NA,NA,NA,NA,NA,NA,0,0,NA,NA,FALSE,FALSE,FALSE,FALSE,FALSE
K798,Vohnja,K663,Tallinn,NA,NA,NA,K145,5,6,0,NA,NA,NA,NA,NA,NA,NA,NA,NA,NA,NA,NA,NA,0,0,0,FALSE,FALSE,FALSE,FALSE,FALSE,FALSE
K799,Voka,K118,Jõhvi linn,NA,NA,NA,K118,49,81,49,49,10,15.2,8,62,5,23,18,21.8,10,39,17,0.4402561633633597,12,4,0.6049382716049383,TRUE,TRUE,TRUE,TRUE,TRUE,FALSE
K800,Voki,K813,Võru linn,NA,NA,NA,K813,2,2,2,2,30.5,30.5,28,33,8,18,10,577,0,2,2,0,0,0,1,TRUE,TRUE,FALSE,FALSE,FALSE,FALSE
K801,Voore,K674,Tartu linn,NA,NA,NA,K301,6,11,3,3,62,64.7,61,71,6,15,9,260,1,2,3,0,2,2,0.2727272727272727,FALSE,TRUE,TRUE,TRUE,TRUE,FALSE
K802,Voose,K663,Tallinn,NA,NA,NA,K018,6,6,2,2,78.5,78.5,78,79,6,15,9,545,1,1,2,0,1,1,0.3333333333333333,FALSE,TRUE,TRUE,TRUE,TRUE,FALSE
K803,Vorbuse (Tähtvere),K674,Tartu linn,NA,NA,NA,K674,13,15,13,13,11,13,7,34,6,20,14,69.1,4,9,10,0.3715737627228061,3,3,0.8666666666666667,TRUE,TRUE,TRUE,TRUE,TRUE,FALSE
K805,Võhma linn,K789,Viljandi linn,NA,NA,NA,K443,20,41,15,15,30,32.9,20,62,6,21,15,67.9,3,12,11,0.36998498468030955,4,4,0.36585365853658536,FALSE,TRUE,TRUE,TRUE,TRUE,FALSE
K806,Võhma,K663,Tallinn,NA,NA,NA,K004,3,5,0,NA,NA,NA,NA,NA,NA,NA,NA,NA,NA,NA,NA,NA,0,0,0,FALSE,FALSE,FALSE,FALSE,FALSE,FALSE
K807,Võhma,K270,Kuressaare linn,NA,NA,NA,K270,4,4,4,4,30,30,29,31,7,18,11,223,2,2,4,0,1,1,1,TRUE,TRUE,TRUE,TRUE,TRUE,FALSE
K809,Võiste,K531,Pärnu linn,NA,NA,NA,K091,11,21,10,10,19,18.7,17,20,6,19,13,88.9,2,8,9,0.30000000000000004,3,3,0.47619047619047616,FALSE,TRUE,TRUE,TRUE,TRUE,FALSE
K810,Võnnu,K061,Haapsalu linn,NA,NA,NA,K061,4,8,4,4,17,16.8,16,17,7,19,12,247,1,3,4,0,2,2,0.5,TRUE,TRUE,TRUE,TRUE,TRUE,FALSE
K811,Võnnu,K674,Tartu linn,NA,NA,NA,K674,16,28,16,16,40.5,41.4,26,60,6,18,12,48.2,4,12,9,0.37500000000000006,4,2,0.5714285714285714,TRUE,TRUE,TRUE,TRUE,TRUE,FALSE
K813,Võru linn,K813,Võru linn,NA,NA,NA,K513,85,148,0,NA,NA,NA,NA,NA,NA,NA,NA,NA,NA,NA,NA,NA,0,0,0,FALSE,FALSE,FALSE,FALSE,FALSE,TRUE
K814,Võru ümbrus,K813,Võru linn,NA,NA,NA,K813,80,107,80,80,5.5,11.2,1,157,5,23,18,14.2,15,65,19,0.6007229440894992,27,4,0.7476635514018691,TRUE,TRUE,TRUE,TRUE,TRUE,FALSE
K815,Võsu,K663,Tallinn,NA,NA,NA,K299,8,15,3,3,95,92.7,78,105,6,19,13,395,1,2,3,0,1,1,0.2,FALSE,TRUE,TRUE,TRUE,TRUE,FALSE
K816,Võtikvere,K674,Tartu linn,NA,NA,NA,K403,17,29,0,NA,NA,NA,NA,NA,NA,NA,NA,NA,NA,NA,NA,NA,0,0,0,FALSE,FALSE,FALSE,FALSE,FALSE,FALSE
K817,Võõpste,K674,Tartu linn,NA,NA,NA,K674,7,8,7,7,47,48.1,41,62,6,18,12,119.8,2,5,7,0,2,3,0.875,TRUE,TRUE,TRUE,TRUE,TRUE,FALSE
K819,Võõpsu,K674,Tartu linn,NA,NA,NA,K583,15,25,4,4,82.5,82,80,83,6,17,11,236.7,1,3,4,0,1,1,0.16,FALSE,TRUE,TRUE,TRUE,TRUE,FALSE
K818,Võõpsu aleviku ümbrus,K674,Tartu linn,NA,NA,NA,K583,16,27,5,5,81,79.4,74,82,6,17,11,177.2,1,4,5,0,1,1,0.18518518518518517,FALSE,TRUE,TRUE,TRUE,TRUE,FALSE
K820,Väike-Kareda,K458,Paide linn,NA,NA,NA,K458,5,10,5,5,24,25,24,29,7,19,12,187.8,2,3,5,0,2,2,0.5,TRUE,TRUE,TRUE,TRUE,TRUE,FALSE
K821,Väike-Maarja,K663,Tallinn,NA,NA,NA,K545,14,31,0,NA,NA,NA,NA,NA,NA,NA,NA,NA,NA,NA,NA,NA,0,0,0,FALSE,FALSE,FALSE,FALSE,FALSE,FALSE
K822,Väike-Pungerja,K118,Jõhvi linn,NA,NA,NA,K118,7,14,7,7,30,29.3,25,30,7,18,11,114.2,2,5,7,0,3,3,0.5,TRUE,TRUE,TRUE,TRUE,TRUE,FALSE
K823,Väimela-Parksepa,K813,Võru linn,NA,NA,NA,K813,35,44,35,35,10,10.3,5,36,5,23,18,33.1,6,29,19,0.45285689249404737,12,4,0.7954545454545454,TRUE,TRUE,TRUE,TRUE,TRUE,FALSE
K824,Välgi,K674,Tartu linn,NA,NA,NA,K376,4,4,3,3,60,76.7,53,117,8,18,10,300.5,1,2,3,0,1,1,0.75,FALSE,TRUE,TRUE,TRUE,TRUE,FALSE
K825,Väluste,K789,Viljandi linn,NA,NA,NA,K789,3,5,3,3,19,19,17,21,6,18,12,366.5,0,3,3,0,1,1,0.6,TRUE,TRUE,FALSE,TRUE,FALSE,FALSE
K826,Vändra alev,K663,Tallinn,NA,NA,NA,K827,33,48,2,2,114,114,114,114,6,16,10,560,1,1,2,0,0,0,0.041666666666666664,FALSE,TRUE,TRUE,FALSE,FALSE,FALSE
K827,Vändra,K663,Tallinn,NA,NA,NA,K826,32,37,2,2,116,116,116,116,6,16,10,560,1,1,2,0,0,0,0.05405405405405406,FALSE,TRUE,TRUE,FALSE,FALSE,FALSE
K829,Vätta,K270,Kuressaare linn,NA,NA,NA,K270,3,3,3,3,11,13,11,17,7,17,10,305.5,1,2,3,0,1,1,1,TRUE,TRUE,TRUE,TRUE,TRUE,FALSE
K831,Vääna-Jõesuu,K663,Tallinn,NA,NA,NA,K663,83,114,83,83,36,34.8,22,46,5,23,18,13.2,17,66,19,0.5669766812273073,27,4,0.7280701754385965,TRUE,TRUE,TRUE,TRUE,TRUE,FALSE
K830,Vääna,K663,Tallinn,NA,NA,NA,K663,20,34,20,20,35.5,35.5,30,45,6,22,16,50,8,12,12,0.5325752187591568,6,4,0.5882352941176471,TRUE,TRUE,TRUE,TRUE,TRUE,FALSE
K832,Väätsa,K458,Paide linn,NA,NA,NA,K458,6,11,6,6,7,6.8,6,7,7,19,12,145.2,1,5,6,0,3,3,0.5454545454545454,TRUE,TRUE,TRUE,TRUE,TRUE,FALSE
K833,Õisu,K789,Viljandi linn,NA,NA,NA,K789,10,20,10,10,28,28,24,32,5,19,14,98.4,3,7,9,0.30000000000000004,4,4,0.5,TRUE,TRUE,TRUE,TRUE,TRUE,FALSE
K834,Õru,K740,Valga linn,NA,NA,NA,K256,8,14,7,7,25,29,22,45,7,18,11,117.7,1,6,6,0.34992710611188255,3,2,0.5,FALSE,TRUE,TRUE,TRUE,TRUE,FALSE
K835,Äigrumäe,K663,Tallinn,NA,NA,NA,K663,46,58,46,46,20.5,18.8,3,42,6,23,17,22.5,7,39,18,0.5236537758798433,12,4,0.7931034482758621,TRUE,TRUE,TRUE,TRUE,TRUE,FALSE
K836,Äksi,K674,Tartu linn,NA,NA,NA,K674,20,32,20,20,39,44.6,19,108,6,22,16,48.7,4,16,11,0.41291645644125163,8,4,0.625,TRUE,TRUE,TRUE,TRUE,TRUE,FALSE
K837,Änari,K709,Türi linn,NA,NA,NA,K709,2,4,2,2,9.5,9.5,8,11,7,16,9,532,1,1,2,0,1,1,0.5,TRUE,TRUE,TRUE,TRUE,TRUE,FALSE
K838,Ääsmäe,K663,Tallinn,NA,NA,NA,K663,23,56,23,23,27,29.6,13,44,6,22,16,44.7,5,18,13,0.40978885552459976,7,4,0.4107142857142857,TRUE,TRUE,TRUE,TRUE,TRUE,FALSE
K839,Üdruma,K663,Tallinn,NA,NA,NA,K236,4,8,0,NA,NA,NA,NA,NA,NA,NA,NA,NA,NA,NA,NA,NA,0,0,0,FALSE,FALSE,FALSE,FALSE,FALSE,FALSE
K840,Ülenurme,K674,Tartu linn,NA,NA,NA,K674,111,148,111,111,23,24.5,11,122,6,22,16,9.2,19,92,17,0.4163317378001388,30,4,0.75,TRUE,TRUE,TRUE,TRUE,TRUE,FALSE
K007,Abruka,K270,Kuressaare linn,NA,NA,NA,K270,2,2,2,2,30,30,30,30,9,15,6,330,0,2,2,0,0,0,1,TRUE,TRUE,FALSE,FALSE,FALSE,FALSE
K016,Alajõe,K118,Jõhvi linn,NA,NA,NA,K096,5,8,3,3,70,70,70,70,8,17,9,275,0,3,3,0,1,1,0.375,FALSE,TRUE,FALSE,TRUE,FALSE,FALSE
K028,Antsla linn,K813,Võru linn,NA,NA,NA,K813,12,20,12,12,54,59.2,43,104,6,17,11,62.5,3,9,8,0.3563483225498992,4,4,0.6,TRUE,TRUE,TRUE,TRUE,TRUE,FALSE
K029,Antsla ümbrus,K813,Võru linn,NA,NA,NA,K813,10,17,10,10,64,67.9,39,126,6,17,11,71.2,2,8,8,0.3703280399090206,2,2,0.5882352941176471,TRUE,TRUE,TRUE,TRUE,TRUE,FALSE
K036,Aseri,K545,Rakvere linn,NA,NA,NA,K551,9,17,4,4,37,40.8,36,53,6,17,11,210,2,2,4,0,2,2,0.23529411764705882,FALSE,TRUE,TRUE,TRUE,TRUE,FALSE
K051,Emmaste,K292,Kärdla linn,NA,NA,NA,K645,14,16,5,5,37,38,36,42,6,20,14,199.5,1,4,5,0,2,2,0.3125,FALSE,TRUE,TRUE,TRUE,TRUE,FALSE
K063,Haeska,K061,Haapsalu linn,NA,NA,NA,NA,NA,NA,0,NA,NA,NA,NA,NA,NA,NA,NA,NA,NA,NA,NA,NA,0,0,NA,NA,FALSE,FALSE,FALSE,FALSE,FALSE
K080,Hellamaa,K270,Kuressaare linn,NA,NA,NA,K793,25,37,11,11,73,80.2,63,129,6,20,14,83.8,2,9,8,0.54110822483116,3,3,0.2972972972972973,FALSE,TRUE,TRUE,TRUE,TRUE,FALSE
K082,Helme,K740,Valga linn,NA,NA,NA,K703,23,31,7,7,43,44.3,34,56,7,20,13,133.7,1,6,7,0,3,3,0.22580645161290322,FALSE,TRUE,TRUE,TRUE,TRUE,FALSE
K099,Imatu,K118,Jõhvi linn,NA,NA,NA,NA,NA,NA,0,NA,NA,NA,NA,NA,NA,NA,NA,NA,NA,NA,NA,NA,0,0,NA,NA,FALSE,FALSE,FALSE,FALSE,FALSE
K108,Jausa,K292,Kärdla linn,NA,NA,NA,K743,9,16,6,6,28.5,41,27,102,6,20,14,163.2,2,4,6,0,2,2,0.375,FALSE,TRUE,TRUE,TRUE,TRUE,FALSE
K138,Kaatermu,K118,Jõhvi linn,NA,NA,NA,NA,NA,NA,0,NA,NA,NA,NA,NA,NA,NA,NA,NA,NA,NA,NA,NA,0,0,NA,NA,FALSE,FALSE,FALSE,FALSE,FALSE
K149,Kaika,K813,Võru linn,NA,NA,NA,K813,3,3,3,3,76,79.7,72,91,7,17,10,286.5,1,2,3,0,0,0,1,TRUE,TRUE,TRUE,FALSE,FALSE,FALSE
K158,Kalvi,K545,Rakvere linn,NA,NA,NA,K036,6,11,1,1,48,48,48,48,8,8,0,NA,1,0,1,NA,0,0,0.09090909090909091,FALSE,TRUE,TRUE,FALSE,FALSE,FALSE
K161,Kanaküla,K531,Pärnu linn,NA,NA,NA,K208,7,11,5,5,52,56,47,79,9,18,9,141.8,0,5,5,0,3,4,0.45454545454545453,FALSE,TRUE,FALSE,TRUE,FALSE,FALSE
K166,Karepa,K545,Rakvere linn,NA,NA,NA,K264,3,4,0,NA,NA,NA,NA,NA,NA,NA,NA,NA,NA,NA,NA,NA,0,0,0,FALSE,FALSE,FALSE,FALSE,FALSE,FALSE
K173,Karksi-Nuia linn,K789,Viljandi linn,NA,NA,NA,K174,11,20,8,8,53,55.8,41,77,7,18,11,100.4,2,6,7,0.3307189138830739,2,2,0.4,FALSE,TRUE,TRUE,TRUE,TRUE,FALSE
K178,Kassari,K292,Kärdla linn,NA,NA,NA,K290,4,4,1,1,61,61,61,61,7,7,0,NA,1,0,1,NA,0,0,0.25,FALSE,TRUE,TRUE,FALSE,FALSE,FALSE
K183,Kaunispe-Rahuste,K270,Kuressaare linn,NA,NA,NA,K270,4,6,4,4,70,69.8,47,92,6,15,9,178,1,3,4,0,2,2,0.6666666666666666,TRUE,TRUE,TRUE,TRUE,TRUE,FALSE
K195,Kesse,K270,Kuressaare linn,NA,NA,NA,NA,NA,NA,0,NA,NA,NA,NA,NA,NA,NA,NA,NA,NA,NA,NA,NA,0,0,NA,NA,FALSE,FALSE,FALSE,FALSE,FALSE
K200,Kihnu,K531,Pärnu linn,NA,NA,NA,NA,NA,NA,0,NA,NA,NA,NA,NA,NA,NA,NA,NA,NA,NA,NA,NA,0,0,NA,NA,FALSE,FALSE,FALSE,FALSE,FALSE
K216,Kloostri,K663,Tallinn,NA,NA,NA,K339,3,3,0,NA,NA,NA,NA,NA,NA,NA,NA,NA,NA,NA,NA,NA,0,0,0,FALSE,FALSE,FALSE,FALSE,FALSE,FALSE
K217,Kobela,K813,Võru linn,NA,NA,NA,K028,3,6,0,NA,NA,NA,NA,NA,NA,NA,NA,NA,NA,NA,NA,NA,0,0,0,FALSE,FALSE,FALSE,FALSE,FALSE,FALSE
K268,Kuremäe,K118,Jõhvi linn,NA,NA,NA,K118,7,7,7,7,32,32.7,27,37,6,19,13,130,2,5,7,0,2,2,1,TRUE,TRUE,TRUE,TRUE,TRUE,FALSE
K269,Kurenurme,K813,Võru linn,NA,NA,NA,K813,3,6,3,3,29,28.7,27,30,8,16,8,222,0,3,3,0,0,0,0.5,TRUE,TRUE,FALSE,FALSE,FALSE,FALSE
K277,Kõinastu,K270,Kuressaare linn,NA,NA,NA,NA,NA,NA,0,NA,NA,NA,NA,NA,NA,NA,NA,NA,NA,NA,NA,NA,0,0,NA,NA,FALSE,FALSE,FALSE,FALSE,FALSE
K282,Kõpu,K292,Kärdla linn,NA,NA,NA,K292,4,4,4,4,52.5,50.8,43,55,6,18,12,243.3,2,2,4,0,2,2,1,TRUE,TRUE,TRUE,TRUE,TRUE,FALSE
K285,Kõrkvere,K270,Kuressaare linn,NA,NA,NA,K447,3,3,0,NA,NA,NA,NA,NA,NA,NA,NA,NA,NA,NA,NA,NA,1,1,0,FALSE,FALSE,FALSE,TRUE,FALSE,FALSE
K290,Käina,K292,Kärdla linn,NA,NA,NA,K292,12,28,12,12,22,35.2,19,98,6,20,14,79.5,4,8,10,0.3513641844631533,3,3,0.42857142857142855,TRUE,TRUE,TRUE,TRUE,TRUE,FALSE
K309,Laanemetsa,K740,Valga linn,NA,NA,NA,K740,4,8,4,4,24.5,25.8,22,32,6,17,11,202.3,2,2,4,0,1,1,0.5,TRUE,TRUE,TRUE,TRUE,TRUE,FALSE
K318,Laimjala-Kahtla,K270,Kuressaare linn,NA,NA,NA,K041,8,13,6,6,45,64.8,33,173,6,18,12,141.4,2,4,6,0,3,2,0.46153846153846156,FALSE,TRUE,TRUE,TRUE,TRUE,FALSE
K328,Leebiku,K789,Viljandi linn,NA,NA,NA,K575,10,10,0,NA,NA,NA,NA,NA,NA,NA,NA,NA,NA,NA,NA,NA,0,0,0,FALSE,FALSE,FALSE,FALSE,FALSE,FALSE
K341,Liiva,K270,Kuressaare linn,NA,NA,NA,K080,12,21,11,11,68,72.7,58,102,6,20,14,83.7,2,9,9,0.36078426969062594,3,3,0.5238095238095238,FALSE,TRUE,TRUE,TRUE,TRUE,FALSE
K345,Linnaküla,K740,Valga linn,NA,NA,NA,K082,16,23,6,6,44,46.5,36,59,7,20,13,160.6,1,5,6,0,3,3,0.2608695652173913,FALSE,TRUE,TRUE,TRUE,TRUE,FALSE
K358,Luhamaa,K813,Võru linn,NA,NA,NA,K813,6,9,6,6,50.5,52.5,44,62,6,18,12,143.6,2,4,6,0,3,2,0.6666666666666666,TRUE,TRUE,TRUE,TRUE,TRUE,FALSE
K359,Luidja,K292,Kärdla linn,NA,NA,NA,K292,6,10,6,6,26.5,26.3,23,28,6,20,14,158,2,4,6,0,2,2,0.6,TRUE,TRUE,TRUE,TRUE,TRUE,FALSE
K365,Luutsniku,K813,Võru linn,NA,NA,NA,K813,3,4,3,3,49,61.7,47,89,7,17,10,310.5,1,2,3,0,1,1,0.75,TRUE,TRUE,TRUE,TRUE,TRUE,FALSE
K367,Lõve,K740,Valga linn,NA,NA,NA,K703,5,5,0,NA,NA,NA,NA,NA,NA,NA,NA,NA,NA,NA,NA,NA,0,0,0,FALSE,FALSE,FALSE,FALSE,FALSE,FALSE
K371,Lüganuse,K213,Kiviõli linn,NA,NA,NA,K539,28,38,22,22,8,9.4,6,20,6,21,15,41.3,5,17,13,0.3725239652467954,6,4,0.5789473684210527,FALSE,TRUE,TRUE,TRUE,TRUE,FALSE
K377,Maasi,K270,Kuressaare linn,NA,NA,NA,K184,3,4,2,2,75.5,75.5,73,78,9,15,6,390,0,2,2,0,0,0,0.5,FALSE,TRUE,FALSE,FALSE,FALSE,FALSE
K384,Manija,K531,Pärnu linn,NA,NA,NA,K501,4,4,0,NA,NA,NA,NA,NA,NA,NA,NA,NA,NA,NA,NA,NA,0,0,0,FALSE,FALSE,FALSE,FALSE,FALSE,FALSE
K388,Matsuri,K674,Tartu linn,NA,NA,NA,K147,10,15,3,3,79,91.3,79,116,5,15,10,306,2,1,3,0,1,1,0.2,FALSE,TRUE,TRUE,TRUE,TRUE,FALSE
K393,Meremäe,K813,Võru linn,NA,NA,NA,K438,8,10,7,7,51,52.7,40,74,7,17,10,98.7,0,7,5,0.3912303982179758,2,3,0.7,FALSE,TRUE,FALSE,TRUE,FALSE,FALSE
K406,Mõisaküla,K789,Viljandi linn,NA,NA,NA,K408,16,16,8,8,65.5,64.9,55,70,4,19,15,125.1,2,6,8,0,3,3,0.5,FALSE,TRUE,TRUE,TRUE,TRUE,FALSE
K408,Mõisaküla linn,K789,Viljandi linn,NA,NA,NA,K406,16,24,8,8,59.5,58.9,50,64,4,19,15,125.4,2,6,8,0,3,3,0.3333333333333333,FALSE,TRUE,TRUE,TRUE,TRUE,FALSE
K412,Männamaa,K292,Kärdla linn,NA,NA,NA,K290,5,6,1,1,93,93,93,93,6,6,0,NA,1,0,1,NA,0,0,0.16666666666666666,FALSE,TRUE,TRUE,FALSE,FALSE,FALSE
K421,Naissaare,K663,Tallinn,NA,NA,NA,NA,NA,NA,0,NA,NA,NA,NA,NA,NA,NA,NA,NA,NA,NA,NA,NA,0,0,NA,NA,FALSE,FALSE,FALSE,FALSE,FALSE
K430,Nurste,K292,Kärdla linn,NA,NA,NA,K051,6,6,4,4,57,58.5,54,66,6,19,13,248.7,1,3,4,0,1,1,0.6666666666666666,FALSE,TRUE,TRUE,TRUE,TRUE,FALSE
K438,Obinitsa,K813,Võru linn,NA,NA,NA,K813,8,12,8,8,55.5,74.1,39,160,6,16,10,81.4,1,7,6,0.38729833462074176,3,3,0.6666666666666666,TRUE,TRUE,TRUE,TRUE,TRUE,FALSE
K440,Oisu,K663,Tallinn,NA,NA,NA,K709,16,29,10,10,90,89.2,82,96,6,18,12,80.3,2,8,10,0,5,3,0.3448275862068966,FALSE,TRUE,TRUE,TRUE,TRUE,FALSE
K447,Orissaare,K270,Kuressaare linn,NA,NA,NA,K594,17,30,14,14,60,60.7,47,80,6,20,14,65.8,3,11,12,0.3336424046406527,5,3,0.4666666666666667,FALSE,TRUE,TRUE,TRUE,TRUE,FALSE
K449,Osmussaare,K663,Tallinn,NA,NA,NA,NA,NA,NA,0,NA,NA,NA,NA,NA,NA,NA,NA,NA,NA,NA,NA,NA,0,0,NA,NA,FALSE,FALSE,FALSE,FALSE,FALSE
K490,Piirissaare,K674,Tartu linn,NA,NA,NA,NA,NA,NA,0,NA,NA,NA,NA,NA,NA,NA,NA,NA,NA,NA,NA,NA,0,0,NA,NA,FALSE,FALSE,FALSE,FALSE,FALSE
K504,Prangli,K663,Tallinn,NA,NA,NA,NA,NA,NA,0,NA,NA,NA,NA,NA,NA,NA,NA,NA,NA,NA,NA,NA,0,0,NA,NA,FALSE,FALSE,FALSE,FALSE,FALSE
K517,Purtse,K213,Kiviõli linn,NA,NA,NA,K371,8,15,5,5,16,19.2,12,30,7,17,10,155.5,2,3,4,0.4,2,2,0.3333333333333333,FALSE,TRUE,TRUE,TRUE,TRUE,FALSE
K527,Pältre,K813,Võru linn,NA,NA,NA,K813,7,10,7,7,57,57.6,45,78,6,18,12,119.8,3,4,6,0.34992710611188255,3,2,0.7,TRUE,TRUE,TRUE,TRUE,TRUE,FALSE
K539,Püssi linn,K213,Kiviõli linn,NA,NA,NA,K371,29,35,18,18,8.5,8.7,4,15,6,21,15,50.6,3,15,13,0.3657114381135463,5,4,0.5142857142857142,FALSE,TRUE,TRUE,TRUE,TRUE,FALSE
K551,Rannu,K545,Rakvere linn,NA,NA,NA,K118,10,31,6,6,32,32.3,30,35,6,21,15,168.6,1,5,6,0,4,4,0.1935483870967742,FALSE,TRUE,TRUE,TRUE,TRUE,FALSE
K558,Remniku-Smolnitsa,K118,Jõhvi linn,NA,NA,NA,K016,5,7,3,3,84,84,84,84,8,17,9,275,0,3,3,0,1,1,0.42857142857142855,FALSE,TRUE,FALSE,TRUE,FALSE,FALSE
K562,Riidaja,K789,Viljandi linn,NA,NA,NA,K703,5,5,0,NA,NA,NA,NA,NA,NA,NA,NA,NA,NA,NA,NA,NA,0,0,0,FALSE,FALSE,FALSE,FALSE,FALSE,FALSE
K574,Ruhnu,K270,Kuressaare linn,NA,NA,NA,NA,NA,NA,0,NA,NA,NA,NA,NA,NA,NA,NA,NA,NA,NA,NA,NA,0,0,NA,NA,FALSE,FALSE,FALSE,FALSE,FALSE
K587,Saareküla,K270,Kuressaare linn,NA,NA,NA,K285,2,2,0,NA,NA,NA,NA,NA,NA,NA,NA,NA,NA,NA,NA,NA,1,1,0,FALSE,FALSE,FALSE,TRUE,FALSE,FALSE
K590,Saatse,K674,Tartu linn,NA,NA,NA,K397,3,3,0,NA,NA,NA,NA,NA,NA,NA,NA,NA,NA,NA,NA,NA,0,0,0,FALSE,FALSE,FALSE,FALSE,FALSE,FALSE
K594,Saikla,K270,Kuressaare linn,NA,NA,NA,K447,18,28,11,11,48,52.9,42,75,6,20,14,85.6,2,9,9,0.36078426969062594,5,3,0.39285714285714285,FALSE,TRUE,TRUE,TRUE,TRUE,FALSE
K606,Saru,K813,Võru linn,NA,NA,NA,K409,7,12,5,5,52,64.8,45,114,5,17,12,174.2,0,5,5,0,3,2,0.4166666666666667,FALSE,TRUE,FALSE,TRUE,FALSE,FALSE
K620,Sillamäe linn,K422,Narva linn,NA,NA,NA,K422,38,81,38,38,31,31.2,23,43,5,23,18,28.8,4,34,18,0.48439894032465497,10,4,0.4691358024691358,TRUE,TRUE,TRUE,TRUE,TRUE,FALSE
K624,Sinimäe,K422,Narva linn,NA,NA,NA,K620,31,61,26,26,25,25.3,18,35,5,21,16,37.4,4,22,16,0.3810087306873171,6,4,0.4262295081967213,FALSE,TRUE,TRUE,TRUE,TRUE,FALSE
K627,Sonda alevik,K213,Kiviõli linn,NA,NA,NA,K213,10,18,10,10,13.5,12.2,5,18,7,20,13,88.6,3,7,8,0.3703280399090206,4,3,0.5555555555555556,TRUE,TRUE,TRUE,TRUE,TRUE,FALSE
K645,Sõru,K292,Kärdla linn,NA,NA,NA,K051,13,13,5,5,41,42.8,40,49,6,20,14,200.2,1,4,5,0,2,2,0.38461538461538464,FALSE,TRUE,TRUE,TRUE,TRUE,FALSE
K648,Sääre,K270,Kuressaare linn,NA,NA,NA,K095,6,6,4,4,65.5,66.2,52,82,6,16,10,198.3,1,3,4,0,2,2,0.6666666666666666,FALSE,TRUE,TRUE,TRUE,TRUE,FALSE
K650,Taagepera,K789,Viljandi linn,NA,NA,NA,K082,12,18,4,4,61,62,58,68,6,17,11,212.3,2,2,4,0,1,1,0.2222222222222222,FALSE,TRUE,TRUE,TRUE,TRUE,FALSE
K651,Taaliku,K270,Kuressaare linn,NA,NA,NA,K184,3,4,2,2,66.5,66.5,64,69,9,15,6,390,0,2,2,0,0,0,0.5,FALSE,TRUE,FALSE,FALSE,FALSE,FALSE
K703,Tõrva linn,K740,Valga linn,NA,NA,NA,K082,23,37,13,13,35,37.1,30,50,7,20,13,69.6,2,11,10,0.3715737627228061,5,4,0.35135135135135137,FALSE,TRUE,TRUE,TRUE,TRUE,FALSE
K719,Urvaste,K674,Tartu linn,NA,NA,NA,K028,3,8,0,NA,NA,NA,NA,NA,NA,NA,NA,NA,NA,NA,NA,NA,0,0,0,FALSE,FALSE,FALSE,FALSE,FALSE,FALSE
K725,Uusküla,K118,Jõhvi linn,NA,NA,NA,K096,5,8,3,3,63,63,63,63,8,17,9,275,0,3,3,0,1,1,0.375,FALSE,TRUE,FALSE,TRUE,FALSE,FALSE
K733,Vaikla,K118,Jõhvi linn,NA,NA,NA,K096,2,2,0,NA,NA,NA,NA,NA,NA,NA,NA,NA,NA,NA,NA,NA,0,0,0,FALSE,FALSE,FALSE,FALSE,FALSE,FALSE
K735,Vaivara-Sõtke,K422,Narva linn,NA,NA,NA,K620,25,53,21,21,31,29.4,16,42,5,21,16,46.8,2,19,15,0.36220896631222144,6,4,0.39622641509433965,FALSE,TRUE,TRUE,TRUE,TRUE,FALSE
K743,Valgu,K292,Kärdla linn,NA,NA,NA,K051,8,14,5,5,33,34.2,33,38,7,20,13,199.5,1,4,5,0,2,2,0.35714285714285715,FALSE,TRUE,TRUE,TRUE,TRUE,FALSE
K751,Vana-Kariste,K789,Viljandi linn,NA,NA,NA,K006,2,2,0,NA,NA,NA,NA,NA,NA,NA,NA,NA,NA,NA,NA,NA,0,0,0,FALSE,FALSE,FALSE,FALSE,FALSE,FALSE
K772,Veelikse,K531,Pärnu linn,NA,NA,NA,K208,4,4,1,1,90,90,90,90,7,7,0,NA,1,0,1,NA,1,1,0.25,FALSE,TRUE,TRUE,TRUE,TRUE,FALSE
K782,Vihula,K545,Rakvere linn,NA,NA,NA,K026,4,8,3,3,32,47,31,78,7,13,6,175,1,2,3,0,1,1,0.375,FALSE,TRUE,TRUE,TRUE,TRUE,FALSE
K790,Vilsandi,K270,Kuressaare linn,NA,NA,NA,K197,2,2,0,NA,NA,NA,NA,NA,NA,NA,NA,NA,NA,NA,NA,NA,0,0,0,FALSE,FALSE,FALSE,FALSE,FALSE,FALSE
K795,Viru-Kabala,K545,Rakvere linn,NA,NA,NA,K545,9,17,9,9,28,24.4,11,38,6,18,12,89.6,3,6,8,0.3142696805273545,4,3,0.5294117647058824,TRUE,TRUE,TRUE,TRUE,TRUE,FALSE
K804,Vormsi,K663,Tallinn,NA,NA,NA,NA,NA,NA,0,NA,NA,NA,NA,NA,NA,NA,NA,NA,NA,NA,NA,NA,0,0,NA,NA,FALSE,FALSE,FALSE,FALSE,FALSE
K808,Võisiku,K521,Põltsamaa linn,NA,NA,NA,K521,13,17,13,13,8,14.6,6,42,6,19,13,63,3,10,11,0.3422860840197999,5,3,0.7647058823529411,TRUE,TRUE,TRUE,TRUE,TRUE,FALSE
K812,Võrnu,K225,Kohtla-Järve linn,NA,NA,NA,NA,NA,NA,0,NA,NA,NA,NA,NA,NA,NA,NA,NA,NA,NA,NA,NA,0,0,NA,NA,FALSE,FALSE,FALSE,FALSE,FALSE
K828,Värska,K674,Tartu linn,NA,NA,NA,K397,14,24,5,5,99,96.8,90,100,5,17,12,177,1,4,5,0,1,1,0.20833333333333334,FALSE,TRUE,TRUE,TRUE,TRUE,FALSE
K483,Peressaare,K663,Tallinn,NA,NA,NA,NA,NA,NA,0,NA,NA,NA,NA,NA,NA,NA,NA,NA,NA,NA,NA,NA,0,0,NA,NA,FALSE,FALSE,FALSE,FALSE,FALSE
K500,Polügoni,K663,Tallinn,NA,NA,NA,NA,NA,NA,0,NA,NA,NA,NA,NA,NA,NA,NA,NA,NA,NA,NA,NA,0,0,NA,NA,FALSE,FALSE,FALSE,FALSE,FALSE
K503,Praaga,K674,Tartu linn,NA,NA,NA,NA,NA,NA,0,NA,NA,NA,NA,NA,NA,NA,NA,NA,NA,NA,NA,NA,0,0,NA,NA,FALSE,FALSE,FALSE,FALSE,FALSE
